WC_Update-Aug03.ppt	GROUPSCALE	1.000000	1.000000	0.000000	0.000000	True	7772400	1143000
WC_Update-Aug03.ppt	GROUPSCALE	1.000000	1.000000	0.000000	0.000000	True	6400800	838200
WC_Update-Aug03.ppt	GROUPSCALE	1.000000	1.000000	0.000000	0.000000	True	981075	517525
WC_Update-Aug03.ppt	GROUPSCALE	1.000000	1.000000	0.000000	0.000000	True	1905000	457200
WC_Update-Aug03.ppt	GROUPSCALE	1.000000	1.000000	0.000000	0.000000	True	7772400	1143000
WC_Update-Aug03.ppt	GROUPSCALE	1.000000	1.000000	0.000000	0.000000	True	7772400	4114800
WC_Update-Aug03.ppt	GROUPSCALE	1.000000	1.000000	0.000000	0.000000	True	2921000	396875
WC_Update-Aug03.ppt	GROUPSCALE	1.000000	1.000000	0.000000	0.000000	True	1905000	457200
WC_Update-Aug03.ppt	GROUPSCALE	1.000000	1.000000	0.000000	0.000000	True	7772400	1143000
WC_Update-Aug03.ppt	GROUPSCALE	1.000000	1.000000	0.000000	0.000000	True	7772400	4114800
WC_Update-Aug03.ppt	GROUPSCALE	1.000000	1.000000	0.000000	0.000000	True	2921000	396875
WC_Update-Aug03.ppt	GROUPSCALE	1.000000	1.000000	0.000000	0.000000	True	1905000	457200
WC_Update-Aug03.ppt	GROUPSCALE	1.000000	1.000000	0.000000	0.000000	True	8229600	1143000
WC_Update-Aug03.ppt	GROUPSCALE	1.000000	1.000000	0.000000	0.000000	True	2921000	396875
WC_Update-Aug03.ppt	GROUPSCALE	1.000000	1.000000	0.000000	0.000000	True	1447800	952500
WC_Update-Aug03.ppt	GROUPSCALE	1.000000	1.000000	0.000000	0.000000	True	1447800	952500
WC_Update-Aug03.ppt	GROUPSCALE	1.000000	1.000000	0.000000	0.000000	True	1524000	952500
WC_Update-Aug03.ppt	GROUPSCALE	1.000000	1.000000	0.000000	0.000000	True	1447800	952500
WC_Update-Aug03.ppt	GROUPSCALE	1.000000	1.000000	0.000000	0.000000	True	1122362	304800
WC_Update-Aug03.ppt	GROUPSCALE	1.000000	1.000000	0.000000	0.000000	True	2209800	2857500
WC_Update-Aug03.ppt	GROUPSCALE	1.000000	1.000000	0.000000	0.000000	True	1984375	2006600
WC_Update-Aug03.ppt	GROUPSCALE	1.000000	1.000000	0.000000	0.000000	True	1581150	1793875
WC_Update-Aug03.ppt	GROUPSCALE	1.000000	1.000000	0.000000	0.000000	True	2051050	2006600
WC_Update-Aug03.ppt	GROUPSCALE	1.000000	1.000000	0.000000	0.000000	True	1905000	457200
WC_Update-Aug03.ppt	GROUPSCALE	1.000000	1.000000	0.000000	0.000000	True	7391400	762000
WC_Update-Aug03.ppt	GROUPSCALE	1.000000	1.000000	0.000000	0.000000	True	2921000	396875
WC_Update-Aug03.ppt	GROUPSCALE	1.000000	1.000000	0.000000	0.000000	True	1233487	304800
WC_Update-Aug03.ppt	GROUPSCALE	1.000000	1.000000	0.000000	0.000000	True	1905000	457200
WC_Update-Aug03.ppt	GROUPSCALE	1.000000	1.000000	0.000000	0.000000	True	7772400	1143000
WC_Update-Aug03.ppt	GROUPSCALE	1.000000	1.000000	0.000000	0.000000	True	7772400	4114800
WC_Update-Aug03.ppt	GROUPSCALE	1.000000	1.000000	0.000000	0.000000	True	2921000	396875
WC_Update-Aug03.ppt	GROUPSCALE	1.000000	1.000000	0.000000	0.000000	True	1905000	457200
WC_Update-Aug03.ppt	GROUPSCALE	1.000000	1.000000	0.000000	0.000000	True	8610600	838200
WC_Update-Aug03.ppt	GROUPSCALE	1.000000	1.000000	0.000000	0.000000	True	6340475	1514475
WC_Update-Aug03.ppt	GROUPSCALE	1.000000	1.000000	0.000000	0.000000	True	8458200	1465262
WC_Update-Aug03.ppt	GROUPSCALE	1.000000	1.000000	0.000000	0.000000	True	3671887	1006475
WC_Update-Aug03.ppt	GROUPSCALE	1.000000	1.000000	0.000000	0.000000	True	3211512	427037
WC_Update-Aug03.ppt	GROUPSCALE	1.000000	1.000000	0.000000	0.000000	True	2921000	396875
WC_Update-Aug03.ppt	GROUPSCALE	1.000000	1.000000	0.000000	0.000000	True	1905000	457200
WC_Update-Aug03.ppt	GROUPSCALE	1.000000	1.000000	0.000000	0.000000	True	7391400	762000
WC_Update-Aug03.ppt	GROUPSCALE	1.000000	1.000000	0.000000	0.000000	True	2921000	396875
WC_Update-Aug03.ppt	GROUPSCALE	1.000000	1.000000	0.000000	0.000000	True	1233487	304800
WC_Update-Aug03.ppt	GROUPSCALE	1.000000	1.000000	0.000000	0.000000	True	1905000	457200
WC_Update-Aug03.ppt	GROUPSCALE	1.000000	1.000000	0.000000	0.000000	True	7772400	1143000
WC_Update-Aug03.ppt	GROUPSCALE	1.000000	1.000000	0.000000	0.000000	True	7772400	4114800
WC_Update-Aug03.ppt	GROUPSCALE	1.000000	1.000000	0.000000	0.000000	True	2921000	396875
WC_Update-Aug03.ppt	GROUPSCALE	1.000000	1.000000	0.000000	0.000000	True	1905000	457200
WC_Update-Aug03.ppt	GROUPSCALE	1.000000	1.000000	0.000000	0.000000	True	7772400	1143000
WC_Update-Aug03.ppt	GROUPSCALE	1.000000	1.000000	0.000000	0.000000	True	7772400	4114800
WC_Update-Aug03.ppt	GROUPSCALE	1.000000	1.000000	0.000000	0.000000	True	2921000	396875
WC_Update-Aug03.ppt	GROUPSCALE	1.000000	1.000000	0.000000	0.000000	True	1905000	457200
WC_Update-Aug03.ppt	GROUPSCALE	1.000000	1.000000	0.000000	0.000000	True	7772400	838200
WC_Update-Aug03.ppt	GROUPSCALE	1.000000	1.000000	0.000000	0.000000	True	7772400	4114800
WC_Update-Aug03.ppt	GROUPSCALE	1.000000	1.000000	0.000000	0.000000	True	2921000	396875
policy-pesentation.ppt	GROUPSCALE	1.000000	1.000000	0.000000	0.000000	True	1905000	304800
policy-pesentation.ppt	GROUPSCALE	1.000000	1.000000	0.000000	0.000000	True	3279775	304800
policy-pesentation.ppt	GROUPSCALE	1.000000	1.000000	0.000000	0.000000	True	7772400	1143000
policy-pesentation.ppt	GROUPSCALE	1.000000	1.000000	0.000000	0.000000	True	3657600	1822450
policy-pesentation.ppt	GROUPSCALE	1.000000	1.000000	0.000000	0.000000	True	1905000	304800
policy-pesentation.ppt	GROUPSCALE	1.000000	1.000000	0.000000	0.000000	True	2895600	304800
policy-pesentation.ppt	GROUPSCALE	1.000000	1.000000	0.000000	0.000000	True	8001000	1143000
policy-pesentation.ppt	GROUPSCALE	1.000000	1.000000	0.000000	0.000000	True	8001000	3733800
policy-pesentation.ppt	GROUPSCALE	1.000000	1.000000	0.000000	0.000000	True	1905000	304800
policy-pesentation.ppt	GROUPSCALE	1.000000	1.000000	0.000000	0.000000	True	2895600	304800
policy-pesentation.ppt	GROUPSCALE	1.000000	1.000000	0.000000	0.000000	True	8001000	1143000
policy-pesentation.ppt	GROUPSCALE	1.000000	1.000000	0.000000	0.000000	True	8001000	3733800
policy-pesentation.ppt	GROUPSCALE	1.000000	1.000000	0.000000	0.000000	True	1905000	304800
policy-pesentation.ppt	GROUPSCALE	1.000000	1.000000	0.000000	0.000000	True	2895600	304800
policy-pesentation.ppt	GROUPSCALE	1.000000	1.000000	0.000000	0.000000	True	8001000	1143000
policy-pesentation.ppt	GROUPSCALE	1.000000	1.000000	0.000000	0.000000	True	8001000	3733800
policy-pesentation.ppt	GROUPSCALE	1.000000	1.000000	0.000000	0.000000	True	1905000	304800
policy-pesentation.ppt	GROUPSCALE	1.000000	1.000000	0.000000	0.000000	True	2895600	304800
policy-pesentation.ppt	GROUPSCALE	1.000000	1.000000	0.000000	0.000000	True	8001000	1143000
policy-pesentation.ppt	GROUPSCALE	1.000000	1.000000	0.000000	0.000000	True	8001000	3733800
policy-pesentation.ppt	GROUPSCALE	1.000000	1.000000	0.000000	0.000000	True	1905000	304800
policy-pesentation.ppt	GROUPSCALE	1.000000	1.000000	0.000000	0.000000	True	2895600	304800
policy-pesentation.ppt	GROUPSCALE	1.000000	1.000000	0.000000	0.000000	True	8001000	1143000
policy-pesentation.ppt	GROUPSCALE	1.000000	1.000000	0.000000	0.000000	True	8001000	3733800
policy-pesentation.ppt	GROUPSCALE	1.000000	1.000000	0.000000	0.000000	True	1905000	304800
policy-pesentation.ppt	GROUPSCALE	1.000000	1.000000	0.000000	0.000000	True	2895600	304800
policy-pesentation.ppt	GROUPSCALE	1.000000	1.000000	0.000000	0.000000	True	8001000	1143000
policy-pesentation.ppt	GROUPSCALE	1.000000	1.000000	0.000000	0.000000	True	8001000	3733800
policy-pesentation.ppt	GROUPSCALE	1.000000	1.000000	0.000000	0.000000	True	1905000	304800
policy-pesentation.ppt	GROUPSCALE	1.000000	1.000000	0.000000	0.000000	True	2895600	304800
policy-pesentation.ppt	GROUPSCALE	1.000000	1.000000	0.000000	0.000000	True	8001000	1143000
policy-pesentation.ppt	GROUPSCALE	1.000000	1.000000	0.000000	0.000000	True	1905000	304800
policy-pesentation.ppt	GROUPSCALE	1.000000	1.000000	0.000000	0.000000	True	2895600	304800
policy-pesentation.ppt	GROUPSCALE	1.000000	1.000000	0.000000	0.000000	True	8001000	1143000
policy-pesentation.ppt	GROUPSCALE	1.000000	1.000000	0.000000	0.000000	True	8001000	3733800
policy-pesentation.ppt	GROUPSCALE	1.000000	1.000000	0.000000	0.000000	True	1905000	304800
policy-pesentation.ppt	GROUPSCALE	1.000000	1.000000	0.000000	0.000000	True	2895600	304800
policy-pesentation.ppt	GROUPSCALE	1.000000	1.000000	0.000000	0.000000	True	8001000	1143000
policy-pesentation.ppt	GROUPSCALE	1.000000	1.000000	0.000000	0.000000	True	8001000	3733800
policy-pesentation.ppt	GROUPSCALE	1.000000	1.000000	0.000000	0.000000	True	1905000	304800
policy-pesentation.ppt	GROUPSCALE	1.000000	1.000000	0.000000	0.000000	True	2895600	304800
policy-pesentation.ppt	GROUPSCALE	1.000000	1.000000	0.000000	0.000000	True	8001000	1143000
policy-pesentation.ppt	GROUPSCALE	1.000000	1.000000	0.000000	0.000000	True	8001000	3733800
policy-pesentation.ppt	GROUPSCALE	1.000000	1.000000	0.000000	0.000000	True	1905000	304800
policy-pesentation.ppt	GROUPSCALE	1.000000	1.000000	0.000000	0.000000	True	2895600	304800
policy-pesentation.ppt	GROUPSCALE	1.000000	1.000000	0.000000	0.000000	True	8001000	1143000
policy-pesentation.ppt	GROUPSCALE	1.000000	1.000000	0.000000	0.000000	True	8001000	3733800
policy-pesentation.ppt	GROUPSCALE	1.000000	1.000000	0.000000	0.000000	True	1905000	304800
policy-pesentation.ppt	GROUPSCALE	1.000000	1.000000	0.000000	0.000000	True	2895600	304800
policy-pesentation.ppt	GROUPSCALE	1.000000	1.000000	0.000000	0.000000	True	8001000	1143000
policy-pesentation.ppt	GROUPSCALE	1.000000	1.000000	0.000000	0.000000	True	8001000	3733800
policy-pesentation.ppt	GROUPSCALE	1.000000	1.000000	0.000000	0.000000	True	1905000	304800
policy-pesentation.ppt	GROUPSCALE	1.000000	1.000000	0.000000	0.000000	True	2895600	304800
policy-pesentation.ppt	GROUPSCALE	1.000000	1.000000	0.000000	0.000000	True	8001000	1143000
policy-pesentation.ppt	GROUPSCALE	1.000000	1.000000	0.000000	0.000000	True	8001000	3733800
policy-pesentation.ppt	GROUPSCALE	1.000000	1.000000	0.000000	0.000000	True	1905000	304800
policy-pesentation.ppt	GROUPSCALE	1.000000	1.000000	0.000000	0.000000	True	2895600	304800
policy-pesentation.ppt	GROUPSCALE	1.000000	1.000000	0.000000	0.000000	True	8001000	1143000
policy-pesentation.ppt	GROUPSCALE	1.000000	1.000000	0.000000	0.000000	True	8001000	3733800
policy-pesentation.ppt	GROUPSCALE	1.000000	1.000000	0.000000	0.000000	True	1905000	304800
policy-pesentation.ppt	GROUPSCALE	1.000000	1.000000	0.000000	0.000000	True	2895600	304800
policy-pesentation.ppt	GROUPSCALE	1.000000	1.000000	0.000000	0.000000	True	8001000	1143000
policy-pesentation.ppt	GROUPSCALE	1.000000	1.000000	0.000000	0.000000	True	8001000	3733800
wells08_basic.ppt	GROUPSCALE	1.000000	1.000000	0.000000	0.000000	True	7772400	3200400
wells08_basic.ppt	GROUPSCALE	1.000000	1.000000	0.000000	0.000000	True	7772400	2133600
wells08_basic.ppt	GROUPSCALE	1.000000	1.000000	0.000000	0.000000	True	2133600	320675
wells08_basic.ppt	GROUPSCALE	1.000000	1.000000	0.000000	0.000000	True	2895600	320675
wells08_basic.ppt	GROUPSCALE	1.000000	1.000000	0.000000	0.000000	True	2133600	320675
wells08_basic.ppt	GROUPSCALE	1.000000	1.000000	0.000000	0.000000	True	8229600	1325562
wells08_basic.ppt	GROUPSCALE	1.000000	1.000000	0.000000	0.000000	True	4038600	4800600
wells08_basic.ppt	GROUPSCALE	1.000000	1.000000	0.000000	0.000000	True	4038600	4800600
wells08_basic.ppt	GROUPSCALE	1.000000	1.000000	0.000000	0.000000	True	2133600	320675
wells08_basic.ppt	GROUPSCALE	1.000000	1.000000	0.000000	0.000000	True	2895600	320675
wells08_basic.ppt	GROUPSCALE	1.000000	1.000000	0.000000	0.000000	True	2133600	320675
wells08_basic.ppt	GROUPSCALE	1.000000	1.000000	0.000000	0.000000	True	8229600	1325562
wells08_basic.ppt	GROUPSCALE	1.000000	1.000000	0.000000	0.000000	True	8229600	4800600
wells08_basic.ppt	GROUPSCALE	1.000000	1.000000	0.000000	0.000000	True	2133600	320675
wells08_basic.ppt	GROUPSCALE	1.000000	1.000000	0.000000	0.000000	True	2895600	320675
wells08_basic.ppt	GROUPSCALE	1.000000	1.000000	0.000000	0.000000	True	2133600	320675
wells08_basic.ppt	GROUPSCALE	1.000000	1.000000	0.000000	0.000000	True	8229600	1325562
wells08_basic.ppt	GROUPSCALE	1.000000	1.000000	0.000000	0.000000	True	8229600	4800600
wells08_basic.ppt	GROUPSCALE	1.000000	1.000000	0.000000	0.000000	True	2133600	320675
wells08_basic.ppt	GROUPSCALE	1.000000	1.000000	0.000000	0.000000	True	2895600	320675
wells08_basic.ppt	GROUPSCALE	1.000000	1.000000	0.000000	0.000000	True	2133600	320675
wells08_basic.ppt	GROUPSCALE	1.000000	1.000000	0.000000	0.000000	True	8229600	1325562
wells08_basic.ppt	GROUPSCALE	1.000000	1.000000	0.000000	0.000000	True	8229600	4800600
wells08_basic.ppt	GROUPSCALE	1.000000	1.000000	0.000000	0.000000	True	2133600	320675
wells08_basic.ppt	GROUPSCALE	1.000000	1.000000	0.000000	0.000000	True	2895600	320675
wells08_basic.ppt	GROUPSCALE	1.000000	1.000000	0.000000	0.000000	True	2133600	320675
wells08_basic.ppt	GROUPSCALE	1.000000	1.000000	0.000000	0.000000	True	8229600	1325562
wells08_basic.ppt	GROUPSCALE	1.000000	1.000000	0.000000	0.000000	True	4038600	4800600
wells08_basic.ppt	GROUPSCALE	1.000000	1.000000	0.000000	0.000000	True	4038600	4800600
wells08_basic.ppt	GROUPSCALE	1.000000	1.000000	0.000000	0.000000	True	2133600	320675
wells08_basic.ppt	GROUPSCALE	1.000000	1.000000	0.000000	0.000000	True	2895600	320675
wells08_basic.ppt	GROUPSCALE	1.000000	1.000000	0.000000	0.000000	True	2133600	320675
wells08_basic.ppt	GROUPSCALE	1.000000	1.000000	0.000000	0.000000	True	8229600	1325562
wells08_basic.ppt	GROUPSCALE	1.000000	1.000000	0.000000	0.000000	True	4038600	4800600
wells08_basic.ppt	GROUPSCALE	1.000000	1.000000	0.000000	0.000000	True	4038600	4800600
wells08_basic.ppt	GROUPSCALE	1.000000	1.000000	0.000000	0.000000	True	2133600	320675
wells08_basic.ppt	GROUPSCALE	1.000000	1.000000	0.000000	0.000000	True	2895600	320675
wells08_basic.ppt	GROUPSCALE	1.000000	1.000000	0.000000	0.000000	True	2133600	320675
wells08_basic.ppt	GROUPSCALE	1.000000	1.000000	0.000000	0.000000	True	8229600	1325562
wells08_basic.ppt	GROUPSCALE	1.000000	1.000000	0.000000	0.000000	True	4038600	4800600
wells08_basic.ppt	GROUPSCALE	1.000000	1.000000	0.000000	0.000000	True	4038600	4800600
wells08_basic.ppt	GROUPSCALE	1.000000	1.000000	0.000000	0.000000	True	2133600	320675
wells08_basic.ppt	GROUPSCALE	1.000000	1.000000	0.000000	0.000000	True	2895600	320675
wells08_basic.ppt	GROUPSCALE	1.000000	1.000000	0.000000	0.000000	True	2133600	320675
wells08_basic.ppt	GROUPSCALE	1.000000	1.000000	0.000000	0.000000	True	8229600	1325562
wells08_basic.ppt	GROUPSCALE	1.000000	1.000000	0.000000	0.000000	True	4038600	4800600
wells08_basic.ppt	GROUPSCALE	1.000000	1.000000	0.000000	0.000000	True	4038600	4800600
wells08_basic.ppt	GROUPSCALE	1.000000	1.000000	0.000000	0.000000	True	2133600	320675
wells08_basic.ppt	GROUPSCALE	1.000000	1.000000	0.000000	0.000000	True	2895600	320675
wells08_basic.ppt	GROUPSCALE	1.000000	1.000000	0.000000	0.000000	True	2133600	320675
wells08_basic.ppt	GROUPSCALE	1.000000	1.000000	0.000000	0.000000	True	8229600	1325562
wells08_basic.ppt	GROUPSCALE	1.000000	1.000000	0.000000	0.000000	True	8229600	4800600
wells08_basic.ppt	GROUPSCALE	1.000000	1.000000	0.000000	0.000000	True	2133600	320675
wells08_basic.ppt	GROUPSCALE	1.000000	1.000000	0.000000	0.000000	True	2895600	320675
wells08_basic.ppt	GROUPSCALE	1.000000	1.000000	0.000000	0.000000	True	2133600	320675
wells08_basic.ppt	GROUPSCALE	1.000000	1.000000	0.000000	0.000000	True	8229600	1325562
wells08_basic.ppt	GROUPSCALE	1.000000	1.000000	0.000000	0.000000	True	4038600	4800600
wells08_basic.ppt	GROUPSCALE	1.000000	1.000000	0.000000	0.000000	True	4038600	4800600
wells08_basic.ppt	GROUPSCALE	1.000000	1.000000	0.000000	0.000000	True	2133600	320675
wells08_basic.ppt	GROUPSCALE	1.000000	1.000000	0.000000	0.000000	True	2895600	320675
wells08_basic.ppt	GROUPSCALE	1.000000	1.000000	0.000000	0.000000	True	2133600	320675
wells08_basic.ppt	GROUPSCALE	1.000000	1.000000	0.000000	0.000000	True	8229600	1325562
wells08_basic.ppt	GROUPSCALE	1.000000	1.000000	0.000000	0.000000	True	4038600	4800600
wells08_basic.ppt	GROUPSCALE	1.000000	1.000000	0.000000	0.000000	True	4038600	4800600
wells08_basic.ppt	GROUPSCALE	1.000000	1.000000	0.000000	0.000000	True	2133600	320675
wells08_basic.ppt	GROUPSCALE	1.000000	1.000000	0.000000	0.000000	True	2895600	320675
wells08_basic.ppt	GROUPSCALE	1.000000	1.000000	0.000000	0.000000	True	2133600	320675
wells08_basic.ppt	GROUPSCALE	1.000000	1.000000	0.000000	0.000000	True	8229600	1325562
wells08_basic.ppt	GROUPSCALE	1.000000	1.000000	0.000000	0.000000	True	4038600	4800600
wells08_basic.ppt	GROUPSCALE	1.000000	1.000000	0.000000	0.000000	True	4038600	4800600
wells08_basic.ppt	GROUPSCALE	1.000000	1.000000	0.000000	0.000000	True	2133600	320675
wells08_basic.ppt	GROUPSCALE	1.000000	1.000000	0.000000	0.000000	True	2895600	320675
wells08_basic.ppt	GROUPSCALE	1.000000	1.000000	0.000000	0.000000	True	2133600	320675
wells08_basic.ppt	GROUPSCALE	1.000000	1.000000	0.000000	0.000000	True	8229600	1325562
wells08_basic.ppt	GROUPSCALE	1.000000	1.000000	0.000000	0.000000	True	8229600	4800600
wells08_basic.ppt	GROUPSCALE	1.000000	1.000000	0.000000	0.000000	True	2133600	320675
wells08_basic.ppt	GROUPSCALE	1.000000	1.000000	0.000000	0.000000	True	2895600	320675
wells08_basic.ppt	GROUPSCALE	1.000000	1.000000	0.000000	0.000000	True	2133600	320675
wells08_basic.ppt	GROUPSCALE	1.000000	1.000000	0.000000	0.000000	True	8229600	1325562
wells08_basic.ppt	GROUPSCALE	1.000000	1.000000	0.000000	0.000000	True	4038600	4800600
wells08_basic.ppt	GROUPSCALE	1.000000	1.000000	0.000000	0.000000	True	4038600	4800600
wells08_basic.ppt	GROUPSCALE	1.000000	1.000000	0.000000	0.000000	True	2133600	320675
wells08_basic.ppt	GROUPSCALE	1.000000	1.000000	0.000000	0.000000	True	2895600	320675
wells08_basic.ppt	GROUPSCALE	1.000000	1.000000	0.000000	0.000000	True	2133600	320675
wells08_basic.ppt	GROUPSCALE	1.000000	1.000000	0.000000	0.000000	True	8229600	1325562
wells08_basic.ppt	GROUPSCALE	1.000000	1.000000	0.000000	0.000000	True	8229600	4800600
wells08_basic.ppt	GROUPSCALE	1.000000	1.000000	0.000000	0.000000	True	2133600	320675
wells08_basic.ppt	GROUPSCALE	1.000000	1.000000	0.000000	0.000000	True	2895600	320675
wells08_basic.ppt	GROUPSCALE	1.000000	1.000000	0.000000	0.000000	True	2133600	320675
wells08_basic.ppt	GROUPSCALE	1.000000	1.000000	0.000000	0.000000	True	8229600	1325562
wells08_basic.ppt	GROUPSCALE	1.000000	1.000000	0.000000	0.000000	True	4038600	4953000
wells08_basic.ppt	GROUPSCALE	1.000000	1.000000	0.000000	0.000000	True	4038600	4953000
wells08_basic.ppt	GROUPSCALE	1.000000	1.000000	0.000000	0.000000	True	2133600	320675
wells08_basic.ppt	GROUPSCALE	1.000000	1.000000	0.000000	0.000000	True	2895600	320675
wells08_basic.ppt	GROUPSCALE	1.000000	1.000000	0.000000	0.000000	True	2133600	320675
wells08_basic.ppt	GROUPSCALE	1.000000	1.000000	0.000000	0.000000	True	8229600	1325562
wells08_basic.ppt	GROUPSCALE	1.000000	1.000000	0.000000	0.000000	True	4038600	4800600
wells08_basic.ppt	GROUPSCALE	1.000000	1.000000	0.000000	0.000000	True	4038600	4800600
wells08_basic.ppt	GROUPSCALE	1.000000	1.000000	0.000000	0.000000	True	2133600	320675
wells08_basic.ppt	GROUPSCALE	1.000000	1.000000	0.000000	0.000000	True	2895600	320675
wells08_basic.ppt	GROUPSCALE	1.000000	1.000000	0.000000	0.000000	True	2133600	320675
wells08_basic.ppt	GROUPSCALE	1.000000	1.000000	0.000000	0.000000	True	8229600	1325562
wells08_basic.ppt	GROUPSCALE	1.000000	1.000000	0.000000	0.000000	True	4038600	4800600
wells08_basic.ppt	GROUPSCALE	1.000000	1.000000	0.000000	0.000000	True	4038600	4800600
wells08_basic.ppt	GROUPSCALE	1.000000	1.000000	0.000000	0.000000	True	311150	366712
wells08_basic.ppt	GROUPSCALE	1.000000	1.000000	0.000000	0.000000	True	2133600	320675
wells08_basic.ppt	GROUPSCALE	1.000000	1.000000	0.000000	0.000000	True	2895600	320675
wells08_basic.ppt	GROUPSCALE	1.000000	1.000000	0.000000	0.000000	True	2133600	320675
wells08_basic.ppt	GROUPSCALE	1.000000	1.000000	0.000000	0.000000	True	8229600	1325562
wells08_basic.ppt	GROUPSCALE	1.000000	1.000000	0.000000	0.000000	True	8229600	4800600
wells08_basic.ppt	GROUPSCALE	1.000000	1.000000	0.000000	0.000000	True	2133600	320675
wells08_basic.ppt	GROUPSCALE	1.000000	1.000000	0.000000	0.000000	True	2895600	320675
wells08_basic.ppt	GROUPSCALE	1.000000	1.000000	0.000000	0.000000	True	2133600	320675
wells08_basic.ppt	GROUPSCALE	1.000000	1.000000	0.000000	0.000000	True	8229600	1325562
wells08_basic.ppt	GROUPSCALE	1.000000	1.000000	0.000000	0.000000	True	4038600	4800600
wells08_basic.ppt	GROUPSCALE	1.000000	1.000000	0.000000	0.000000	True	4038600	4800600
wells08_basic.ppt	GROUPSCALE	1.000000	1.000000	0.000000	0.000000	True	2133600	320675
wells08_basic.ppt	GROUPSCALE	1.000000	1.000000	0.000000	0.000000	True	2895600	320675
wells08_basic.ppt	GROUPSCALE	1.000000	1.000000	0.000000	0.000000	True	2133600	320675
wells08_basic.ppt	GROUPSCALE	1.000000	1.000000	0.000000	0.000000	True	8229600	1325562
wells08_basic.ppt	GROUPSCALE	1.000000	1.000000	0.000000	0.000000	True	4038600	4800600
wells08_basic.ppt	GROUPSCALE	1.000000	1.000000	0.000000	0.000000	True	4038600	4800600
wells08_basic.ppt	GROUPSCALE	1.000000	1.000000	0.000000	0.000000	True	2133600	320675
wells08_basic.ppt	GROUPSCALE	1.000000	1.000000	0.000000	0.000000	True	2895600	320675
wells08_basic.ppt	GROUPSCALE	1.000000	1.000000	0.000000	0.000000	True	2133600	320675
wells08_basic.ppt	GROUPSCALE	1.000000	1.000000	0.000000	0.000000	True	8229600	1325562
wells08_basic.ppt	GROUPSCALE	1.000000	1.000000	0.000000	0.000000	True	4038600	4800600
wells08_basic.ppt	GROUPSCALE	1.000000	1.000000	0.000000	0.000000	True	4038600	4800600
wells08_basic.ppt	GROUPSCALE	1.000000	1.000000	0.000000	0.000000	True	2133600	320675
wells08_basic.ppt	GROUPSCALE	1.000000	1.000000	0.000000	0.000000	True	2895600	320675
wells08_basic.ppt	GROUPSCALE	1.000000	1.000000	0.000000	0.000000	True	2133600	320675
wells08_basic.ppt	GROUPSCALE	1.000000	1.000000	0.000000	0.000000	True	8229600	1325562
wells08_basic.ppt	GROUPSCALE	1.000000	1.000000	0.000000	0.000000	True	8229600	4800600
wells08_basic.ppt	GROUPSCALE	1.000000	1.000000	0.000000	0.000000	True	2133600	320675
wells08_basic.ppt	GROUPSCALE	1.000000	1.000000	0.000000	0.000000	True	2895600	320675
wells08_basic.ppt	GROUPSCALE	1.000000	1.000000	0.000000	0.000000	True	2133600	320675
wells08_basic.ppt	GROUPSCALE	1.000000	1.000000	0.000000	0.000000	True	8229600	1325562
wells08_basic.ppt	GROUPSCALE	1.000000	1.000000	0.000000	0.000000	True	4038600	5029200
wells08_basic.ppt	GROUPSCALE	1.000000	1.000000	0.000000	0.000000	True	4038600	5029200
wells08_basic.ppt	GROUPSCALE	1.000000	1.000000	0.000000	0.000000	True	2133600	320675
wells08_basic.ppt	GROUPSCALE	1.000000	1.000000	0.000000	0.000000	True	2895600	320675
wells08_basic.ppt	GROUPSCALE	1.000000	1.000000	0.000000	0.000000	True	2133600	320675
wells08_basic.ppt	GROUPSCALE	1.000000	1.000000	0.000000	0.000000	True	8229600	1325562
wells08_basic.ppt	GROUPSCALE	1.000000	1.000000	0.000000	0.000000	True	4038600	4800600
wells08_basic.ppt	GROUPSCALE	1.000000	1.000000	0.000000	0.000000	True	4038600	4800600
wells08_basic.ppt	GROUPSCALE	1.000000	1.000000	0.000000	0.000000	True	2133600	320675
wells08_basic.ppt	GROUPSCALE	1.000000	1.000000	0.000000	0.000000	True	2895600	320675
wells08_basic.ppt	GROUPSCALE	1.000000	1.000000	0.000000	0.000000	True	2133600	320675
wells08_basic.ppt	GROUPSCALE	1.000000	1.000000	0.000000	0.000000	True	8229600	1325562
wells08_basic.ppt	GROUPSCALE	1.000000	1.000000	0.000000	0.000000	True	4038600	4800600
wells08_basic.ppt	GROUPSCALE	1.000000	1.000000	0.000000	0.000000	True	4038600	4800600
080214-Intl-pol-frameworks-and-their-implications-for-Africa-ISS-workshop.ppt	GROUPSCALE	1.000000	1.000000	0.000000	0.000000	True	8280400	1647825
080214-Intl-pol-frameworks-and-their-implications-for-Africa-ISS-workshop.ppt	GROUPSCALE	1.000000	1.000000	0.000000	0.000000	True	8229600	1139825
080214-Intl-pol-frameworks-and-their-implications-for-Africa-ISS-workshop.ppt	GROUPSCALE	1.000000	1.000000	0.000000	0.000000	True	8229600	4530725
080214-Intl-pol-frameworks-and-their-implications-for-Africa-ISS-workshop.ppt	GROUPSCALE	1.000000	1.000000	0.000000	0.000000	True	7920037	4149725
080214-Intl-pol-frameworks-and-their-implications-for-Africa-ISS-workshop.ppt	GROUPSCALE	1.000000	1.000000	0.000000	0.000000	True	8229600	1139825
080214-Intl-pol-frameworks-and-their-implications-for-Africa-ISS-workshop.ppt	GROUPSCALE	1.000000	1.000000	0.000000	0.000000	True	8229600	4530725
080214-Intl-pol-frameworks-and-their-implications-for-Africa-ISS-workshop.ppt	GROUPSCALE	1.000000	1.000000	0.000000	0.000000	True	7920037	4149725
080214-Intl-pol-frameworks-and-their-implications-for-Africa-ISS-workshop.ppt	GROUPSCALE	1.000000	1.000000	0.000000	0.000000	True	8229600	1139825
080214-Intl-pol-frameworks-and-their-implications-for-Africa-ISS-workshop.ppt	GROUPSCALE	1.000000	1.000000	0.000000	0.000000	True	8229600	4530725
080214-Intl-pol-frameworks-and-their-implications-for-Africa-ISS-workshop.ppt	GROUPSCALE	1.000000	1.000000	0.000000	0.000000	True	7920037	4576762
080214-Intl-pol-frameworks-and-their-implications-for-Africa-ISS-workshop.ppt	GROUPSCALE	1.000000	1.000000	0.000000	0.000000	True	8229600	1139825
080214-Intl-pol-frameworks-and-their-implications-for-Africa-ISS-workshop.ppt	GROUPSCALE	1.000000	1.000000	0.000000	0.000000	True	8229600	4530725
080214-Intl-pol-frameworks-and-their-implications-for-Africa-ISS-workshop.ppt	GROUPSCALE	1.000000	1.000000	0.000000	0.000000	True	7920037	4576762
080214-Intl-pol-frameworks-and-their-implications-for-Africa-ISS-workshop.ppt	GROUPSCALE	1.000000	1.000000	0.000000	0.000000	True	8229600	1139825
080214-Intl-pol-frameworks-and-their-implications-for-Africa-ISS-workshop.ppt	GROUPSCALE	1.000000	1.000000	0.000000	0.000000	True	8229600	4530725
080214-Intl-pol-frameworks-and-their-implications-for-Africa-ISS-workshop.ppt	GROUPSCALE	1.000000	1.000000	0.000000	0.000000	True	7920037	6877050
080214-Intl-pol-frameworks-and-their-implications-for-Africa-ISS-workshop.ppt	GROUPSCALE	1.000000	1.000000	0.000000	0.000000	True	8362950	1139825
080214-Intl-pol-frameworks-and-their-implications-for-Africa-ISS-workshop.ppt	GROUPSCALE	1.000000	1.000000	0.000000	0.000000	True	8229600	4530725
080214-Intl-pol-frameworks-and-their-implications-for-Africa-ISS-workshop.ppt	GROUPSCALE	1.000000	1.000000	0.000000	0.000000	True	7920037	2354262
080214-Intl-pol-frameworks-and-their-implications-for-Africa-ISS-workshop.ppt	GROUPSCALE	1.000000	1.000000	0.000000	0.000000	True	8207375	5232400
080214-Intl-pol-frameworks-and-their-implications-for-Africa-ISS-workshop.ppt	GROUPSCALE	1.000000	1.000000	0.000000	0.000000	True	8362950	1139825
080214-Intl-pol-frameworks-and-their-implications-for-Africa-ISS-workshop.ppt	GROUPSCALE	1.000000	1.000000	0.000000	0.000000	True	8229600	4530725
080214-Intl-pol-frameworks-and-their-implications-for-Africa-ISS-workshop.ppt	GROUPSCALE	1.000000	1.000000	0.000000	0.000000	True	7920037	2354262
080214-Intl-pol-frameworks-and-their-implications-for-Africa-ISS-workshop.ppt	GROUPSCALE	1.000000	1.000000	0.000000	0.000000	True	8207375	5954712
080214-Intl-pol-frameworks-and-their-implications-for-Africa-ISS-workshop.ppt	GROUPSCALE	1.000000	1.000000	0.000000	0.000000	True	8362950	1139825
080214-Intl-pol-frameworks-and-their-implications-for-Africa-ISS-workshop.ppt	GROUPSCALE	1.000000	1.000000	0.000000	0.000000	True	8229600	4530725
080214-Intl-pol-frameworks-and-their-implications-for-Africa-ISS-workshop.ppt	GROUPSCALE	1.000000	1.000000	0.000000	0.000000	True	7920037	2354262
080214-Intl-pol-frameworks-and-their-implications-for-Africa-ISS-workshop.ppt	GROUPSCALE	1.000000	1.000000	0.000000	0.000000	True	8207375	4576762
080214-Intl-pol-frameworks-and-their-implications-for-Africa-ISS-workshop.ppt	GROUPSCALE	1.000000	1.000000	0.000000	0.000000	True	8640762	1139825
080214-Intl-pol-frameworks-and-their-implications-for-Africa-ISS-workshop.ppt	GROUPSCALE	1.000000	1.000000	0.000000	0.000000	True	8229600	4530725
080214-Intl-pol-frameworks-and-their-implications-for-Africa-ISS-workshop.ppt	GROUPSCALE	1.000000	1.000000	0.000000	0.000000	True	7920037	2354262
080214-Intl-pol-frameworks-and-their-implications-for-Africa-ISS-workshop.ppt	GROUPSCALE	1.000000	1.000000	0.000000	0.000000	True	8207375	5003800
080214-Intl-pol-frameworks-and-their-implications-for-Africa-ISS-workshop.ppt	GROUPSCALE	1.000000	1.000000	0.000000	0.000000	True	8640762	1139825
080214-Intl-pol-frameworks-and-their-implications-for-Africa-ISS-workshop.ppt	GROUPSCALE	1.000000	1.000000	0.000000	0.000000	True	8229600	4530725
080214-Intl-pol-frameworks-and-their-implications-for-Africa-ISS-workshop.ppt	GROUPSCALE	1.000000	1.000000	0.000000	0.000000	True	7920037	2354262
080214-Intl-pol-frameworks-and-their-implications-for-Africa-ISS-workshop.ppt	GROUPSCALE	1.000000	1.000000	0.000000	0.000000	True	8207375	5430837
080214-Intl-pol-frameworks-and-their-implications-for-Africa-ISS-workshop.ppt	GROUPSCALE	1.000000	1.000000	0.000000	0.000000	True	8640762	1139825
080214-Intl-pol-frameworks-and-their-implications-for-Africa-ISS-workshop.ppt	GROUPSCALE	1.000000	1.000000	0.000000	0.000000	True	8229600	4530725
080214-Intl-pol-frameworks-and-their-implications-for-Africa-ISS-workshop.ppt	GROUPSCALE	1.000000	1.000000	0.000000	0.000000	True	7920037	2354262
080214-Intl-pol-frameworks-and-their-implications-for-Africa-ISS-workshop.ppt	GROUPSCALE	1.000000	1.000000	0.000000	0.000000	True	8207375	5430837
080214-Intl-pol-frameworks-and-their-implications-for-Africa-ISS-workshop.ppt	GROUPSCALE	1.000000	1.000000	0.000000	0.000000	True	8424862	1139825
080214-Intl-pol-frameworks-and-their-implications-for-Africa-ISS-workshop.ppt	GROUPSCALE	1.000000	1.000000	0.000000	0.000000	True	8229600	4530725
080214-Intl-pol-frameworks-and-their-implications-for-Africa-ISS-workshop.ppt	GROUPSCALE	1.000000	1.000000	0.000000	0.000000	True	7920037	2354262
080214-Intl-pol-frameworks-and-their-implications-for-Africa-ISS-workshop.ppt	GROUPSCALE	1.000000	1.000000	0.000000	0.000000	True	8207375	5003800
080214-Intl-pol-frameworks-and-their-implications-for-Africa-ISS-workshop.ppt	GROUPSCALE	1.000000	1.000000	0.000000	0.000000	True	8424862	1139825
080214-Intl-pol-frameworks-and-their-implications-for-Africa-ISS-workshop.ppt	GROUPSCALE	1.000000	1.000000	0.000000	0.000000	True	8229600	4530725
080214-Intl-pol-frameworks-and-their-implications-for-Africa-ISS-workshop.ppt	GROUPSCALE	1.000000	1.000000	0.000000	0.000000	True	7920037	2354262
080214-Intl-pol-frameworks-and-their-implications-for-Africa-ISS-workshop.ppt	GROUPSCALE	1.000000	1.000000	0.000000	0.000000	True	8207375	4576762
080214-Intl-pol-frameworks-and-their-implications-for-Africa-ISS-workshop.ppt	GROUPSCALE	1.000000	1.000000	0.000000	0.000000	True	8424862	1139825
080214-Intl-pol-frameworks-and-their-implications-for-Africa-ISS-workshop.ppt	GROUPSCALE	1.000000	1.000000	0.000000	0.000000	True	8229600	4530725
080214-Intl-pol-frameworks-and-their-implications-for-Africa-ISS-workshop.ppt	GROUPSCALE	1.000000	1.000000	0.000000	0.000000	True	7920037	2354262
080214-Intl-pol-frameworks-and-their-implications-for-Africa-ISS-workshop.ppt	GROUPSCALE	1.000000	1.000000	0.000000	0.000000	True	8207375	4662487
080214-Intl-pol-frameworks-and-their-implications-for-Africa-ISS-workshop.ppt	GROUPSCALE	1.000000	1.000000	0.000000	0.000000	True	8424862	1139825
080214-Intl-pol-frameworks-and-their-implications-for-Africa-ISS-workshop.ppt	GROUPSCALE	1.000000	1.000000	0.000000	0.000000	True	8229600	4530725
080214-Intl-pol-frameworks-and-their-implications-for-Africa-ISS-workshop.ppt	GROUPSCALE	1.000000	1.000000	0.000000	0.000000	True	7920037	2354262
080214-Intl-pol-frameworks-and-their-implications-for-Africa-ISS-workshop.ppt	GROUPSCALE	1.000000	1.000000	0.000000	0.000000	True	8207375	4576762
080214-Intl-pol-frameworks-and-their-implications-for-Africa-ISS-workshop.ppt	GROUPSCALE	1.000000	1.000000	0.000000	0.000000	True	8569325	1139825
080214-Intl-pol-frameworks-and-their-implications-for-Africa-ISS-workshop.ppt	GROUPSCALE	1.000000	1.000000	0.000000	0.000000	True	8229600	4530725
080214-Intl-pol-frameworks-and-their-implications-for-Africa-ISS-workshop.ppt	GROUPSCALE	1.000000	1.000000	0.000000	0.000000	True	7920037	2354262
080214-Intl-pol-frameworks-and-their-implications-for-Africa-ISS-workshop.ppt	GROUPSCALE	1.000000	1.000000	0.000000	0.000000	True	8207375	5384800
080214-Intl-pol-frameworks-and-their-implications-for-Africa-ISS-workshop.ppt	GROUPSCALE	1.000000	1.000000	0.000000	0.000000	True	8640762	1139825
080214-Intl-pol-frameworks-and-their-implications-for-Africa-ISS-workshop.ppt	GROUPSCALE	1.000000	1.000000	0.000000	0.000000	True	8229600	4530725
080214-Intl-pol-frameworks-and-their-implications-for-Africa-ISS-workshop.ppt	GROUPSCALE	1.000000	1.000000	0.000000	0.000000	True	7920037	2354262
080214-Intl-pol-frameworks-and-their-implications-for-Africa-ISS-workshop.ppt	GROUPSCALE	1.000000	1.000000	0.000000	0.000000	True	8207375	5430837
gfopportunitiesforlinkagespres_2010_en.ppt	GROUPSCALE	1.000000	1.000000	0.000000	0.000000	True	7772400	1470025
gfopportunitiesforlinkagespres_2010_en.ppt	GROUPSCALE	1.000000	1.000000	0.000000	0.000000	True	6400800	1752600
gfopportunitiesforlinkagespres_2010_en.ppt	GROUPSCALE	1.000000	1.000000	0.000000	0.000000	True	8229600	5516562
gfopportunitiesforlinkagespres_2010_en.ppt	GROUPSCALE	1.000000	1.000000	0.000000	0.000000	True	8229600	1143000
gfopportunitiesforlinkagespres_2010_en.ppt	GROUPSCALE	1.000000	1.000000	0.000000	0.000000	True	8229600	4525962
gfopportunitiesforlinkagespres_2010_en.ppt	GROUPSCALE	1.000000	1.000000	0.000000	0.000000	True	8229600	1465262
gfopportunitiesforlinkagespres_2010_en.ppt	GROUPSCALE	1.000000	1.000000	0.000000	0.000000	True	8229600	1143000
gfopportunitiesforlinkagespres_2010_en.ppt	GROUPSCALE	1.000000	1.000000	0.000000	0.000000	True	8229600	4525962
gfopportunitiesforlinkagespres_2010_en.ppt	GROUPSCALE	1.000000	1.000000	0.000000	0.000000	True	8229600	1143000
gfopportunitiesforlinkagespres_2010_en.ppt	GROUPSCALE	1.000000	1.000000	0.000000	0.000000	True	8229600	4525962
gfopportunitiesforlinkagespres_2010_en.ppt	GROUPSCALE	1.000000	1.000000	0.000000	0.000000	True	8229600	1143000
gfopportunitiesforlinkagespres_2010_en.ppt	GROUPSCALE	1.000000	1.000000	0.000000	0.000000	True	8229600	4525962
gfopportunitiesforlinkagespres_2010_en.ppt	GROUPSCALE	1.000000	1.000000	0.000000	0.000000	True	8229600	1143000
gfopportunitiesforlinkagespres_2010_en.ppt	GROUPSCALE	1.000000	1.000000	0.000000	0.000000	True	8229600	4525962
gfopportunitiesforlinkagespres_2010_en.ppt	GROUPSCALE	1.000000	1.000000	0.000000	0.000000	True	8229600	1143000
gfopportunitiesforlinkagespres_2010_en.ppt	GROUPSCALE	1.000000	1.000000	0.000000	0.000000	True	8229600	4525962
gfopportunitiesforlinkagespres_2010_en.ppt	GROUPSCALE	1.000000	1.000000	0.000000	0.000000	True	8229600	1143000
gfopportunitiesforlinkagespres_2010_en.ppt	GROUPSCALE	1.000000	1.000000	0.000000	0.000000	True	8229600	4525962
gfopportunitiesforlinkagespres_2010_en.ppt	GROUPSCALE	1.000000	1.000000	0.000000	0.000000	True	8229600	1143000
gfopportunitiesforlinkagespres_2010_en.ppt	GROUPSCALE	1.000000	1.000000	0.000000	0.000000	True	8229600	4525962
gfopportunitiesforlinkagespres_2010_en.ppt	GROUPSCALE	1.000000	1.000000	0.000000	0.000000	True	8229600	1143000
gfopportunitiesforlinkagespres_2010_en.ppt	GROUPSCALE	1.000000	1.000000	0.000000	0.000000	True	8229600	4525962
gfopportunitiesforlinkagespres_2010_en.ppt	GROUPSCALE	1.000000	1.000000	0.000000	0.000000	True	8229600	1143000
gfopportunitiesforlinkagespres_2010_en.ppt	GROUPSCALE	1.000000	1.000000	0.000000	0.000000	True	8229600	4525962
gfopportunitiesforlinkagespres_2010_en.ppt	GROUPSCALE	1.000000	1.000000	0.000000	0.000000	True	8229600	1143000
gfopportunitiesforlinkagespres_2010_en.ppt	GROUPSCALE	1.000000	1.000000	0.000000	0.000000	True	8229600	4525962
gfopportunitiesforlinkagespres_2010_en.ppt	GROUPSCALE	1.000000	1.000000	0.000000	0.000000	True	8229600	1143000
gfopportunitiesforlinkagespres_2010_en.ppt	GROUPSCALE	1.000000	1.000000	0.000000	0.000000	True	8229600	4525962
gfopportunitiesforlinkagespres_2010_en.ppt	GROUPSCALE	1.000000	1.000000	0.000000	0.000000	True	8229600	1143000
gfopportunitiesforlinkagespres_2010_en.ppt	GROUPSCALE	1.000000	1.000000	0.000000	0.000000	True	8229600	4525962
gfopportunitiesforlinkagespres_2010_en.ppt	GROUPSCALE	1.000000	1.000000	0.000000	0.000000	True	8496300	5256212
gfopportunitiesforlinkagespres_2010_en.ppt	GROUPSCALE	1.000000	1.000000	0.000000	0.000000	True	2663825	3021012
gfopportunitiesforlinkagespres_2010_en.ppt	GROUPSCALE	1.000000	1.000000	0.000000	0.000000	True	2819400	1647825
gfopportunitiesforlinkagespres_2010_en.ppt	GROUPSCALE	1.000000	1.000000	0.000000	0.000000	True	2819400	1373187
gfopportunitiesforlinkagespres_2010_en.ppt	GROUPSCALE	1.000000	1.000000	0.000000	0.000000	True	2819400	1098550
gfopportunitiesforlinkagespres_2010_en.ppt	GROUPSCALE	1.000000	1.000000	0.000000	0.000000	True	8229600	1143000
gfopportunitiesforlinkagespres_2010_en.ppt	GROUPSCALE	1.000000	1.000000	0.000000	0.000000	True	8229600	4708525
gfopportunitiesforlinkagespres_2010_en.ppt	GROUPSCALE	1.000000	1.000000	0.000000	0.000000	True	8229600	1143000
gfopportunitiesforlinkagespres_2010_en.ppt	GROUPSCALE	1.000000	1.000000	0.000000	0.000000	True	8229600	4341812
gfopportunitiesforlinkagespres_2010_en.ppt	GROUPSCALE	1.000000	1.000000	0.000000	0.000000	True	8229600	1143000
gfopportunitiesforlinkagespres_2010_en.ppt	GROUPSCALE	1.000000	1.000000	0.000000	0.000000	True	8229600	4525962
gfopportunitiesforlinkagespres_2010_en.ppt	GROUPSCALE	1.000000	1.000000	0.000000	0.000000	True	8229600	1143000
gfopportunitiesforlinkagespres_2010_en.ppt	GROUPSCALE	1.000000	1.000000	0.000000	0.000000	True	8229600	4525962
gfopportunitiesforlinkagespres_2010_en.ppt	GROUPSCALE	1.000000	1.000000	0.000000	0.000000	True	8229600	1143000
gfopportunitiesforlinkagespres_2010_en.ppt	GROUPSCALE	1.000000	1.000000	0.000000	0.000000	True	8229600	4365625
gfopportunitiesforlinkagespres_2010_en.ppt	GROUPSCALE	1.000000	1.000000	0.000000	0.000000	True	8229600	1143000
gfopportunitiesforlinkagespres_2010_en.ppt	GROUPSCALE	1.000000	1.000000	0.000000	0.000000	True	8229600	4525962
gfopportunitiesforlinkagespres_2010_en.ppt	GROUPSCALE	1.000000	1.000000	0.000000	0.000000	True	8229600	1143000
gfopportunitiesforlinkagespres_2010_en.ppt	GROUPSCALE	1.000000	1.000000	0.000000	0.000000	True	8229600	4525962
gfopportunitiesforlinkagespres_2010_en.ppt	GROUPSCALE	1.000000	1.000000	0.000000	0.000000	True	8229600	1143000
gfopportunitiesforlinkagespres_2010_en.ppt	GROUPSCALE	1.000000	1.000000	0.000000	0.000000	True	8229600	4964112
gfopportunitiesforlinkagespres_2010_en.ppt	GROUPSCALE	1.000000	1.000000	0.000000	0.000000	True	8229600	1143000
gfopportunitiesforlinkagespres_2010_en.ppt	GROUPSCALE	1.000000	1.000000	0.000000	0.000000	True	8229600	4951412
gfopportunitiesforlinkagespres_2010_en.ppt	GROUPSCALE	1.000000	1.000000	0.000000	0.000000	True	8229600	1143000
gfopportunitiesforlinkagespres_2010_en.ppt	GROUPSCALE	1.000000	1.000000	0.000000	0.000000	True	8229600	4929187
gfopportunitiesforlinkagespres_2010_en.ppt	GROUPSCALE	1.000000	1.000000	0.000000	0.000000	True	8229600	1143000
gfopportunitiesforlinkagespres_2010_en.ppt	GROUPSCALE	1.000000	1.000000	0.000000	0.000000	True	8229600	4940300
ws_prod-g-doc-Events-2007-Approval-of-Flight-Conditions-RM-NAA-16032007.ppt	GROUPSCALE	1.000000	1.000000	0.000000	0.000000	True	977900	271462
ws_prod-g-doc-Events-2007-Approval-of-Flight-Conditions-RM-NAA-16032007.ppt	GROUPSCALE	1.000000	1.000000	0.000000	0.000000	True	1028700	244475
ws_prod-g-doc-Events-2007-Approval-of-Flight-Conditions-RM-NAA-16032007.ppt	GROUPSCALE	1.000000	1.000000	0.000000	0.000000	True	7169150	1470025
ws_prod-g-doc-Events-2007-Approval-of-Flight-Conditions-RM-NAA-16032007.ppt	GROUPSCALE	1.000000	1.000000	0.000000	0.000000	True	6178550	1752600
ws_prod-g-doc-Events-2007-Approval-of-Flight-Conditions-RM-NAA-16032007.ppt	GROUPSCALE	1.000000	1.000000	0.000000	0.000000	True	3973512	336550
ws_prod-g-doc-Events-2007-Approval-of-Flight-Conditions-RM-NAA-16032007.ppt	GROUPSCALE	1.000000	1.000000	0.000000	0.000000	True	1522412	219075
ws_prod-g-doc-Events-2007-Approval-of-Flight-Conditions-RM-NAA-16032007.ppt	GROUPSCALE	1.000000	1.000000	0.000000	0.000000	True	977900	271462
ws_prod-g-doc-Events-2007-Approval-of-Flight-Conditions-RM-NAA-16032007.ppt	GROUPSCALE	-1.000000	1.000000	0.000000	0.000000	False	3457575	142875
ws_prod-g-doc-Events-2007-Approval-of-Flight-Conditions-RM-NAA-16032007.ppt	GROUPSCALE	1.000000	1.000000	0.000000	0.000000	True	7310437	958850
ws_prod-g-doc-Events-2007-Approval-of-Flight-Conditions-RM-NAA-16032007.ppt	GROUPSCALE	1.000000	1.000000	0.000000	0.000000	True	8229600	4511675
ws_prod-g-doc-Events-2007-Approval-of-Flight-Conditions-RM-NAA-16032007.ppt	GROUPSCALE	1.000000	1.000000	0.000000	0.000000	True	3973512	336550
ws_prod-g-doc-Events-2007-Approval-of-Flight-Conditions-RM-NAA-16032007.ppt	GROUPSCALE	1.000000	1.000000	0.000000	0.000000	True	1522412	219075
ws_prod-g-doc-Events-2007-Approval-of-Flight-Conditions-RM-NAA-16032007.ppt	GROUPSCALE	1.000000	1.000000	0.000000	0.000000	True	977900	271462
ws_prod-g-doc-Events-2007-Approval-of-Flight-Conditions-RM-NAA-16032007.ppt	GROUPSCALE	-1.000000	1.000000	0.000000	0.000000	False	3457575	142875
ws_prod-g-doc-Events-2007-Approval-of-Flight-Conditions-RM-NAA-16032007.ppt	GROUPSCALE	1.000000	1.000000	0.000000	0.000000	True	7310437	958850
ws_prod-g-doc-Events-2007-Approval-of-Flight-Conditions-RM-NAA-16032007.ppt	GROUPSCALE	1.000000	1.000000	0.000000	0.000000	True	8229600	4511675
ws_prod-g-doc-Events-2007-Approval-of-Flight-Conditions-RM-NAA-16032007.ppt	GROUPSCALE	1.000000	1.000000	0.000000	0.000000	True	3973512	336550
ws_prod-g-doc-Events-2007-Approval-of-Flight-Conditions-RM-NAA-16032007.ppt	GROUPSCALE	1.000000	1.000000	0.000000	0.000000	True	1522412	219075
ws_prod-g-doc-Events-2007-Approval-of-Flight-Conditions-RM-NAA-16032007.ppt	GROUPSCALE	1.000000	1.000000	0.000000	0.000000	True	977900	271462
ws_prod-g-doc-Events-2007-Approval-of-Flight-Conditions-RM-NAA-16032007.ppt	GROUPSCALE	-1.000000	1.000000	0.000000	0.000000	False	3457575	142875
ws_prod-g-doc-Events-2007-Approval-of-Flight-Conditions-RM-NAA-16032007.ppt	GROUPSCALE	1.000000	1.000000	0.000000	0.000000	True	7310437	958850
ws_prod-g-doc-Events-2007-Approval-of-Flight-Conditions-RM-NAA-16032007.ppt	GROUPSCALE	1.000000	1.000000	0.000000	0.000000	True	8229600	4511675
ws_prod-g-doc-Events-2007-Approval-of-Flight-Conditions-RM-NAA-16032007.ppt	GROUPSCALE	1.000000	1.000000	0.000000	0.000000	True	3973512	336550
ws_prod-g-doc-Events-2007-Approval-of-Flight-Conditions-RM-NAA-16032007.ppt	GROUPSCALE	1.000000	1.000000	0.000000	0.000000	True	1522412	219075
ws_prod-g-doc-Events-2007-Approval-of-Flight-Conditions-RM-NAA-16032007.ppt	GROUPSCALE	1.000000	1.000000	0.000000	0.000000	True	977900	271462
ws_prod-g-doc-Events-2007-Approval-of-Flight-Conditions-RM-NAA-16032007.ppt	GROUPSCALE	-1.000000	1.000000	0.000000	0.000000	False	3457575	142875
ws_prod-g-doc-Events-2007-Approval-of-Flight-Conditions-RM-NAA-16032007.ppt	GROUPSCALE	1.000000	1.000000	0.000000	0.000000	True	7310437	958850
ws_prod-g-doc-Events-2007-Approval-of-Flight-Conditions-RM-NAA-16032007.ppt	GROUPSCALE	1.000000	1.000000	0.000000	0.000000	True	8229600	4511675
ws_prod-g-doc-Events-2007-Approval-of-Flight-Conditions-RM-NAA-16032007.ppt	GROUPSCALE	1.000000	1.000000	0.000000	0.000000	True	3973512	336550
ws_prod-g-doc-Events-2007-Approval-of-Flight-Conditions-RM-NAA-16032007.ppt	GROUPSCALE	1.000000	1.000000	0.000000	0.000000	True	1522412	219075
ws_prod-g-doc-Events-2007-Approval-of-Flight-Conditions-RM-NAA-16032007.ppt	GROUPSCALE	1.000000	1.000000	0.000000	0.000000	True	977900	271462
ws_prod-g-doc-Events-2007-Approval-of-Flight-Conditions-RM-NAA-16032007.ppt	GROUPSCALE	-1.000000	1.000000	0.000000	0.000000	False	3457575	142875
ws_prod-g-doc-Events-2007-Approval-of-Flight-Conditions-RM-NAA-16032007.ppt	GROUPSCALE	1.000000	1.000000	0.000000	0.000000	True	7310437	958850
ws_prod-g-doc-Events-2007-Approval-of-Flight-Conditions-RM-NAA-16032007.ppt	GROUPSCALE	1.000000	1.000000	0.000000	0.000000	True	8229600	4511675
ws_prod-g-doc-Events-2007-Approval-of-Flight-Conditions-RM-NAA-16032007.ppt	GROUPSCALE	1.000000	1.000000	0.000000	0.000000	True	3973512	336550
ws_prod-g-doc-Events-2007-Approval-of-Flight-Conditions-RM-NAA-16032007.ppt	GROUPSCALE	1.000000	1.000000	0.000000	0.000000	True	1522412	219075
ws_prod-g-doc-Events-2007-Approval-of-Flight-Conditions-RM-NAA-16032007.ppt	GROUPSCALE	1.000000	1.000000	0.000000	0.000000	True	977900	271462
ws_prod-g-doc-Events-2007-Approval-of-Flight-Conditions-RM-NAA-16032007.ppt	GROUPSCALE	-1.000000	1.000000	0.000000	0.000000	False	3457575	142875
ws_prod-g-doc-Events-2007-Approval-of-Flight-Conditions-RM-NAA-16032007.ppt	GROUPSCALE	1.000000	1.000000	0.000000	0.000000	True	7310437	958850
ws_prod-g-doc-Events-2007-Approval-of-Flight-Conditions-RM-NAA-16032007.ppt	GROUPSCALE	1.000000	1.000000	0.000000	0.000000	True	4038600	3854450
ws_prod-g-doc-Events-2007-Approval-of-Flight-Conditions-RM-NAA-16032007.ppt	GROUPSCALE	1.000000	1.000000	0.000000	0.000000	True	4038600	3854450
ws_prod-g-doc-Events-2007-Approval-of-Flight-Conditions-RM-NAA-16032007.ppt	GROUPSCALE	1.000000	1.000000	0.000000	0.000000	True	4032250	649287
ws_prod-g-doc-Events-2007-Approval-of-Flight-Conditions-RM-NAA-16032007.ppt	GROUPSCALE	1.000000	1.000000	0.000000	0.000000	True	4032250	649287
ws_prod-g-doc-Events-2007-Approval-of-Flight-Conditions-RM-NAA-16032007.ppt	GROUPSCALE	1.000000	1.000000	0.000000	0.000000	True	3973512	336550
ws_prod-g-doc-Events-2007-Approval-of-Flight-Conditions-RM-NAA-16032007.ppt	GROUPSCALE	1.000000	1.000000	0.000000	0.000000	True	1522412	219075
ws_prod-g-doc-Events-2007-Approval-of-Flight-Conditions-RM-NAA-16032007.ppt	GROUPSCALE	1.000000	1.000000	0.000000	0.000000	True	977900	271462
ws_prod-g-doc-Events-2007-Approval-of-Flight-Conditions-RM-NAA-16032007.ppt	GROUPSCALE	-1.000000	1.000000	0.000000	0.000000	False	3457575	142875
ws_prod-g-doc-Events-2007-Approval-of-Flight-Conditions-RM-NAA-16032007.ppt	GROUPSCALE	1.000000	1.000000	0.000000	0.000000	True	7310437	958850
ws_prod-g-doc-Events-2007-Approval-of-Flight-Conditions-RM-NAA-16032007.ppt	GROUPSCALE	1.000000	1.000000	0.000000	0.000000	True	4038600	3854450
ws_prod-g-doc-Events-2007-Approval-of-Flight-Conditions-RM-NAA-16032007.ppt	GROUPSCALE	1.000000	1.000000	0.000000	0.000000	True	4038600	3854450
ws_prod-g-doc-Events-2007-Approval-of-Flight-Conditions-RM-NAA-16032007.ppt	GROUPSCALE	1.000000	1.000000	0.000000	0.000000	True	4032250	649287
ws_prod-g-doc-Events-2007-Approval-of-Flight-Conditions-RM-NAA-16032007.ppt	GROUPSCALE	1.000000	1.000000	0.000000	0.000000	True	4032250	649287
ws_prod-g-doc-Events-2007-Approval-of-Flight-Conditions-RM-NAA-16032007.ppt	GROUPSCALE	1.000000	1.000000	0.000000	0.000000	True	3973512	336550
ws_prod-g-doc-Events-2007-Approval-of-Flight-Conditions-RM-NAA-16032007.ppt	GROUPSCALE	1.000000	1.000000	0.000000	0.000000	True	1522412	219075
ws_prod-g-doc-Events-2007-Approval-of-Flight-Conditions-RM-NAA-16032007.ppt	GROUPSCALE	1.000000	1.000000	0.000000	0.000000	True	977900	271462
ws_prod-g-doc-Events-2007-Approval-of-Flight-Conditions-RM-NAA-16032007.ppt	GROUPSCALE	-1.000000	1.000000	0.000000	0.000000	False	3457575	142875
ws_prod-g-doc-Events-2007-Approval-of-Flight-Conditions-RM-NAA-16032007.ppt	GROUPSCALE	1.000000	1.000000	0.000000	0.000000	True	1131512	482689
ws_prod-g-doc-Events-2007-Approval-of-Flight-Conditions-RM-NAA-16032007.ppt	GROUPSCALE	1.000000	1.000000	0.000000	0.000000	True	1834217	509630
ws_prod-g-doc-Events-2007-Approval-of-Flight-Conditions-RM-NAA-16032007.ppt	GROUPSCALE	1.000000	1.000000	0.000000	0.000000	True	3097212	1871662
ws_prod-g-doc-Events-2007-Approval-of-Flight-Conditions-RM-NAA-16032007.ppt	GROUPSCALE	1.000000	1.238195	0.000000	0.000000	True	792162	288925
ws_prod-g-doc-Events-2007-Approval-of-Flight-Conditions-RM-NAA-16032007.ppt	GROUPSCALE	1.000000	1.238195	0.000000	0.000000	True	2374900	1223962
ws_prod-g-doc-Events-2007-Approval-of-Flight-Conditions-RM-NAA-16032007.ppt	GROUPSCALE	1.000000	1.000000	0.000000	0.000000	True	2374900	647700
ws_prod-g-doc-Events-2007-Approval-of-Flight-Conditions-RM-NAA-16032007.ppt	GROUPSCALE	1.000000	1.000000	0.000000	0.000000	True	1619250	576262
ws_prod-g-doc-Events-2007-Approval-of-Flight-Conditions-RM-NAA-16032007.ppt	GROUPSCALE	1.000000	1.000000	0.000000	0.000000	True	1368425	649287
ws_prod-g-doc-Events-2007-Approval-of-Flight-Conditions-RM-NAA-16032007.ppt	GROUPSCALE	1.000000	1.000000	0.000000	0.000000	True	1406525	720725
ws_prod-g-doc-Events-2007-Approval-of-Flight-Conditions-RM-NAA-16032007.ppt	GROUPSCALE	1.000000	1.000000	0.000000	0.000000	True	1439862	503237
ws_prod-g-doc-Events-2007-Approval-of-Flight-Conditions-RM-NAA-16032007.ppt	GROUPSCALE	1.000000	1.000000	0.000000	0.000000	True	1368425	646112
ws_prod-g-doc-Events-2007-Approval-of-Flight-Conditions-RM-NAA-16032007.ppt	GROUPSCALE	1.000000	1.000000	0.000000	0.000000	True	1835150	1150937
ws_prod-g-doc-Events-2007-Approval-of-Flight-Conditions-RM-NAA-16032007.ppt	GROUPSCALE	1.000000	1.000000	0.000000	0.000000	True	1655762	863600
ws_prod-g-doc-Events-2007-Approval-of-Flight-Conditions-RM-NAA-16032007.ppt	GROUPSCALE	1.000000	1.000000	0.000000	0.000000	True	1170801	508507
ws_prod-g-doc-Events-2007-Approval-of-Flight-Conditions-RM-NAA-16032007.ppt	GROUPSCALE	1.000000	1.000000	0.000000	0.000000	True	2160587	719137
ws_prod-g-doc-Events-2007-Approval-of-Flight-Conditions-RM-NAA-16032007.ppt	GROUPSCALE	1.000000	1.000000	0.000000	0.000000	True	1705126	611780
ws_prod-g-doc-Events-2007-Approval-of-Flight-Conditions-RM-NAA-16032007.ppt	GROUPSCALE	1.000000	1.000000	0.000000	0.000000	True	3973512	336550
ws_prod-g-doc-Events-2007-Approval-of-Flight-Conditions-RM-NAA-16032007.ppt	GROUPSCALE	1.000000	1.000000	0.000000	0.000000	True	1522412	219075
ws_prod-g-doc-Events-2007-Approval-of-Flight-Conditions-RM-NAA-16032007.ppt	GROUPSCALE	1.000000	1.000000	0.000000	0.000000	True	977900	271462
ws_prod-g-doc-Events-2007-Approval-of-Flight-Conditions-RM-NAA-16032007.ppt	GROUPSCALE	-1.000000	1.000000	0.000000	0.000000	False	3457575	142875
ws_prod-g-doc-Events-2007-Approval-of-Flight-Conditions-RM-NAA-16032007.ppt	GROUPSCALE	1.000000	1.000000	0.000000	0.000000	True	2016125	863600
ws_prod-g-doc-Events-2007-Approval-of-Flight-Conditions-RM-NAA-16032007.ppt	GROUPSCALE	1.000000	1.000000	0.000000	0.000000	True	1439862	936625
ws_prod-g-doc-Events-2007-Approval-of-Flight-Conditions-RM-NAA-16032007.ppt	GROUPSCALE	1.000000	1.000000	0.000000	0.000000	True	1131512	482689
ws_prod-g-doc-Events-2007-Approval-of-Flight-Conditions-RM-NAA-16032007.ppt	GROUPSCALE	1.000000	1.000000	0.000000	0.000000	True	1834217	509630
ws_prod-g-doc-Events-2007-Approval-of-Flight-Conditions-RM-NAA-16032007.ppt	GROUPSCALE	1.000000	1.000000	0.000000	0.000000	True	1170801	508507
ws_prod-g-doc-Events-2007-Approval-of-Flight-Conditions-RM-NAA-16032007.ppt	GROUPSCALE	1.000000	1.000000	0.000000	0.000000	True	1705126	611780
ws_prod-g-doc-Events-2007-Approval-of-Flight-Conditions-RM-NAA-16032007.ppt	GROUPSCALE	1.000000	1.000000	0.000000	0.000000	True	2846387	476250
ws_prod-g-doc-Events-2007-Approval-of-Flight-Conditions-RM-NAA-16032007.ppt	GROUPSCALE	1.000000	1.000000	0.000000	0.000000	True	1908175	719137
ws_prod-g-doc-Events-2007-Approval-of-Flight-Conditions-RM-NAA-16032007.ppt	GROUPSCALE	1.000000	1.000000	0.000000	0.000000	True	2016125	503237
ws_prod-g-doc-Events-2007-Approval-of-Flight-Conditions-RM-NAA-16032007.ppt	GROUPSCALE	1.000000	1.000000	0.000000	0.000000	True	2016125	433387
ws_prod-g-doc-Events-2007-Approval-of-Flight-Conditions-RM-NAA-16032007.ppt	GROUPSCALE	1.296082	1.000000	0.000000	0.000000	True	1223962	635000
ws_prod-g-doc-Events-2007-Approval-of-Flight-Conditions-RM-NAA-16032007.ppt	GROUPSCALE	1.296082	1.000000	0.000000	0.000000	True	1223962	544512
ws_prod-g-doc-Events-2007-Approval-of-Flight-Conditions-RM-NAA-16032007.ppt	GROUPSCALE	1.296082	1.000000	0.000000	0.000000	True	1223962	544512
ws_prod-g-doc-Events-2007-Approval-of-Flight-Conditions-RM-NAA-16032007.ppt	GROUPSCALE	1.000000	1.000000	0.000000	0.000000	True	2195512	865187
ws_prod-g-doc-Events-2007-Approval-of-Flight-Conditions-RM-NAA-16032007.ppt	GROUPSCALE	0.971330	1.000000	0.000000	0.000000	True	2089150	1079500
ws_prod-g-doc-Events-2007-Approval-of-Flight-Conditions-RM-NAA-16032007.ppt	GROUPSCALE	1.000000	1.000000	0.000000	0.000000	True	1728787	576262
ws_prod-g-doc-Events-2007-Approval-of-Flight-Conditions-RM-NAA-16032007.ppt	GROUPSCALE	1.000000	1.000000	0.000000	0.000000	True	3973512	336550
ws_prod-g-doc-Events-2007-Approval-of-Flight-Conditions-RM-NAA-16032007.ppt	GROUPSCALE	1.000000	1.000000	0.000000	0.000000	True	1522412	219075
ws_prod-g-doc-Events-2007-Approval-of-Flight-Conditions-RM-NAA-16032007.ppt	GROUPSCALE	1.000000	1.000000	0.000000	0.000000	True	977900	271462
ws_prod-g-doc-Events-2007-Approval-of-Flight-Conditions-RM-NAA-16032007.ppt	GROUPSCALE	-1.000000	1.000000	0.000000	0.000000	False	3457575	142875
ws_prod-g-doc-Events-2007-Approval-of-Flight-Conditions-RM-NAA-16032007.ppt	GROUPSCALE	1.000000	1.128440	0.000000	0.000000	True	2159000	863600
ws_prod-g-doc-Events-2007-Approval-of-Flight-Conditions-RM-NAA-16032007.ppt	GROUPSCALE	1.000000	1.000000	0.000000	0.000000	True	1439862	936625
ws_prod-g-doc-Events-2007-Approval-of-Flight-Conditions-RM-NAA-16032007.ppt	GROUPSCALE	1.000000	1.000000	0.000000	0.000000	True	1131512	482689
ws_prod-g-doc-Events-2007-Approval-of-Flight-Conditions-RM-NAA-16032007.ppt	GROUPSCALE	1.000000	1.000000	0.000000	0.000000	True	1834217	509630
ws_prod-g-doc-Events-2007-Approval-of-Flight-Conditions-RM-NAA-16032007.ppt	GROUPSCALE	1.000000	1.000000	0.000000	0.000000	True	1170801	508507
ws_prod-g-doc-Events-2007-Approval-of-Flight-Conditions-RM-NAA-16032007.ppt	GROUPSCALE	1.000000	1.000000	0.000000	0.000000	True	1705126	611780
ws_prod-g-doc-Events-2007-Approval-of-Flight-Conditions-RM-NAA-16032007.ppt	GROUPSCALE	1.000000	1.000000	0.000000	0.000000	True	2846387	476250
ws_prod-g-doc-Events-2007-Approval-of-Flight-Conditions-RM-NAA-16032007.ppt	GROUPSCALE	1.000000	1.000000	0.000000	0.000000	True	1898650	719137
ws_prod-g-doc-Events-2007-Approval-of-Flight-Conditions-RM-NAA-16032007.ppt	GROUPSCALE	1.000000	1.000000	0.000000	0.000000	True	2016125	503237
ws_prod-g-doc-Events-2007-Approval-of-Flight-Conditions-RM-NAA-16032007.ppt	GROUPSCALE	1.000000	1.000000	0.000000	0.000000	True	2016125	433387
ws_prod-g-doc-Events-2007-Approval-of-Flight-Conditions-RM-NAA-16032007.ppt	GROUPSCALE	1.252408	1.000000	0.000000	0.000000	True	1223962	635000
ws_prod-g-doc-Events-2007-Approval-of-Flight-Conditions-RM-NAA-16032007.ppt	GROUPSCALE	1.252408	1.000000	0.000000	0.000000	True	1223962	544512
ws_prod-g-doc-Events-2007-Approval-of-Flight-Conditions-RM-NAA-16032007.ppt	GROUPSCALE	1.252408	1.000000	0.000000	0.000000	True	1223962	544512
ws_prod-g-doc-Events-2007-Approval-of-Flight-Conditions-RM-NAA-16032007.ppt	GROUPSCALE	1.000000	1.000000	0.000000	0.000000	True	2159000	792162
ws_prod-g-doc-Events-2007-Approval-of-Flight-Conditions-RM-NAA-16032007.ppt	GROUPSCALE	1.000000	0.856459	0.000000	0.000000	True	2159000	576262
ws_prod-g-doc-Events-2007-Approval-of-Flight-Conditions-RM-NAA-16032007.ppt	GROUPSCALE	1.000000	1.000000	0.000000	0.000000	True	2016125	1079500
ws_prod-g-doc-Events-2007-Approval-of-Flight-Conditions-RM-NAA-16032007.ppt	GROUPSCALE	1.000000	1.000000	0.000000	0.000000	True	3973512	336550
ws_prod-g-doc-Events-2007-Approval-of-Flight-Conditions-RM-NAA-16032007.ppt	GROUPSCALE	1.000000	1.000000	0.000000	0.000000	True	1522412	219075
ws_prod-g-doc-Events-2007-Approval-of-Flight-Conditions-RM-NAA-16032007.ppt	GROUPSCALE	1.000000	1.000000	0.000000	0.000000	True	977900	271462
ws_prod-g-doc-Events-2007-Approval-of-Flight-Conditions-RM-NAA-16032007.ppt	GROUPSCALE	-1.000000	1.000000	0.000000	0.000000	False	3457575	142875
ws_prod-g-doc-Events-2007-Approval-of-Flight-Conditions-RM-NAA-16032007.ppt	GROUPSCALE	1.000000	1.000000	0.000000	0.000000	True	7310437	958850
ws_prod-g-doc-Events-2007-Approval-of-Flight-Conditions-RM-NAA-16032007.ppt	GROUPSCALE	1.000000	1.000000	0.000000	0.000000	True	8229600	4511675
ws_prod-g-doc-Events-2007-Approval-of-Flight-Conditions-RM-NAA-16032007.ppt	GROUPSCALE	1.000000	1.000000	0.000000	0.000000	True	3973512	336550
ws_prod-g-doc-Events-2007-Approval-of-Flight-Conditions-RM-NAA-16032007.ppt	GROUPSCALE	1.000000	1.000000	0.000000	0.000000	True	1522412	219075
ws_prod-g-doc-Events-2007-Approval-of-Flight-Conditions-RM-NAA-16032007.ppt	GROUPSCALE	1.000000	1.000000	0.000000	0.000000	True	977900	271462
ws_prod-g-doc-Events-2007-Approval-of-Flight-Conditions-RM-NAA-16032007.ppt	GROUPSCALE	-1.000000	1.000000	0.000000	0.000000	False	3457575	142875
ws_prod-g-doc-Events-2007-Approval-of-Flight-Conditions-RM-NAA-16032007.ppt	GROUPSCALE	1.000000	1.000000	0.000000	0.000000	True	7310437	958850
ws_prod-g-doc-Events-2007-Approval-of-Flight-Conditions-RM-NAA-16032007.ppt	GROUPSCALE	1.000000	1.000000	0.000000	0.000000	True	8229600	4511675
ws_prod-g-doc-Events-2007-Approval-of-Flight-Conditions-RM-NAA-16032007.ppt	GROUPSCALE	1.000000	1.000000	0.000000	0.000000	True	3973512	336550
ws_prod-g-doc-Events-2007-Approval-of-Flight-Conditions-RM-NAA-16032007.ppt	GROUPSCALE	1.000000	1.000000	0.000000	0.000000	True	1522412	219075
ws_prod-g-doc-Events-2007-Approval-of-Flight-Conditions-RM-NAA-16032007.ppt	GROUPSCALE	1.000000	1.000000	0.000000	0.000000	True	977900	271462
ws_prod-g-doc-Events-2007-Approval-of-Flight-Conditions-RM-NAA-16032007.ppt	GROUPSCALE	-1.000000	1.000000	0.000000	0.000000	False	3457575	142875
ws_prod-g-doc-Events-2007-Approval-of-Flight-Conditions-RM-NAA-16032007.ppt	GROUPSCALE	1.000000	1.000000	0.000000	0.000000	True	7310437	958850
ws_prod-g-doc-Events-2007-Approval-of-Flight-Conditions-RM-NAA-16032007.ppt	GROUPSCALE	1.000000	1.000000	0.000000	0.000000	True	8229600	4511675
ws_prod-g-doc-Events-2007-may-presentation-PtF-background-+-principles.ppt	GROUPSCALE	1.000000	1.000000	0.000000	0.000000	True	2133600	222250
ws_prod-g-doc-Events-2007-may-presentation-PtF-background-+-principles.ppt	GROUPSCALE	1.000000	1.000000	0.000000	0.000000	True	2895600	222250
ws_prod-g-doc-Events-2007-may-presentation-PtF-background-+-principles.ppt	GROUPSCALE	1.000000	1.000000	0.000000	0.000000	True	7137400	1470025
ws_prod-g-doc-Events-2007-may-presentation-PtF-background-+-principles.ppt	GROUPSCALE	1.000000	1.000000	0.000000	0.000000	True	1219200	271462
ws_prod-g-doc-Events-2007-may-presentation-PtF-background-+-principles.ppt	GROUPSCALE	1.000000	1.000000	0.000000	0.000000	True	5592762	242887
ws_prod-g-doc-Events-2007-may-presentation-PtF-background-+-principles.ppt	GROUPSCALE	1.000000	1.000000	0.000000	0.000000	True	977900	271462
ws_prod-g-doc-Events-2007-may-presentation-PtF-background-+-principles.ppt	GROUPSCALE	1.000000	1.000000	0.000000	0.000000	True	3973512	336550
ws_prod-g-doc-Events-2007-may-presentation-PtF-background-+-principles.ppt	GROUPSCALE	1.000000	1.000000	0.000000	0.000000	True	7310437	958850
ws_prod-g-doc-Events-2007-may-presentation-PtF-background-+-principles.ppt	GROUPSCALE	1.000000	1.000000	0.000000	0.000000	True	8229600	4511675
ws_prod-g-doc-Events-2007-may-presentation-PtF-background-+-principles.ppt	GROUPSCALE	1.000000	1.000000	0.000000	0.000000	True	1219200	271462
ws_prod-g-doc-Events-2007-may-presentation-PtF-background-+-principles.ppt	GROUPSCALE	1.000000	1.000000	0.000000	0.000000	True	5592762	242887
ws_prod-g-doc-Events-2007-may-presentation-PtF-background-+-principles.ppt	GROUPSCALE	1.000000	1.000000	0.000000	0.000000	True	977900	271462
ws_prod-g-doc-Events-2007-may-presentation-PtF-background-+-principles.ppt	GROUPSCALE	1.000000	1.000000	0.000000	0.000000	True	3973512	336550
ws_prod-g-doc-Events-2007-may-presentation-PtF-background-+-principles.ppt	GROUPSCALE	1.000000	1.000000	0.000000	0.000000	True	7310437	958850
ws_prod-g-doc-Events-2007-may-presentation-PtF-background-+-principles.ppt	GROUPSCALE	1.000000	1.000000	0.000000	0.000000	True	8229600	4511675
ws_prod-g-doc-Events-2007-may-presentation-PtF-background-+-principles.ppt	GROUPSCALE	1.000000	1.000000	0.000000	0.000000	True	1219200	271462
ws_prod-g-doc-Events-2007-may-presentation-PtF-background-+-principles.ppt	GROUPSCALE	1.000000	1.000000	0.000000	0.000000	True	5592762	242887
ws_prod-g-doc-Events-2007-may-presentation-PtF-background-+-principles.ppt	GROUPSCALE	1.000000	1.000000	0.000000	0.000000	True	977900	271462
ws_prod-g-doc-Events-2007-may-presentation-PtF-background-+-principles.ppt	GROUPSCALE	1.000000	1.000000	0.000000	0.000000	True	3973512	336550
ws_prod-g-doc-Events-2007-may-presentation-PtF-background-+-principles.ppt	GROUPSCALE	1.000000	1.000000	0.000000	0.000000	True	7310437	958850
ws_prod-g-doc-Events-2007-may-presentation-PtF-background-+-principles.ppt	GROUPSCALE	1.000000	1.000000	0.000000	0.000000	True	8229600	4511675
ws_prod-g-doc-Events-2007-may-presentation-PtF-background-+-principles.ppt	GROUPSCALE	1.000000	1.000000	0.000000	0.000000	True	1219200	271462
ws_prod-g-doc-Events-2007-may-presentation-PtF-background-+-principles.ppt	GROUPSCALE	1.000000	1.000000	0.000000	0.000000	True	5592762	242887
ws_prod-g-doc-Events-2007-may-presentation-PtF-background-+-principles.ppt	GROUPSCALE	1.000000	1.000000	0.000000	0.000000	True	977900	271462
ws_prod-g-doc-Events-2007-may-presentation-PtF-background-+-principles.ppt	GROUPSCALE	1.000000	1.000000	0.000000	0.000000	True	3973512	336550
ws_prod-g-doc-Events-2007-may-presentation-PtF-background-+-principles.ppt	GROUPSCALE	1.000000	1.000000	0.000000	0.000000	True	7310437	958850
ws_prod-g-doc-Events-2007-may-presentation-PtF-background-+-principles.ppt	GROUPSCALE	1.000000	1.000000	0.000000	0.000000	True	8229600	4511675
ws_prod-g-doc-Events-2007-may-presentation-PtF-background-+-principles.ppt	GROUPSCALE	1.000000	1.000000	0.000000	0.000000	True	1219200	271462
ws_prod-g-doc-Events-2007-may-presentation-PtF-background-+-principles.ppt	GROUPSCALE	1.000000	1.000000	0.000000	0.000000	True	5592762	242887
ws_prod-g-doc-Events-2007-may-presentation-PtF-background-+-principles.ppt	GROUPSCALE	1.000000	1.000000	0.000000	0.000000	True	977900	271462
ws_prod-g-doc-Events-2007-may-presentation-PtF-background-+-principles.ppt	GROUPSCALE	1.000000	1.000000	0.000000	0.000000	True	3973512	336550
ws_prod-g-doc-Events-2007-may-presentation-PtF-background-+-principles.ppt	GROUPSCALE	1.000000	1.000000	0.000000	0.000000	True	7310437	958850
ws_prod-g-doc-Events-2007-may-presentation-PtF-background-+-principles.ppt	GROUPSCALE	1.000000	1.000000	0.000000	0.000000	True	8229600	4511675
ws_prod-g-doc-Events-2007-may-presentation-PtF-background-+-principles.ppt	GROUPSCALE	1.000000	1.000000	0.000000	0.000000	True	1219200	271462
ws_prod-g-doc-Events-2007-may-presentation-PtF-background-+-principles.ppt	GROUPSCALE	1.000000	1.000000	0.000000	0.000000	True	5592762	242887
ws_prod-g-doc-Events-2007-may-presentation-PtF-background-+-principles.ppt	GROUPSCALE	1.000000	1.000000	0.000000	0.000000	True	977900	271462
ws_prod-g-doc-Events-2007-may-presentation-PtF-background-+-principles.ppt	GROUPSCALE	1.000000	1.000000	0.000000	0.000000	True	3973512	336550
ws_prod-g-doc-Events-2007-may-presentation-PtF-background-+-principles.ppt	GROUPSCALE	1.000000	1.000000	0.000000	0.000000	True	7310437	958850
ws_prod-g-doc-Events-2007-may-presentation-PtF-background-+-principles.ppt	GROUPSCALE	1.000000	1.000000	0.000000	0.000000	True	8229600	4511675
ws_prod-g-doc-Events-2007-may-presentation-PtF-background-+-principles.ppt	GROUPSCALE	1.000000	1.000000	0.000000	0.000000	True	1219200	271462
ws_prod-g-doc-Events-2007-may-presentation-PtF-background-+-principles.ppt	GROUPSCALE	1.000000	1.000000	0.000000	0.000000	True	5592762	242887
ws_prod-g-doc-Events-2007-may-presentation-PtF-background-+-principles.ppt	GROUPSCALE	1.000000	1.000000	0.000000	0.000000	True	977900	271462
ws_prod-g-doc-Events-2007-may-presentation-PtF-background-+-principles.ppt	GROUPSCALE	1.000000	1.000000	0.000000	0.000000	True	3973512	336550
ws_prod-g-doc-Events-2007-may-presentation-PtF-background-+-principles.ppt	GROUPSCALE	1.000000	1.000000	0.000000	0.000000	True	7310437	958850
ws_prod-g-doc-Events-2007-may-presentation-PtF-background-+-principles.ppt	GROUPSCALE	1.000000	1.000000	0.000000	0.000000	True	8229600	4511675
ws_prod-g-doc-Events-2007-may-presentation-PtF-background-+-principles.ppt	GROUPSCALE	1.000000	1.000000	0.000000	0.000000	True	1219200	271462
ws_prod-g-doc-Events-2007-may-presentation-PtF-background-+-principles.ppt	GROUPSCALE	1.000000	1.000000	0.000000	0.000000	True	5592762	242887
ws_prod-g-doc-Events-2007-may-presentation-PtF-background-+-principles.ppt	GROUPSCALE	1.000000	1.000000	0.000000	0.000000	True	977900	271462
ws_prod-g-doc-Events-2007-may-presentation-PtF-background-+-principles.ppt	GROUPSCALE	1.000000	1.000000	0.000000	0.000000	True	3973512	336550
ws_prod-g-doc-Events-2007-may-presentation-PtF-background-+-principles.ppt	GROUPSCALE	1.000000	1.000000	0.000000	0.000000	True	7310437	958850
ws_prod-g-doc-Events-2007-may-presentation-PtF-background-+-principles.ppt	GROUPSCALE	1.000000	1.000000	0.000000	0.000000	True	8229600	4511675
ws_prod-g-doc-Events-2007-may-presentation-PtF-background-+-principles.ppt	GROUPSCALE	1.000000	1.000000	0.000000	0.000000	True	1219200	271462
ws_prod-g-doc-Events-2007-may-presentation-PtF-background-+-principles.ppt	GROUPSCALE	1.000000	1.000000	0.000000	0.000000	True	5592762	242887
ws_prod-g-doc-Events-2007-may-presentation-PtF-background-+-principles.ppt	GROUPSCALE	1.000000	1.000000	0.000000	0.000000	True	977900	271462
ws_prod-g-doc-Events-2007-may-presentation-PtF-background-+-principles.ppt	GROUPSCALE	1.000000	1.000000	0.000000	0.000000	True	3973512	336550
ws_prod-g-doc-Events-2007-may-presentation-PtF-background-+-principles.ppt	GROUPSCALE	1.000000	1.000000	0.000000	0.000000	True	7310437	958850
ws_prod-g-doc-Events-2007-may-presentation-PtF-background-+-principles.ppt	GROUPSCALE	1.000000	1.000000	0.000000	0.000000	True	8229600	4511675
ws_prod-g-doc-Events-2007-may-presentation-PtF-background-+-principles.ppt	GROUPSCALE	1.000000	1.000000	0.000000	0.000000	True	1219200	271462
ws_prod-g-doc-Events-2007-may-presentation-PtF-background-+-principles.ppt	GROUPSCALE	1.000000	1.000000	0.000000	0.000000	True	5592762	242887
ws_prod-g-doc-Events-2007-may-presentation-PtF-background-+-principles.ppt	GROUPSCALE	1.000000	1.000000	0.000000	0.000000	True	977900	271462
ws_prod-g-doc-Events-2007-may-presentation-PtF-background-+-principles.ppt	GROUPSCALE	1.000000	1.000000	0.000000	0.000000	True	3973512	336550
ws_prod-g-doc-Events-2007-may-presentation-PtF-background-+-principles.ppt	GROUPSCALE	1.000000	1.000000	0.000000	0.000000	True	7310437	958850
ws_prod-g-doc-Events-2007-may-presentation-PtF-background-+-principles.ppt	GROUPSCALE	1.000000	1.000000	0.000000	0.000000	True	8229600	4511675
ws_prod-g-doc-Events-2007-may-presentation-PtF-background-+-principles.ppt	GROUPSCALE	1.000000	1.000000	0.000000	0.000000	True	1219200	271462
ws_prod-g-doc-Events-2007-may-presentation-PtF-background-+-principles.ppt	GROUPSCALE	1.000000	1.000000	0.000000	0.000000	True	5592762	242887
ws_prod-g-doc-Events-2007-may-presentation-PtF-background-+-principles.ppt	GROUPSCALE	1.000000	1.000000	0.000000	0.000000	True	977900	271462
ws_prod-g-doc-Events-2007-may-presentation-PtF-background-+-principles.ppt	GROUPSCALE	1.000000	1.000000	0.000000	0.000000	True	3973512	336550
ws_prod-g-doc-Events-2007-may-presentation-PtF-background-+-principles.ppt	GROUPSCALE	1.000000	1.000000	0.000000	0.000000	True	7310437	958850
ws_prod-g-doc-Events-2007-may-presentation-PtF-background-+-principles.ppt	GROUPSCALE	1.000000	1.000000	0.000000	0.000000	True	8229600	4511675
ws_prod-g-doc-Events-2007-may-presentation-PtF-background-+-principles.ppt	GROUPSCALE	1.000000	1.000000	0.000000	0.000000	True	1219200	271462
ws_prod-g-doc-Events-2007-may-presentation-PtF-background-+-principles.ppt	GROUPSCALE	1.000000	1.000000	0.000000	0.000000	True	5592762	242887
ws_prod-g-doc-Events-2007-may-presentation-PtF-background-+-principles.ppt	GROUPSCALE	1.000000	1.000000	0.000000	0.000000	True	977900	271462
ws_prod-g-doc-Events-2007-may-presentation-PtF-background-+-principles.ppt	GROUPSCALE	1.000000	1.000000	0.000000	0.000000	True	3973512	336550
ws_prod-g-doc-Events-2007-may-presentation-PtF-background-+-principles.ppt	GROUPSCALE	1.000000	1.000000	0.000000	0.000000	True	7310437	958850
ws_prod-g-doc-Events-2007-may-presentation-PtF-background-+-principles.ppt	GROUPSCALE	1.000000	1.000000	0.000000	0.000000	True	8229600	4511675
ws_prod-g-doc-Events-2007-may-presentation-PtF-background-+-principles.ppt	GROUPSCALE	1.000000	1.000000	0.000000	0.000000	True	1219200	271462
ws_prod-g-doc-Events-2007-may-presentation-PtF-background-+-principles.ppt	GROUPSCALE	1.000000	1.000000	0.000000	0.000000	True	5592762	242887
ws_prod-g-doc-Events-2007-may-presentation-PtF-background-+-principles.ppt	GROUPSCALE	1.000000	1.000000	0.000000	0.000000	True	977900	271462
ws_prod-g-doc-Events-2007-may-presentation-PtF-background-+-principles.ppt	GROUPSCALE	1.000000	1.000000	0.000000	0.000000	True	3973512	336550
ws_prod-g-doc-Events-2007-may-presentation-PtF-background-+-principles.ppt	GROUPSCALE	1.000000	1.000000	0.000000	0.000000	True	7310437	958850
ws_prod-g-doc-Events-2007-may-presentation-PtF-background-+-principles.ppt	GROUPSCALE	1.000000	1.000000	0.000000	0.000000	True	8229600	4511675
ws_prod-g-doc-Events-2007-may-presentation-PtF-background-+-principles.ppt	GROUPSCALE	1.000000	1.000000	0.000000	0.000000	True	1219200	271462
ws_prod-g-doc-Events-2007-may-presentation-PtF-background-+-principles.ppt	GROUPSCALE	1.000000	1.000000	0.000000	0.000000	True	5592762	242887
ws_prod-g-doc-Events-2007-may-presentation-PtF-background-+-principles.ppt	GROUPSCALE	1.000000	1.000000	0.000000	0.000000	True	977900	271462
ws_prod-g-doc-Events-2007-may-presentation-PtF-background-+-principles.ppt	GROUPSCALE	1.000000	1.000000	0.000000	0.000000	True	3973512	336550
ws_prod-g-doc-Events-2007-may-presentation-PtF-background-+-principles.ppt	GROUPSCALE	1.000000	1.000000	0.000000	0.000000	True	7310437	958850
ws_prod-g-doc-Events-2007-may-presentation-PtF-background-+-principles.ppt	GROUPSCALE	1.000000	1.000000	0.000000	0.000000	True	8229600	4511675
ws_prod-g-doc-Events-2007-may-presentation-PtF-background-+-principles.ppt	GROUPSCALE	1.000000	1.000000	0.000000	0.000000	True	1219200	271462
ws_prod-g-doc-Events-2007-may-presentation-PtF-background-+-principles.ppt	GROUPSCALE	1.000000	1.000000	0.000000	0.000000	True	5592762	242887
ws_prod-g-doc-Events-2007-may-presentation-PtF-background-+-principles.ppt	GROUPSCALE	1.000000	1.000000	0.000000	0.000000	True	977900	271462
ws_prod-g-doc-Events-2007-may-presentation-PtF-background-+-principles.ppt	GROUPSCALE	1.000000	1.000000	0.000000	0.000000	True	3973512	336550
ws_prod-g-doc-Events-2007-may-presentation-PtF-background-+-principles.ppt	GROUPSCALE	1.000000	1.000000	0.000000	0.000000	True	7310437	958850
ws_prod-g-doc-Events-2007-may-presentation-PtF-background-+-principles.ppt	GROUPSCALE	1.000000	1.000000	0.000000	0.000000	True	8229600	4511675
ws_prod-g-doc-Events-2007-may-presentation-PtF-background-+-principles.ppt	GROUPSCALE	1.000000	1.000000	0.000000	0.000000	True	1219200	271462
ws_prod-g-doc-Events-2007-may-presentation-PtF-background-+-principles.ppt	GROUPSCALE	1.000000	1.000000	0.000000	0.000000	True	5592762	242887
ws_prod-g-doc-Events-2007-may-presentation-PtF-background-+-principles.ppt	GROUPSCALE	1.000000	1.000000	0.000000	0.000000	True	977900	271462
ws_prod-g-doc-Events-2007-may-presentation-PtF-background-+-principles.ppt	GROUPSCALE	1.000000	1.000000	0.000000	0.000000	True	3973512	336550
ws_prod-g-doc-Events-2007-may-presentation-PtF-background-+-principles.ppt	GROUPSCALE	1.000000	1.000000	0.000000	0.000000	True	7310437	958850
ws_prod-g-doc-Events-2007-may-presentation-PtF-background-+-principles.ppt	GROUPSCALE	1.000000	1.000000	0.000000	0.000000	True	8229600	4511675
ws_prod-g-doc-Events-2007-may-presentation-PtF-background-+-principles.ppt	GROUPSCALE	1.000000	1.000000	0.000000	0.000000	True	1219200	271462
ws_prod-g-doc-Events-2007-may-presentation-PtF-background-+-principles.ppt	GROUPSCALE	1.000000	1.000000	0.000000	0.000000	True	5592762	242887
ws_prod-g-doc-Events-2007-may-presentation-PtF-background-+-principles.ppt	GROUPSCALE	1.000000	1.000000	0.000000	0.000000	True	977900	271462
ws_prod-g-doc-Events-2007-may-presentation-PtF-background-+-principles.ppt	GROUPSCALE	1.000000	1.000000	0.000000	0.000000	True	3973512	336550
ws_prod-g-doc-Events-2007-may-presentation-PtF-background-+-principles.ppt	GROUPSCALE	1.000000	1.000000	0.000000	0.000000	True	7310437	958850
ws_prod-g-doc-Events-2007-may-presentation-PtF-background-+-principles.ppt	GROUPSCALE	1.000000	1.000000	0.000000	0.000000	True	8229600	4511675
ws_prod-g-doc-Events-2007-may-presentation-PtF-background-+-principles.ppt	GROUPSCALE	1.000000	1.000000	0.000000	0.000000	True	1219200	271462
ws_prod-g-doc-Events-2007-may-presentation-PtF-background-+-principles.ppt	GROUPSCALE	1.000000	1.000000	0.000000	0.000000	True	5592762	242887
ws_prod-g-doc-Events-2007-may-presentation-PtF-background-+-principles.ppt	GROUPSCALE	1.000000	1.000000	0.000000	0.000000	True	977900	271462
ws_prod-g-doc-Events-2007-may-presentation-PtF-background-+-principles.ppt	GROUPSCALE	1.000000	1.000000	0.000000	0.000000	True	3973512	336550
ws_prod-g-doc-Events-2007-may-presentation-PtF-background-+-principles.ppt	GROUPSCALE	1.000000	1.000000	0.000000	0.000000	True	7310437	958850
ws_prod-g-doc-Events-2007-may-presentation-PtF-background-+-principles.ppt	GROUPSCALE	1.000000	1.000000	0.000000	0.000000	True	8229600	4511675
ws_prod-g-doc-Events-2007-may-presentation-PtF-background-+-principles.ppt	GROUPSCALE	1.000000	1.000000	0.000000	0.000000	True	1219200	271462
ws_prod-g-doc-Events-2007-may-presentation-PtF-background-+-principles.ppt	GROUPSCALE	1.000000	1.000000	0.000000	0.000000	True	5592762	242887
ws_prod-g-doc-Events-2007-may-presentation-PtF-background-+-principles.ppt	GROUPSCALE	1.000000	1.000000	0.000000	0.000000	True	977900	271462
ws_prod-g-doc-Events-2007-may-presentation-PtF-background-+-principles.ppt	GROUPSCALE	1.000000	1.000000	0.000000	0.000000	True	3973512	336550
ws_prod-g-doc-Events-2007-may-presentation-PtF-background-+-principles.ppt	GROUPSCALE	1.000000	1.000000	0.000000	0.000000	True	7310437	958850
ws_prod-g-doc-Events-2007-may-presentation-PtF-background-+-principles.ppt	GROUPSCALE	1.000000	1.000000	0.000000	0.000000	True	8229600	4511675
ws_prod-g-doc-Events-2007-november-IACA-presentation-at-EASA-Fuel-Tank-Safety-Training-Seminar.ppt	GROUPSCALE	1.000000	1.000000	0.000000	0.000000	True	2895600	457200
ws_prod-g-doc-Events-2007-november-IACA-presentation-at-EASA-Fuel-Tank-Safety-Training-Seminar.ppt	GROUPSCALE	1.000000	1.000000	0.000000	0.000000	True	1905000	457200
ws_prod-g-doc-Events-2007-november-IACA-presentation-at-EASA-Fuel-Tank-Safety-Training-Seminar.ppt	GROUPSCALE	1.000000	1.000000	0.000000	0.000000	True	7772400	1143000
ws_prod-g-doc-Events-2007-november-IACA-presentation-at-EASA-Fuel-Tank-Safety-Training-Seminar.ppt	GROUPSCALE	1.000000	1.000000	0.000000	0.000000	True	6400800	2667000
ws_prod-g-doc-Events-2007-november-IACA-presentation-at-EASA-Fuel-Tank-Safety-Training-Seminar.ppt	GROUPSCALE	1.000000	1.000000	0.000000	0.000000	True	2895600	457200
ws_prod-g-doc-Events-2007-november-IACA-presentation-at-EASA-Fuel-Tank-Safety-Training-Seminar.ppt	GROUPSCALE	1.000000	1.000000	0.000000	0.000000	True	1905000	457200
ws_prod-g-doc-Events-2007-november-IACA-presentation-at-EASA-Fuel-Tank-Safety-Training-Seminar.ppt	GROUPSCALE	1.000000	1.000000	0.000000	0.000000	True	7772400	1524000
ws_prod-g-doc-Events-2007-november-IACA-presentation-at-EASA-Fuel-Tank-Safety-Training-Seminar.ppt	GROUPSCALE	1.000000	1.000000	0.000000	0.000000	True	7772400	3581400
ws_prod-g-doc-Events-2007-november-IACA-presentation-at-EASA-Fuel-Tank-Safety-Training-Seminar.ppt	GROUPSCALE	1.000000	1.000000	0.000000	0.000000	True	2895600	457200
ws_prod-g-doc-Events-2007-november-IACA-presentation-at-EASA-Fuel-Tank-Safety-Training-Seminar.ppt	GROUPSCALE	1.000000	1.000000	0.000000	0.000000	True	1905000	457200
ws_prod-g-doc-Events-2007-november-IACA-presentation-at-EASA-Fuel-Tank-Safety-Training-Seminar.ppt	GROUPSCALE	1.000000	1.000000	0.000000	0.000000	True	7391400	685800
ws_prod-g-doc-Events-2007-november-IACA-presentation-at-EASA-Fuel-Tank-Safety-Training-Seminar.ppt	GROUPSCALE	1.000000	1.000000	0.000000	0.000000	True	7772400	5105400
ws_prod-g-doc-Events-2007-november-IACA-presentation-at-EASA-Fuel-Tank-Safety-Training-Seminar.ppt	GROUPSCALE	1.000000	1.000000	0.000000	0.000000	True	2895600	457200
ws_prod-g-doc-Events-2007-november-IACA-presentation-at-EASA-Fuel-Tank-Safety-Training-Seminar.ppt	GROUPSCALE	1.000000	1.000000	0.000000	0.000000	True	1905000	457200
ws_prod-g-doc-Events-2007-november-IACA-presentation-at-EASA-Fuel-Tank-Safety-Training-Seminar.ppt	GROUPSCALE	1.000000	1.000000	0.000000	0.000000	True	7772400	457200
ws_prod-g-doc-Events-2007-november-IACA-presentation-at-EASA-Fuel-Tank-Safety-Training-Seminar.ppt	GROUPSCALE	1.000000	1.000000	0.000000	0.000000	True	7772400	4114800
ws_prod-g-doc-Events-2007-november-IACA-presentation-at-EASA-Fuel-Tank-Safety-Training-Seminar.ppt	GROUPSCALE	1.000000	1.000000	0.000000	0.000000	True	2895600	457200
ws_prod-g-doc-Events-2007-november-IACA-presentation-at-EASA-Fuel-Tank-Safety-Training-Seminar.ppt	GROUPSCALE	1.000000	1.000000	0.000000	0.000000	True	1905000	457200
ws_prod-g-doc-Events-2007-november-IACA-presentation-at-EASA-Fuel-Tank-Safety-Training-Seminar.ppt	GROUPSCALE	1.000000	1.000000	0.000000	0.000000	True	7772400	609600
ws_prod-g-doc-Events-2007-november-IACA-presentation-at-EASA-Fuel-Tank-Safety-Training-Seminar.ppt	GROUPSCALE	1.000000	1.000000	0.000000	0.000000	True	8001000	4724400
ws_prod-g-doc-Events-2007-november-IACA-presentation-at-EASA-Fuel-Tank-Safety-Training-Seminar.ppt	GROUPSCALE	1.000000	1.000000	0.000000	0.000000	True	2895600	457200
ws_prod-g-doc-Events-2007-november-IACA-presentation-at-EASA-Fuel-Tank-Safety-Training-Seminar.ppt	GROUPSCALE	1.000000	1.000000	0.000000	0.000000	True	1905000	457200
ws_prod-g-doc-Events-2007-november-IACA-presentation-at-EASA-Fuel-Tank-Safety-Training-Seminar.ppt	GROUPSCALE	1.000000	1.000000	0.000000	0.000000	True	7772400	533400
ws_prod-g-doc-Events-2007-november-IACA-presentation-at-EASA-Fuel-Tank-Safety-Training-Seminar.ppt	GROUPSCALE	1.000000	1.000000	0.000000	0.000000	True	7772400	5257800
ws_prod-g-doc-Events-2007-november-IACA-presentation-at-EASA-Fuel-Tank-Safety-Training-Seminar.ppt	GROUPSCALE	1.000000	1.000000	0.000000	0.000000	True	2895600	457200
ws_prod-g-doc-Events-2007-november-IACA-presentation-at-EASA-Fuel-Tank-Safety-Training-Seminar.ppt	GROUPSCALE	1.000000	1.000000	0.000000	0.000000	True	1905000	457200
ws_prod-g-doc-Events-2007-november-IACA-presentation-at-EASA-Fuel-Tank-Safety-Training-Seminar.ppt	GROUPSCALE	1.000000	1.000000	0.000000	0.000000	True	7772400	609600
ws_prod-g-doc-Events-2007-november-IACA-presentation-at-EASA-Fuel-Tank-Safety-Training-Seminar.ppt	GROUPSCALE	1.000000	1.000000	0.000000	0.000000	True	7772400	4114800
ws_prod-g-doc-Events-2007-november-IACA-presentation-at-EASA-Fuel-Tank-Safety-Training-Seminar.ppt	GROUPSCALE	1.000000	1.000000	0.000000	0.000000	True	2895600	457200
ws_prod-g-doc-Events-2007-november-IACA-presentation-at-EASA-Fuel-Tank-Safety-Training-Seminar.ppt	GROUPSCALE	1.000000	1.000000	0.000000	0.000000	True	1905000	457200
ws_prod-g-doc-Events-2007-november-IACA-presentation-at-EASA-Fuel-Tank-Safety-Training-Seminar.ppt	GROUPSCALE	1.000000	1.000000	0.000000	0.000000	True	7772400	533400
ws_prod-g-doc-Events-2007-november-IACA-presentation-at-EASA-Fuel-Tank-Safety-Training-Seminar.ppt	GROUPSCALE	1.000000	1.000000	0.000000	0.000000	True	7772400	5029200
ws_prod-g-doc-Events-2007-november-IACA-presentation-at-EASA-Fuel-Tank-Safety-Training-Seminar.ppt	GROUPSCALE	1.000000	1.000000	0.000000	0.000000	True	2895600	457200
ws_prod-g-doc-Events-2007-november-IACA-presentation-at-EASA-Fuel-Tank-Safety-Training-Seminar.ppt	GROUPSCALE	1.000000	1.000000	0.000000	0.000000	True	1905000	457200
ws_prod-g-doc-Events-2007-november-IACA-presentation-at-EASA-Fuel-Tank-Safety-Training-Seminar.ppt	GROUPSCALE	1.000000	1.000000	0.000000	0.000000	True	7772400	685800
ws_prod-g-doc-Events-2007-november-IACA-presentation-at-EASA-Fuel-Tank-Safety-Training-Seminar.ppt	GROUPSCALE	1.000000	1.000000	0.000000	0.000000	True	7772400	4114800
ws_prod-g-doc-Events-2007-november-IACA-presentation-at-EASA-Fuel-Tank-Safety-Training-Seminar.ppt	GROUPSCALE	1.000000	1.000000	0.000000	0.000000	True	2895600	457200
ws_prod-g-doc-Events-2007-november-IACA-presentation-at-EASA-Fuel-Tank-Safety-Training-Seminar.ppt	GROUPSCALE	1.000000	1.000000	0.000000	0.000000	True	1905000	457200
ws_prod-g-doc-Events-Part-M-presentation.ppt	GROUPSCALE	1.000000	1.000000	0.000000	0.000000	True	2895600	222250
ws_prod-g-doc-Events-Part-M-presentation.ppt	GROUPSCALE	1.000000	1.000000	0.000000	0.000000	True	2133600	222250
ws_prod-g-doc-Events-Part-M-presentation.ppt	GROUPSCALE	1.000000	1.000000	0.000000	0.000000	True	7137400	1470025
ws_prod-g-doc-Events-Part-M-presentation.ppt	GROUPSCALE	1.000000	1.000000	0.000000	0.000000	True	6032500	1752600
ws_prod-g-doc-Events-Part-M-presentation.ppt	GROUPSCALE	1.000000	1.000000	0.000000	0.000000	True	2895600	222250
ws_prod-g-doc-Events-Part-M-presentation.ppt	GROUPSCALE	1.000000	1.000000	0.000000	0.000000	True	2133600	222250
ws_prod-g-doc-Events-Part-M-presentation.ppt	GROUPSCALE	1.000000	1.000000	0.000000	0.000000	True	7137400	1470025
ws_prod-g-doc-Events-Part-M-presentation.ppt	GROUPSCALE	1.000000	1.000000	0.000000	0.000000	True	5592762	242887
ws_prod-g-doc-Events-Part-M-presentation.ppt	GROUPSCALE	1.000000	1.000000	0.000000	0.000000	True	977900	271462
ws_prod-g-doc-Events-Part-M-presentation.ppt	GROUPSCALE	1.000000	1.000000	0.000000	0.000000	True	3973512	336550
ws_prod-g-doc-Events-Part-M-presentation.ppt	GROUPSCALE	1.000000	1.000000	0.000000	0.000000	True	7310437	958850
ws_prod-g-doc-Events-Part-M-presentation.ppt	GROUPSCALE	1.000000	1.000000	0.000000	0.000000	True	4038600	4511675
ws_prod-g-doc-Events-Part-M-presentation.ppt	GROUPSCALE	1.000000	1.000000	0.000000	0.000000	True	5592762	242887
ws_prod-g-doc-Events-Part-M-presentation.ppt	GROUPSCALE	1.000000	1.000000	0.000000	0.000000	True	977900	271462
ws_prod-g-doc-Events-Part-M-presentation.ppt	GROUPSCALE	1.000000	1.000000	0.000000	0.000000	True	3973512	336550
ws_prod-g-doc-Events-Part-M-presentation.ppt	GROUPSCALE	1.000000	1.000000	0.000000	0.000000	True	7310437	958850
ws_prod-g-doc-Events-Part-M-presentation.ppt	GROUPSCALE	1.000000	1.000000	0.000000	0.000000	True	8713787	4646612
ws_prod-g-doc-Events-Part-M-presentation.ppt	GROUPSCALE	1.000000	1.000000	0.000000	0.000000	True	2895600	222250
ws_prod-g-doc-Events-Part-M-presentation.ppt	GROUPSCALE	1.000000	1.000000	0.000000	0.000000	True	2133600	222250
ws_prod-g-doc-Events-Part-M-presentation.ppt	GROUPSCALE	1.000000	1.000000	0.000000	0.000000	True	7137400	1470025
ws_prod-g-doc-Events-Part-M-presentation.ppt	GROUPSCALE	1.000000	1.000000	0.000000	0.000000	True	5592762	242887
ws_prod-g-doc-Events-Part-M-presentation.ppt	GROUPSCALE	1.000000	1.000000	0.000000	0.000000	True	977900	271462
ws_prod-g-doc-Events-Part-M-presentation.ppt	GROUPSCALE	1.000000	1.000000	0.000000	0.000000	True	3973512	336550
ws_prod-g-doc-Events-Part-M-presentation.ppt	GROUPSCALE	1.000000	1.000000	0.000000	0.000000	True	7310437	958850
ws_prod-g-doc-Events-Part-M-presentation.ppt	GROUPSCALE	1.000000	1.000000	0.000000	0.000000	True	8229600	4511675
ws_prod-g-doc-Events-Part-M-presentation.ppt	GROUPSCALE	1.000000	1.000000	0.000000	0.000000	True	5592762	242887
ws_prod-g-doc-Events-Part-M-presentation.ppt	GROUPSCALE	1.000000	1.000000	0.000000	0.000000	True	977900	271462
ws_prod-g-doc-Events-Part-M-presentation.ppt	GROUPSCALE	1.000000	1.000000	0.000000	0.000000	True	3973512	336550
ws_prod-g-doc-Events-Part-M-presentation.ppt	GROUPSCALE	1.000000	1.000000	0.000000	0.000000	True	7310437	958850
ws_prod-g-doc-Events-Part-M-presentation.ppt	GROUPSCALE	1.000000	1.000000	0.000000	0.000000	True	8229600	4511675
ws_prod-g-doc-Events-Part-M-presentation.ppt	GROUPSCALE	1.000000	1.000000	0.000000	0.000000	True	5592762	242887
ws_prod-g-doc-Events-Part-M-presentation.ppt	GROUPSCALE	1.000000	1.000000	0.000000	0.000000	True	977900	271462
ws_prod-g-doc-Events-Part-M-presentation.ppt	GROUPSCALE	1.000000	1.000000	0.000000	0.000000	True	3973512	336550
ws_prod-g-doc-Events-Part-M-presentation.ppt	GROUPSCALE	1.000000	1.000000	0.000000	0.000000	True	7310437	958850
ws_prod-g-doc-Events-Part-M-presentation.ppt	GROUPSCALE	1.000000	1.000000	0.000000	0.000000	True	8229600	4511675
ws_prod-g-doc-Events-Part-M-presentation.ppt	GROUPSCALE	1.000000	1.000000	0.000000	0.000000	True	5592762	242887
ws_prod-g-doc-Events-Part-M-presentation.ppt	GROUPSCALE	1.000000	1.000000	0.000000	0.000000	True	977900	271462
ws_prod-g-doc-Events-Part-M-presentation.ppt	GROUPSCALE	1.000000	1.000000	0.000000	0.000000	True	3973512	336550
ws_prod-g-doc-Events-Part-M-presentation.ppt	GROUPSCALE	1.000000	1.000000	0.000000	0.000000	True	7310437	958850
ws_prod-g-doc-Events-Part-M-presentation.ppt	GROUPSCALE	1.000000	1.000000	0.000000	0.000000	True	8229600	4511675
ws_prod-g-doc-Events-Part-M-presentation.ppt	GROUPSCALE	1.000000	1.000000	0.000000	0.000000	True	5592762	242887
ws_prod-g-doc-Events-Part-M-presentation.ppt	GROUPSCALE	1.000000	1.000000	0.000000	0.000000	True	977900	271462
ws_prod-g-doc-Events-Part-M-presentation.ppt	GROUPSCALE	1.000000	1.000000	0.000000	0.000000	True	3973512	336550
ws_prod-g-doc-Events-Part-M-presentation.ppt	GROUPSCALE	1.000000	1.000000	0.000000	0.000000	True	7310437	958850
ws_prod-g-doc-Events-Part-M-presentation.ppt	GROUPSCALE	1.000000	1.000000	0.000000	0.000000	True	8229600	4511675
ws_prod-g-doc-Events-Part-M-presentation.ppt	GROUPSCALE	1.000000	1.000000	0.000000	0.000000	True	5592762	242887
ws_prod-g-doc-Events-Part-M-presentation.ppt	GROUPSCALE	1.000000	1.000000	0.000000	0.000000	True	977900	271462
ws_prod-g-doc-Events-Part-M-presentation.ppt	GROUPSCALE	1.000000	1.000000	0.000000	0.000000	True	3973512	336550
ws_prod-g-doc-Events-Part-M-presentation.ppt	GROUPSCALE	1.000000	1.000000	0.000000	0.000000	True	7310437	958850
ws_prod-g-doc-Events-Part-M-presentation.ppt	GROUPSCALE	1.000000	1.000000	0.000000	0.000000	True	8229600	4511675
ws_prod-g-doc-Events-Part-M-presentation.ppt	GROUPSCALE	1.000000	1.000000	0.000000	0.000000	True	5592762	242887
ws_prod-g-doc-Events-Part-M-presentation.ppt	GROUPSCALE	1.000000	1.000000	0.000000	0.000000	True	977900	271462
ws_prod-g-doc-Events-Part-M-presentation.ppt	GROUPSCALE	1.000000	1.000000	0.000000	0.000000	True	3973512	336550
ws_prod-g-doc-Events-Part-M-presentation.ppt	GROUPSCALE	1.000000	1.000000	0.000000	0.000000	True	7310437	958850
ws_prod-g-doc-Events-Part-M-presentation.ppt	GROUPSCALE	1.000000	1.000000	0.000000	0.000000	True	8229600	4511675
ws_prod-g-doc-Events-Part-M-presentation.ppt	GROUPSCALE	1.000000	1.000000	0.000000	0.000000	True	5592762	242887
ws_prod-g-doc-Events-Part-M-presentation.ppt	GROUPSCALE	1.000000	1.000000	0.000000	0.000000	True	977900	271462
ws_prod-g-doc-Events-Part-M-presentation.ppt	GROUPSCALE	1.000000	1.000000	0.000000	0.000000	True	3973512	336550
ws_prod-g-doc-Events-Part-M-presentation.ppt	GROUPSCALE	1.000000	1.000000	0.000000	0.000000	True	7310437	958850
ws_prod-g-doc-Events-Part-M-presentation.ppt	GROUPSCALE	1.000000	1.000000	0.000000	0.000000	True	8229600	4511675
ws_prod-g-doc-Events-Part-M-presentation.ppt	GROUPSCALE	1.000000	1.000000	0.000000	0.000000	True	5592762	242887
ws_prod-g-doc-Events-Part-M-presentation.ppt	GROUPSCALE	1.000000	1.000000	0.000000	0.000000	True	977900	271462
ws_prod-g-doc-Events-Part-M-presentation.ppt	GROUPSCALE	1.000000	1.000000	0.000000	0.000000	True	3973512	336550
ws_prod-g-doc-Events-Part-M-presentation.ppt	GROUPSCALE	1.000000	1.000000	0.000000	0.000000	True	7310437	958850
ws_prod-g-doc-Events-Part-M-presentation.ppt	GROUPSCALE	1.000000	1.000000	0.000000	0.000000	True	8229600	4511675
ws_prod-g-doc-Events-Part-M-presentation.ppt	GROUPSCALE	1.000000	1.000000	0.000000	0.000000	True	5592762	242887
ws_prod-g-doc-Events-Part-M-presentation.ppt	GROUPSCALE	1.000000	1.000000	0.000000	0.000000	True	977900	271462
ws_prod-g-doc-Events-Part-M-presentation.ppt	GROUPSCALE	1.000000	1.000000	0.000000	0.000000	True	3973512	336550
ws_prod-g-doc-Events-Part-M-presentation.ppt	GROUPSCALE	1.000000	1.000000	0.000000	0.000000	True	7310437	958850
ws_prod-g-doc-Events-Part-M-presentation.ppt	GROUPSCALE	1.000000	1.000000	0.000000	0.000000	True	8229600	4511675
ws_prod-g-doc-Events-Part-M-presentation.ppt	GROUPSCALE	1.000000	1.000000	0.000000	0.000000	True	5592762	242887
ws_prod-g-doc-Events-Part-M-presentation.ppt	GROUPSCALE	1.000000	1.000000	0.000000	0.000000	True	977900	271462
ws_prod-g-doc-Events-Part-M-presentation.ppt	GROUPSCALE	1.000000	1.000000	0.000000	0.000000	True	3973512	336550
ws_prod-g-doc-Events-Part-M-presentation.ppt	GROUPSCALE	1.000000	1.000000	0.000000	0.000000	True	7310437	958850
ws_prod-g-doc-Events-Part-M-presentation.ppt	GROUPSCALE	1.000000	1.000000	0.000000	0.000000	True	8229600	4511675
ws_prod-g-doc-Events-Part-M-presentation.ppt	GROUPSCALE	1.000000	1.000000	0.000000	0.000000	True	5592762	242887
ws_prod-g-doc-Events-Part-M-presentation.ppt	GROUPSCALE	1.000000	1.000000	0.000000	0.000000	True	977900	271462
ws_prod-g-doc-Events-Part-M-presentation.ppt	GROUPSCALE	1.000000	1.000000	0.000000	0.000000	True	3973512	336550
ws_prod-g-doc-Events-Part-M-presentation.ppt	GROUPSCALE	1.000000	1.000000	0.000000	0.000000	True	7310437	958850
ws_prod-g-doc-Events-Part-M-presentation.ppt	GROUPSCALE	1.000000	1.000000	0.000000	0.000000	True	8229600	4511675
ws_prod-g-doc-Events-Part-M-presentation.ppt	GROUPSCALE	1.000000	1.000000	0.000000	0.000000	True	5592762	242887
ws_prod-g-doc-Events-Part-M-presentation.ppt	GROUPSCALE	1.000000	1.000000	0.000000	0.000000	True	977900	271462
ws_prod-g-doc-Events-Part-M-presentation.ppt	GROUPSCALE	1.000000	1.000000	0.000000	0.000000	True	3973512	336550
ws_prod-g-doc-Events-Part-M-presentation.ppt	GROUPSCALE	1.000000	1.000000	0.000000	0.000000	True	7310437	958850
ws_prod-g-doc-Events-Part-M-presentation.ppt	GROUPSCALE	1.000000	1.000000	0.000000	0.000000	True	8229600	4511675
ws_prod-g-doc-Events-Part-M-presentation.ppt	GROUPSCALE	1.000000	1.000000	0.000000	0.000000	True	5592762	242887
ws_prod-g-doc-Events-Part-M-presentation.ppt	GROUPSCALE	1.000000	1.000000	0.000000	0.000000	True	977900	271462
ws_prod-g-doc-Events-Part-M-presentation.ppt	GROUPSCALE	1.000000	1.000000	0.000000	0.000000	True	3973512	336550
ws_prod-g-doc-Events-Part-M-presentation.ppt	GROUPSCALE	1.000000	1.000000	0.000000	0.000000	True	7310437	958850
ws_prod-g-doc-Events-Part-M-presentation.ppt	GROUPSCALE	1.000000	1.000000	0.000000	0.000000	True	8229600	4511675
ws_prod-g-doc-Events-Part-M-presentation.ppt	GROUPSCALE	1.000000	1.000000	0.000000	0.000000	True	5592762	242887
ws_prod-g-doc-Events-Part-M-presentation.ppt	GROUPSCALE	1.000000	1.000000	0.000000	0.000000	True	977900	271462
ws_prod-g-doc-Events-Part-M-presentation.ppt	GROUPSCALE	1.000000	1.000000	0.000000	0.000000	True	3973512	336550
ws_prod-g-doc-Events-Part-M-presentation.ppt	GROUPSCALE	1.000000	1.000000	0.000000	0.000000	True	7310437	958850
ws_prod-g-doc-Events-Part-M-presentation.ppt	GROUPSCALE	1.000000	1.000000	0.000000	0.000000	True	8229600	4511675
ws_prod-g-doc-Events-Part-M-presentation.ppt	GROUPSCALE	1.000000	1.000000	0.000000	0.000000	True	5592762	242887
ws_prod-g-doc-Events-Part-M-presentation.ppt	GROUPSCALE	1.000000	1.000000	0.000000	0.000000	True	977900	271462
ws_prod-g-doc-Events-Part-M-presentation.ppt	GROUPSCALE	1.000000	1.000000	0.000000	0.000000	True	3973512	336550
ws_prod-g-doc-Events-Part-M-presentation.ppt	GROUPSCALE	1.000000	1.000000	0.000000	0.000000	True	7310437	958850
ws_prod-g-doc-Events-Part-M-presentation.ppt	GROUPSCALE	1.000000	1.000000	0.000000	0.000000	True	8229600	4511675
ws_prod-g-doc-Events-Part-M-presentation.ppt	GROUPSCALE	1.000000	1.000000	0.000000	0.000000	True	5592762	242887
ws_prod-g-doc-Events-Part-M-presentation.ppt	GROUPSCALE	1.000000	1.000000	0.000000	0.000000	True	977900	271462
ws_prod-g-doc-Events-Part-M-presentation.ppt	GROUPSCALE	1.000000	1.000000	0.000000	0.000000	True	3973512	336550
ws_prod-g-doc-Events-Part-M-presentation.ppt	GROUPSCALE	1.000000	1.000000	0.000000	0.000000	True	7310437	958850
ws_prod-g-doc-Events-Part-M-presentation.ppt	GROUPSCALE	1.000000	1.000000	0.000000	0.000000	True	8229600	4511675
ws_prod-g-doc-Events-Part-M-presentation.ppt	GROUPSCALE	1.000000	1.000000	0.000000	0.000000	True	5592762	242887
ws_prod-g-doc-Events-Part-M-presentation.ppt	GROUPSCALE	1.000000	1.000000	0.000000	0.000000	True	977900	271462
ws_prod-g-doc-Events-Part-M-presentation.ppt	GROUPSCALE	1.000000	1.000000	0.000000	0.000000	True	3973512	336550
ws_prod-g-doc-Events-Part-M-presentation.ppt	GROUPSCALE	1.000000	1.000000	0.000000	0.000000	True	7310437	958850
ws_prod-g-doc-Events-Part-M-presentation.ppt	GROUPSCALE	1.000000	1.000000	0.000000	0.000000	True	8229600	4511675
ws_prod-g-doc-Events-Part-M-presentation.ppt	GROUPSCALE	1.000000	1.000000	0.000000	0.000000	True	5592762	242887
ws_prod-g-doc-Events-Part-M-presentation.ppt	GROUPSCALE	1.000000	1.000000	0.000000	0.000000	True	977900	271462
ws_prod-g-doc-Events-Part-M-presentation.ppt	GROUPSCALE	1.000000	1.000000	0.000000	0.000000	True	3973512	336550
ws_prod-g-doc-Events-Part-M-presentation.ppt	GROUPSCALE	1.000000	1.000000	0.000000	0.000000	True	7310437	958850
ws_prod-g-doc-Events-Part-M-presentation.ppt	GROUPSCALE	1.000000	1.000000	0.000000	0.000000	True	8229600	4511675
ws_prod-g-doc-Events-Part-M-presentation.ppt	GROUPSCALE	1.000000	1.000000	0.000000	0.000000	True	2895600	222250
ws_prod-g-doc-Events-Part-M-presentation.ppt	GROUPSCALE	1.000000	1.000000	0.000000	0.000000	True	2133600	222250
ws_prod-g-doc-Events-Part-M-presentation.ppt	GROUPSCALE	1.000000	1.000000	0.000000	0.000000	True	7137400	1470025
ws_prod-g-doc-Events-Part-M-presentation.ppt	GROUPSCALE	1.000000	1.000000	0.000000	0.000000	True	5592762	242887
ws_prod-g-doc-Events-Part-M-presentation.ppt	GROUPSCALE	1.000000	1.000000	0.000000	0.000000	True	977900	271462
ws_prod-g-doc-Events-Part-M-presentation.ppt	GROUPSCALE	1.000000	1.000000	0.000000	0.000000	True	3973512	336550
ws_prod-g-doc-Events-Part-M-presentation.ppt	GROUPSCALE	1.000000	1.000000	0.000000	0.000000	True	7297737	730250
ws_prod-g-doc-Events-Part-M-presentation.ppt	GROUPSCALE	1.000000	1.000000	0.000000	0.000000	True	8293100	4206875
ws_prod-g-doc-Events-Part-M-presentation.ppt	GROUPSCALE	1.000000	1.000000	0.000000	0.000000	True	5592762	242887
ws_prod-g-doc-Events-Part-M-presentation.ppt	GROUPSCALE	1.000000	1.000000	0.000000	0.000000	True	977900	271462
ws_prod-g-doc-Events-Part-M-presentation.ppt	GROUPSCALE	1.000000	1.000000	0.000000	0.000000	True	3973512	336550
ws_prod-g-doc-Events-Part-M-presentation.ppt	GROUPSCALE	1.000000	1.000000	0.000000	0.000000	True	7297737	730250
ws_prod-g-doc-Events-Part-M-presentation.ppt	GROUPSCALE	1.000000	1.000000	0.000000	0.000000	True	8293100	4206875
ws_prod-g-doc-Events-Part-M-presentation.ppt	GROUPSCALE	1.000000	1.000000	0.000000	0.000000	True	5592762	242887
ws_prod-g-doc-Events-Part-M-presentation.ppt	GROUPSCALE	1.000000	1.000000	0.000000	0.000000	True	977900	271462
ws_prod-g-doc-Events-Part-M-presentation.ppt	GROUPSCALE	1.000000	1.000000	0.000000	0.000000	True	3973512	336550
ws_prod-g-doc-Events-Part-M-presentation.ppt	GROUPSCALE	1.000000	1.000000	0.000000	0.000000	True	7297737	730250
ws_prod-g-doc-Events-Part-M-presentation.ppt	GROUPSCALE	1.000000	1.000000	0.000000	0.000000	True	8293100	4206875
ws_prod-g-doc-Events-Part-M-presentation.ppt	GROUPSCALE	1.000000	1.000000	0.000000	0.000000	True	5592762	242887
ws_prod-g-doc-Events-Part-M-presentation.ppt	GROUPSCALE	1.000000	1.000000	0.000000	0.000000	True	977900	271462
ws_prod-g-doc-Events-Part-M-presentation.ppt	GROUPSCALE	1.000000	1.000000	0.000000	0.000000	True	3973512	336550
ws_prod-g-doc-Events-Part-M-presentation.ppt	GROUPSCALE	1.000000	1.000000	0.000000	0.000000	True	7297737	730250
ws_prod-g-doc-Events-Part-M-presentation.ppt	GROUPSCALE	1.000000	1.000000	0.000000	0.000000	True	8293100	4206875
ws_prod-g-doc-Events-Part-M-presentation.ppt	GROUPSCALE	1.000000	1.000000	0.000000	0.000000	True	5592762	242887
ws_prod-g-doc-Events-Part-M-presentation.ppt	GROUPSCALE	1.000000	1.000000	0.000000	0.000000	True	977900	271462
ws_prod-g-doc-Events-Part-M-presentation.ppt	GROUPSCALE	1.000000	1.000000	0.000000	0.000000	True	3973512	336550
ws_prod-g-doc-Events-Part-M-presentation.ppt	GROUPSCALE	1.000000	1.000000	0.000000	0.000000	True	8640762	4511675
010605Vul.ppt	GROUPSCALE	1.000000	1.000000	0.000000	0.000000	True	7772400	457200
010605Vul.ppt	GROUPSCALE	1.000000	1.000000	0.000000	0.000000	True	7162800	1752600
010605Vul.ppt	GROUPSCALE	1.000000	1.000000	0.000000	0.000000	True	8153400	1143000
010605Vul.ppt	GROUPSCALE	1.000000	1.000000	0.000000	0.000000	True	8153400	4572000
010605Vul.ppt	GROUPSCALE	1.000000	1.000000	0.000000	0.000000	True	8153400	1143000
010605Vul.ppt	GROUPSCALE	1.000000	1.000000	0.000000	0.000000	True	8153400	4572000
010605Vul.ppt	GROUPSCALE	1.000000	1.000000	0.000000	0.000000	True	8153400	1143000
010605Vul.ppt	GROUPSCALE	1.000000	1.000000	0.000000	0.000000	True	8153400	4572000
010605Vul.ppt	GROUPSCALE	1.000000	1.000000	0.000000	0.000000	True	8153400	1143000
010605Vul.ppt	GROUPSCALE	1.000000	1.000000	0.000000	0.000000	True	8153400	4572000
010605Vul.ppt	GROUPSCALE	1.000000	1.000000	0.000000	0.000000	True	8153400	1143000
010605Vul.ppt	GROUPSCALE	1.000000	1.000000	0.000000	0.000000	True	8153400	4572000
010605Vul.ppt	GROUPSCALE	1.000000	1.000000	0.000000	0.000000	True	8458200	1143000
010605Vul.ppt	GROUPSCALE	1.000000	1.000000	0.000000	0.000000	True	1676400	2667000
010605Vul.ppt	GROUPSCALE	1.000000	1.000000	0.000000	0.000000	True	1676400	2667000
010605Vul.ppt	GROUPSCALE	1.000000	1.000000	0.000000	0.000000	True	1676400	2667000
010605Vul.ppt	GROUPSCALE	1.000000	1.000000	0.000000	0.000000	True	1676400	2667000
010605Vul.ppt	GROUPSCALE	1.000000	1.000000	0.000000	0.000000	True	6553200	457200
010605Vul.ppt	GROUPSCALE	1.000000	1.000000	0.000000	0.000000	True	8153400	1143000
010605Vul.ppt	GROUPSCALE	1.000000	1.000000	0.000000	0.000000	True	8153400	4572000
010605Vul.ppt	GROUPSCALE	1.000000	1.000000	0.000000	0.000000	True	8153400	1143000
010605Vul.ppt	GROUPSCALE	1.000000	1.000000	0.000000	0.000000	True	8153400	4572000
010605Vul.ppt	GROUPSCALE	1.000000	1.000000	0.000000	0.000000	True	8153400	1143000
010605Vul.ppt	GROUPSCALE	1.000000	1.000000	0.000000	0.000000	True	8153400	4572000
010605Vul.ppt	GROUPSCALE	1.000000	1.000000	0.000000	0.000000	True	8153400	1143000
010605Vul.ppt	GROUPSCALE	1.000000	1.000000	0.000000	0.000000	True	8153400	4572000
010605Vul.ppt	GROUPSCALE	1.000000	1.000000	0.000000	0.000000	True	8153400	1143000
010605Vul.ppt	GROUPSCALE	1.000000	1.000000	0.000000	0.000000	True	8153400	4572000
010605Vul.ppt	GROUPSCALE	1.000000	1.000000	0.000000	0.000000	True	8153400	1143000
010605Vul.ppt	GROUPSCALE	1.000000	1.000000	0.000000	0.000000	True	8153400	4572000
010605Vul.ppt	GROUPSCALE	1.000000	1.000000	0.000000	0.000000	True	8153400	1143000
010605Vul.ppt	GROUPSCALE	1.000000	1.000000	0.000000	0.000000	True	8153400	4572000
010605Vul.ppt	GROUPSCALE	1.000000	1.000000	0.000000	0.000000	True	8153400	1143000
010605Vul.ppt	GROUPSCALE	1.000000	1.000000	0.000000	0.000000	True	8153400	4572000
010605Vul.ppt	GROUPSCALE	1.000000	1.000000	0.000000	0.000000	True	8153400	1143000
010605Vul.ppt	GROUPSCALE	1.000000	1.000000	0.000000	0.000000	True	8153400	4572000
010605Vul.ppt	GROUPSCALE	1.000000	1.000000	0.000000	0.000000	True	8153400	1143000
010605Vul.ppt	GROUPSCALE	1.000000	1.000000	0.000000	0.000000	True	8153400	4572000
010605Vul.ppt	GROUPSCALE	1.000000	1.000000	0.000000	0.000000	True	8153400	1143000
010605Vul.ppt	GROUPSCALE	1.000000	1.000000	0.000000	0.000000	True	8153400	4038600
010605Vul.ppt	GROUPSCALE	1.000000	1.000000	0.000000	0.000000	True	8153400	1143000
010605Vul.ppt	GROUPSCALE	1.000000	1.000000	0.000000	0.000000	True	8153400	4572000
Inducement-to-Insurance-Business.ppt	GROUPSCALE	1.000000	1.000000	0.000000	0.000000	True	9144000	2363787
Inducement-to-Insurance-Business.ppt	GROUPSCALE	1.000000	1.000000	0.000000	0.000000	True	9144000	1655762
Inducement-to-Insurance-Business.ppt	GROUPSCALE	1.000000	1.000000	0.000000	0.000000	True	10593387	3116262
Inducement-to-Insurance-Business.ppt	GROUPSCALE	1.000000	1.000000	0.000000	0.000000	True	9144000	1655762
Inducement-to-Insurance-Business.ppt	GROUPSCALE	1.000000	1.000000	0.000000	0.000000	True	9144000	2387600
Inducement-to-Insurance-Business.ppt	GROUPSCALE	1.000000	1.000000	0.000000	0.000000	True	9144000	3668712
Inducement-to-Insurance-Business.ppt	GROUPSCALE	1.000000	1.000000	0.000000	0.000000	True	9144000	2659062
Inducement-to-Insurance-Business.ppt	GROUPSCALE	1.000000	1.000000	0.000000	0.000000	True	9144000	2405062
Inducement-to-Insurance-Business.ppt	GROUPSCALE	1.000000	1.000000	0.000000	0.000000	True	9144000	2387600
Inducement-to-Insurance-Business.ppt	GROUPSCALE	1.000000	1.000000	0.000000	0.000000	True	9144000	2405062
Inducement-to-Insurance-Business.ppt	GROUPSCALE	1.000000	1.000000	0.000000	0.000000	True	9144000	2573337
Inducement-to-Insurance-Business.ppt	GROUPSCALE	1.000000	1.000000	0.000000	0.000000	True	9144000	2405062
Inducement-to-Insurance-Business.ppt	GROUPSCALE	1.000000	1.000000	0.000000	0.000000	True	9144000	2387600
Inducement-to-Insurance-Business.ppt	GROUPSCALE	1.000000	1.000000	0.000000	0.000000	True	9144000	2427287
Inducement-to-Insurance-Business.ppt	GROUPSCALE	1.000000	1.000000	0.000000	0.000000	True	9144000	2830512
Inducement-to-Insurance-Business.ppt	GROUPSCALE	1.000000	1.000000	0.000000	0.000000	True	9144000	2405062
Inducement-to-Insurance-Business.ppt	GROUPSCALE	1.000000	1.000000	0.000000	0.000000	True	9144000	2387600
Inducement-to-Insurance-Business.ppt	GROUPSCALE	1.000000	1.000000	0.000000	0.000000	True	9144000	2405062
Inducement-to-Insurance-Business.ppt	GROUPSCALE	1.000000	1.000000	0.000000	0.000000	True	9144000	1719262
Inducement-to-Insurance-Business.ppt	GROUPSCALE	1.000000	1.000000	0.000000	0.000000	True	9144000	3671887
Inducement-to-Insurance-Business.ppt	GROUPSCALE	1.000000	1.000000	0.000000	0.000000	True	9144000	1901825
Inducement-to-Insurance-Business.ppt	GROUPSCALE	1.000000	1.000000	0.000000	0.000000	True	9144000	3151187
Inducement-to-Insurance-Business.ppt	GROUPSCALE	1.000000	1.000000	0.000000	0.000000	True	9144000	1846262
Inducement-to-Insurance-Business.ppt	GROUPSCALE	1.000000	1.000000	0.000000	0.000000	True	9144000	3038475
Inducement-to-Insurance-Business.ppt	GROUPSCALE	1.000000	1.000000	0.000000	0.000000	True	9144000	1016000
Inducement-to-Insurance-Business.ppt	GROUPSCALE	1.000000	1.000000	0.000000	0.000000	True	10720387	4487862
Inducement-to-Insurance-Business.ppt	GROUPSCALE	1.000000	1.000000	0.000000	0.000000	True	9144000	2703512
Inducement-to-Insurance-Business.ppt	GROUPSCALE	1.000000	1.000000	0.000000	0.000000	True	11001375	3854450
Inducement-to-Insurance-Business.ppt	GROUPSCALE	1.000000	1.000000	0.000000	0.000000	True	9144000	2014537
Inducement-to-Insurance-Business.ppt	GROUPSCALE	1.000000	1.000000	0.000000	0.000000	True	11436350	3306762
Inducement-to-Insurance-Business.ppt	GROUPSCALE	1.000000	1.000000	0.000000	0.000000	True	9144000	2387600
Inducement-to-Insurance-Business.ppt	GROUPSCALE	1.000000	1.000000	0.000000	0.000000	True	11577637	4522787
Inducement-to-Insurance-Business.ppt	GROUPSCALE	1.000000	1.000000	0.000000	0.000000	True	9144000	3252787
Inducement-to-Insurance-Business.ppt	GROUPSCALE	1.000000	1.000000	0.000000	0.000000	True	11718925	3517900
Inducement-to-Insurance-Business.ppt	GROUPSCALE	1.000000	1.000000	0.000000	0.000000	True	9144000	1620837
Inducement-to-Insurance-Business.ppt	GROUPSCALE	1.000000	1.000000	0.000000	0.000000	True	9144000	3263900
Inducement-to-Insurance-Business.ppt	GROUPSCALE	1.000000	1.000000	0.000000	0.000000	True	11450637	3017837
Inducement-to-Insurance-Business.ppt	GROUPSCALE	1.000000	1.000000	0.000000	0.000000	True	11915775	4586287
Inducement-to-Insurance-Business.ppt	GROUPSCALE	1.000000	1.000000	0.000000	0.000000	True	9144000	2387600
Inducement-to-Insurance-Business.ppt	GROUPSCALE	1.000000	1.000000	0.000000	0.000000	True	11925300	5951537
Inducement-to-Insurance-Business.ppt	GROUPSCALE	1.000000	1.000000	0.000000	0.000000	True	11952287	5249862
Inducement-to-Insurance-Business.ppt	GROUPSCALE	1.000000	1.000000	0.000000	0.000000	True	11784012	5249862
outlook_of_nigerian_pension_sector.ppt	GROUPSCALE	1.000000	1.000000	0.000000	0.000000	True	6408737	4321175
outlook_of_nigerian_pension_sector.ppt	GROUPSCALE	1.000000	1.000000	0.000000	0.000000	True	8424862	274637
outlook_of_nigerian_pension_sector.ppt	GROUPSCALE	1.000000	1.000000	0.000000	0.000000	True	3743325	344487
outlook_of_nigerian_pension_sector.ppt	GROUPSCALE	1.000000	1.000000	0.000000	0.000000	True	374650	344487
outlook_of_nigerian_pension_sector.ppt	GROUPSCALE	1.000000	1.000000	0.000000	0.000000	True	1081087	344487
outlook_of_nigerian_pension_sector.ppt	GROUPSCALE	1.000000	1.000000	0.000000	0.000000	True	7391400	449262
outlook_of_nigerian_pension_sector.ppt	GROUPSCALE	1.000000	1.000000	0.000000	0.000000	True	7394575	4967287
outlook_of_nigerian_pension_sector.ppt	GROUPSCALE	1.000000	1.000000	0.000000	0.000000	True	3743325	344487
outlook_of_nigerian_pension_sector.ppt	GROUPSCALE	1.000000	1.000000	0.000000	0.000000	True	374650	344487
outlook_of_nigerian_pension_sector.ppt	GROUPSCALE	1.000000	1.000000	0.000000	0.000000	True	1081087	344487
outlook_of_nigerian_pension_sector.ppt	GROUPSCALE	1.000000	1.000000	0.000000	0.000000	True	7391400	736600
outlook_of_nigerian_pension_sector.ppt	GROUPSCALE	1.000000	1.000000	0.000000	0.000000	True	7715250	5191125
outlook_of_nigerian_pension_sector.ppt	GROUPSCALE	1.000000	1.000000	0.000000	0.000000	True	3743325	344487
outlook_of_nigerian_pension_sector.ppt	GROUPSCALE	1.000000	1.000000	0.000000	0.000000	True	374650	344487
outlook_of_nigerian_pension_sector.ppt	GROUPSCALE	1.000000	1.000000	0.000000	0.000000	True	1081087	344487
outlook_of_nigerian_pension_sector.ppt	GROUPSCALE	1.000000	1.000000	0.000000	0.000000	True	7394575	4724400
outlook_of_nigerian_pension_sector.ppt	GROUPSCALE	1.000000	1.000000	0.000000	0.000000	True	7391400	736600
outlook_of_nigerian_pension_sector.ppt	GROUPSCALE	1.000000	1.000000	0.000000	0.000000	True	3743325	344487
outlook_of_nigerian_pension_sector.ppt	GROUPSCALE	1.000000	1.000000	0.000000	0.000000	True	374650	344487
outlook_of_nigerian_pension_sector.ppt	GROUPSCALE	1.000000	1.000000	0.000000	0.000000	True	1081087	344487
outlook_of_nigerian_pension_sector.ppt	GROUPSCALE	1.000000	1.000000	0.000000	0.000000	True	7715250	838200
outlook_of_nigerian_pension_sector.ppt	GROUPSCALE	1.000000	1.000000	0.000000	0.000000	True	3240087	4681537
outlook_of_nigerian_pension_sector.ppt	GROUPSCALE	1.000000	1.000000	0.000000	0.000000	True	3455987	4681537
outlook_of_nigerian_pension_sector.ppt	GROUPSCALE	1.000000	1.000000	0.000000	0.000000	True	3743325	344487
outlook_of_nigerian_pension_sector.ppt	GROUPSCALE	1.000000	1.000000	0.000000	0.000000	True	374650	344487
outlook_of_nigerian_pension_sector.ppt	GROUPSCALE	1.000000	1.000000	0.000000	0.000000	True	1081087	344487
outlook_of_nigerian_pension_sector.ppt	GROUPSCALE	1.000000	1.000000	0.000000	0.000000	True	7391400	449262
outlook_of_nigerian_pension_sector.ppt	GROUPSCALE	1.000000	1.000000	0.000000	0.000000	True	3621087	4724400
outlook_of_nigerian_pension_sector.ppt	GROUPSCALE	1.000000	1.000000	0.000000	0.000000	True	3311525	682625
outlook_of_nigerian_pension_sector.ppt	GROUPSCALE	1.000000	1.000000	0.000000	0.000000	True	3743325	344487
outlook_of_nigerian_pension_sector.ppt	GROUPSCALE	1.000000	1.000000	0.000000	0.000000	True	374650	344487
outlook_of_nigerian_pension_sector.ppt	GROUPSCALE	1.000000	1.000000	0.000000	0.000000	True	1081087	344487
outlook_of_nigerian_pension_sector.ppt	GROUPSCALE	1.000000	1.000000	0.000000	0.000000	True	7391400	449262
outlook_of_nigerian_pension_sector.ppt	GROUPSCALE	1.000000	1.000000	0.000000	0.000000	True	3322637	4724400
outlook_of_nigerian_pension_sector.ppt	GROUPSCALE	1.068829	1.074369	0.000000	0.000000	True	785812	674687
outlook_of_nigerian_pension_sector.ppt	GROUPSCALE	1.068829	1.074369	0.000000	0.000000	True	733425	674687
outlook_of_nigerian_pension_sector.ppt	GROUPSCALE	1.068829	1.074369	0.000000	0.000000	True	731837	674687
outlook_of_nigerian_pension_sector.ppt	GROUPSCALE	1.068829	1.074369	0.000000	0.000000	True	719137	674687
outlook_of_nigerian_pension_sector.ppt	GROUPSCALE	1.068829	1.074369	0.000000	0.000000	True	650875	674687
outlook_of_nigerian_pension_sector.ppt	GROUPSCALE	1.068829	1.074369	0.000000	0.000000	True	785812	674687
outlook_of_nigerian_pension_sector.ppt	GROUPSCALE	1.068829	1.074369	0.000000	0.000000	True	733425	674687
outlook_of_nigerian_pension_sector.ppt	GROUPSCALE	1.068829	1.074369	0.000000	0.000000	True	731837	674687
outlook_of_nigerian_pension_sector.ppt	GROUPSCALE	1.068829	1.074369	0.000000	0.000000	True	719137	674687
outlook_of_nigerian_pension_sector.ppt	GROUPSCALE	1.068829	1.074369	0.000000	0.000000	True	650875	674687
outlook_of_nigerian_pension_sector.ppt	GROUPSCALE	1.068829	1.074369	0.000000	0.000000	True	785812	674687
outlook_of_nigerian_pension_sector.ppt	GROUPSCALE	1.068829	1.074369	0.000000	0.000000	True	733425	674687
outlook_of_nigerian_pension_sector.ppt	GROUPSCALE	1.068829	1.074369	0.000000	0.000000	True	731837	674687
outlook_of_nigerian_pension_sector.ppt	GROUPSCALE	1.068829	1.074369	0.000000	0.000000	True	719137	674687
outlook_of_nigerian_pension_sector.ppt	GROUPSCALE	1.068829	1.074369	0.000000	0.000000	True	650875	674687
outlook_of_nigerian_pension_sector.ppt	GROUPSCALE	1.068829	1.074369	0.000000	0.000000	True	785812	676275
outlook_of_nigerian_pension_sector.ppt	GROUPSCALE	1.068829	1.074369	0.000000	0.000000	True	733425	676275
outlook_of_nigerian_pension_sector.ppt	GROUPSCALE	1.068829	1.074369	0.000000	0.000000	True	731837	676275
outlook_of_nigerian_pension_sector.ppt	GROUPSCALE	1.068829	1.074369	0.000000	0.000000	True	719137	676275
outlook_of_nigerian_pension_sector.ppt	GROUPSCALE	1.068829	1.074369	0.000000	0.000000	True	650875	676275
outlook_of_nigerian_pension_sector.ppt	GROUPSCALE	1.068829	1.074369	0.000000	0.000000	True	785812	693737
outlook_of_nigerian_pension_sector.ppt	GROUPSCALE	1.068829	1.074369	0.000000	0.000000	True	733425	693737
outlook_of_nigerian_pension_sector.ppt	GROUPSCALE	1.068829	1.074369	0.000000	0.000000	True	731837	693737
outlook_of_nigerian_pension_sector.ppt	GROUPSCALE	1.068829	1.074369	0.000000	0.000000	True	719137	693737
outlook_of_nigerian_pension_sector.ppt	GROUPSCALE	1.068829	1.074369	0.000000	0.000000	True	650875	693737
outlook_of_nigerian_pension_sector.ppt	GROUPSCALE	1.000000	1.000000	0.000000	0.000000	True	3744912	304800
outlook_of_nigerian_pension_sector.ppt	GROUPSCALE	1.000000	1.000000	0.000000	0.000000	True	3743325	344487
outlook_of_nigerian_pension_sector.ppt	GROUPSCALE	1.000000	1.000000	0.000000	0.000000	True	374650	344487
outlook_of_nigerian_pension_sector.ppt	GROUPSCALE	1.000000	1.000000	0.000000	0.000000	True	1081087	344487
outlook_of_nigerian_pension_sector.ppt	GROUPSCALE	1.000000	1.000000	0.000000	0.000000	True	7394575	4724400
outlook_of_nigerian_pension_sector.ppt	GROUPSCALE	1.000000	1.000000	0.000000	0.000000	True	7391400	449262
outlook_of_nigerian_pension_sector.ppt	GROUPSCALE	1.000000	1.000000	0.000000	0.000000	True	3743325	344487
outlook_of_nigerian_pension_sector.ppt	GROUPSCALE	1.000000	1.000000	0.000000	0.000000	True	374650	344487
outlook_of_nigerian_pension_sector.ppt	GROUPSCALE	1.000000	1.000000	0.000000	0.000000	True	1081087	344487
outlook_of_nigerian_pension_sector.ppt	GROUPSCALE	1.000000	1.000000	0.000000	0.000000	True	7391400	449262
outlook_of_nigerian_pension_sector.ppt	GROUPSCALE	1.000000	1.000000	0.000000	0.000000	True	7394575	4724400
outlook_of_nigerian_pension_sector.ppt	GROUPSCALE	1.000000	1.000000	0.000000	0.000000	True	3743325	344487
outlook_of_nigerian_pension_sector.ppt	GROUPSCALE	1.000000	1.000000	0.000000	0.000000	True	374650	344487
outlook_of_nigerian_pension_sector.ppt	GROUPSCALE	1.000000	1.000000	0.000000	0.000000	True	1081087	344487
outlook_of_nigerian_pension_sector.ppt	GROUPSCALE	1.000000	1.000000	0.000000	0.000000	True	3621087	4724400
outlook_of_nigerian_pension_sector.ppt	GROUPSCALE	1.000000	1.000000	0.000000	0.000000	True	3671887	304800
outlook_of_nigerian_pension_sector.ppt	GROUPSCALE	1.000000	1.000000	0.000000	0.000000	True	7391400	449262
outlook_of_nigerian_pension_sector.ppt	GROUPSCALE	1.000000	1.000000	0.000000	0.000000	True	3743325	344487
outlook_of_nigerian_pension_sector.ppt	GROUPSCALE	1.000000	1.000000	0.000000	0.000000	True	374650	344487
outlook_of_nigerian_pension_sector.ppt	GROUPSCALE	1.000000	1.000000	0.000000	0.000000	True	1081087	344487
outlook_of_nigerian_pension_sector.ppt	GROUPSCALE	1.000000	1.000000	0.000000	0.000000	True	7394575	4724400
outlook_of_nigerian_pension_sector.ppt	GROUPSCALE	1.000000	1.000000	0.000000	0.000000	True	7391400	449262
outlook_of_nigerian_pension_sector.ppt	GROUPSCALE	1.000000	1.000000	0.000000	0.000000	True	3743325	344487
outlook_of_nigerian_pension_sector.ppt	GROUPSCALE	1.000000	1.000000	0.000000	0.000000	True	374650	344487
outlook_of_nigerian_pension_sector.ppt	GROUPSCALE	1.000000	1.000000	0.000000	0.000000	True	1081087	344487
outlook_of_nigerian_pension_sector.ppt	GROUPSCALE	1.000000	1.000000	0.000000	0.000000	True	8229600	5581650
ws_prod-g-doc-Events-2007-Privileges.ppt	GROUPSCALE	1.000000	1.000000	0.000000	0.000000	True	7137400	1470025
ws_prod-g-doc-Events-2007-Privileges.ppt	GROUPSCALE	1.000000	1.000000	0.000000	0.000000	True	6672262	1752600
ws_prod-g-doc-Events-2007-Privileges.ppt	GROUPSCALE	1.000000	1.000000	0.000000	0.000000	True	1738312	279400
ws_prod-g-doc-Events-2007-Privileges.ppt	GROUPSCALE	1.000000	1.000000	0.000000	0.000000	True	5592762	242887
ws_prod-g-doc-Events-2007-Privileges.ppt	GROUPSCALE	1.000000	1.000000	0.000000	0.000000	True	977900	271462
ws_prod-g-doc-Events-2007-Privileges.ppt	GROUPSCALE	1.000000	1.000000	0.000000	0.000000	True	3973512	336550
ws_prod-g-doc-Events-2007-Privileges.ppt	GROUPSCALE	1.000000	1.000000	0.000000	0.000000	True	7070725	579437
ws_prod-g-doc-Events-2007-Privileges.ppt	GROUPSCALE	1.000000	1.000000	0.000000	0.000000	True	1738312	279400
ws_prod-g-doc-Events-2007-Privileges.ppt	GROUPSCALE	1.000000	1.000000	0.000000	0.000000	True	5592762	242887
ws_prod-g-doc-Events-2007-Privileges.ppt	GROUPSCALE	1.000000	1.000000	0.000000	0.000000	True	977900	271462
ws_prod-g-doc-Events-2007-Privileges.ppt	GROUPSCALE	1.000000	1.000000	0.000000	0.000000	True	3973512	336550
ws_prod-g-doc-Events-2007-Privileges.ppt	GROUPSCALE	1.000000	1.000000	0.000000	0.000000	True	7310437	958850
ws_prod-g-doc-Events-2007-Privileges.ppt	GROUPSCALE	1.000000	1.000000	0.000000	0.000000	True	8494712	4525962
ws_prod-g-doc-Events-2007-Privileges.ppt	GROUPSCALE	1.000000	1.000000	0.000000	0.000000	True	1738312	279400
ws_prod-g-doc-Events-2007-Privileges.ppt	GROUPSCALE	1.000000	1.000000	0.000000	0.000000	True	5592762	242887
ws_prod-g-doc-Events-2007-Privileges.ppt	GROUPSCALE	1.000000	1.000000	0.000000	0.000000	True	977900	271462
ws_prod-g-doc-Events-2007-Privileges.ppt	GROUPSCALE	1.000000	1.000000	0.000000	0.000000	True	3973512	336550
ws_prod-g-doc-Events-2007-Privileges.ppt	GROUPSCALE	1.000000	1.000000	0.000000	0.000000	True	7070725	579437
ws_prod-g-doc-Events-2007-Privileges.ppt	GROUPSCALE	1.000000	1.000000	0.000000	0.000000	True	1738312	279400
ws_prod-g-doc-Events-2007-Privileges.ppt	GROUPSCALE	1.000000	1.000000	0.000000	0.000000	True	5592762	242887
ws_prod-g-doc-Events-2007-Privileges.ppt	GROUPSCALE	1.000000	1.000000	0.000000	0.000000	True	977900	271462
ws_prod-g-doc-Events-2007-Privileges.ppt	GROUPSCALE	1.000000	1.000000	0.000000	0.000000	True	3973512	336550
ws_prod-g-doc-Events-2007-Privileges.ppt	GROUPSCALE	1.000000	1.000000	0.000000	0.000000	True	7310437	958850
ws_prod-g-doc-Events-2007-Privileges.ppt	GROUPSCALE	1.000000	1.000000	0.000000	0.000000	True	8229600	4525962
ws_prod-g-doc-Events-2007-Privileges.ppt	GROUPSCALE	1.000000	1.000000	0.000000	0.000000	True	1738312	279400
ws_prod-g-doc-Events-2007-Privileges.ppt	GROUPSCALE	1.000000	1.000000	0.000000	0.000000	True	5592762	242887
ws_prod-g-doc-Events-2007-Privileges.ppt	GROUPSCALE	1.000000	1.000000	0.000000	0.000000	True	977900	271462
ws_prod-g-doc-Events-2007-Privileges.ppt	GROUPSCALE	1.000000	1.000000	0.000000	0.000000	True	3973512	336550
ws_prod-g-doc-Events-2007-Privileges.ppt	GROUPSCALE	1.000000	1.000000	0.000000	0.000000	True	8229600	4511675
ws_prod-g-doc-Events-2007-Privileges.ppt	GROUPSCALE	1.000000	1.000000	0.000000	0.000000	True	7310437	958850
ws_prod-g-doc-Events-2007-Privileges.ppt	GROUPSCALE	1.000000	1.000000	0.000000	0.000000	True	1738312	279400
ws_prod-g-doc-Events-2007-Privileges.ppt	GROUPSCALE	1.000000	1.000000	0.000000	0.000000	True	5592762	242887
ws_prod-g-doc-Events-2007-Privileges.ppt	GROUPSCALE	1.000000	1.000000	0.000000	0.000000	True	977900	271462
ws_prod-g-doc-Events-2007-Privileges.ppt	GROUPSCALE	1.000000	1.000000	0.000000	0.000000	True	3973512	336550
ws_prod-g-doc-Events-2007-Privileges.ppt	GROUPSCALE	1.000000	1.000000	0.000000	0.000000	True	8229600	4511675
ws_prod-g-doc-Events-2007-Privileges.ppt	GROUPSCALE	1.000000	1.000000	0.000000	0.000000	True	7310437	958850
ws_prod-g-doc-Events-2007-Privileges.ppt	GROUPSCALE	1.000000	1.000000	0.000000	0.000000	True	1738312	279400
ws_prod-g-doc-Events-2007-Privileges.ppt	GROUPSCALE	1.000000	1.000000	0.000000	0.000000	True	5592762	242887
ws_prod-g-doc-Events-2007-Privileges.ppt	GROUPSCALE	1.000000	1.000000	0.000000	0.000000	True	977900	271462
ws_prod-g-doc-Events-2007-Privileges.ppt	GROUPSCALE	1.000000	1.000000	0.000000	0.000000	True	3973512	336550
ws_prod-g-doc-Events-2007-Privileges.ppt	GROUPSCALE	1.000000	1.000000	0.000000	0.000000	True	8229600	4511675
ws_prod-g-doc-Events-2007-Privileges.ppt	GROUPSCALE	1.000000	1.000000	0.000000	0.000000	True	7310437	958850
ws_prod-g-doc-Events-2007-Privileges.ppt	GROUPSCALE	1.000000	1.000000	0.000000	0.000000	True	1738312	279400
ws_prod-g-doc-Events-2007-Privileges.ppt	GROUPSCALE	1.000000	1.000000	0.000000	0.000000	True	5592762	242887
ws_prod-g-doc-Events-2007-Privileges.ppt	GROUPSCALE	1.000000	1.000000	0.000000	0.000000	True	977900	271462
ws_prod-g-doc-Events-2007-Privileges.ppt	GROUPSCALE	1.000000	1.000000	0.000000	0.000000	True	3973512	336550
ws_prod-g-doc-Events-2007-Privileges.ppt	GROUPSCALE	1.000000	1.000000	0.000000	0.000000	True	8229600	4511675
ws_prod-g-doc-Events-2007-Privileges.ppt	GROUPSCALE	1.000000	1.000000	0.000000	0.000000	True	7310437	958850
ws_prod-g-doc-Events-2007-Privileges.ppt	GROUPSCALE	1.000000	1.000000	0.000000	0.000000	True	1738312	279400
ws_prod-g-doc-Events-2007-Privileges.ppt	GROUPSCALE	1.000000	1.000000	0.000000	0.000000	True	5592762	242887
ws_prod-g-doc-Events-2007-Privileges.ppt	GROUPSCALE	1.000000	1.000000	0.000000	0.000000	True	977900	271462
ws_prod-g-doc-Events-2007-Privileges.ppt	GROUPSCALE	1.000000	1.000000	0.000000	0.000000	True	3973512	336550
ws_prod-g-doc-Events-2007-Privileges.ppt	GROUPSCALE	1.000000	1.000000	0.000000	0.000000	True	8229600	4511675
ws_prod-g-doc-Events-2007-Privileges.ppt	GROUPSCALE	1.000000	1.000000	0.000000	0.000000	True	7310437	958850
ws_prod-g-doc-Events-2007-Privileges.ppt	GROUPSCALE	1.000000	1.000000	0.000000	0.000000	True	1738312	279400
ws_prod-g-doc-Events-2007-Privileges.ppt	GROUPSCALE	1.000000	1.000000	0.000000	0.000000	True	5592762	242887
ws_prod-g-doc-Events-2007-Privileges.ppt	GROUPSCALE	1.000000	1.000000	0.000000	0.000000	True	977900	271462
ws_prod-g-doc-Events-2007-Privileges.ppt	GROUPSCALE	1.000000	1.000000	0.000000	0.000000	True	3973512	336550
ws_prod-g-doc-Events-2007-Privileges.ppt	GROUPSCALE	1.000000	1.000000	0.000000	0.000000	True	8229600	4511675
ws_prod-g-doc-Events-2007-Privileges.ppt	GROUPSCALE	1.000000	1.000000	0.000000	0.000000	True	7310437	958850
ws_prod-g-doc-Events-2007-Privileges.ppt	GROUPSCALE	1.000000	1.000000	0.000000	0.000000	True	1738312	279400
ws_prod-g-doc-Events-2007-Privileges.ppt	GROUPSCALE	1.000000	1.000000	0.000000	0.000000	True	5592762	242887
ws_prod-g-doc-Events-2007-Privileges.ppt	GROUPSCALE	1.000000	1.000000	0.000000	0.000000	True	977900	271462
ws_prod-g-doc-Events-2007-Privileges.ppt	GROUPSCALE	1.000000	1.000000	0.000000	0.000000	True	3973512	336550
ws_prod-g-doc-Events-2007-Privileges.ppt	GROUPSCALE	1.000000	1.000000	0.000000	0.000000	True	8229600	4511675
ws_prod-g-doc-Events-2007-Privileges.ppt	GROUPSCALE	1.000000	1.000000	0.000000	0.000000	True	7310437	958850
ws_prod-g-doc-Events-2007-Privileges.ppt	GROUPSCALE	1.000000	1.000000	0.000000	0.000000	True	1738312	279400
ws_prod-g-doc-Events-2007-Privileges.ppt	GROUPSCALE	1.000000	1.000000	0.000000	0.000000	True	5592762	242887
ws_prod-g-doc-Events-2007-Privileges.ppt	GROUPSCALE	1.000000	1.000000	0.000000	0.000000	True	977900	271462
ws_prod-g-doc-Events-2007-Privileges.ppt	GROUPSCALE	1.000000	1.000000	0.000000	0.000000	True	3973512	336550
ws_prod-g-doc-Events-2007-Privileges.ppt	GROUPSCALE	1.000000	1.000000	0.000000	0.000000	True	8229600	4511675
ws_prod-g-doc-Events-2007-Privileges.ppt	GROUPSCALE	1.000000	1.000000	0.000000	0.000000	True	7310437	958850
ws_prod-g-doc-Events-2007-Privileges.ppt	GROUPSCALE	1.000000	1.000000	0.000000	0.000000	True	1738312	279400
ws_prod-g-doc-Events-2007-Privileges.ppt	GROUPSCALE	1.000000	1.000000	0.000000	0.000000	True	5592762	242887
ws_prod-g-doc-Events-2007-Privileges.ppt	GROUPSCALE	1.000000	1.000000	0.000000	0.000000	True	977900	271462
ws_prod-g-doc-Events-2007-Privileges.ppt	GROUPSCALE	1.000000	1.000000	0.000000	0.000000	True	3973512	336550
ws_prod-g-doc-Events-2007-Privileges.ppt	GROUPSCALE	1.000000	1.000000	0.000000	0.000000	True	7310437	958850
ws_prod-g-doc-Events-2007-Privileges.ppt	GROUPSCALE	1.000000	1.000000	0.000000	0.000000	True	3779837	762000
ws_prod-g-doc-Events-2007-Privileges.ppt	GROUPSCALE	1.000000	1.000000	0.000000	0.000000	True	1738312	279400
ws_prod-g-doc-Events-2007-Privileges.ppt	GROUPSCALE	1.000000	1.000000	0.000000	0.000000	True	5592762	242887
ws_prod-g-doc-Events-2007-Privileges.ppt	GROUPSCALE	1.000000	1.000000	0.000000	0.000000	True	977900	271462
ws_prod-g-doc-Events-2007-Privileges.ppt	GROUPSCALE	1.000000	1.000000	0.000000	0.000000	True	3973512	336550
ws_prod-g-doc-Events-2007-Privileges.ppt	GROUPSCALE	1.000000	1.000000	0.000000	0.000000	True	8229600	4511675
ws_prod-g-doc-Events-2007-Privileges.ppt	GROUPSCALE	1.000000	1.000000	0.000000	0.000000	True	7310437	958850
ws_prod-g-doc-Events-2007-september-MDM.032-(ENGLISH)-CZ.ppt	GROUPSCALE	1.000000	1.000000	0.000000	0.000000	True	2133600	222250
ws_prod-g-doc-Events-2007-september-MDM.032-(ENGLISH)-CZ.ppt	GROUPSCALE	1.000000	1.000000	0.000000	0.000000	True	2133600	222250
ws_prod-g-doc-Events-2007-september-MDM.032-(ENGLISH)-CZ.ppt	GROUPSCALE	1.000000	1.000000	0.000000	0.000000	True	7137400	1470025
ws_prod-g-doc-Events-2007-september-MDM.032-(ENGLISH)-CZ.ppt	GROUPSCALE	1.000000	1.000000	0.000000	0.000000	True	6032500	1752600
ws_prod-g-doc-Events-2007-september-MDM.032-(ENGLISH)-CZ.ppt	GROUPSCALE	1.000000	1.000000	0.000000	0.000000	True	1925637	238125
ws_prod-g-doc-Events-2007-september-MDM.032-(ENGLISH)-CZ.ppt	GROUPSCALE	1.000000	1.000000	0.000000	0.000000	True	5073650	311150
ws_prod-g-doc-Events-2007-september-MDM.032-(ENGLISH)-CZ.ppt	GROUPSCALE	1.000000	1.000000	0.000000	0.000000	True	977900	271462
ws_prod-g-doc-Events-2007-september-MDM.032-(ENGLISH)-CZ.ppt	GROUPSCALE	1.000000	1.000000	0.000000	0.000000	True	3973512	336550
ws_prod-g-doc-Events-2007-september-MDM.032-(ENGLISH)-CZ.ppt	GROUPSCALE	1.000000	1.000000	0.000000	0.000000	True	7310437	958850
ws_prod-g-doc-Events-2007-september-MDM.032-(ENGLISH)-CZ.ppt	GROUPSCALE	1.000000	1.000000	0.000000	0.000000	True	8229600	4511675
ws_prod-g-doc-Events-2007-september-MDM.032-(ENGLISH)-CZ.ppt	GROUPSCALE	1.000000	1.000000	0.000000	0.000000	True	1925637	238125
ws_prod-g-doc-Events-2007-september-MDM.032-(ENGLISH)-CZ.ppt	GROUPSCALE	1.000000	1.000000	0.000000	0.000000	True	5073650	311150
ws_prod-g-doc-Events-2007-september-MDM.032-(ENGLISH)-CZ.ppt	GROUPSCALE	1.000000	1.000000	0.000000	0.000000	True	977900	271462
ws_prod-g-doc-Events-2007-september-MDM.032-(ENGLISH)-CZ.ppt	GROUPSCALE	1.000000	1.000000	0.000000	0.000000	True	3973512	336550
ws_prod-g-doc-Events-2007-september-MDM.032-(ENGLISH)-CZ.ppt	GROUPSCALE	1.000000	1.000000	0.000000	0.000000	True	7310437	958850
ws_prod-g-doc-Events-2007-september-MDM.032-(ENGLISH)-CZ.ppt	GROUPSCALE	1.000000	1.000000	0.000000	0.000000	True	8229600	4511675
ws_prod-g-doc-Events-2007-september-MDM.032-(ENGLISH)-CZ.ppt	GROUPSCALE	1.000000	1.000000	0.000000	0.000000	True	1925637	238125
ws_prod-g-doc-Events-2007-september-MDM.032-(ENGLISH)-CZ.ppt	GROUPSCALE	1.000000	1.000000	0.000000	0.000000	True	5073650	311150
ws_prod-g-doc-Events-2007-september-MDM.032-(ENGLISH)-CZ.ppt	GROUPSCALE	1.000000	1.000000	0.000000	0.000000	True	977900	271462
ws_prod-g-doc-Events-2007-september-MDM.032-(ENGLISH)-CZ.ppt	GROUPSCALE	1.000000	1.000000	0.000000	0.000000	True	3973512	336550
ws_prod-g-doc-Events-2007-september-MDM.032-(ENGLISH)-CZ.ppt	GROUPSCALE	1.000000	1.000000	0.000000	0.000000	True	7310437	958850
ws_prod-g-doc-Events-2007-september-MDM.032-(ENGLISH)-CZ.ppt	GROUPSCALE	1.000000	1.000000	0.000000	0.000000	True	8229600	4511675
ws_prod-g-doc-Events-2007-september-MDM.032-(ENGLISH)-CZ.ppt	GROUPSCALE	1.000000	1.000000	0.000000	0.000000	True	1925637	238125
ws_prod-g-doc-Events-2007-september-MDM.032-(ENGLISH)-CZ.ppt	GROUPSCALE	1.000000	1.000000	0.000000	0.000000	True	5073650	311150
ws_prod-g-doc-Events-2007-september-MDM.032-(ENGLISH)-CZ.ppt	GROUPSCALE	1.000000	1.000000	0.000000	0.000000	True	977900	271462
ws_prod-g-doc-Events-2007-september-MDM.032-(ENGLISH)-CZ.ppt	GROUPSCALE	1.000000	1.000000	0.000000	0.000000	True	3973512	336550
ws_prod-g-doc-Events-2007-september-MDM.032-(ENGLISH)-CZ.ppt	GROUPSCALE	1.000000	1.000000	0.000000	0.000000	True	7310437	958850
ws_prod-g-doc-Events-2007-september-MDM.032-(ENGLISH)-CZ.ppt	GROUPSCALE	1.000000	1.000000	0.000000	0.000000	True	8229600	4511675
ws_prod-g-doc-Events-2007-september-MDM.032-(ENGLISH)-CZ.ppt	GROUPSCALE	1.000000	1.000000	0.000000	0.000000	True	1925637	238125
ws_prod-g-doc-Events-2007-september-MDM.032-(ENGLISH)-CZ.ppt	GROUPSCALE	1.000000	1.000000	0.000000	0.000000	True	5073650	311150
ws_prod-g-doc-Events-2007-september-MDM.032-(ENGLISH)-CZ.ppt	GROUPSCALE	1.000000	1.000000	0.000000	0.000000	True	977900	271462
ws_prod-g-doc-Events-2007-september-MDM.032-(ENGLISH)-CZ.ppt	GROUPSCALE	1.000000	1.000000	0.000000	0.000000	True	3973512	336550
ws_prod-g-doc-Events-2007-september-MDM.032-(ENGLISH)-CZ.ppt	GROUPSCALE	1.000000	1.000000	0.000000	0.000000	True	7310437	958850
ws_prod-g-doc-Events-2007-september-MDM.032-(ENGLISH)-CZ.ppt	GROUPSCALE	1.000000	1.000000	0.000000	0.000000	True	8229600	4511675
ws_prod-g-doc-Events-2007-september-MDM.032-(ENGLISH)-CZ.ppt	GROUPSCALE	1.000000	1.000000	0.000000	0.000000	True	1925637	238125
ws_prod-g-doc-Events-2007-september-MDM.032-(ENGLISH)-CZ.ppt	GROUPSCALE	1.000000	1.000000	0.000000	0.000000	True	5073650	311150
ws_prod-g-doc-Events-2007-september-MDM.032-(ENGLISH)-CZ.ppt	GROUPSCALE	1.000000	1.000000	0.000000	0.000000	True	977900	271462
ws_prod-g-doc-Events-2007-september-MDM.032-(ENGLISH)-CZ.ppt	GROUPSCALE	1.000000	1.000000	0.000000	0.000000	True	3973512	336550
ws_prod-g-doc-Events-2007-september-MDM.032-(ENGLISH)-CZ.ppt	GROUPSCALE	1.000000	1.000000	0.000000	0.000000	True	7310437	958850
ws_prod-g-doc-Events-2007-september-MDM.032-(ENGLISH)-CZ.ppt	GROUPSCALE	1.000000	1.000000	0.000000	0.000000	True	8229600	4511675
ws_prod-g-doc-Events-2007-september-MDM.032-(ENGLISH)-CZ.ppt	GROUPSCALE	1.000000	1.000000	0.000000	0.000000	True	1925637	238125
ws_prod-g-doc-Events-2007-september-MDM.032-(ENGLISH)-CZ.ppt	GROUPSCALE	1.000000	1.000000	0.000000	0.000000	True	5073650	311150
ws_prod-g-doc-Events-2007-september-MDM.032-(ENGLISH)-CZ.ppt	GROUPSCALE	1.000000	1.000000	0.000000	0.000000	True	977900	271462
ws_prod-g-doc-Events-2007-september-MDM.032-(ENGLISH)-CZ.ppt	GROUPSCALE	1.000000	1.000000	0.000000	0.000000	True	3973512	336550
ws_prod-g-doc-Events-2007-september-MDM.032-(ENGLISH)-CZ.ppt	GROUPSCALE	1.000000	1.000000	0.000000	0.000000	True	7310437	958850
ws_prod-g-doc-Events-2007-september-MDM.032-(ENGLISH)-CZ.ppt	GROUPSCALE	1.000000	1.000000	0.000000	0.000000	True	8229600	4511675
ws_prod-g-doc-Events-2007-september-MDM.032-(ENGLISH)-CZ.ppt	GROUPSCALE	1.000000	1.000000	0.000000	0.000000	True	1925637	238125
ws_prod-g-doc-Events-2007-september-MDM.032-(ENGLISH)-CZ.ppt	GROUPSCALE	1.000000	1.000000	0.000000	0.000000	True	5073650	311150
ws_prod-g-doc-Events-2007-september-MDM.032-(ENGLISH)-CZ.ppt	GROUPSCALE	1.000000	1.000000	0.000000	0.000000	True	977900	271462
ws_prod-g-doc-Events-2007-september-MDM.032-(ENGLISH)-CZ.ppt	GROUPSCALE	1.000000	1.000000	0.000000	0.000000	True	3973512	336550
ws_prod-g-doc-Events-2007-september-MDM.032-(ENGLISH)-CZ.ppt	GROUPSCALE	1.000000	1.000000	0.000000	0.000000	True	7310437	958850
ws_prod-g-doc-Events-2007-september-MDM.032-(ENGLISH)-CZ.ppt	GROUPSCALE	1.000000	1.000000	0.000000	0.000000	True	8229600	4511675
ws_prod-g-doc-Events-2007-september-MDM.032-(ENGLISH)-CZ.ppt	GROUPSCALE	1.000000	1.000000	0.000000	0.000000	True	1925637	238125
ws_prod-g-doc-Events-2007-september-MDM.032-(ENGLISH)-CZ.ppt	GROUPSCALE	1.000000	1.000000	0.000000	0.000000	True	5073650	311150
ws_prod-g-doc-Events-2007-september-MDM.032-(ENGLISH)-CZ.ppt	GROUPSCALE	1.000000	1.000000	0.000000	0.000000	True	977900	271462
ws_prod-g-doc-Events-2007-september-MDM.032-(ENGLISH)-CZ.ppt	GROUPSCALE	1.000000	1.000000	0.000000	0.000000	True	3973512	336550
ws_prod-g-doc-Events-2007-september-MDM.032-(ENGLISH)-CZ.ppt	GROUPSCALE	1.000000	1.000000	0.000000	0.000000	True	7310437	958850
ws_prod-g-doc-Events-2007-september-MDM.032-(ENGLISH)-CZ.ppt	GROUPSCALE	1.000000	1.000000	0.000000	0.000000	True	8229600	4511675
ws_prod-g-doc-Events-2007-september-MDM.032-(ENGLISH)-CZ.ppt	GROUPSCALE	1.000000	1.000000	0.000000	0.000000	True	1925637	238125
ws_prod-g-doc-Events-2007-september-MDM.032-(ENGLISH)-CZ.ppt	GROUPSCALE	1.000000	1.000000	0.000000	0.000000	True	5073650	311150
ws_prod-g-doc-Events-2007-september-MDM.032-(ENGLISH)-CZ.ppt	GROUPSCALE	1.000000	1.000000	0.000000	0.000000	True	977900	271462
ws_prod-g-doc-Events-2007-september-MDM.032-(ENGLISH)-CZ.ppt	GROUPSCALE	1.000000	1.000000	0.000000	0.000000	True	3973512	336550
ws_prod-g-doc-Events-2007-september-MDM.032-(ENGLISH)-CZ.ppt	GROUPSCALE	1.000000	1.000000	0.000000	0.000000	True	7310437	958850
ws_prod-g-doc-Events-2007-september-MDM.032-(ENGLISH)-CZ.ppt	GROUPSCALE	1.000000	1.000000	0.000000	0.000000	True	8229600	4511675
ws_prod-g-doc-Events-2007-september-MDM.032-(ENGLISH)-CZ.ppt	GROUPSCALE	1.000000	1.000000	0.000000	0.000000	True	1925637	238125
ws_prod-g-doc-Events-2007-september-MDM.032-(ENGLISH)-CZ.ppt	GROUPSCALE	1.000000	1.000000	0.000000	0.000000	True	5073650	311150
ws_prod-g-doc-Events-2007-september-MDM.032-(ENGLISH)-CZ.ppt	GROUPSCALE	1.000000	1.000000	0.000000	0.000000	True	977900	271462
ws_prod-g-doc-Events-2007-september-MDM.032-(ENGLISH)-CZ.ppt	GROUPSCALE	1.000000	1.000000	0.000000	0.000000	True	3973512	336550
ws_prod-g-doc-Events-2007-september-MDM.032-(ENGLISH)-CZ.ppt	GROUPSCALE	1.000000	1.000000	0.000000	0.000000	True	7310437	958850
ws_prod-g-doc-Events-2007-september-MDM.032-(ENGLISH)-CZ.ppt	GROUPSCALE	1.000000	1.000000	0.000000	0.000000	True	8229600	4511675
ws_prod-g-doc-Events-2007-september-MDM.032-(ENGLISH)-CZ.ppt	GROUPSCALE	1.000000	1.000000	0.000000	0.000000	True	1925637	238125
ws_prod-g-doc-Events-2007-september-MDM.032-(ENGLISH)-CZ.ppt	GROUPSCALE	1.000000	1.000000	0.000000	0.000000	True	5073650	311150
ws_prod-g-doc-Events-2007-september-MDM.032-(ENGLISH)-CZ.ppt	GROUPSCALE	1.000000	1.000000	0.000000	0.000000	True	977900	271462
ws_prod-g-doc-Events-2007-september-MDM.032-(ENGLISH)-CZ.ppt	GROUPSCALE	1.000000	1.000000	0.000000	0.000000	True	3973512	336550
ws_prod-g-doc-Events-2007-september-MDM.032-(ENGLISH)-CZ.ppt	GROUPSCALE	1.000000	1.000000	0.000000	0.000000	True	7310437	958850
ws_prod-g-doc-Events-2007-september-MDM.032-(ENGLISH)-CZ.ppt	GROUPSCALE	1.000000	1.000000	0.000000	0.000000	True	8229600	4511675
ws_prod-g-doc-Events-2007-september-MDM.032-(ENGLISH)-CZ.ppt	GROUPSCALE	1.000000	1.000000	0.000000	0.000000	True	1925637	238125
ws_prod-g-doc-Events-2007-september-MDM.032-(ENGLISH)-CZ.ppt	GROUPSCALE	1.000000	1.000000	0.000000	0.000000	True	5073650	311150
ws_prod-g-doc-Events-2007-september-MDM.032-(ENGLISH)-CZ.ppt	GROUPSCALE	1.000000	1.000000	0.000000	0.000000	True	977900	271462
ws_prod-g-doc-Events-2007-september-MDM.032-(ENGLISH)-CZ.ppt	GROUPSCALE	1.000000	1.000000	0.000000	0.000000	True	3973512	336550
ws_prod-g-doc-Events-2007-september-MDM.032-(ENGLISH)-CZ.ppt	GROUPSCALE	1.000000	1.000000	0.000000	0.000000	True	7310437	958850
ws_prod-g-doc-Events-2007-september-MDM.032-(ENGLISH)-CZ.ppt	GROUPSCALE	1.000000	1.000000	0.000000	0.000000	True	8229600	4511675
ws_prod-g-doc-Events-2007-september-MDM.032-(ENGLISH)-CZ.ppt	GROUPSCALE	1.000000	1.000000	0.000000	0.000000	True	1925637	238125
ws_prod-g-doc-Events-2007-september-MDM.032-(ENGLISH)-CZ.ppt	GROUPSCALE	1.000000	1.000000	0.000000	0.000000	True	5073650	311150
ws_prod-g-doc-Events-2007-september-MDM.032-(ENGLISH)-CZ.ppt	GROUPSCALE	1.000000	1.000000	0.000000	0.000000	True	977900	271462
ws_prod-g-doc-Events-2007-september-MDM.032-(ENGLISH)-CZ.ppt	GROUPSCALE	1.000000	1.000000	0.000000	0.000000	True	3973512	336550
ws_prod-g-doc-Events-2007-september-MDM.032-(ENGLISH)-CZ.ppt	GROUPSCALE	1.000000	1.000000	0.000000	0.000000	True	7310437	958850
ws_prod-g-doc-Events-2007-september-MDM.032-(ENGLISH)-CZ.ppt	GROUPSCALE	1.000000	1.000000	0.000000	0.000000	True	8229600	4511675
ws_prod-g-doc-Events-2007-september-MDM.032-(ENGLISH)-CZ.ppt	GROUPSCALE	1.000000	1.000000	0.000000	0.000000	True	1925637	238125
ws_prod-g-doc-Events-2007-september-MDM.032-(ENGLISH)-CZ.ppt	GROUPSCALE	1.000000	1.000000	0.000000	0.000000	True	5073650	311150
ws_prod-g-doc-Events-2007-september-MDM.032-(ENGLISH)-CZ.ppt	GROUPSCALE	1.000000	1.000000	0.000000	0.000000	True	977900	271462
ws_prod-g-doc-Events-2007-september-MDM.032-(ENGLISH)-CZ.ppt	GROUPSCALE	1.000000	1.000000	0.000000	0.000000	True	3973512	336550
ws_prod-g-doc-Events-2007-september-MDM.032-(ENGLISH)-CZ.ppt	GROUPSCALE	1.000000	1.000000	0.000000	0.000000	True	7310437	958850
ws_prod-g-doc-Events-2007-september-MDM.032-(ENGLISH)-CZ.ppt	GROUPSCALE	1.000000	1.000000	0.000000	0.000000	True	8229600	4511675
ws_prod-g-doc-Events-2007-september-MDM.032-(ENGLISH)-CZ.ppt	GROUPSCALE	1.000000	1.000000	0.000000	0.000000	True	1925637	238125
ws_prod-g-doc-Events-2007-september-MDM.032-(ENGLISH)-CZ.ppt	GROUPSCALE	1.000000	1.000000	0.000000	0.000000	True	5073650	311150
ws_prod-g-doc-Events-2007-september-MDM.032-(ENGLISH)-CZ.ppt	GROUPSCALE	1.000000	1.000000	0.000000	0.000000	True	977900	271462
ws_prod-g-doc-Events-2007-september-MDM.032-(ENGLISH)-CZ.ppt	GROUPSCALE	1.000000	1.000000	0.000000	0.000000	True	3973512	336550
ws_prod-g-doc-Events-2007-september-MDM.032-(ENGLISH)-CZ.ppt	GROUPSCALE	1.000000	1.000000	0.000000	0.000000	True	7310437	958850
ws_prod-g-doc-Events-2007-september-MDM.032-(ENGLISH)-CZ.ppt	GROUPSCALE	1.000000	1.000000	0.000000	0.000000	True	8229600	4511675
ws_prod-g-doc-Events-2007-september-MDM.032-(ENGLISH)-CZ.ppt	GROUPSCALE	1.000000	1.000000	0.000000	0.000000	True	1925637	238125
ws_prod-g-doc-Events-2007-september-MDM.032-(ENGLISH)-CZ.ppt	GROUPSCALE	1.000000	1.000000	0.000000	0.000000	True	5073650	311150
ws_prod-g-doc-Events-2007-september-MDM.032-(ENGLISH)-CZ.ppt	GROUPSCALE	1.000000	1.000000	0.000000	0.000000	True	977900	271462
ws_prod-g-doc-Events-2007-september-MDM.032-(ENGLISH)-CZ.ppt	GROUPSCALE	1.000000	1.000000	0.000000	0.000000	True	3973512	336550
ws_prod-g-doc-Events-2007-september-MDM.032-(ENGLISH)-CZ.ppt	GROUPSCALE	1.000000	1.000000	0.000000	0.000000	True	7310437	958850
ws_prod-g-doc-Events-2007-september-MDM.032-(ENGLISH)-CZ.ppt	GROUPSCALE	1.000000	1.000000	0.000000	0.000000	True	8229600	4511675
ws_prod-g-doc-Events-2007-september-MDM.032-(ENGLISH)-CZ.ppt	GROUPSCALE	1.000000	1.000000	0.000000	0.000000	True	1925637	238125
ws_prod-g-doc-Events-2007-september-MDM.032-(ENGLISH)-CZ.ppt	GROUPSCALE	1.000000	1.000000	0.000000	0.000000	True	5073650	311150
ws_prod-g-doc-Events-2007-september-MDM.032-(ENGLISH)-CZ.ppt	GROUPSCALE	1.000000	1.000000	0.000000	0.000000	True	977900	271462
ws_prod-g-doc-Events-2007-september-MDM.032-(ENGLISH)-CZ.ppt	GROUPSCALE	1.000000	1.000000	0.000000	0.000000	True	3973512	336550
ws_prod-g-doc-Events-2007-september-MDM.032-(ENGLISH)-CZ.ppt	GROUPSCALE	1.000000	1.000000	0.000000	0.000000	True	7310437	958850
ws_prod-g-doc-Events-2007-september-MDM.032-(ENGLISH)-CZ.ppt	GROUPSCALE	1.000000	1.000000	0.000000	0.000000	True	8229600	4511675
ws_prod-g-doc-Events-2007-september-MDM.032-(ENGLISH)-CZ.ppt	GROUPSCALE	1.000000	1.000000	0.000000	0.000000	True	1925637	238125
ws_prod-g-doc-Events-2007-september-MDM.032-(ENGLISH)-CZ.ppt	GROUPSCALE	1.000000	1.000000	0.000000	0.000000	True	5073650	311150
ws_prod-g-doc-Events-2007-september-MDM.032-(ENGLISH)-CZ.ppt	GROUPSCALE	1.000000	1.000000	0.000000	0.000000	True	977900	271462
ws_prod-g-doc-Events-2007-september-MDM.032-(ENGLISH)-CZ.ppt	GROUPSCALE	1.000000	1.000000	0.000000	0.000000	True	3973512	336550
ws_prod-g-doc-Events-2007-september-MDM.032-(ENGLISH)-CZ.ppt	GROUPSCALE	1.000000	1.000000	0.000000	0.000000	True	7310437	958850
ws_prod-g-doc-Events-2007-september-MDM.032-(ENGLISH)-CZ.ppt	GROUPSCALE	1.000000	1.000000	0.000000	0.000000	True	8229600	4511675
ws_prod-g-doc-Events-2007-september-MDM.032-(ENGLISH)-CZ.ppt	GROUPSCALE	1.000000	1.000000	0.000000	0.000000	True	1925637	238125
ws_prod-g-doc-Events-2007-september-MDM.032-(ENGLISH)-CZ.ppt	GROUPSCALE	1.000000	1.000000	0.000000	0.000000	True	5073650	311150
ws_prod-g-doc-Events-2007-september-MDM.032-(ENGLISH)-CZ.ppt	GROUPSCALE	1.000000	1.000000	0.000000	0.000000	True	977900	271462
ws_prod-g-doc-Events-2007-september-MDM.032-(ENGLISH)-CZ.ppt	GROUPSCALE	1.000000	1.000000	0.000000	0.000000	True	3973512	336550
ws_prod-g-doc-Events-2007-september-MDM.032-(ENGLISH)-CZ.ppt	GROUPSCALE	1.000000	1.000000	0.000000	0.000000	True	7310437	958850
ws_prod-g-doc-Events-2007-september-MDM.032-(ENGLISH)-CZ.ppt	GROUPSCALE	1.000000	1.000000	0.000000	0.000000	True	8229600	4511675
ws_prod-g-doc-Events-2007-september-MDM.032-(ENGLISH)-CZ.ppt	GROUPSCALE	1.000000	1.000000	0.000000	0.000000	True	1925637	238125
ws_prod-g-doc-Events-2007-september-MDM.032-(ENGLISH)-CZ.ppt	GROUPSCALE	1.000000	1.000000	0.000000	0.000000	True	5073650	311150
ws_prod-g-doc-Events-2007-september-MDM.032-(ENGLISH)-CZ.ppt	GROUPSCALE	1.000000	1.000000	0.000000	0.000000	True	977900	271462
ws_prod-g-doc-Events-2007-september-MDM.032-(ENGLISH)-CZ.ppt	GROUPSCALE	1.000000	1.000000	0.000000	0.000000	True	3973512	336550
ws_prod-g-doc-Events-2007-september-MDM.032-(ENGLISH)-CZ.ppt	GROUPSCALE	1.000000	1.000000	0.000000	0.000000	True	7310437	958850
ws_prod-g-doc-Events-2007-september-MDM.032-(ENGLISH)-CZ.ppt	GROUPSCALE	1.000000	1.000000	0.000000	0.000000	True	8229600	4511675
ws_prod-g-doc-Events-2007-september-MDM.032-(ENGLISH)-CZ.ppt	GROUPSCALE	1.000000	1.000000	0.000000	0.000000	True	1925637	238125
ws_prod-g-doc-Events-2007-september-MDM.032-(ENGLISH)-CZ.ppt	GROUPSCALE	1.000000	1.000000	0.000000	0.000000	True	5073650	311150
ws_prod-g-doc-Events-2007-september-MDM.032-(ENGLISH)-CZ.ppt	GROUPSCALE	1.000000	1.000000	0.000000	0.000000	True	977900	271462
ws_prod-g-doc-Events-2007-september-MDM.032-(ENGLISH)-CZ.ppt	GROUPSCALE	1.000000	1.000000	0.000000	0.000000	True	3973512	336550
ws_prod-g-doc-Events-2007-september-MDM.032-(ENGLISH)-CZ.ppt	GROUPSCALE	1.000000	1.000000	0.000000	0.000000	True	7310437	958850
ws_prod-g-doc-Events-2007-september-MDM.032-(ENGLISH)-CZ.ppt	GROUPSCALE	1.000000	1.000000	0.000000	0.000000	True	8229600	4511675
ws_prod-g-doc-Events-2007-september-MDM.032-(ENGLISH)-CZ.ppt	GROUPSCALE	1.000000	1.000000	0.000000	0.000000	True	1925637	238125
ws_prod-g-doc-Events-2007-september-MDM.032-(ENGLISH)-CZ.ppt	GROUPSCALE	1.000000	1.000000	0.000000	0.000000	True	5073650	311150
ws_prod-g-doc-Events-2007-september-MDM.032-(ENGLISH)-CZ.ppt	GROUPSCALE	1.000000	1.000000	0.000000	0.000000	True	977900	271462
ws_prod-g-doc-Events-2007-september-MDM.032-(ENGLISH)-CZ.ppt	GROUPSCALE	1.000000	1.000000	0.000000	0.000000	True	3973512	336550
ws_prod-g-doc-Events-2007-september-MDM.032-(ENGLISH)-CZ.ppt	GROUPSCALE	1.000000	1.000000	0.000000	0.000000	True	7310437	958850
ws_prod-g-doc-Events-2007-september-MDM.032-(ENGLISH)-CZ.ppt	GROUPSCALE	1.000000	1.000000	0.000000	0.000000	True	8229600	4511675
ws_prod-g-doc-Events-2007-september-MDM.032-(ENGLISH)-CZ.ppt	GROUPSCALE	1.000000	1.000000	0.000000	0.000000	True	1925637	238125
ws_prod-g-doc-Events-2007-september-MDM.032-(ENGLISH)-CZ.ppt	GROUPSCALE	1.000000	1.000000	0.000000	0.000000	True	5073650	311150
ws_prod-g-doc-Events-2007-september-MDM.032-(ENGLISH)-CZ.ppt	GROUPSCALE	1.000000	1.000000	0.000000	0.000000	True	977900	271462
ws_prod-g-doc-Events-2007-september-MDM.032-(ENGLISH)-CZ.ppt	GROUPSCALE	1.000000	1.000000	0.000000	0.000000	True	3973512	336550
ws_prod-g-doc-Events-2007-september-MDM.032-(ENGLISH)-CZ.ppt	GROUPSCALE	1.000000	1.000000	0.000000	0.000000	True	7310437	958850
ws_prod-g-doc-Events-2007-september-MDM.032-(ENGLISH)-CZ.ppt	GROUPSCALE	1.000000	1.000000	0.000000	0.000000	True	8229600	4511675
ws_prod-g-doc-Events-2007-september-MDM.032-(ENGLISH)-CZ.ppt	GROUPSCALE	1.000000	1.000000	0.000000	0.000000	True	1925637	238125
ws_prod-g-doc-Events-2007-september-MDM.032-(ENGLISH)-CZ.ppt	GROUPSCALE	1.000000	1.000000	0.000000	0.000000	True	5073650	311150
ws_prod-g-doc-Events-2007-september-MDM.032-(ENGLISH)-CZ.ppt	GROUPSCALE	1.000000	1.000000	0.000000	0.000000	True	977900	271462
ws_prod-g-doc-Events-2007-september-MDM.032-(ENGLISH)-CZ.ppt	GROUPSCALE	1.000000	1.000000	0.000000	0.000000	True	3973512	336550
ws_prod-g-doc-Events-2007-september-MDM.032-(ENGLISH)-CZ.ppt	GROUPSCALE	1.000000	1.000000	0.000000	0.000000	True	7310437	958850
ws_prod-g-doc-Events-2007-september-MDM.032-(ENGLISH)-CZ.ppt	GROUPSCALE	1.000000	1.000000	0.000000	0.000000	True	8229600	4511675
ws_prod-g-doc-Events-2007-september-MDM.032-(ENGLISH)-CZ.ppt	GROUPSCALE	1.000000	1.000000	0.000000	0.000000	True	1925637	238125
ws_prod-g-doc-Events-2007-september-MDM.032-(ENGLISH)-CZ.ppt	GROUPSCALE	1.000000	1.000000	0.000000	0.000000	True	5073650	311150
ws_prod-g-doc-Events-2007-september-MDM.032-(ENGLISH)-CZ.ppt	GROUPSCALE	1.000000	1.000000	0.000000	0.000000	True	977900	271462
ws_prod-g-doc-Events-2007-september-MDM.032-(ENGLISH)-CZ.ppt	GROUPSCALE	1.000000	1.000000	0.000000	0.000000	True	3973512	336550
ws_prod-g-doc-Events-2007-september-MDM.032-(ENGLISH)-CZ.ppt	GROUPSCALE	1.000000	1.000000	0.000000	0.000000	True	7310437	958850
ws_prod-g-doc-Events-2007-september-MDM.032-(ENGLISH)-CZ.ppt	GROUPSCALE	1.000000	1.000000	0.000000	0.000000	True	8229600	4511675
ws_prod-g-doc-Events-2007-september-MDM.032-(ENGLISH)-CZ.ppt	GROUPSCALE	1.000000	1.000000	0.000000	0.000000	True	1925637	238125
ws_prod-g-doc-Events-2007-september-MDM.032-(ENGLISH)-CZ.ppt	GROUPSCALE	1.000000	1.000000	0.000000	0.000000	True	5073650	311150
ws_prod-g-doc-Events-2007-september-MDM.032-(ENGLISH)-CZ.ppt	GROUPSCALE	1.000000	1.000000	0.000000	0.000000	True	977900	271462
ws_prod-g-doc-Events-2007-september-MDM.032-(ENGLISH)-CZ.ppt	GROUPSCALE	1.000000	1.000000	0.000000	0.000000	True	3973512	336550
ws_prod-g-doc-Events-2007-september-MDM.032-(ENGLISH)-CZ.ppt	GROUPSCALE	1.000000	1.000000	0.000000	0.000000	True	7310437	958850
ws_prod-g-doc-Events-2007-september-MDM.032-(ENGLISH)-CZ.ppt	GROUPSCALE	1.000000	1.000000	0.000000	0.000000	True	8229600	4511675
ws_prod-g-doc-Events-2007-september-MDM.032-(ENGLISH)-CZ.ppt	GROUPSCALE	1.000000	1.000000	0.000000	0.000000	True	1925637	238125
ws_prod-g-doc-Events-2007-september-MDM.032-(ENGLISH)-CZ.ppt	GROUPSCALE	1.000000	1.000000	0.000000	0.000000	True	5073650	311150
ws_prod-g-doc-Events-2007-september-MDM.032-(ENGLISH)-CZ.ppt	GROUPSCALE	1.000000	1.000000	0.000000	0.000000	True	977900	271462
ws_prod-g-doc-Events-2007-september-MDM.032-(ENGLISH)-CZ.ppt	GROUPSCALE	1.000000	1.000000	0.000000	0.000000	True	3973512	336550
ws_prod-g-doc-Events-2007-september-MDM.032-(ENGLISH)-CZ.ppt	GROUPSCALE	1.000000	1.000000	0.000000	0.000000	True	7310437	958850
ws_prod-g-doc-Events-2007-september-MDM.032-(ENGLISH)-CZ.ppt	GROUPSCALE	1.000000	1.000000	0.000000	0.000000	True	8229600	4511675
ws_prod-g-doc-Events-2007-september-MDM.032-(ENGLISH)-CZ.ppt	GROUPSCALE	1.000000	1.000000	0.000000	0.000000	True	1925637	238125
ws_prod-g-doc-Events-2007-september-MDM.032-(ENGLISH)-CZ.ppt	GROUPSCALE	1.000000	1.000000	0.000000	0.000000	True	5073650	311150
ws_prod-g-doc-Events-2007-september-MDM.032-(ENGLISH)-CZ.ppt	GROUPSCALE	1.000000	1.000000	0.000000	0.000000	True	977900	271462
ws_prod-g-doc-Events-2007-september-MDM.032-(ENGLISH)-CZ.ppt	GROUPSCALE	1.000000	1.000000	0.000000	0.000000	True	3973512	336550
ws_prod-g-doc-Events-2007-september-MDM.032-(ENGLISH)-CZ.ppt	GROUPSCALE	1.000000	1.000000	0.000000	0.000000	True	7310437	958850
ws_prod-g-doc-Events-2007-september-MDM.032-(ENGLISH)-CZ.ppt	GROUPSCALE	1.000000	1.000000	0.000000	0.000000	True	8229600	4511675
ws_prod-g-doc-Events-2007-september-MDM.032-(ENGLISH)-CZ.ppt	GROUPSCALE	1.000000	1.000000	0.000000	0.000000	True	1925637	238125
ws_prod-g-doc-Events-2007-september-MDM.032-(ENGLISH)-CZ.ppt	GROUPSCALE	1.000000	1.000000	0.000000	0.000000	True	5073650	311150
ws_prod-g-doc-Events-2007-september-MDM.032-(ENGLISH)-CZ.ppt	GROUPSCALE	1.000000	1.000000	0.000000	0.000000	True	977900	271462
ws_prod-g-doc-Events-2007-september-MDM.032-(ENGLISH)-CZ.ppt	GROUPSCALE	1.000000	1.000000	0.000000	0.000000	True	3973512	336550
ws_prod-g-doc-Events-2007-september-MDM.032-(ENGLISH)-CZ.ppt	GROUPSCALE	1.000000	1.000000	0.000000	0.000000	True	7310437	958850
ws_prod-g-doc-Events-2007-september-MDM.032-(ENGLISH)-CZ.ppt	GROUPSCALE	1.000000	1.000000	0.000000	0.000000	True	8229600	4511675
ws_prod-g-doc-Events-2007-september-MDM.032-(ENGLISH)-CZ.ppt	GROUPSCALE	1.000000	1.000000	0.000000	0.000000	True	1925637	238125
ws_prod-g-doc-Events-2007-september-MDM.032-(ENGLISH)-CZ.ppt	GROUPSCALE	1.000000	1.000000	0.000000	0.000000	True	5073650	311150
ws_prod-g-doc-Events-2007-september-MDM.032-(ENGLISH)-CZ.ppt	GROUPSCALE	1.000000	1.000000	0.000000	0.000000	True	977900	271462
ws_prod-g-doc-Events-2007-september-MDM.032-(ENGLISH)-CZ.ppt	GROUPSCALE	1.000000	1.000000	0.000000	0.000000	True	3973512	336550
ws_prod-g-doc-Events-2007-september-MDM.032-(ENGLISH)-CZ.ppt	GROUPSCALE	1.000000	1.000000	0.000000	0.000000	True	7310437	958850
ws_prod-g-doc-Events-2007-september-MDM.032-(ENGLISH)-CZ.ppt	GROUPSCALE	1.000000	1.000000	0.000000	0.000000	True	8229600	4511675
ws_prod-g-doc-Events-2007-september-MDM.032-(ENGLISH)-CZ.ppt	GROUPSCALE	1.000000	1.000000	0.000000	0.000000	True	1925637	238125
ws_prod-g-doc-Events-2007-september-MDM.032-(ENGLISH)-CZ.ppt	GROUPSCALE	1.000000	1.000000	0.000000	0.000000	True	5073650	311150
ws_prod-g-doc-Events-2007-september-MDM.032-(ENGLISH)-CZ.ppt	GROUPSCALE	1.000000	1.000000	0.000000	0.000000	True	977900	271462
ws_prod-g-doc-Events-2007-september-MDM.032-(ENGLISH)-CZ.ppt	GROUPSCALE	1.000000	1.000000	0.000000	0.000000	True	3973512	336550
ws_prod-g-doc-Events-2007-september-MDM.032-(ENGLISH)-CZ.ppt	GROUPSCALE	1.000000	1.000000	0.000000	0.000000	True	7310437	958850
ws_prod-g-doc-Events-2007-september-MDM.032-(ENGLISH)-CZ.ppt	GROUPSCALE	1.000000	1.000000	0.000000	0.000000	True	8229600	4511675
ws_prod-g-doc-Events-2007-september-MDM.032-(ENGLISH)-CZ.ppt	GROUPSCALE	1.000000	1.000000	0.000000	0.000000	True	1925637	238125
ws_prod-g-doc-Events-2007-september-MDM.032-(ENGLISH)-CZ.ppt	GROUPSCALE	1.000000	1.000000	0.000000	0.000000	True	5073650	311150
ws_prod-g-doc-Events-2007-september-MDM.032-(ENGLISH)-CZ.ppt	GROUPSCALE	1.000000	1.000000	0.000000	0.000000	True	977900	271462
ws_prod-g-doc-Events-2007-september-MDM.032-(ENGLISH)-CZ.ppt	GROUPSCALE	1.000000	1.000000	0.000000	0.000000	True	3973512	336550
ws_prod-g-doc-Events-2007-september-MDM.032-(ENGLISH)-CZ.ppt	GROUPSCALE	1.000000	1.000000	0.000000	0.000000	True	7310437	958850
ws_prod-g-doc-Events-2007-september-MDM.032-(ENGLISH)-CZ.ppt	GROUPSCALE	1.000000	1.000000	0.000000	0.000000	True	8229600	4511675
ws_prod-g-doc-Events-2007-september-MDM.032-(ENGLISH)-CZ.ppt	GROUPSCALE	1.000000	1.000000	0.000000	0.000000	True	1925637	238125
ws_prod-g-doc-Events-2007-september-MDM.032-(ENGLISH)-CZ.ppt	GROUPSCALE	1.000000	1.000000	0.000000	0.000000	True	5073650	311150
ws_prod-g-doc-Events-2007-september-MDM.032-(ENGLISH)-CZ.ppt	GROUPSCALE	1.000000	1.000000	0.000000	0.000000	True	977900	271462
ws_prod-g-doc-Events-2007-september-MDM.032-(ENGLISH)-CZ.ppt	GROUPSCALE	1.000000	1.000000	0.000000	0.000000	True	3973512	336550
ws_prod-g-doc-Events-2007-september-MDM.032-(ENGLISH)-CZ.ppt	GROUPSCALE	1.000000	1.000000	0.000000	0.000000	True	7310437	958850
ws_prod-g-doc-Events-2007-september-MDM.032-(ENGLISH)-CZ.ppt	GROUPSCALE	1.000000	1.000000	0.000000	0.000000	True	739775	411162
ws_prod-g-doc-Events-2007-september-MDM.032-(ENGLISH)-CZ.ppt	GROUPSCALE	1.000000	1.000000	0.000000	0.000000	True	3505200	609600
ws_prod-g-doc-Events-2007-september-MDM.032-(ENGLISH)-CZ.ppt	GROUPSCALE	1.000000	1.000000	0.000000	0.000000	True	1600200	319087
ws_prod-g-doc-Events-2007-september-MDM.032-(ENGLISH)-CZ.ppt	GROUPSCALE	1.000000	1.000000	0.000000	0.000000	True	1676400	319087
ws_prod-g-doc-Events-2007-september-MDM.032-(ENGLISH)-CZ.ppt	GROUPSCALE	1.000000	1.000000	0.000000	0.000000	True	1600200	212725
ws_prod-g-doc-Events-2007-september-MDM.032-(ENGLISH)-CZ.ppt	GROUPSCALE	1.000000	1.000000	0.000000	0.000000	True	1600200	319087
ws_prod-g-doc-Events-2007-september-MDM.032-(ENGLISH)-CZ.ppt	GROUPSCALE	1.000000	1.000000	0.000000	0.000000	True	804862	106362
ws_prod-g-doc-Events-2007-september-MDM.032-(ENGLISH)-CZ.ppt	GROUPSCALE	1.000000	1.000000	0.000000	0.000000	True	1066800	184150
ws_prod-g-doc-Events-2007-september-MDM.032-(ENGLISH)-CZ.ppt	GROUPSCALE	1.000000	1.000000	0.000000	0.000000	True	1143000	184150
ws_prod-g-doc-Events-2007-september-MDM.032-(ENGLISH)-CZ.ppt	GROUPSCALE	1.000000	1.000000	0.000000	0.000000	True	693737	212725
ws_prod-g-doc-Events-2007-september-MDM.032-(ENGLISH)-CZ.ppt	GROUPSCALE	1.000000	1.000000	0.000000	0.000000	True	304800	1012825
ws_prod-g-doc-Events-2007-september-MDM.032-(ENGLISH)-CZ.ppt	GROUPSCALE	1.000000	1.000000	0.000000	0.000000	True	303212	552450
ws_prod-g-doc-Events-2007-september-MDM.032-(ENGLISH)-CZ.ppt	GROUPSCALE	1.000000	1.000000	0.000000	0.000000	True	596900	276225
ws_prod-g-doc-Events-2007-september-MDM.032-(ENGLISH)-CZ.ppt	GROUPSCALE	1.000000	1.000000	0.000000	0.000000	True	990600	184150
ws_prod-g-doc-Events-2007-september-MDM.032-(ENGLISH)-CZ.ppt	GROUPSCALE	1.000000	1.000000	0.000000	0.000000	True	1143000	184150
ws_prod-g-doc-Events-2007-september-MDM.032-(ENGLISH)-CZ.ppt	GROUPSCALE	1.000000	1.000000	0.000000	0.000000	True	1042987	92075
ws_prod-g-doc-Events-2007-september-MDM.032-(ENGLISH)-CZ.ppt	GROUPSCALE	1.000000	1.000000	0.000000	0.000000	True	1098550	92075
ws_prod-g-doc-Events-2007-september-MDM.032-(ENGLISH)-CZ.ppt	GROUPSCALE	1.000000	1.000000	0.000000	0.000000	True	4876800	515937
ws_prod-g-doc-Events-2007-september-MDM.032-(ENGLISH)-CZ.ppt	GROUPSCALE	1.000000	1.000000	0.000000	0.000000	True	854075	274637
ws_prod-g-doc-Events-2007-september-MDM.032-(ENGLISH)-CZ.ppt	GROUPSCALE	1.000000	1.000000	0.000000	0.000000	True	2017712	287337
ws_prod-g-doc-Events-2007-september-MDM.032-(ENGLISH)-CZ.ppt	GROUPSCALE	1.000000	1.000000	0.000000	0.000000	True	858837	469900
ws_prod-g-doc-Events-2007-september-MDM.032-(ENGLISH)-CZ.ppt	GROUPSCALE	1.000000	1.000000	0.000000	0.000000	True	858837	469900
ws_prod-g-doc-Events-2007-september-MDM.032-(ENGLISH)-CZ.ppt	GROUPSCALE	1.000000	1.000000	0.000000	0.000000	True	3581400	730250
ws_prod-g-doc-Events-2007-september-MDM.032-(ENGLISH)-CZ.ppt	GROUPSCALE	1.000000	1.000000	0.000000	0.000000	True	838200	835025
ws_prod-g-doc-Events-2007-september-MDM.032-(ENGLISH)-CZ.ppt	GROUPSCALE	1.000000	1.000000	0.000000	0.000000	True	1905000	533400
ws_prod-g-doc-Events-2007-september-MDM.032-(ENGLISH)-CZ.ppt	GROUPSCALE	1.000000	1.000000	0.000000	0.000000	True	739775	609600
ws_prod-g-doc-Events-2007-september-MDM.032-(ENGLISH)-CZ.ppt	GROUPSCALE	1.000000	1.000000	0.000000	0.000000	True	2052637	274637
ws_prod-g-doc-Events-2007-september-MDM.032-(ENGLISH)-CZ.ppt	GROUPSCALE	1.000000	1.000000	0.000000	0.000000	True	1925637	238125
ws_prod-g-doc-Events-2007-september-MDM.032-(ENGLISH)-CZ.ppt	GROUPSCALE	1.000000	1.000000	0.000000	0.000000	True	5073650	311150
ws_prod-g-doc-Events-2007-september-MDM.032-(ENGLISH)-CZ.ppt	GROUPSCALE	1.000000	1.000000	0.000000	0.000000	True	977900	271462
ws_prod-g-doc-Events-2007-september-MDM.032-(ENGLISH)-CZ.ppt	GROUPSCALE	1.000000	1.000000	0.000000	0.000000	True	3973512	336550
ws_prod-g-doc-Events-2007-september-MDM.032-(ENGLISH)-CZ.ppt	GROUPSCALE	1.000000	1.000000	0.000000	0.000000	True	7310437	958850
ws_prod-g-doc-Events-2007-september-MDM.032-(ENGLISH)-CZ.ppt	GROUPSCALE	1.000000	1.000000	0.000000	0.000000	True	8229600	4511675
ws_prod-g-doc-Events-2007-september-MDM.032-(ENGLISH)-CZ.ppt	GROUPSCALE	1.000000	1.000000	0.000000	0.000000	True	1925637	238125
ws_prod-g-doc-Events-2007-september-MDM.032-(ENGLISH)-CZ.ppt	GROUPSCALE	1.000000	1.000000	0.000000	0.000000	True	5073650	311150
ws_prod-g-doc-Events-2007-september-MDM.032-(ENGLISH)-CZ.ppt	GROUPSCALE	1.000000	1.000000	0.000000	0.000000	True	977900	271462
ws_prod-g-doc-Events-2007-september-MDM.032-(ENGLISH)-CZ.ppt	GROUPSCALE	1.000000	1.000000	0.000000	0.000000	True	3973512	336550
ws_prod-g-doc-Events-2007-september-MDM.032-(ENGLISH)-CZ.ppt	GROUPSCALE	1.000000	1.000000	0.000000	0.000000	True	7310437	958850
ws_prod-g-doc-Events-2007-september-MDM.032-(ENGLISH)-CZ.ppt	GROUPSCALE	1.000000	1.000000	0.000000	0.000000	True	8229600	4511675
ws_prod-g-doc-Events-2007-september-MDM.032-(ENGLISH)-CZ.ppt	GROUPSCALE	1.000000	1.000000	0.000000	0.000000	True	1925637	238125
ws_prod-g-doc-Events-2007-september-MDM.032-(ENGLISH)-CZ.ppt	GROUPSCALE	1.000000	1.000000	0.000000	0.000000	True	5073650	311150
ws_prod-g-doc-Events-2007-september-MDM.032-(ENGLISH)-CZ.ppt	GROUPSCALE	1.000000	1.000000	0.000000	0.000000	True	977900	271462
ws_prod-g-doc-Events-2007-september-MDM.032-(ENGLISH)-CZ.ppt	GROUPSCALE	1.000000	1.000000	0.000000	0.000000	True	3973512	336550
ws_prod-g-doc-Events-2007-september-MDM.032-(ENGLISH)-CZ.ppt	GROUPSCALE	1.000000	1.000000	0.000000	0.000000	True	7310437	958850
ws_prod-g-doc-Events-2007-september-MDM.032-(ENGLISH)-CZ.ppt	GROUPSCALE	1.000000	1.000000	0.000000	0.000000	True	8229600	4511675
ws_prod-g-doc-Events-2007-september-MDM.032-(ENGLISH)-CZ.ppt	GROUPSCALE	1.000000	1.000000	0.000000	0.000000	True	1925637	238125
ws_prod-g-doc-Events-2007-september-MDM.032-(ENGLISH)-CZ.ppt	GROUPSCALE	1.000000	1.000000	0.000000	0.000000	True	5073650	311150
ws_prod-g-doc-Events-2007-september-MDM.032-(ENGLISH)-CZ.ppt	GROUPSCALE	1.000000	1.000000	0.000000	0.000000	True	977900	271462
ws_prod-g-doc-Events-2007-september-MDM.032-(ENGLISH)-CZ.ppt	GROUPSCALE	1.000000	1.000000	0.000000	0.000000	True	3973512	336550
ws_prod-g-doc-Events-2007-september-MDM.032-(ENGLISH)-CZ.ppt	GROUPSCALE	1.000000	1.000000	0.000000	0.000000	True	7310437	958850
ws_prod-g-doc-Events-2007-september-MDM.032-(ENGLISH)-CZ.ppt	GROUPSCALE	1.000000	1.000000	0.000000	0.000000	True	8229600	4511675
ws_prod-g-doc-Events-2007-september-MDM.032-(ENGLISH)-CZ.ppt	GROUPSCALE	1.000000	1.000000	0.000000	0.000000	True	1925637	238125
ws_prod-g-doc-Events-2007-september-MDM.032-(ENGLISH)-CZ.ppt	GROUPSCALE	1.000000	1.000000	0.000000	0.000000	True	5073650	311150
ws_prod-g-doc-Events-2007-september-MDM.032-(ENGLISH)-CZ.ppt	GROUPSCALE	1.000000	1.000000	0.000000	0.000000	True	977900	271462
ws_prod-g-doc-Events-2007-september-MDM.032-(ENGLISH)-CZ.ppt	GROUPSCALE	1.000000	1.000000	0.000000	0.000000	True	3973512	336550
ws_prod-g-doc-Events-2007-september-MDM.032-(ENGLISH)-CZ.ppt	GROUPSCALE	1.000000	1.000000	0.000000	0.000000	True	7310437	958850
ws_prod-g-doc-Events-2007-september-MDM.032-(ENGLISH)-CZ.ppt	GROUPSCALE	1.000000	1.000000	0.000000	0.000000	True	8229600	4511675
ws_prod-g-doc-Events-2007-september-MDM.032-(ENGLISH)-CZ.ppt	GROUPSCALE	1.000000	1.000000	0.000000	0.000000	True	1925637	238125
ws_prod-g-doc-Events-2007-september-MDM.032-(ENGLISH)-CZ.ppt	GROUPSCALE	1.000000	1.000000	0.000000	0.000000	True	5073650	311150
ws_prod-g-doc-Events-2007-september-MDM.032-(ENGLISH)-CZ.ppt	GROUPSCALE	1.000000	1.000000	0.000000	0.000000	True	977900	271462
ws_prod-g-doc-Events-2007-september-MDM.032-(ENGLISH)-CZ.ppt	GROUPSCALE	1.000000	1.000000	0.000000	0.000000	True	3973512	336550
ws_prod-g-doc-Events-2007-september-MDM.032-(ENGLISH)-CZ.ppt	GROUPSCALE	1.000000	1.000000	0.000000	0.000000	True	7310437	958850
ws_prod-g-doc-Events-2007-september-MDM.032-(ENGLISH)-CZ.ppt	GROUPSCALE	1.000000	1.000000	0.000000	0.000000	True	8229600	4511675
ws_prod-g-doc-Events-2007-september-MDM.032-(ENGLISH)-CZ.ppt	GROUPSCALE	1.000000	1.000000	0.000000	0.000000	True	1925637	238125
ws_prod-g-doc-Events-2007-september-MDM.032-(ENGLISH)-CZ.ppt	GROUPSCALE	1.000000	1.000000	0.000000	0.000000	True	5073650	311150
ws_prod-g-doc-Events-2007-september-MDM.032-(ENGLISH)-CZ.ppt	GROUPSCALE	1.000000	1.000000	0.000000	0.000000	True	977900	271462
ws_prod-g-doc-Events-2007-september-MDM.032-(ENGLISH)-CZ.ppt	GROUPSCALE	1.000000	1.000000	0.000000	0.000000	True	3973512	336550
ws_prod-g-doc-Events-2007-september-MDM.032-(ENGLISH)-CZ.ppt	GROUPSCALE	1.000000	1.000000	0.000000	0.000000	True	7310437	958850
ws_prod-g-doc-Events-2007-september-MDM.032-(ENGLISH)-CZ.ppt	GROUPSCALE	1.000000	1.000000	0.000000	0.000000	True	8229600	4511675
undp_presentation_revised_17_may.ppt	GROUPSCALE	1.000000	1.000000	0.000000	0.000000	True	5170487	2620962
undp_presentation_revised_17_may.ppt	GROUPSCALE	1.000000	1.000000	0.000000	0.000000	True	5027612	609600
undp_presentation_revised_17_may.ppt	GROUPSCALE	1.000000	1.000000	0.000000	0.000000	True	1866900	182562
undp_presentation_revised_17_may.ppt	GROUPSCALE	1.000000	1.000000	0.000000	0.000000	True	1905000	228600
undp_presentation_revised_17_may.ppt	GROUPSCALE	1.000000	1.000000	0.000000	0.000000	True	7632700	4349750
undp_presentation_revised_17_may.ppt	GROUPSCALE	1.000000	1.000000	0.000000	0.000000	True	8229600	682625
undp_presentation_revised_17_may.ppt	GROUPSCALE	1.000000	1.000000	0.000000	0.000000	True	1866900	182562
undp_presentation_revised_17_may.ppt	GROUPSCALE	1.000000	1.000000	0.000000	0.000000	True	1905000	228600
undp_presentation_revised_17_may.ppt	GROUPSCALE	1.000000	1.000000	0.000000	0.000000	True	8618537	457200
undp_presentation_revised_17_may.ppt	GROUPSCALE	1.000000	1.000000	0.000000	0.000000	True	7874000	4746625
undp_presentation_revised_17_may.ppt	GROUPSCALE	1.000000	1.000000	0.000000	0.000000	True	1866900	182562
undp_presentation_revised_17_may.ppt	GROUPSCALE	1.000000	1.000000	0.000000	0.000000	True	1905000	228600
undp_presentation_revised_17_may.ppt	GROUPSCALE	1.000000	1.000000	0.000000	0.000000	True	7632700	4511675
undp_presentation_revised_17_may.ppt	GROUPSCALE	1.000000	1.000000	0.000000	0.000000	True	8229600	682625
undp_presentation_revised_17_may.ppt	GROUPSCALE	1.000000	1.000000	0.000000	0.000000	True	1866900	182562
undp_presentation_revised_17_may.ppt	GROUPSCALE	1.000000	1.000000	0.000000	0.000000	True	1905000	228600
undp_presentation_revised_17_may.ppt	GROUPSCALE	1.000000	1.000000	0.000000	0.000000	True	8618537	504825
undp_presentation_revised_17_may.ppt	GROUPSCALE	1.000000	1.000000	0.000000	0.000000	True	4232275	5757862
undp_presentation_revised_17_may.ppt	GROUPSCALE	1.000000	1.000000	0.000000	0.000000	True	1866900	182562
undp_presentation_revised_17_may.ppt	GROUPSCALE	1.000000	1.000000	0.000000	0.000000	True	1905000	228600
undp_presentation_revised_17_may.ppt	GROUPSCALE	1.000000	1.000000	0.000000	0.000000	True	8229600	682625
undp_presentation_revised_17_may.ppt	GROUPSCALE	1.000000	1.000000	0.000000	0.000000	True	7624762	4370387
undp_presentation_revised_17_may.ppt	GROUPSCALE	1.000000	1.000000	0.000000	0.000000	True	1866900	182562
undp_presentation_revised_17_may.ppt	GROUPSCALE	1.000000	1.000000	0.000000	0.000000	True	1905000	228600
undp_presentation_revised_17_may.ppt	GROUPSCALE	1.000000	1.000000	0.000000	0.000000	True	8618537	288925
undp_presentation_revised_17_may.ppt	GROUPSCALE	1.000000	1.000000	0.000000	0.000000	True	8158162	822325
undp_presentation_revised_17_may.ppt	GROUPSCALE	1.000000	1.000000	0.000000	0.000000	True	1866900	182562
undp_presentation_revised_17_may.ppt	GROUPSCALE	1.000000	1.000000	0.000000	0.000000	True	1905000	228600
undp_presentation_revised_17_may.ppt	GROUPSCALE	1.000000	1.000000	0.000000	0.000000	True	8229600	682625
undp_presentation_revised_17_may.ppt	GROUPSCALE	1.000000	1.000000	0.000000	0.000000	True	7624762	4867275
undp_presentation_revised_17_may.ppt	GROUPSCALE	1.000000	1.000000	0.000000	0.000000	True	1866900	182562
undp_presentation_revised_17_may.ppt	GROUPSCALE	1.000000	1.000000	0.000000	0.000000	True	1905000	228600
undp_presentation_revised_17_may.ppt	GROUPSCALE	1.000000	1.000000	0.000000	0.000000	True	8229600	682625
undp_presentation_revised_17_may.ppt	GROUPSCALE	1.000000	1.000000	0.000000	0.000000	True	7624762	4589462
undp_presentation_revised_17_may.ppt	GROUPSCALE	1.000000	1.000000	0.000000	0.000000	True	1866900	182562
undp_presentation_revised_17_may.ppt	GROUPSCALE	1.000000	1.000000	0.000000	0.000000	True	1905000	228600
undp_presentation_revised_17_may.ppt	GROUPSCALE	1.000000	1.000000	0.000000	0.000000	True	8618537	365125
undp_presentation_revised_17_may.ppt	GROUPSCALE	1.000000	1.000000	0.000000	0.000000	True	8313737	3286125
undp_presentation_revised_17_may.ppt	GROUPSCALE	1.000000	1.000000	0.000000	0.000000	True	1866900	182562
undp_presentation_revised_17_may.ppt	GROUPSCALE	1.000000	1.000000	0.000000	0.000000	True	1905000	228600
undp_presentation_revised_17_may.ppt	GROUPSCALE	1.000000	1.000000	0.000000	0.000000	True	8618537	288925
undp_presentation_revised_17_may.ppt	GROUPSCALE	1.000000	1.000000	0.000000	0.000000	True	5145087	579437
undp_presentation_revised_17_may.ppt	GROUPSCALE	1.000000	1.000000	0.000000	0.000000	True	2271712	579437
undp_presentation_revised_17_may.ppt	GROUPSCALE	1.000000	1.000000	0.000000	0.000000	True	5145087	823912
undp_presentation_revised_17_may.ppt	GROUPSCALE	1.000000	1.000000	0.000000	0.000000	True	2271712	823912
undp_presentation_revised_17_may.ppt	GROUPSCALE	1.000000	1.000000	0.000000	0.000000	True	5145087	823912
undp_presentation_revised_17_may.ppt	GROUPSCALE	1.000000	1.000000	0.000000	0.000000	True	2271712	823912
undp_presentation_revised_17_may.ppt	GROUPSCALE	1.000000	1.000000	0.000000	0.000000	True	5145087	579437
undp_presentation_revised_17_may.ppt	GROUPSCALE	1.000000	1.000000	0.000000	0.000000	True	2271712	579437
undp_presentation_revised_17_may.ppt	GROUPSCALE	1.000000	1.000000	0.000000	0.000000	True	5145087	823912
undp_presentation_revised_17_may.ppt	GROUPSCALE	1.000000	1.000000	0.000000	0.000000	True	2271712	823912
undp_presentation_revised_17_may.ppt	GROUPSCALE	1.000000	1.000000	0.000000	0.000000	True	5145087	334962
undp_presentation_revised_17_may.ppt	GROUPSCALE	1.000000	1.000000	0.000000	0.000000	True	2271712	334962
undp_presentation_revised_17_may.ppt	GROUPSCALE	1.000000	1.000000	0.000000	0.000000	True	5145087	365125
undp_presentation_revised_17_may.ppt	GROUPSCALE	1.000000	1.000000	0.000000	0.000000	True	2271712	365125
undp_presentation_revised_17_may.ppt	GROUPSCALE	1.000000	1.000000	0.000000	0.000000	True	1866900	182562
undp_presentation_revised_17_may.ppt	GROUPSCALE	1.000000	1.000000	0.000000	0.000000	True	1905000	228600
undp_presentation_revised_17_may.ppt	GROUPSCALE	1.000000	1.000000	0.000000	0.000000	True	7332662	4986337
undp_presentation_revised_17_may.ppt	GROUPSCALE	1.000000	1.000000	0.000000	0.000000	True	8229600	682625
undp_presentation_revised_17_may.ppt	GROUPSCALE	1.000000	1.000000	0.000000	0.000000	True	1866900	182562
undp_presentation_revised_17_may.ppt	GROUPSCALE	1.000000	1.000000	0.000000	0.000000	True	1905000	228600
undp_presentation_revised_17_may.ppt	GROUPSCALE	1.000000	1.000000	0.000000	0.000000	True	8229600	682625
undp_presentation_revised_17_may.ppt	GROUPSCALE	1.000000	1.000000	0.000000	0.000000	True	8056562	4721225
undp_presentation_revised_17_may.ppt	GROUPSCALE	1.000000	1.000000	0.000000	0.000000	True	1866900	182562
undp_presentation_revised_17_may.ppt	GROUPSCALE	1.000000	1.000000	0.000000	0.000000	True	1905000	228600
undp_presentation_revised_17_may.ppt	GROUPSCALE	1.000000	1.000000	0.000000	0.000000	True	8618537	457200
undp_presentation_revised_17_may.ppt	GROUPSCALE	1.000000	1.000000	0.000000	0.000000	True	8618537	5051425
undp_presentation_revised_17_may.ppt	GROUPSCALE	1.000000	1.000000	0.000000	0.000000	True	1866900	182562
undp_presentation_revised_17_may.ppt	GROUPSCALE	1.000000	1.000000	0.000000	0.000000	True	1905000	228600
undp_presentation_revised_17_may.ppt	GROUPSCALE	1.000000	1.000000	0.000000	0.000000	True	8618537	914400
undp_presentation_revised_17_may.ppt	GROUPSCALE	1.000000	1.000000	0.000000	0.000000	True	8026400	4119562
undp_presentation_revised_17_may.ppt	GROUPSCALE	1.000000	1.000000	0.000000	0.000000	True	1866900	182562
undp_presentation_revised_17_may.ppt	GROUPSCALE	1.000000	1.000000	0.000000	0.000000	True	1905000	228600
undp_presentation_revised_17_may.ppt	GROUPSCALE	1.000000	1.000000	0.000000	0.000000	True	8618537	365125
undp_presentation_revised_17_may.ppt	GROUPSCALE	1.000000	1.000000	0.000000	0.000000	True	1866900	182562
undp_presentation_revised_17_may.ppt	GROUPSCALE	1.000000	1.000000	0.000000	0.000000	True	1905000	228600
undp_presentation_revised_17_may.ppt	GROUPSCALE	1.000000	1.000000	0.000000	0.000000	True	8618537	1095375
undp_presentation_revised_17_may.ppt	GROUPSCALE	1.000000	1.000000	0.000000	0.000000	True	8181975	4667250
undp_presentation_revised_17_may.ppt	GROUPSCALE	1.000000	1.000000	0.000000	0.000000	True	1866900	182562
undp_presentation_revised_17_may.ppt	GROUPSCALE	1.000000	1.000000	0.000000	0.000000	True	1905000	228600
undp_presentation_revised_17_may.ppt	GROUPSCALE	1.000000	1.000000	0.000000	0.000000	True	8618537	365125
undp_presentation_revised_17_may.ppt	GROUPSCALE	1.000000	1.000000	0.000000	0.000000	True	1866900	182562
undp_presentation_revised_17_may.ppt	GROUPSCALE	1.000000	1.000000	0.000000	0.000000	True	1905000	228600
undp_presentation_revised_17_may.ppt	GROUPSCALE	1.000000	1.000000	0.000000	0.000000	True	8618537	288925
undp_presentation_revised_17_may.ppt	GROUPSCALE	1.000000	1.000000	0.000000	0.000000	True	4419600	2768600
undp_presentation_revised_17_may.ppt	GROUPSCALE	1.000000	1.000000	0.000000	0.000000	True	4178300	3376612
undp_presentation_revised_17_may.ppt	GROUPSCALE	1.000000	1.000000	0.000000	0.000000	True	4953000	698500
undp_presentation_revised_17_may.ppt	GROUPSCALE	1.000000	1.000000	0.000000	0.000000	True	3394075	701675
undp_presentation_revised_17_may.ppt	GROUPSCALE	1.000000	1.000000	0.000000	0.000000	True	1866900	182562
undp_presentation_revised_17_may.ppt	GROUPSCALE	1.000000	1.000000	0.000000	0.000000	True	1905000	228600
undp_presentation_revised_17_may.ppt	GROUPSCALE	1.000000	1.000000	0.000000	0.000000	True	8229600	682625
undp_presentation_revised_17_may.ppt	GROUPSCALE	1.000000	1.000000	0.000000	0.000000	True	8839200	2162175
undp_presentation_revised_17_may.ppt	GROUPSCALE	1.000000	1.000000	0.000000	0.000000	True	8534400	1385887
undp_presentation_revised_17_may.ppt	GROUPSCALE	1.000000	1.000000	0.000000	0.000000	True	8915400	1123950
undp_presentation_revised_17_may.ppt	GROUPSCALE	1.000000	1.000000	0.000000	0.000000	True	1866900	182562
undp_presentation_revised_17_may.ppt	GROUPSCALE	1.000000	1.000000	0.000000	0.000000	True	1905000	228600
undp_presentation_revised_17_may.ppt	GROUPSCALE	1.000000	1.000000	0.000000	0.000000	True	8229600	682625
undp_presentation_revised_17_may.ppt	GROUPSCALE	1.000000	1.000000	0.000000	0.000000	True	7624762	4933950
undp_presentation_revised_17_may.ppt	GROUPSCALE	1.000000	1.000000	0.000000	0.000000	True	1866900	182562
undp_presentation_revised_17_may.ppt	GROUPSCALE	1.000000	1.000000	0.000000	0.000000	True	1905000	228600
undp_presentation_revised_17_may.ppt	GROUPSCALE	1.000000	1.000000	0.000000	0.000000	True	7624762	762000
ws_prod-g-doc-Events-2007-september-M.017-(French)-France.ppt	GROUPSCALE	1.000000	1.000000	0.000000	0.000000	True	2133600	222250
ws_prod-g-doc-Events-2007-september-M.017-(French)-France.ppt	GROUPSCALE	1.000000	1.000000	0.000000	0.000000	True	2133600	222250
ws_prod-g-doc-Events-2007-september-M.017-(French)-France.ppt	GROUPSCALE	1.000000	1.000000	0.000000	0.000000	True	7137400	1470025
ws_prod-g-doc-Events-2007-september-M.017-(French)-France.ppt	GROUPSCALE	1.000000	1.000000	0.000000	0.000000	True	6032500	1752600
ws_prod-g-doc-Events-2007-september-M.017-(French)-France.ppt	GROUPSCALE	1.000000	1.000000	0.000000	0.000000	True	1219200	271462
ws_prod-g-doc-Events-2007-september-M.017-(French)-France.ppt	GROUPSCALE	1.000000	1.000000	0.000000	0.000000	True	5797550	242887
ws_prod-g-doc-Events-2007-september-M.017-(French)-France.ppt	GROUPSCALE	1.000000	1.000000	0.000000	0.000000	True	977900	271462
ws_prod-g-doc-Events-2007-september-M.017-(French)-France.ppt	GROUPSCALE	1.000000	1.000000	0.000000	0.000000	True	3973512	336550
ws_prod-g-doc-Events-2007-september-M.017-(French)-France.ppt	GROUPSCALE	1.000000	1.000000	0.000000	0.000000	True	7310437	958850
ws_prod-g-doc-Events-2007-september-M.017-(French)-France.ppt	GROUPSCALE	1.000000	1.000000	0.000000	0.000000	True	8229600	4511675
ws_prod-g-doc-Events-2007-september-M.017-(French)-France.ppt	GROUPSCALE	1.000000	1.000000	0.000000	0.000000	True	1219200	271462
ws_prod-g-doc-Events-2007-september-M.017-(French)-France.ppt	GROUPSCALE	1.000000	1.000000	0.000000	0.000000	True	5797550	242887
ws_prod-g-doc-Events-2007-september-M.017-(French)-France.ppt	GROUPSCALE	1.000000	1.000000	0.000000	0.000000	True	977900	271462
ws_prod-g-doc-Events-2007-september-M.017-(French)-France.ppt	GROUPSCALE	1.000000	1.000000	0.000000	0.000000	True	3973512	336550
ws_prod-g-doc-Events-2007-september-M.017-(French)-France.ppt	GROUPSCALE	1.000000	1.000000	0.000000	0.000000	True	7310437	958850
ws_prod-g-doc-Events-2007-september-M.017-(French)-France.ppt	GROUPSCALE	1.000000	1.000000	0.000000	0.000000	True	8229600	4511675
ws_prod-g-doc-Events-2007-september-M.017-(French)-France.ppt	GROUPSCALE	1.000000	1.000000	0.000000	0.000000	True	1219200	271462
ws_prod-g-doc-Events-2007-september-M.017-(French)-France.ppt	GROUPSCALE	1.000000	1.000000	0.000000	0.000000	True	5797550	242887
ws_prod-g-doc-Events-2007-september-M.017-(French)-France.ppt	GROUPSCALE	1.000000	1.000000	0.000000	0.000000	True	977900	271462
ws_prod-g-doc-Events-2007-september-M.017-(French)-France.ppt	GROUPSCALE	1.000000	1.000000	0.000000	0.000000	True	3973512	336550
ws_prod-g-doc-Events-2007-september-M.017-(French)-France.ppt	GROUPSCALE	1.000000	1.000000	0.000000	0.000000	True	7310437	958850
ws_prod-g-doc-Events-2007-september-M.017-(French)-France.ppt	GROUPSCALE	1.000000	1.000000	0.000000	0.000000	True	8229600	4511675
ws_prod-g-doc-Events-2007-september-M.017-(French)-France.ppt	GROUPSCALE	1.000000	1.000000	0.000000	0.000000	True	1219200	271462
ws_prod-g-doc-Events-2007-september-M.017-(French)-France.ppt	GROUPSCALE	1.000000	1.000000	0.000000	0.000000	True	5797550	242887
ws_prod-g-doc-Events-2007-september-M.017-(French)-France.ppt	GROUPSCALE	1.000000	1.000000	0.000000	0.000000	True	977900	271462
ws_prod-g-doc-Events-2007-september-M.017-(French)-France.ppt	GROUPSCALE	1.000000	1.000000	0.000000	0.000000	True	3973512	336550
ws_prod-g-doc-Events-2007-september-M.017-(French)-France.ppt	GROUPSCALE	1.000000	1.000000	0.000000	0.000000	True	7310437	958850
ws_prod-g-doc-Events-2007-september-M.017-(French)-France.ppt	GROUPSCALE	1.000000	1.000000	0.000000	0.000000	True	8229600	4511675
ws_prod-g-doc-Events-2007-september-M.017-(French)-France.ppt	GROUPSCALE	1.000000	1.000000	0.000000	0.000000	True	1219200	271462
ws_prod-g-doc-Events-2007-september-M.017-(French)-France.ppt	GROUPSCALE	1.000000	1.000000	0.000000	0.000000	True	5797550	242887
ws_prod-g-doc-Events-2007-september-M.017-(French)-France.ppt	GROUPSCALE	1.000000	1.000000	0.000000	0.000000	True	977900	271462
ws_prod-g-doc-Events-2007-september-M.017-(French)-France.ppt	GROUPSCALE	1.000000	1.000000	0.000000	0.000000	True	3973512	336550
ws_prod-g-doc-Events-2007-september-M.017-(French)-France.ppt	GROUPSCALE	1.000000	1.000000	0.000000	0.000000	True	7310437	958850
ws_prod-g-doc-Events-2007-september-M.017-(French)-France.ppt	GROUPSCALE	1.000000	1.000000	0.000000	0.000000	True	8229600	4511675
ws_prod-g-doc-Events-2007-september-M.017-(French)-France.ppt	GROUPSCALE	1.000000	1.000000	0.000000	0.000000	True	1219200	271462
ws_prod-g-doc-Events-2007-september-M.017-(French)-France.ppt	GROUPSCALE	1.000000	1.000000	0.000000	0.000000	True	5797550	242887
ws_prod-g-doc-Events-2007-september-M.017-(French)-France.ppt	GROUPSCALE	1.000000	1.000000	0.000000	0.000000	True	977900	271462
ws_prod-g-doc-Events-2007-september-M.017-(French)-France.ppt	GROUPSCALE	1.000000	1.000000	0.000000	0.000000	True	3973512	336550
ws_prod-g-doc-Events-2007-september-M.017-(French)-France.ppt	GROUPSCALE	1.000000	1.000000	0.000000	0.000000	True	7310437	958850
ws_prod-g-doc-Events-2007-september-M.017-(French)-France.ppt	GROUPSCALE	1.000000	1.000000	0.000000	0.000000	True	8229600	4511675
ws_prod-g-doc-Events-2007-september-M.017-(French)-France.ppt	GROUPSCALE	1.000000	1.000000	0.000000	0.000000	True	1219200	271462
ws_prod-g-doc-Events-2007-september-M.017-(French)-France.ppt	GROUPSCALE	1.000000	1.000000	0.000000	0.000000	True	5797550	242887
ws_prod-g-doc-Events-2007-september-M.017-(French)-France.ppt	GROUPSCALE	1.000000	1.000000	0.000000	0.000000	True	977900	271462
ws_prod-g-doc-Events-2007-september-M.017-(French)-France.ppt	GROUPSCALE	1.000000	1.000000	0.000000	0.000000	True	3973512	336550
ws_prod-g-doc-Events-2007-september-M.017-(French)-France.ppt	GROUPSCALE	1.000000	1.000000	0.000000	0.000000	True	7310437	958850
ws_prod-g-doc-Events-2007-september-M.017-(French)-France.ppt	GROUPSCALE	1.000000	1.000000	0.000000	0.000000	True	8229600	4511675
ws_prod-g-doc-Events-2007-september-M.017-(French)-France.ppt	GROUPSCALE	1.000000	1.000000	0.000000	0.000000	True	1219200	271462
ws_prod-g-doc-Events-2007-september-M.017-(French)-France.ppt	GROUPSCALE	1.000000	1.000000	0.000000	0.000000	True	5797550	242887
ws_prod-g-doc-Events-2007-september-M.017-(French)-France.ppt	GROUPSCALE	1.000000	1.000000	0.000000	0.000000	True	977900	271462
ws_prod-g-doc-Events-2007-september-M.017-(French)-France.ppt	GROUPSCALE	1.000000	1.000000	0.000000	0.000000	True	3973512	336550
ws_prod-g-doc-Events-2007-september-M.017-(French)-France.ppt	GROUPSCALE	1.000000	1.000000	0.000000	0.000000	True	7310437	958850
ws_prod-g-doc-Events-2007-september-M.017-(French)-France.ppt	GROUPSCALE	1.000000	1.000000	0.000000	0.000000	True	8229600	4511675
ws_prod-g-doc-Events-2007-september-M.017-(French)-France.ppt	GROUPSCALE	1.000000	1.000000	0.000000	0.000000	True	1219200	271462
ws_prod-g-doc-Events-2007-september-M.017-(French)-France.ppt	GROUPSCALE	1.000000	1.000000	0.000000	0.000000	True	5797550	242887
ws_prod-g-doc-Events-2007-september-M.017-(French)-France.ppt	GROUPSCALE	1.000000	1.000000	0.000000	0.000000	True	977900	271462
ws_prod-g-doc-Events-2007-september-M.017-(French)-France.ppt	GROUPSCALE	1.000000	1.000000	0.000000	0.000000	True	3973512	336550
ws_prod-g-doc-Events-2007-september-M.017-(French)-France.ppt	GROUPSCALE	1.000000	1.000000	0.000000	0.000000	True	7310437	958850
ws_prod-g-doc-Events-2007-september-M.017-(French)-France.ppt	GROUPSCALE	1.000000	1.000000	0.000000	0.000000	True	8229600	4511675
ws_prod-g-doc-Events-2007-september-M.017-(French)-France.ppt	GROUPSCALE	1.000000	1.000000	0.000000	0.000000	True	1219200	271462
ws_prod-g-doc-Events-2007-september-M.017-(French)-France.ppt	GROUPSCALE	1.000000	1.000000	0.000000	0.000000	True	5797550	242887
ws_prod-g-doc-Events-2007-september-M.017-(French)-France.ppt	GROUPSCALE	1.000000	1.000000	0.000000	0.000000	True	977900	271462
ws_prod-g-doc-Events-2007-september-M.017-(French)-France.ppt	GROUPSCALE	1.000000	1.000000	0.000000	0.000000	True	3973512	336550
ws_prod-g-doc-Events-2007-september-M.017-(French)-France.ppt	GROUPSCALE	1.000000	1.000000	0.000000	0.000000	True	7310437	958850
ws_prod-g-doc-Events-2007-september-M.017-(French)-France.ppt	GROUPSCALE	1.000000	1.000000	0.000000	0.000000	True	8229600	4511675
ws_prod-g-doc-Events-2007-september-M.017-(French)-France.ppt	GROUPSCALE	1.000000	1.000000	0.000000	0.000000	True	1219200	271462
ws_prod-g-doc-Events-2007-september-M.017-(French)-France.ppt	GROUPSCALE	1.000000	1.000000	0.000000	0.000000	True	5797550	242887
ws_prod-g-doc-Events-2007-september-M.017-(French)-France.ppt	GROUPSCALE	1.000000	1.000000	0.000000	0.000000	True	977900	271462
ws_prod-g-doc-Events-2007-september-M.017-(French)-France.ppt	GROUPSCALE	1.000000	1.000000	0.000000	0.000000	True	3973512	336550
ws_prod-g-doc-Events-2007-september-M.017-(French)-France.ppt	GROUPSCALE	1.000000	1.000000	0.000000	0.000000	True	7310437	958850
ws_prod-g-doc-Events-2007-september-M.017-(French)-France.ppt	GROUPSCALE	1.000000	1.000000	0.000000	0.000000	True	8229600	4511675
ws_prod-g-doc-Events-2007-september-M.017-(French)-France.ppt	GROUPSCALE	1.000000	1.000000	0.000000	0.000000	True	1219200	271462
ws_prod-g-doc-Events-2007-september-M.017-(French)-France.ppt	GROUPSCALE	1.000000	1.000000	0.000000	0.000000	True	5797550	242887
ws_prod-g-doc-Events-2007-september-M.017-(French)-France.ppt	GROUPSCALE	1.000000	1.000000	0.000000	0.000000	True	977900	271462
ws_prod-g-doc-Events-2007-september-M.017-(French)-France.ppt	GROUPSCALE	1.000000	1.000000	0.000000	0.000000	True	3973512	336550
ws_prod-g-doc-Events-2007-september-M.017-(French)-France.ppt	GROUPSCALE	1.000000	1.000000	0.000000	0.000000	True	7767637	958850
ws_prod-g-doc-Events-2007-september-M.017-(French)-France.ppt	GROUPSCALE	1.000000	1.000000	0.000000	0.000000	True	8229600	4511675
ws_prod-g-doc-Events-2007-september-M.017-(French)-France.ppt	GROUPSCALE	1.000000	1.000000	0.000000	0.000000	True	1219200	271462
ws_prod-g-doc-Events-2007-september-M.017-(French)-France.ppt	GROUPSCALE	1.000000	1.000000	0.000000	0.000000	True	5797550	242887
ws_prod-g-doc-Events-2007-september-M.017-(French)-France.ppt	GROUPSCALE	1.000000	1.000000	0.000000	0.000000	True	977900	271462
ws_prod-g-doc-Events-2007-september-M.017-(French)-France.ppt	GROUPSCALE	1.000000	1.000000	0.000000	0.000000	True	3973512	336550
ws_prod-g-doc-Events-2007-september-M.017-(French)-France.ppt	GROUPSCALE	1.000000	1.000000	0.000000	0.000000	True	7759700	958850
ws_prod-g-doc-Events-2007-september-M.017-(French)-France.ppt	GROUPSCALE	1.000000	1.000000	0.000000	0.000000	True	8229600	4511675
ws_prod-g-doc-Events-2007-september-M.017-(French)-France.ppt	GROUPSCALE	1.000000	1.000000	0.000000	0.000000	True	1219200	271462
ws_prod-g-doc-Events-2007-september-M.017-(French)-France.ppt	GROUPSCALE	1.000000	1.000000	0.000000	0.000000	True	5797550	242887
ws_prod-g-doc-Events-2007-september-M.017-(French)-France.ppt	GROUPSCALE	1.000000	1.000000	0.000000	0.000000	True	977900	271462
ws_prod-g-doc-Events-2007-september-M.017-(French)-France.ppt	GROUPSCALE	1.000000	1.000000	0.000000	0.000000	True	3973512	336550
ws_prod-g-doc-Events-2007-september-M.017-(French)-France.ppt	GROUPSCALE	1.000000	1.000000	0.000000	0.000000	True	7310437	958850
ws_prod-g-doc-Events-2007-september-M.017-(French)-France.ppt	GROUPSCALE	1.000000	1.000000	0.000000	0.000000	True	8229600	4511675
ws_prod-g-doc-Events-2007-september-M.017-(French)-France.ppt	GROUPSCALE	1.000000	1.000000	0.000000	0.000000	True	1219200	271462
ws_prod-g-doc-Events-2007-september-M.017-(French)-France.ppt	GROUPSCALE	1.000000	1.000000	0.000000	0.000000	True	5797550	242887
ws_prod-g-doc-Events-2007-september-M.017-(French)-France.ppt	GROUPSCALE	1.000000	1.000000	0.000000	0.000000	True	977900	271462
ws_prod-g-doc-Events-2007-september-M.017-(French)-France.ppt	GROUPSCALE	1.000000	1.000000	0.000000	0.000000	True	3973512	336550
ws_prod-g-doc-Events-2007-september-M.017-(French)-France.ppt	GROUPSCALE	1.000000	1.000000	0.000000	0.000000	True	7310437	958850
ws_prod-g-doc-Events-2007-september-M.017-(French)-France.ppt	GROUPSCALE	1.000000	1.000000	0.000000	0.000000	True	8229600	4511675
ws_prod-g-doc-Events-2007-september-M.017-(French)-France.ppt	GROUPSCALE	1.000000	1.000000	0.000000	0.000000	True	1219200	271462
ws_prod-g-doc-Events-2007-september-M.017-(French)-France.ppt	GROUPSCALE	1.000000	1.000000	0.000000	0.000000	True	5797550	242887
ws_prod-g-doc-Events-2007-september-M.017-(French)-France.ppt	GROUPSCALE	1.000000	1.000000	0.000000	0.000000	True	977900	271462
ws_prod-g-doc-Events-2007-september-M.017-(French)-France.ppt	GROUPSCALE	1.000000	1.000000	0.000000	0.000000	True	3973512	336550
ws_prod-g-doc-Events-2007-september-M.017-(French)-France.ppt	GROUPSCALE	1.000000	1.000000	0.000000	0.000000	True	7310437	958850
ws_prod-g-doc-Events-2007-september-M.017-(French)-France.ppt	GROUPSCALE	1.000000	1.000000	0.000000	0.000000	True	8229600	4511675
ws_prod-g-doc-Events-2007-september-M.017-(French)-France.ppt	GROUPSCALE	1.000000	1.000000	0.000000	0.000000	True	1219200	271462
ws_prod-g-doc-Events-2007-september-M.017-(French)-France.ppt	GROUPSCALE	1.000000	1.000000	0.000000	0.000000	True	5797550	242887
ws_prod-g-doc-Events-2007-september-M.017-(French)-France.ppt	GROUPSCALE	1.000000	1.000000	0.000000	0.000000	True	977900	271462
ws_prod-g-doc-Events-2007-september-M.017-(French)-France.ppt	GROUPSCALE	1.000000	1.000000	0.000000	0.000000	True	3973512	336550
ws_prod-g-doc-Events-2007-september-M.017-(French)-France.ppt	GROUPSCALE	1.000000	1.000000	0.000000	0.000000	True	7310437	958850
ws_prod-g-doc-Events-2007-september-M.017-(French)-France.ppt	GROUPSCALE	1.000000	1.000000	0.000000	0.000000	True	8229600	4511675
ws_prod-g-doc-Events-2007-september-M.017-(French)-France.ppt	GROUPSCALE	1.000000	1.000000	0.000000	0.000000	True	1219200	271462
ws_prod-g-doc-Events-2007-september-M.017-(French)-France.ppt	GROUPSCALE	1.000000	1.000000	0.000000	0.000000	True	5797550	242887
ws_prod-g-doc-Events-2007-september-M.017-(French)-France.ppt	GROUPSCALE	1.000000	1.000000	0.000000	0.000000	True	977900	271462
ws_prod-g-doc-Events-2007-september-M.017-(French)-France.ppt	GROUPSCALE	1.000000	1.000000	0.000000	0.000000	True	3973512	336550
ws_prod-g-doc-Events-2007-september-M.017-(French)-France.ppt	GROUPSCALE	1.000000	1.000000	0.000000	0.000000	True	7310437	958850
ws_prod-g-doc-Events-2007-september-M.017-(French)-France.ppt	GROUPSCALE	1.000000	1.000000	0.000000	0.000000	True	8229600	4511675
ws_prod-g-doc-Events-2007-september-M.017-(French)-France.ppt	GROUPSCALE	1.000000	1.000000	0.000000	0.000000	True	1219200	271462
ws_prod-g-doc-Events-2007-september-M.017-(French)-France.ppt	GROUPSCALE	1.000000	1.000000	0.000000	0.000000	True	5797550	242887
ws_prod-g-doc-Events-2007-september-M.017-(French)-France.ppt	GROUPSCALE	1.000000	1.000000	0.000000	0.000000	True	977900	271462
ws_prod-g-doc-Events-2007-september-M.017-(French)-France.ppt	GROUPSCALE	1.000000	1.000000	0.000000	0.000000	True	3973512	336550
ws_prod-g-doc-Events-2007-september-M.017-(French)-France.ppt	GROUPSCALE	1.000000	1.000000	0.000000	0.000000	True	7310437	958850
ws_prod-g-doc-Events-2007-september-M.017-(French)-France.ppt	GROUPSCALE	1.000000	1.000000	0.000000	0.000000	True	8229600	4511675
ws_prod-g-doc-Events-2007-september-M.017-(French)-France.ppt	GROUPSCALE	1.000000	1.000000	0.000000	0.000000	True	1219200	271462
ws_prod-g-doc-Events-2007-september-M.017-(French)-France.ppt	GROUPSCALE	1.000000	1.000000	0.000000	0.000000	True	5797550	242887
ws_prod-g-doc-Events-2007-september-M.017-(French)-France.ppt	GROUPSCALE	1.000000	1.000000	0.000000	0.000000	True	977900	271462
ws_prod-g-doc-Events-2007-september-M.017-(French)-France.ppt	GROUPSCALE	1.000000	1.000000	0.000000	0.000000	True	3973512	336550
ws_prod-g-doc-Events-2007-september-M.017-(French)-France.ppt	GROUPSCALE	1.000000	1.000000	0.000000	0.000000	True	7310437	958850
ws_prod-g-doc-Events-2007-september-M.017-(French)-France.ppt	GROUPSCALE	1.000000	1.000000	0.000000	0.000000	True	8229600	4511675
ws_prod-g-doc-Events-2007-september-M.017-(French)-France.ppt	GROUPSCALE	1.000000	1.000000	0.000000	0.000000	True	1219200	271462
ws_prod-g-doc-Events-2007-september-M.017-(French)-France.ppt	GROUPSCALE	1.000000	1.000000	0.000000	0.000000	True	5797550	242887
ws_prod-g-doc-Events-2007-september-M.017-(French)-France.ppt	GROUPSCALE	1.000000	1.000000	0.000000	0.000000	True	977900	271462
ws_prod-g-doc-Events-2007-september-M.017-(French)-France.ppt	GROUPSCALE	1.000000	1.000000	0.000000	0.000000	True	3973512	336550
ws_prod-g-doc-Events-2007-september-M.017-(French)-France.ppt	GROUPSCALE	1.000000	1.000000	0.000000	0.000000	True	7310437	958850
ws_prod-g-doc-Events-2007-september-M.017-(French)-France.ppt	GROUPSCALE	1.000000	1.000000	0.000000	0.000000	True	8229600	4511675
ws_prod-g-doc-Events-2007-september-M.017-(French)-France.ppt	GROUPSCALE	1.000000	1.000000	0.000000	0.000000	True	1219200	271462
ws_prod-g-doc-Events-2007-september-M.017-(French)-France.ppt	GROUPSCALE	1.000000	1.000000	0.000000	0.000000	True	5797550	242887
ws_prod-g-doc-Events-2007-september-M.017-(French)-France.ppt	GROUPSCALE	1.000000	1.000000	0.000000	0.000000	True	977900	271462
ws_prod-g-doc-Events-2007-september-M.017-(French)-France.ppt	GROUPSCALE	1.000000	1.000000	0.000000	0.000000	True	3973512	336550
ws_prod-g-doc-Events-2007-september-M.017-(French)-France.ppt	GROUPSCALE	1.000000	1.000000	0.000000	0.000000	True	7310437	958850
ws_prod-g-doc-Events-2007-september-M.017-(French)-France.ppt	GROUPSCALE	1.000000	1.000000	0.000000	0.000000	True	8229600	4511675
ws_prod-g-doc-Events-2007-september-M.017-(French)-France.ppt	GROUPSCALE	1.000000	1.000000	0.000000	0.000000	True	1219200	271462
ws_prod-g-doc-Events-2007-september-M.017-(French)-France.ppt	GROUPSCALE	1.000000	1.000000	0.000000	0.000000	True	5797550	242887
ws_prod-g-doc-Events-2007-september-M.017-(French)-France.ppt	GROUPSCALE	1.000000	1.000000	0.000000	0.000000	True	977900	271462
ws_prod-g-doc-Events-2007-september-M.017-(French)-France.ppt	GROUPSCALE	1.000000	1.000000	0.000000	0.000000	True	3973512	336550
ws_prod-g-doc-Events-2007-september-M.017-(French)-France.ppt	GROUPSCALE	1.000000	1.000000	0.000000	0.000000	True	7310437	958850
ws_prod-g-doc-Events-2007-september-M.017-(French)-France.ppt	GROUPSCALE	1.000000	1.000000	0.000000	0.000000	True	8229600	4511675
ws_prod-g-doc-Events-2007-september-M.017-(French)-France.ppt	GROUPSCALE	1.000000	1.000000	0.000000	0.000000	True	1219200	271462
ws_prod-g-doc-Events-2007-september-M.017-(French)-France.ppt	GROUPSCALE	1.000000	1.000000	0.000000	0.000000	True	5797550	242887
ws_prod-g-doc-Events-2007-september-M.017-(French)-France.ppt	GROUPSCALE	1.000000	1.000000	0.000000	0.000000	True	977900	271462
ws_prod-g-doc-Events-2007-september-M.017-(French)-France.ppt	GROUPSCALE	1.000000	1.000000	0.000000	0.000000	True	3973512	336550
ws_prod-g-doc-Events-2007-september-M.017-(French)-France.ppt	GROUPSCALE	1.000000	1.000000	0.000000	0.000000	True	7310437	958850
ws_prod-g-doc-Events-2007-september-M.017-(French)-France.ppt	GROUPSCALE	1.000000	1.000000	0.000000	0.000000	True	8229600	4511675
ws_prod-g-doc-Events-2007-september-M.017-(French)-France.ppt	GROUPSCALE	1.000000	1.000000	0.000000	0.000000	True	1219200	271462
ws_prod-g-doc-Events-2007-september-M.017-(French)-France.ppt	GROUPSCALE	1.000000	1.000000	0.000000	0.000000	True	5797550	242887
ws_prod-g-doc-Events-2007-september-M.017-(French)-France.ppt	GROUPSCALE	1.000000	1.000000	0.000000	0.000000	True	977900	271462
ws_prod-g-doc-Events-2007-september-M.017-(French)-France.ppt	GROUPSCALE	1.000000	1.000000	0.000000	0.000000	True	3973512	336550
ws_prod-g-doc-Events-2007-september-M.017-(French)-France.ppt	GROUPSCALE	1.000000	1.000000	0.000000	0.000000	True	7310437	958850
ws_prod-g-doc-Events-2007-september-M.017-(French)-France.ppt	GROUPSCALE	1.000000	1.000000	0.000000	0.000000	True	8229600	4511675
ws_prod-g-doc-Events-2007-september-M.017-(French)-France.ppt	GROUPSCALE	1.000000	1.000000	0.000000	0.000000	True	1219200	271462
ws_prod-g-doc-Events-2007-september-M.017-(French)-France.ppt	GROUPSCALE	1.000000	1.000000	0.000000	0.000000	True	5797550	242887
ws_prod-g-doc-Events-2007-september-M.017-(French)-France.ppt	GROUPSCALE	1.000000	1.000000	0.000000	0.000000	True	977900	271462
ws_prod-g-doc-Events-2007-september-M.017-(French)-France.ppt	GROUPSCALE	1.000000	1.000000	0.000000	0.000000	True	3973512	336550
ws_prod-g-doc-Events-2007-september-M.017-(French)-France.ppt	GROUPSCALE	1.000000	1.000000	0.000000	0.000000	True	7310437	958850
ws_prod-g-doc-Events-2007-september-M.017-(French)-France.ppt	GROUPSCALE	1.000000	1.000000	0.000000	0.000000	True	8229600	4511675
ws_prod-g-doc-Events-2007-september-M.017-(French)-France.ppt	GROUPSCALE	1.000000	1.000000	0.000000	0.000000	True	1219200	271462
ws_prod-g-doc-Events-2007-september-M.017-(French)-France.ppt	GROUPSCALE	1.000000	1.000000	0.000000	0.000000	True	5797550	242887
ws_prod-g-doc-Events-2007-september-M.017-(French)-France.ppt	GROUPSCALE	1.000000	1.000000	0.000000	0.000000	True	977900	271462
ws_prod-g-doc-Events-2007-september-M.017-(French)-France.ppt	GROUPSCALE	1.000000	1.000000	0.000000	0.000000	True	3973512	336550
ws_prod-g-doc-Events-2007-september-M.017-(French)-France.ppt	GROUPSCALE	1.000000	1.000000	0.000000	0.000000	True	7310437	958850
ws_prod-g-doc-Events-2007-september-M.017-(French)-France.ppt	GROUPSCALE	1.000000	1.000000	0.000000	0.000000	True	8229600	4511675
ws_prod-g-doc-Events-2007-september-M.017-(French)-France.ppt	GROUPSCALE	1.000000	1.000000	0.000000	0.000000	True	1219200	271462
ws_prod-g-doc-Events-2007-september-M.017-(French)-France.ppt	GROUPSCALE	1.000000	1.000000	0.000000	0.000000	True	5797550	242887
ws_prod-g-doc-Events-2007-september-M.017-(French)-France.ppt	GROUPSCALE	1.000000	1.000000	0.000000	0.000000	True	977900	271462
ws_prod-g-doc-Events-2007-september-M.017-(French)-France.ppt	GROUPSCALE	1.000000	1.000000	0.000000	0.000000	True	3973512	336550
ws_prod-g-doc-Events-2007-september-M.017-(French)-France.ppt	GROUPSCALE	1.000000	1.000000	0.000000	0.000000	True	7310437	958850
ws_prod-g-doc-Events-2007-september-M.017-(French)-France.ppt	GROUPSCALE	1.000000	1.000000	0.000000	0.000000	True	8229600	4511675
ws_prod-g-doc-Events-2007-september-M.017-(French)-France.ppt	GROUPSCALE	1.000000	1.000000	0.000000	0.000000	True	1219200	271462
ws_prod-g-doc-Events-2007-september-M.017-(French)-France.ppt	GROUPSCALE	1.000000	1.000000	0.000000	0.000000	True	5797550	242887
ws_prod-g-doc-Events-2007-september-M.017-(French)-France.ppt	GROUPSCALE	1.000000	1.000000	0.000000	0.000000	True	977900	271462
ws_prod-g-doc-Events-2007-september-M.017-(French)-France.ppt	GROUPSCALE	1.000000	1.000000	0.000000	0.000000	True	3973512	336550
ws_prod-g-doc-Events-2007-september-M.017-(French)-France.ppt	GROUPSCALE	1.000000	1.000000	0.000000	0.000000	True	7310437	958850
ws_prod-g-doc-Events-2007-september-M.017-(French)-France.ppt	GROUPSCALE	1.000000	1.000000	0.000000	0.000000	True	8229600	4511675
ws_prod-g-doc-Events-2007-september-M.017-(French)-France.ppt	GROUPSCALE	1.000000	1.000000	0.000000	0.000000	True	1219200	271462
ws_prod-g-doc-Events-2007-september-M.017-(French)-France.ppt	GROUPSCALE	1.000000	1.000000	0.000000	0.000000	True	5797550	242887
ws_prod-g-doc-Events-2007-september-M.017-(French)-France.ppt	GROUPSCALE	1.000000	1.000000	0.000000	0.000000	True	977900	271462
ws_prod-g-doc-Events-2007-september-M.017-(French)-France.ppt	GROUPSCALE	1.000000	1.000000	0.000000	0.000000	True	3973512	336550
ws_prod-g-doc-Events-2007-september-M.017-(French)-France.ppt	GROUPSCALE	1.000000	1.000000	0.000000	0.000000	True	7767637	958850
ws_prod-g-doc-Events-2007-september-M.017-(French)-France.ppt	GROUPSCALE	1.000000	1.000000	0.000000	0.000000	True	8229600	4511675
ws_prod-g-doc-Events-2007-september-M.017-(French)-France.ppt	GROUPSCALE	1.000000	1.000000	0.000000	0.000000	True	1219200	271462
ws_prod-g-doc-Events-2007-september-M.017-(French)-France.ppt	GROUPSCALE	1.000000	1.000000	0.000000	0.000000	True	5797550	242887
ws_prod-g-doc-Events-2007-september-M.017-(French)-France.ppt	GROUPSCALE	1.000000	1.000000	0.000000	0.000000	True	977900	271462
ws_prod-g-doc-Events-2007-september-M.017-(French)-France.ppt	GROUPSCALE	1.000000	1.000000	0.000000	0.000000	True	3973512	336550
ws_prod-g-doc-Events-2007-september-M.017-(French)-France.ppt	GROUPSCALE	1.000000	1.000000	0.000000	0.000000	True	7767637	958850
ws_prod-g-doc-Events-2007-september-M.017-(French)-France.ppt	GROUPSCALE	1.000000	1.000000	0.000000	0.000000	True	8229600	4511675
ws_prod-g-doc-Events-2007-september-M.017-(French)-France.ppt	GROUPSCALE	1.000000	1.000000	0.000000	0.000000	True	1219200	271462
ws_prod-g-doc-Events-2007-september-M.017-(French)-France.ppt	GROUPSCALE	1.000000	1.000000	0.000000	0.000000	True	5797550	242887
ws_prod-g-doc-Events-2007-september-M.017-(French)-France.ppt	GROUPSCALE	1.000000	1.000000	0.000000	0.000000	True	977900	271462
ws_prod-g-doc-Events-2007-september-M.017-(French)-France.ppt	GROUPSCALE	1.000000	1.000000	0.000000	0.000000	True	3973512	336550
ws_prod-g-doc-Events-2007-september-M.017-(French)-France.ppt	GROUPSCALE	1.000000	1.000000	0.000000	0.000000	True	7767637	958850
ws_prod-g-doc-Events-2007-september-M.017-(French)-France.ppt	GROUPSCALE	1.000000	1.000000	0.000000	0.000000	True	8229600	4511675
ws_prod-g-doc-Events-2007-september-M.017-(French)-France.ppt	GROUPSCALE	1.000000	1.000000	0.000000	0.000000	True	1219200	271462
ws_prod-g-doc-Events-2007-september-M.017-(French)-France.ppt	GROUPSCALE	1.000000	1.000000	0.000000	0.000000	True	5797550	242887
ws_prod-g-doc-Events-2007-september-M.017-(French)-France.ppt	GROUPSCALE	1.000000	1.000000	0.000000	0.000000	True	977900	271462
ws_prod-g-doc-Events-2007-september-M.017-(French)-France.ppt	GROUPSCALE	1.000000	1.000000	0.000000	0.000000	True	3973512	336550
ws_prod-g-doc-Events-2007-september-M.017-(French)-France.ppt	GROUPSCALE	1.000000	1.000000	0.000000	0.000000	True	7767637	958850
ws_prod-g-doc-Events-2007-september-M.017-(French)-France.ppt	GROUPSCALE	1.000000	1.000000	0.000000	0.000000	True	8229600	4511675
ws_prod-g-doc-Events-2007-september-M.017-(French)-France.ppt	GROUPSCALE	1.000000	1.000000	0.000000	0.000000	True	1219200	271462
ws_prod-g-doc-Events-2007-september-M.017-(French)-France.ppt	GROUPSCALE	1.000000	1.000000	0.000000	0.000000	True	5797550	242887
ws_prod-g-doc-Events-2007-september-M.017-(French)-France.ppt	GROUPSCALE	1.000000	1.000000	0.000000	0.000000	True	977900	271462
ws_prod-g-doc-Events-2007-september-M.017-(French)-France.ppt	GROUPSCALE	1.000000	1.000000	0.000000	0.000000	True	3973512	336550
ws_prod-g-doc-Events-2007-september-M.017-(French)-France.ppt	GROUPSCALE	1.000000	1.000000	0.000000	0.000000	True	7767637	958850
ws_prod-g-doc-Events-2007-september-M.017-(French)-France.ppt	GROUPSCALE	1.000000	1.000000	0.000000	0.000000	True	8229600	4511675
ws_prod-g-doc-Events-2007-september-M.017-(French)-France.ppt	GROUPSCALE	1.000000	1.000000	0.000000	0.000000	True	1219200	271462
ws_prod-g-doc-Events-2007-september-M.017-(French)-France.ppt	GROUPSCALE	1.000000	1.000000	0.000000	0.000000	True	5797550	242887
ws_prod-g-doc-Events-2007-september-M.017-(French)-France.ppt	GROUPSCALE	1.000000	1.000000	0.000000	0.000000	True	977900	271462
ws_prod-g-doc-Events-2007-september-M.017-(French)-France.ppt	GROUPSCALE	1.000000	1.000000	0.000000	0.000000	True	3973512	336550
ws_prod-g-doc-Events-2007-september-M.017-(French)-France.ppt	GROUPSCALE	1.000000	1.000000	0.000000	0.000000	True	7767637	958850
ws_prod-g-doc-Events-2007-september-M.017-(French)-France.ppt	GROUPSCALE	1.000000	1.000000	0.000000	0.000000	True	8229600	4511675
ws_prod-g-doc-Events-2007-september-M.017-(French)-France.ppt	GROUPSCALE	1.000000	1.000000	0.000000	0.000000	True	1219200	271462
ws_prod-g-doc-Events-2007-september-M.017-(French)-France.ppt	GROUPSCALE	1.000000	1.000000	0.000000	0.000000	True	5797550	242887
ws_prod-g-doc-Events-2007-september-M.017-(French)-France.ppt	GROUPSCALE	1.000000	1.000000	0.000000	0.000000	True	977900	271462
ws_prod-g-doc-Events-2007-september-M.017-(French)-France.ppt	GROUPSCALE	1.000000	1.000000	0.000000	0.000000	True	3973512	336550
ws_prod-g-doc-Events-2007-september-M.017-(French)-France.ppt	GROUPSCALE	1.000000	1.000000	0.000000	0.000000	True	7767637	958850
ws_prod-g-doc-Events-2007-september-M.017-(French)-France.ppt	GROUPSCALE	1.000000	1.000000	0.000000	0.000000	True	8229600	4511675
ws_prod-g-doc-Events-2007-september-M.017-(French)-France.ppt	GROUPSCALE	1.000000	1.000000	0.000000	0.000000	True	1219200	271462
ws_prod-g-doc-Events-2007-september-M.017-(French)-France.ppt	GROUPSCALE	1.000000	1.000000	0.000000	0.000000	True	5797550	242887
ws_prod-g-doc-Events-2007-september-M.017-(French)-France.ppt	GROUPSCALE	1.000000	1.000000	0.000000	0.000000	True	977900	271462
ws_prod-g-doc-Events-2007-september-M.017-(French)-France.ppt	GROUPSCALE	1.000000	1.000000	0.000000	0.000000	True	3973512	336550
ws_prod-g-doc-Events-2007-september-M.017-(French)-France.ppt	GROUPSCALE	1.000000	1.000000	0.000000	0.000000	True	7767637	958850
ws_prod-g-doc-Events-2007-september-M.017-(French)-France.ppt	GROUPSCALE	1.000000	1.000000	0.000000	0.000000	True	8229600	4511675
ws_prod-g-doc-Events-2007-september-M.017-(French)-France.ppt	GROUPSCALE	1.000000	1.000000	0.000000	0.000000	True	1219200	271462
ws_prod-g-doc-Events-2007-september-M.017-(French)-France.ppt	GROUPSCALE	1.000000	1.000000	0.000000	0.000000	True	5797550	242887
ws_prod-g-doc-Events-2007-september-M.017-(French)-France.ppt	GROUPSCALE	1.000000	1.000000	0.000000	0.000000	True	977900	271462
ws_prod-g-doc-Events-2007-september-M.017-(French)-France.ppt	GROUPSCALE	1.000000	1.000000	0.000000	0.000000	True	3973512	336550
ws_prod-g-doc-Events-2007-september-M.017-(French)-France.ppt	GROUPSCALE	1.000000	1.000000	0.000000	0.000000	True	7767637	958850
ws_prod-g-doc-Events-2007-september-M.017-(French)-France.ppt	GROUPSCALE	1.000000	1.000000	0.000000	0.000000	True	8229600	4511675
ws_prod-g-doc-Events-2007-september-M.017-(French)-France.ppt	GROUPSCALE	1.000000	1.000000	0.000000	0.000000	True	1219200	271462
ws_prod-g-doc-Events-2007-september-M.017-(French)-France.ppt	GROUPSCALE	1.000000	1.000000	0.000000	0.000000	True	5797550	242887
ws_prod-g-doc-Events-2007-september-M.017-(French)-France.ppt	GROUPSCALE	1.000000	1.000000	0.000000	0.000000	True	977900	271462
ws_prod-g-doc-Events-2007-september-M.017-(French)-France.ppt	GROUPSCALE	1.000000	1.000000	0.000000	0.000000	True	3973512	336550
ws_prod-g-doc-Events-2007-september-M.017-(French)-France.ppt	GROUPSCALE	1.000000	1.000000	0.000000	0.000000	True	7767637	958850
ws_prod-g-doc-Events-2007-september-M.017-(French)-France.ppt	GROUPSCALE	1.000000	1.000000	0.000000	0.000000	True	8229600	4511675
ws_prod-g-doc-Events-2007-september-M.017-(French)-France.ppt	GROUPSCALE	1.000000	1.000000	0.000000	0.000000	True	1219200	271462
ws_prod-g-doc-Events-2007-september-M.017-(French)-France.ppt	GROUPSCALE	1.000000	1.000000	0.000000	0.000000	True	5797550	242887
ws_prod-g-doc-Events-2007-september-M.017-(French)-France.ppt	GROUPSCALE	1.000000	1.000000	0.000000	0.000000	True	977900	271462
ws_prod-g-doc-Events-2007-september-M.017-(French)-France.ppt	GROUPSCALE	1.000000	1.000000	0.000000	0.000000	True	3973512	336550
ws_prod-g-doc-Events-2007-september-M.017-(French)-France.ppt	GROUPSCALE	1.000000	1.000000	0.000000	0.000000	True	7310437	958850
ws_prod-g-doc-Events-2007-september-M.017-(French)-France.ppt	GROUPSCALE	1.000000	1.000000	0.000000	0.000000	True	8229600	4511675
ws_prod-g-doc-Events-2007-september-M.017-(French)-France.ppt	GROUPSCALE	1.000000	1.000000	0.000000	0.000000	True	1219200	271462
ws_prod-g-doc-Events-2007-september-M.017-(French)-France.ppt	GROUPSCALE	1.000000	1.000000	0.000000	0.000000	True	5797550	242887
ws_prod-g-doc-Events-2007-september-M.017-(French)-France.ppt	GROUPSCALE	1.000000	1.000000	0.000000	0.000000	True	977900	271462
ws_prod-g-doc-Events-2007-september-M.017-(French)-France.ppt	GROUPSCALE	1.000000	1.000000	0.000000	0.000000	True	3973512	336550
ws_prod-g-doc-Events-2007-september-M.017-(French)-France.ppt	GROUPSCALE	1.000000	1.000000	0.000000	0.000000	True	7310437	958850
ws_prod-g-doc-Events-2007-september-M.017-(French)-France.ppt	GROUPSCALE	1.000000	1.000000	0.000000	0.000000	True	8229600	4511675
ws_prod-g-doc-Events-2007-september-M.017-(French)-France.ppt	GROUPSCALE	1.000000	1.000000	0.000000	0.000000	True	1219200	271462
ws_prod-g-doc-Events-2007-september-M.017-(French)-France.ppt	GROUPSCALE	1.000000	1.000000	0.000000	0.000000	True	5797550	242887
ws_prod-g-doc-Events-2007-september-M.017-(French)-France.ppt	GROUPSCALE	1.000000	1.000000	0.000000	0.000000	True	977900	271462
ws_prod-g-doc-Events-2007-september-M.017-(French)-France.ppt	GROUPSCALE	1.000000	1.000000	0.000000	0.000000	True	3973512	336550
ws_prod-g-doc-Events-2007-september-M.017-(French)-France.ppt	GROUPSCALE	1.000000	1.000000	0.000000	0.000000	True	7310437	958850
ws_prod-g-doc-Events-2007-september-M.017-(French)-France.ppt	GROUPSCALE	1.000000	1.000000	0.000000	0.000000	True	8229600	4511675
ws_prod-g-doc-Events-2007-september-M.017-(French)-France.ppt	GROUPSCALE	1.000000	1.000000	0.000000	0.000000	True	1219200	271462
ws_prod-g-doc-Events-2007-september-M.017-(French)-France.ppt	GROUPSCALE	1.000000	1.000000	0.000000	0.000000	True	5797550	242887
ws_prod-g-doc-Events-2007-september-M.017-(French)-France.ppt	GROUPSCALE	1.000000	1.000000	0.000000	0.000000	True	977900	271462
ws_prod-g-doc-Events-2007-september-M.017-(French)-France.ppt	GROUPSCALE	1.000000	1.000000	0.000000	0.000000	True	3973512	336550
ws_prod-g-doc-Events-2007-september-M.017-(French)-France.ppt	GROUPSCALE	1.000000	1.000000	0.000000	0.000000	True	7310437	958850
ws_prod-g-doc-Events-2007-september-M.017-(French)-France.ppt	GROUPSCALE	1.000000	1.000000	0.000000	0.000000	True	8229600	4511675
ws_prod-g-doc-Events-2007-september-M.017-(French)-France.ppt	GROUPSCALE	1.000000	1.000000	0.000000	0.000000	True	1219200	271462
ws_prod-g-doc-Events-2007-september-M.017-(French)-France.ppt	GROUPSCALE	1.000000	1.000000	0.000000	0.000000	True	5797550	242887
ws_prod-g-doc-Events-2007-september-M.017-(French)-France.ppt	GROUPSCALE	1.000000	1.000000	0.000000	0.000000	True	977900	271462
ws_prod-g-doc-Events-2007-september-M.017-(French)-France.ppt	GROUPSCALE	1.000000	1.000000	0.000000	0.000000	True	3973512	336550
ws_prod-g-doc-Events-2007-september-M.017-(French)-France.ppt	GROUPSCALE	1.000000	1.000000	0.000000	0.000000	True	7310437	958850
ws_prod-g-doc-Events-2007-september-M.017-(French)-France.ppt	GROUPSCALE	1.000000	1.000000	0.000000	0.000000	True	8229600	4511675
ws_prod-g-doc-Events-2007-september-M.017-(French)-France.ppt	GROUPSCALE	1.000000	1.000000	0.000000	0.000000	True	1219200	271462
ws_prod-g-doc-Events-2007-september-M.017-(French)-France.ppt	GROUPSCALE	1.000000	1.000000	0.000000	0.000000	True	5797550	242887
ws_prod-g-doc-Events-2007-september-M.017-(French)-France.ppt	GROUPSCALE	1.000000	1.000000	0.000000	0.000000	True	977900	271462
ws_prod-g-doc-Events-2007-september-M.017-(French)-France.ppt	GROUPSCALE	1.000000	1.000000	0.000000	0.000000	True	3973512	336550
ws_prod-g-doc-Events-2007-september-M.017-(French)-France.ppt	GROUPSCALE	1.000000	1.000000	0.000000	0.000000	True	7310437	958850
ws_prod-g-doc-Events-2007-september-M.017-(French)-France.ppt	GROUPSCALE	1.000000	1.000000	0.000000	0.000000	True	8229600	4511675
ws_prod-g-doc-Events-2007-september-M.017-(French)-France.ppt	GROUPSCALE	1.000000	1.000000	0.000000	0.000000	True	1219200	271462
ws_prod-g-doc-Events-2007-september-M.017-(French)-France.ppt	GROUPSCALE	1.000000	1.000000	0.000000	0.000000	True	5797550	242887
ws_prod-g-doc-Events-2007-september-M.017-(French)-France.ppt	GROUPSCALE	1.000000	1.000000	0.000000	0.000000	True	977900	271462
ws_prod-g-doc-Events-2007-september-M.017-(French)-France.ppt	GROUPSCALE	1.000000	1.000000	0.000000	0.000000	True	3973512	336550
ws_prod-g-doc-Events-2007-september-M.017-(French)-France.ppt	GROUPSCALE	1.000000	1.000000	0.000000	0.000000	True	7310437	958850
ws_prod-g-doc-Events-2007-september-M.017-(French)-France.ppt	GROUPSCALE	1.000000	1.000000	0.000000	0.000000	True	8229600	4511675
ws_prod-g-doc-Events-2007-september-M.017-(French)-France.ppt	GROUPSCALE	1.000000	1.000000	0.000000	0.000000	True	1219200	271462
ws_prod-g-doc-Events-2007-september-M.017-(French)-France.ppt	GROUPSCALE	1.000000	1.000000	0.000000	0.000000	True	5797550	242887
ws_prod-g-doc-Events-2007-september-M.017-(French)-France.ppt	GROUPSCALE	1.000000	1.000000	0.000000	0.000000	True	977900	271462
ws_prod-g-doc-Events-2007-september-M.017-(French)-France.ppt	GROUPSCALE	1.000000	1.000000	0.000000	0.000000	True	3973512	336550
ws_prod-g-doc-Events-2007-september-M.017-(French)-France.ppt	GROUPSCALE	1.000000	1.000000	0.000000	0.000000	True	7310437	958850
ws_prod-g-doc-Events-2007-september-M.017-(French)-France.ppt	GROUPSCALE	1.000000	1.000000	0.000000	0.000000	True	8229600	4511675
ws_prod-g-doc-Events-2007-september-M.017-(French)-France.ppt	GROUPSCALE	1.000000	1.000000	0.000000	0.000000	True	1219200	271462
ws_prod-g-doc-Events-2007-september-M.017-(French)-France.ppt	GROUPSCALE	1.000000	1.000000	0.000000	0.000000	True	5797550	242887
ws_prod-g-doc-Events-2007-september-M.017-(French)-France.ppt	GROUPSCALE	1.000000	1.000000	0.000000	0.000000	True	977900	271462
ws_prod-g-doc-Events-2007-september-M.017-(French)-France.ppt	GROUPSCALE	1.000000	1.000000	0.000000	0.000000	True	3973512	336550
ws_prod-g-doc-Events-2007-september-M.017-(French)-France.ppt	GROUPSCALE	1.000000	1.000000	0.000000	0.000000	True	7310437	958850
ws_prod-g-doc-Events-2007-september-M.017-(French)-France.ppt	GROUPSCALE	1.000000	1.000000	0.000000	0.000000	True	8229600	4511675
ws_prod-g-doc-Events-2007-september-M.017-(French)-France.ppt	GROUPSCALE	1.000000	1.000000	0.000000	0.000000	True	1219200	271462
ws_prod-g-doc-Events-2007-september-M.017-(French)-France.ppt	GROUPSCALE	1.000000	1.000000	0.000000	0.000000	True	5797550	242887
ws_prod-g-doc-Events-2007-september-M.017-(French)-France.ppt	GROUPSCALE	1.000000	1.000000	0.000000	0.000000	True	977900	271462
ws_prod-g-doc-Events-2007-september-M.017-(French)-France.ppt	GROUPSCALE	1.000000	1.000000	0.000000	0.000000	True	3973512	336550
ws_prod-g-doc-Events-2007-september-M.017-(French)-France.ppt	GROUPSCALE	1.000000	1.000000	0.000000	0.000000	True	7310437	958850
ws_prod-g-doc-Events-2007-september-M.017-(French)-France.ppt	GROUPSCALE	1.000000	1.000000	0.000000	0.000000	True	8229600	4511675
ws_prod-g-doc-Events-2007-september-M.017-(French)-France.ppt	GROUPSCALE	1.000000	1.000000	0.000000	0.000000	True	1219200	271462
ws_prod-g-doc-Events-2007-september-M.017-(French)-France.ppt	GROUPSCALE	1.000000	1.000000	0.000000	0.000000	True	5797550	242887
ws_prod-g-doc-Events-2007-september-M.017-(French)-France.ppt	GROUPSCALE	1.000000	1.000000	0.000000	0.000000	True	977900	271462
ws_prod-g-doc-Events-2007-september-M.017-(French)-France.ppt	GROUPSCALE	1.000000	1.000000	0.000000	0.000000	True	3973512	336550
ws_prod-g-doc-Events-2007-september-M.017-(French)-France.ppt	GROUPSCALE	1.000000	1.000000	0.000000	0.000000	True	7310437	958850
ws_prod-g-doc-Events-2007-september-M.017-(French)-France.ppt	GROUPSCALE	1.000000	1.000000	0.000000	0.000000	True	8229600	4511675
ws_prod-g-doc-Events-2007-september-M.017-(French)-France.ppt	GROUPSCALE	1.000000	1.000000	0.000000	0.000000	True	1219200	271462
ws_prod-g-doc-Events-2007-september-M.017-(French)-France.ppt	GROUPSCALE	1.000000	1.000000	0.000000	0.000000	True	5797550	242887
ws_prod-g-doc-Events-2007-september-M.017-(French)-France.ppt	GROUPSCALE	1.000000	1.000000	0.000000	0.000000	True	977900	271462
ws_prod-g-doc-Events-2007-september-M.017-(French)-France.ppt	GROUPSCALE	1.000000	1.000000	0.000000	0.000000	True	3973512	336550
ws_prod-g-doc-Events-2007-september-M.017-(French)-France.ppt	GROUPSCALE	1.000000	1.000000	0.000000	0.000000	True	7310437	958850
ws_prod-g-doc-Events-2007-september-M.017-(French)-France.ppt	GROUPSCALE	1.000000	1.000000	0.000000	0.000000	True	8229600	4511675
ws_prod-g-doc-Events-2007-september-M.017-(French)-France.ppt	GROUPSCALE	1.000000	1.000000	0.000000	0.000000	True	1219200	271462
ws_prod-g-doc-Events-2007-september-M.017-(French)-France.ppt	GROUPSCALE	1.000000	1.000000	0.000000	0.000000	True	5797550	242887
ws_prod-g-doc-Events-2007-september-M.017-(French)-France.ppt	GROUPSCALE	1.000000	1.000000	0.000000	0.000000	True	977900	271462
ws_prod-g-doc-Events-2007-september-M.017-(French)-France.ppt	GROUPSCALE	1.000000	1.000000	0.000000	0.000000	True	3973512	336550
ws_prod-g-doc-Events-2007-september-M.017-(French)-France.ppt	GROUPSCALE	1.000000	1.000000	0.000000	0.000000	True	7310437	958850
ws_prod-g-doc-Events-2007-september-M.017-(French)-France.ppt	GROUPSCALE	1.000000	1.000000	0.000000	0.000000	True	8229600	4511675
ws_prod-g-doc-Events-2007-september-M.017-(French)-France.ppt	GROUPSCALE	1.000000	1.000000	0.000000	0.000000	True	1219200	271462
ws_prod-g-doc-Events-2007-september-M.017-(French)-France.ppt	GROUPSCALE	1.000000	1.000000	0.000000	0.000000	True	5797550	242887
ws_prod-g-doc-Events-2007-september-M.017-(French)-France.ppt	GROUPSCALE	1.000000	1.000000	0.000000	0.000000	True	977900	271462
ws_prod-g-doc-Events-2007-september-M.017-(French)-France.ppt	GROUPSCALE	1.000000	1.000000	0.000000	0.000000	True	3973512	336550
ws_prod-g-doc-Events-2007-september-M.017-(French)-France.ppt	GROUPSCALE	1.000000	1.000000	0.000000	0.000000	True	7310437	958850
ws_prod-g-doc-Events-2007-september-M.017-(French)-France.ppt	GROUPSCALE	1.000000	1.000000	0.000000	0.000000	True	8229600	4511675
ws_prod-g-doc-Events-2007-september-M.017-(French)-France.ppt	GROUPSCALE	1.000000	1.000000	0.000000	0.000000	True	1219200	271462
ws_prod-g-doc-Events-2007-september-M.017-(French)-France.ppt	GROUPSCALE	1.000000	1.000000	0.000000	0.000000	True	5797550	242887
ws_prod-g-doc-Events-2007-september-M.017-(French)-France.ppt	GROUPSCALE	1.000000	1.000000	0.000000	0.000000	True	977900	271462
ws_prod-g-doc-Events-2007-september-M.017-(French)-France.ppt	GROUPSCALE	1.000000	1.000000	0.000000	0.000000	True	3973512	336550
ws_prod-g-doc-Events-2007-september-M.017-(French)-France.ppt	GROUPSCALE	1.000000	1.000000	0.000000	0.000000	True	7310437	958850
ws_prod-g-doc-Events-2007-september-M.017-(French)-France.ppt	GROUPSCALE	1.000000	1.000000	0.000000	0.000000	True	8229600	4511675
ws_prod-g-doc-Events-industrymeeting18112004-European-Safety-Strategy-Initiative.ppt	GROUPSCALE	1.000000	1.000000	0.000000	0.000000	True	2133600	222250
ws_prod-g-doc-Events-industrymeeting18112004-European-Safety-Strategy-Initiative.ppt	GROUPSCALE	1.000000	1.000000	0.000000	0.000000	True	2895600	222250
ws_prod-g-doc-Events-industrymeeting18112004-European-Safety-Strategy-Initiative.ppt	GROUPSCALE	1.000000	1.000000	0.000000	0.000000	True	2133600	222250
ws_prod-g-doc-Events-industrymeeting18112004-European-Safety-Strategy-Initiative.ppt	GROUPSCALE	1.000000	1.000000	0.000000	0.000000	True	7137400	1470025
ws_prod-g-doc-Events-industrymeeting18112004-European-Safety-Strategy-Initiative.ppt	GROUPSCALE	1.000000	1.000000	0.000000	0.000000	True	5730875	1398587
ws_prod-g-doc-Events-industrymeeting18112004-European-Safety-Strategy-Initiative.ppt	GROUPSCALE	1.000000	1.000000	0.000000	0.000000	True	5130800	1187450
ws_prod-g-doc-Events-industrymeeting18112004-European-Safety-Strategy-Initiative.ppt	GROUPSCALE	1.000000	1.000000	0.000000	0.000000	True	1219200	271462
ws_prod-g-doc-Events-industrymeeting18112004-European-Safety-Strategy-Initiative.ppt	GROUPSCALE	1.000000	1.000000	0.000000	0.000000	True	5592762	242887
ws_prod-g-doc-Events-industrymeeting18112004-European-Safety-Strategy-Initiative.ppt	GROUPSCALE	1.000000	1.000000	0.000000	0.000000	True	977900	271462
ws_prod-g-doc-Events-industrymeeting18112004-European-Safety-Strategy-Initiative.ppt	GROUPSCALE	1.000000	1.000000	0.000000	0.000000	True	3973512	336550
ws_prod-g-doc-Events-industrymeeting18112004-European-Safety-Strategy-Initiative.ppt	GROUPSCALE	1.000000	1.000000	0.000000	0.000000	True	7310437	958850
ws_prod-g-doc-Events-industrymeeting18112004-European-Safety-Strategy-Initiative.ppt	GROUPSCALE	1.000000	1.000000	0.000000	0.000000	True	8229600	4511675
ws_prod-g-doc-Events-industrymeeting18112004-European-Safety-Strategy-Initiative.ppt	GROUPSCALE	1.000000	1.000000	0.000000	0.000000	True	1219200	271462
ws_prod-g-doc-Events-industrymeeting18112004-European-Safety-Strategy-Initiative.ppt	GROUPSCALE	1.000000	1.000000	0.000000	0.000000	True	5592762	242887
ws_prod-g-doc-Events-industrymeeting18112004-European-Safety-Strategy-Initiative.ppt	GROUPSCALE	1.000000	1.000000	0.000000	0.000000	True	977900	271462
ws_prod-g-doc-Events-industrymeeting18112004-European-Safety-Strategy-Initiative.ppt	GROUPSCALE	1.000000	1.000000	0.000000	0.000000	True	3973512	336550
ws_prod-g-doc-Events-industrymeeting18112004-European-Safety-Strategy-Initiative.ppt	GROUPSCALE	1.000000	1.000000	0.000000	0.000000	True	7897812	903287
ws_prod-g-doc-Events-industrymeeting18112004-European-Safety-Strategy-Initiative.ppt	GROUPSCALE	1.000000	1.000000	0.000000	0.000000	True	793750	360362
ws_prod-g-doc-Events-industrymeeting18112004-European-Safety-Strategy-Initiative.ppt	GROUPSCALE	1.000000	1.000000	0.000000	0.000000	True	946150	360362
ws_prod-g-doc-Events-industrymeeting18112004-European-Safety-Strategy-Initiative.ppt	GROUPSCALE	1.000000	1.000000	0.000000	0.000000	True	1447800	360362
ws_prod-g-doc-Events-industrymeeting18112004-European-Safety-Strategy-Initiative.ppt	GROUPSCALE	1.000000	1.000000	0.000000	0.000000	True	1019175	573087
ws_prod-g-doc-Events-industrymeeting18112004-European-Safety-Strategy-Initiative.ppt	GROUPSCALE	1.000000	1.000000	0.000000	0.000000	True	1593850	573087
ws_prod-g-doc-Events-industrymeeting18112004-European-Safety-Strategy-Initiative.ppt	GROUPSCALE	1.000000	1.000000	0.000000	0.000000	True	1543050	847725
ws_prod-g-doc-Events-industrymeeting18112004-European-Safety-Strategy-Initiative.ppt	GROUPSCALE	1.000000	1.000000	0.000000	0.000000	True	1219200	271462
ws_prod-g-doc-Events-industrymeeting18112004-European-Safety-Strategy-Initiative.ppt	GROUPSCALE	1.000000	1.000000	0.000000	0.000000	True	5592762	242887
ws_prod-g-doc-Events-industrymeeting18112004-European-Safety-Strategy-Initiative.ppt	GROUPSCALE	1.000000	1.000000	0.000000	0.000000	True	977900	271462
ws_prod-g-doc-Events-industrymeeting18112004-European-Safety-Strategy-Initiative.ppt	GROUPSCALE	1.000000	1.000000	0.000000	0.000000	True	3973512	336550
ws_prod-g-doc-Events-industrymeeting18112004-European-Safety-Strategy-Initiative.ppt	GROUPSCALE	1.000000	1.000000	0.000000	0.000000	True	7310437	958850
ws_prod-g-doc-Events-industrymeeting18112004-European-Safety-Strategy-Initiative.ppt	GROUPSCALE	1.000000	1.000000	0.000000	0.000000	True	8229600	4511675
ws_prod-g-doc-Events-industrymeeting18112004-European-Safety-Strategy-Initiative.ppt	GROUPSCALE	1.000000	1.000000	0.000000	0.000000	True	1219200	271462
ws_prod-g-doc-Events-industrymeeting18112004-European-Safety-Strategy-Initiative.ppt	GROUPSCALE	1.000000	1.000000	0.000000	0.000000	True	5592762	242887
ws_prod-g-doc-Events-industrymeeting18112004-European-Safety-Strategy-Initiative.ppt	GROUPSCALE	1.000000	1.000000	0.000000	0.000000	True	977900	271462
ws_prod-g-doc-Events-industrymeeting18112004-European-Safety-Strategy-Initiative.ppt	GROUPSCALE	1.000000	1.000000	0.000000	0.000000	True	3973512	336550
ws_prod-g-doc-Events-industrymeeting18112004-European-Safety-Strategy-Initiative.ppt	GROUPSCALE	1.000000	1.000000	0.000000	0.000000	True	7310437	958850
ws_prod-g-doc-Events-industrymeeting18112004-European-Safety-Strategy-Initiative.ppt	GROUPSCALE	0.471807	0.497083	0.000000	0.000000	True	2320925	817562
ws_prod-g-doc-Events-industrymeeting18112004-European-Safety-Strategy-Initiative.ppt	GROUPSCALE	0.471807	0.497083	0.000000	0.000000	True	2708275	817562
ws_prod-g-doc-Events-industrymeeting18112004-European-Safety-Strategy-Initiative.ppt	GROUPSCALE	0.471807	0.497083	0.000000	0.000000	True	2476500	817562
ws_prod-g-doc-Events-industrymeeting18112004-European-Safety-Strategy-Initiative.ppt	GROUPSCALE	0.471807	0.497083	0.000000	0.000000	True	2362200	798512
ws_prod-g-doc-Events-industrymeeting18112004-European-Safety-Strategy-Initiative.ppt	GROUPSCALE	1.000000	1.000000	0.000000	0.000000	True	3763962	519112
ws_prod-g-doc-Events-industrymeeting18112004-European-Safety-Strategy-Initiative.ppt	GROUPSCALE	1.000000	1.000000	0.000000	0.000000	True	8229600	4511675
ws_prod-g-doc-Events-industrymeeting18112004-European-Safety-Strategy-Initiative.ppt	GROUPSCALE	1.000000	1.000000	0.000000	0.000000	True	2187575	519112
ws_prod-g-doc-Events-industrymeeting18112004-European-Safety-Strategy-Initiative.ppt	GROUPSCALE	1.000000	1.000000	0.000000	0.000000	True	1219200	271462
ws_prod-g-doc-Events-industrymeeting18112004-European-Safety-Strategy-Initiative.ppt	GROUPSCALE	1.000000	1.000000	0.000000	0.000000	True	5592762	242887
ws_prod-g-doc-Events-industrymeeting18112004-European-Safety-Strategy-Initiative.ppt	GROUPSCALE	1.000000	1.000000	0.000000	0.000000	True	977900	271462
ws_prod-g-doc-Events-industrymeeting18112004-European-Safety-Strategy-Initiative.ppt	GROUPSCALE	1.000000	1.000000	0.000000	0.000000	True	3973512	336550
ws_prod-g-doc-Events-industrymeeting18112004-European-Safety-Strategy-Initiative.ppt	GROUPSCALE	1.000000	1.000000	0.000000	0.000000	True	7310437	958850
ws_prod-g-doc-Events-industrymeeting18112004-European-Safety-Strategy-Initiative.ppt	GROUPSCALE	1.000000	1.000000	0.000000	0.000000	True	8229600	4511675
ws_prod-g-doc-Events-industrymeeting18112004-European-Safety-Strategy-Initiative.ppt	GROUPSCALE	1.000000	1.000000	0.000000	0.000000	True	1219200	271462
ws_prod-g-doc-Events-industrymeeting18112004-European-Safety-Strategy-Initiative.ppt	GROUPSCALE	1.000000	1.000000	0.000000	0.000000	True	5592762	242887
ws_prod-g-doc-Events-industrymeeting18112004-European-Safety-Strategy-Initiative.ppt	GROUPSCALE	1.000000	1.000000	0.000000	0.000000	True	977900	271462
ws_prod-g-doc-Events-industrymeeting18112004-European-Safety-Strategy-Initiative.ppt	GROUPSCALE	1.000000	1.000000	0.000000	0.000000	True	3973512	336550
ws_prod-g-doc-Events-industrymeeting18112004-European-Safety-Strategy-Initiative.ppt	GROUPSCALE	1.000000	1.000000	0.000000	0.000000	True	7310437	958850
ws_prod-g-doc-Events-industrymeeting18112004-European-Safety-Strategy-Initiative.ppt	GROUPSCALE	1.000000	1.000000	0.000000	0.000000	True	4125912	4511675
ws_prod-g-doc-Events-industrymeeting18112004-European-Safety-Strategy-Initiative.ppt	GROUPSCALE	1.000000	1.000000	0.000000	0.000000	True	1219200	271462
ws_prod-g-doc-Events-industrymeeting18112004-European-Safety-Strategy-Initiative.ppt	GROUPSCALE	1.000000	1.000000	0.000000	0.000000	True	5592762	242887
ws_prod-g-doc-Events-industrymeeting18112004-European-Safety-Strategy-Initiative.ppt	GROUPSCALE	1.000000	1.000000	0.000000	0.000000	True	977900	271462
ws_prod-g-doc-Events-industrymeeting18112004-European-Safety-Strategy-Initiative.ppt	GROUPSCALE	1.000000	1.000000	0.000000	0.000000	True	3973512	336550
ws_prod-g-doc-Events-industrymeeting18112004-European-Safety-Strategy-Initiative.ppt	GROUPSCALE	1.000000	1.000000	0.000000	0.000000	True	7310437	958850
ws_prod-g-doc-Events-industrymeeting18112004-European-Safety-Strategy-Initiative.ppt	GROUPSCALE	1.000000	1.000000	0.000000	0.000000	True	4125912	4511675
ws_prod-g-doc-Events-industrymeeting18112004-European-Safety-Strategy-Initiative.ppt	GROUPSCALE	1.000000	1.000000	0.000000	0.000000	True	1219200	271462
ws_prod-g-doc-Events-industrymeeting18112004-European-Safety-Strategy-Initiative.ppt	GROUPSCALE	1.000000	1.000000	0.000000	0.000000	True	5592762	242887
ws_prod-g-doc-Events-industrymeeting18112004-European-Safety-Strategy-Initiative.ppt	GROUPSCALE	1.000000	1.000000	0.000000	0.000000	True	977900	271462
ws_prod-g-doc-Events-industrymeeting18112004-European-Safety-Strategy-Initiative.ppt	GROUPSCALE	1.000000	1.000000	0.000000	0.000000	True	3973512	336550
ws_prod-g-doc-Events-industrymeeting18112004-European-Safety-Strategy-Initiative.ppt	GROUPSCALE	1.000000	1.000000	0.000000	0.000000	True	7310437	958850
ws_prod-g-doc-Events-industrymeeting18112004-European-Safety-Strategy-Initiative.ppt	GROUPSCALE	1.000000	1.000000	0.000000	0.000000	True	3530600	4511675
ws_prod-g-doc-Events-industrymeeting18112004-European-Safety-Strategy-Initiative.ppt	GROUPSCALE	1.000000	1.000000	0.000000	0.000000	True	1219200	271462
ws_prod-g-doc-Events-industrymeeting18112004-European-Safety-Strategy-Initiative.ppt	GROUPSCALE	1.000000	1.000000	0.000000	0.000000	True	5592762	242887
ws_prod-g-doc-Events-industrymeeting18112004-European-Safety-Strategy-Initiative.ppt	GROUPSCALE	1.000000	1.000000	0.000000	0.000000	True	977900	271462
ws_prod-g-doc-Events-industrymeeting18112004-European-Safety-Strategy-Initiative.ppt	GROUPSCALE	1.000000	1.000000	0.000000	0.000000	True	3973512	336550
0335fab9-79f0-4944-b92c-f223837ca2d8.ppt	GROUPSCALE	1.000000	1.000000	0.000000	0.000000	True	7772400	1655762
0335fab9-79f0-4944-b92c-f223837ca2d8.ppt	GROUPSCALE	1.000000	1.000000	0.000000	0.000000	True	6337300	1754187
0335fab9-79f0-4944-b92c-f223837ca2d8.ppt	GROUPSCALE	1.000000	1.000000	0.000000	0.000000	True	8229600	1143000
0335fab9-79f0-4944-b92c-f223837ca2d8.ppt	GROUPSCALE	1.000000	1.000000	0.000000	0.000000	True	8280400	646112
0335fab9-79f0-4944-b92c-f223837ca2d8.ppt	GROUPSCALE	1.000000	1.000000	0.000000	0.000000	True	3529012	3784600
0335fab9-79f0-4944-b92c-f223837ca2d8.ppt	GROUPSCALE	1.000000	1.000000	0.000000	0.000000	True	2736850	5256212
0335fab9-79f0-4944-b92c-f223837ca2d8.ppt	GROUPSCALE	1.000000	1.000000	0.000000	0.000000	True	1727200	647700
0335fab9-79f0-4944-b92c-f223837ca2d8.ppt	GROUPSCALE	1.000000	1.000000	0.000000	0.000000	True	2089150	3816350
0335fab9-79f0-4944-b92c-f223837ca2d8.ppt	GROUPSCALE	1.000000	1.000000	0.000000	0.000000	True	1368425	369887
0335fab9-79f0-4944-b92c-f223837ca2d8.ppt	GROUPSCALE	1.000000	1.000000	0.000000	0.000000	True	1873250	2735262
0335fab9-79f0-4944-b92c-f223837ca2d8.ppt	GROUPSCALE	1.000000	1.000000	0.000000	0.000000	True	1871662	2520950
0335fab9-79f0-4944-b92c-f223837ca2d8.ppt	GROUPSCALE	1.000000	1.000000	0.000000	0.000000	True	1439862	646112
0335fab9-79f0-4944-b92c-f223837ca2d8.ppt	GROUPSCALE	1.000000	1.000000	0.000000	0.000000	True	1511300	830262
0335fab9-79f0-4944-b92c-f223837ca2d8.ppt	GROUPSCALE	1.000000	1.000000	0.000000	0.000000	True	7921625	923925
0335fab9-79f0-4944-b92c-f223837ca2d8.ppt	GROUPSCALE	1.000000	1.000000	0.000000	0.000000	True	4537075	830262
0335fab9-79f0-4944-b92c-f223837ca2d8.ppt	GROUPSCALE	1.000000	1.000000	0.000000	0.000000	True	8229600	1143000
0335fab9-79f0-4944-b92c-f223837ca2d8.ppt	GROUPSCALE	1.000000	1.000000	0.000000	0.000000	True	8229600	4525962
0335fab9-79f0-4944-b92c-f223837ca2d8.ppt	GROUPSCALE	1.000000	1.000000	0.000000	0.000000	True	8229600	1143000
0335fab9-79f0-4944-b92c-f223837ca2d8.ppt	GROUPSCALE	1.000000	1.000000	0.000000	0.000000	True	8229600	3744912
0335fab9-79f0-4944-b92c-f223837ca2d8.ppt	GROUPSCALE	1.000000	1.000000	0.000000	0.000000	True	7772400	1223962
0335fab9-79f0-4944-b92c-f223837ca2d8.ppt	GROUPSCALE	1.000000	1.000000	0.000000	0.000000	True	8280400	5184775
0335fab9-79f0-4944-b92c-f223837ca2d8.ppt	GROUPSCALE	1.000000	1.000000	0.000000	0.000000	True	8229600	1143000
0335fab9-79f0-4944-b92c-f223837ca2d8.ppt	GROUPSCALE	1.000000	1.000000	0.000000	0.000000	True	8229600	4897437
0335fab9-79f0-4944-b92c-f223837ca2d8.ppt	GROUPSCALE	1.000000	1.000000	0.000000	0.000000	True	8229600	1143000
0335fab9-79f0-4944-b92c-f223837ca2d8.ppt	GROUPSCALE	1.000000	1.000000	0.000000	0.000000	True	8229600	5256212
0335fab9-79f0-4944-b92c-f223837ca2d8.ppt	GROUPSCALE	1.000000	1.000000	0.000000	0.000000	True	8229600	706437
0335fab9-79f0-4944-b92c-f223837ca2d8.ppt	GROUPSCALE	1.000000	1.000000	0.000000	0.000000	True	8229600	4525962
0335fab9-79f0-4944-b92c-f223837ca2d8.ppt	GROUPSCALE	1.000000	1.000000	0.000000	0.000000	True	8229600	777875
0335fab9-79f0-4944-b92c-f223837ca2d8.ppt	GROUPSCALE	1.000000	1.000000	0.000000	0.000000	True	8229600	4525962
0335fab9-79f0-4944-b92c-f223837ca2d8.ppt	GROUPSCALE	1.000000	1.000000	0.000000	0.000000	True	8229600	777875
0335fab9-79f0-4944-b92c-f223837ca2d8.ppt	GROUPSCALE	1.000000	1.000000	0.000000	0.000000	True	8229600	4525962
0335fab9-79f0-4944-b92c-f223837ca2d8.ppt	GROUPSCALE	1.000000	1.000000	0.000000	0.000000	True	8229600	1065212
0335fab9-79f0-4944-b92c-f223837ca2d8.ppt	GROUPSCALE	1.000000	1.000000	0.000000	0.000000	True	8229600	4525962
berlin.ppt	GROUPSCALE	1.000000	1.000000	0.000000	0.000000	True	1905000	457200
berlin.ppt	GROUPSCALE	1.000000	1.000000	0.000000	0.000000	True	2895600	457200
berlin.ppt	GROUPSCALE	1.000000	1.000000	0.000000	0.000000	True	8686800	1143000
berlin.ppt	GROUPSCALE	1.000000	1.000000	0.000000	0.000000	True	8077200	2895600
berlin.ppt	GROUPSCALE	1.000000	1.000000	0.000000	0.000000	True	1905000	457200
berlin.ppt	GROUPSCALE	1.000000	1.000000	0.000000	0.000000	True	2895600	457200
berlin.ppt	GROUPSCALE	1.000000	1.000000	0.000000	0.000000	True	8686800	1143000
berlin.ppt	GROUPSCALE	1.000000	1.000000	0.000000	0.000000	True	8534400	838200
berlin.ppt	GROUPSCALE	1.000000	1.000000	0.000000	0.000000	True	903287	398462
berlin.ppt	GROUPSCALE	1.000000	1.000000	0.000000	0.000000	True	814387	398462
berlin.ppt	GROUPSCALE	1.000000	1.000000	0.000000	0.000000	True	814387	398462
berlin.ppt	GROUPSCALE	1.000000	1.000000	0.000000	0.000000	True	814387	398462
berlin.ppt	GROUPSCALE	1.000000	1.000000	0.000000	0.000000	True	814387	398462
berlin.ppt	GROUPSCALE	1.000000	1.000000	0.000000	0.000000	True	1092200	398462
berlin.ppt	GROUPSCALE	1.000000	1.000000	0.000000	0.000000	True	1905000	457200
berlin.ppt	GROUPSCALE	1.000000	1.000000	0.000000	0.000000	True	2895600	457200
berlin.ppt	GROUPSCALE	1.000000	1.000000	0.000000	0.000000	True	8763000	762000
berlin.ppt	GROUPSCALE	1.000000	1.000000	0.000000	0.000000	True	8305800	1524000
berlin.ppt	GROUPSCALE	1.000000	1.000000	0.000000	0.000000	True	765175	398462
berlin.ppt	GROUPSCALE	1.000000	1.000000	0.000000	0.000000	True	765175	398462
berlin.ppt	GROUPSCALE	1.000000	1.000000	0.000000	0.000000	True	765175	398462
berlin.ppt	GROUPSCALE	1.000000	1.000000	0.000000	0.000000	True	765175	398462
berlin.ppt	GROUPSCALE	1.000000	1.000000	0.000000	0.000000	True	765175	398462
berlin.ppt	GROUPSCALE	1.000000	1.000000	0.000000	0.000000	True	1092200	398462
berlin.ppt	GROUPSCALE	1.000000	1.000000	0.000000	0.000000	True	1905000	457200
berlin.ppt	GROUPSCALE	1.000000	1.000000	0.000000	0.000000	True	2895600	457200
berlin.ppt	GROUPSCALE	1.000000	1.000000	0.000000	0.000000	True	7772400	1143000
berlin.ppt	GROUPSCALE	1.000000	1.000000	0.000000	0.000000	True	7772400	4114800
berlin.ppt	GROUPSCALE	1.000000	1.000000	0.000000	0.000000	True	1905000	457200
berlin.ppt	GROUPSCALE	1.000000	1.000000	0.000000	0.000000	True	2895600	457200
berlin.ppt	GROUPSCALE	1.000000	1.000000	0.000000	0.000000	True	7772400	1143000
berlin.ppt	GROUPSCALE	1.000000	1.000000	0.000000	0.000000	True	7772400	4114800
berlin.ppt	GROUPSCALE	1.000000	1.000000	0.000000	0.000000	True	1905000	457200
berlin.ppt	GROUPSCALE	1.000000	1.000000	0.000000	0.000000	True	2895600	457200
berlin.ppt	GROUPSCALE	1.000000	1.000000	0.000000	0.000000	True	7772400	1143000
berlin.ppt	GROUPSCALE	1.000000	1.000000	0.000000	0.000000	True	7772400	4114800
berlin.ppt	GROUPSCALE	1.000000	1.000000	0.000000	0.000000	True	1905000	457200
berlin.ppt	GROUPSCALE	1.000000	1.000000	0.000000	0.000000	True	2895600	457200
berlin.ppt	GROUPSCALE	1.000000	1.000000	0.000000	0.000000	True	8610600	1143000
berlin.ppt	GROUPSCALE	1.000000	1.000000	0.000000	0.000000	True	7772400	4114800
berlin.ppt	GROUPSCALE	1.000000	1.000000	0.000000	0.000000	True	1905000	457200
berlin.ppt	GROUPSCALE	1.000000	1.000000	0.000000	0.000000	True	2895600	457200
berlin.ppt	GROUPSCALE	1.000000	1.000000	0.000000	0.000000	True	7772400	1143000
berlin.ppt	GROUPSCALE	1.000000	1.000000	0.000000	0.000000	True	3810000	4114800
berlin.ppt	GROUPSCALE	1.000000	1.000000	0.000000	0.000000	True	1905000	457200
berlin.ppt	GROUPSCALE	1.000000	1.000000	0.000000	0.000000	True	2895600	457200
berlin.ppt	GROUPSCALE	1.000000	1.000000	0.000000	0.000000	True	7772400	1143000
berlin.ppt	GROUPSCALE	1.000000	1.000000	0.000000	0.000000	True	7772400	4114800
berlin.ppt	GROUPSCALE	1.000000	1.000000	0.000000	0.000000	True	1905000	457200
berlin.ppt	GROUPSCALE	1.000000	1.000000	0.000000	0.000000	True	2895600	457200
berlin.ppt	GROUPSCALE	1.000000	1.000000	0.000000	0.000000	True	8153400	1143000
berlin.ppt	GROUPSCALE	1.000000	1.000000	0.000000	0.000000	True	8305800	4114800
berlin.ppt	GROUPSCALE	1.000000	1.000000	0.000000	0.000000	True	1905000	457200
berlin.ppt	GROUPSCALE	1.000000	1.000000	0.000000	0.000000	True	2895600	457200
berlin.ppt	GROUPSCALE	1.000000	1.000000	0.000000	0.000000	True	7772400	1143000
berlin.ppt	GROUPSCALE	1.000000	1.000000	0.000000	0.000000	True	7772400	4114800
berlin.ppt	GROUPSCALE	1.000000	1.000000	0.000000	0.000000	True	1905000	457200
berlin.ppt	GROUPSCALE	1.000000	1.000000	0.000000	0.000000	True	2895600	457200
berlin.ppt	GROUPSCALE	1.000000	1.000000	0.000000	0.000000	True	7772400	1143000
berlin.ppt	GROUPSCALE	1.000000	1.000000	0.000000	0.000000	True	7772400	4114800
berlin.ppt	GROUPSCALE	1.000000	1.000000	0.000000	0.000000	True	1905000	457200
berlin.ppt	GROUPSCALE	1.000000	1.000000	0.000000	0.000000	True	2895600	457200
berlin.ppt	GROUPSCALE	1.000000	1.000000	0.000000	0.000000	True	7772400	1143000
berlin.ppt	GROUPSCALE	1.000000	1.000000	0.000000	0.000000	True	7772400	4114800
berlin.ppt	GROUPSCALE	1.000000	1.000000	0.000000	0.000000	True	1905000	457200
berlin.ppt	GROUPSCALE	1.000000	1.000000	0.000000	0.000000	True	2895600	457200
berlin.ppt	GROUPSCALE	1.000000	1.000000	0.000000	0.000000	True	7772400	1143000
berlin.ppt	GROUPSCALE	1.000000	1.000000	0.000000	0.000000	True	7772400	4114800
berlin.ppt	GROUPSCALE	1.000000	1.000000	0.000000	0.000000	True	1905000	457200
berlin.ppt	GROUPSCALE	1.000000	1.000000	0.000000	0.000000	True	2895600	457200
berlin.ppt	GROUPSCALE	1.000000	1.000000	0.000000	0.000000	True	7772400	1143000
berlin.ppt	GROUPSCALE	1.000000	1.000000	0.000000	0.000000	True	1905000	457200
berlin.ppt	GROUPSCALE	1.000000	1.000000	0.000000	0.000000	True	2895600	457200
berlin.ppt	GROUPSCALE	1.000000	1.000000	0.000000	0.000000	True	7772400	1143000
berlin.ppt	GROUPSCALE	1.000000	1.000000	0.000000	0.000000	True	7772400	4114800
berlin.ppt	GROUPSCALE	1.000000	1.000000	0.000000	0.000000	True	1905000	457200
berlin.ppt	GROUPSCALE	1.000000	1.000000	0.000000	0.000000	True	2895600	457200
berlin.ppt	GROUPSCALE	1.000000	1.000000	0.000000	0.000000	True	7772400	1143000
berlin.ppt	GROUPSCALE	1.000000	1.000000	0.000000	0.000000	True	7772400	4114800
berlin.ppt	GROUPSCALE	1.000000	1.000000	0.000000	0.000000	True	1905000	457200
berlin.ppt	GROUPSCALE	1.000000	1.000000	0.000000	0.000000	True	2895600	457200
berlin.ppt	GROUPSCALE	1.000000	1.000000	0.000000	0.000000	True	7772400	1143000
berlin.ppt	GROUPSCALE	1.000000	1.000000	0.000000	0.000000	True	8001000	1981200
berlin.ppt	GROUPSCALE	1.000000	1.000000	0.000000	0.000000	True	1905000	457200
berlin.ppt	GROUPSCALE	1.000000	1.000000	0.000000	0.000000	True	2895600	457200
berlin.ppt	GROUPSCALE	1.000000	1.000000	0.000000	0.000000	True	7772400	1143000
berlin.ppt	GROUPSCALE	1.000000	1.000000	0.000000	0.000000	True	6019800	398462
berlin.ppt	GROUPSCALE	1.000000	1.000000	0.000000	0.000000	True	6019800	398462
berlin.ppt	GROUPSCALE	1.000000	1.000000	0.000000	0.000000	True	1355725	398462
berlin.ppt	GROUPSCALE	1.000000	1.000000	0.000000	0.000000	True	754062	398462
berlin.ppt	GROUPSCALE	1.000000	1.000000	0.000000	0.000000	True	1219200	407987
berlin.ppt	GROUPSCALE	1.000000	1.000000	0.000000	0.000000	True	1219200	407987
berlin.ppt	GROUPSCALE	1.000000	1.000000	0.000000	0.000000	True	1219200	407987
berlin.ppt	GROUPSCALE	1.000000	1.000000	0.000000	0.000000	True	517525	398462
berlin.ppt	GROUPSCALE	1.000000	1.000000	0.000000	0.000000	True	2016125	398462
berlin.ppt	GROUPSCALE	1.000000	1.000000	0.000000	0.000000	True	7651750	2301875
berlin.ppt	GROUPSCALE	1.000000	1.000000	0.000000	0.000000	True	1905000	457200
berlin.ppt	GROUPSCALE	1.000000	1.000000	0.000000	0.000000	True	2895600	457200
berlin.ppt	GROUPSCALE	1.000000	1.000000	0.000000	0.000000	True	7772400	1143000
berlin.ppt	GROUPSCALE	1.000000	1.000000	0.000000	0.000000	True	7772400	4114800
berlin.ppt	GROUPSCALE	1.000000	1.000000	0.000000	0.000000	True	1905000	457200
berlin.ppt	GROUPSCALE	1.000000	1.000000	0.000000	0.000000	True	2895600	457200
berlin.ppt	GROUPSCALE	1.000000	1.000000	0.000000	0.000000	True	8686800	1143000
berlin.ppt	GROUPSCALE	1.000000	1.000000	0.000000	0.000000	True	7772400	4114800
berlin.ppt	GROUPSCALE	1.000000	1.000000	0.000000	0.000000	True	1905000	457200
berlin.ppt	GROUPSCALE	1.000000	1.000000	0.000000	0.000000	True	2895600	457200
berlin.ppt	GROUPSCALE	1.000000	1.000000	0.000000	0.000000	True	7772400	1143000
berlin.ppt	GROUPSCALE	1.000000	1.000000	0.000000	0.000000	True	7315200	4419600
berlin.ppt	GROUPSCALE	1.000000	1.000000	0.000000	0.000000	True	1905000	457200
berlin.ppt	GROUPSCALE	1.000000	1.000000	0.000000	0.000000	True	2895600	457200
berlin.ppt	GROUPSCALE	1.000000	1.000000	0.000000	0.000000	True	7772400	1143000
berlin.ppt	GROUPSCALE	1.000000	1.000000	0.000000	0.000000	True	7772400	4114800
berlin.ppt	GROUPSCALE	1.000000	1.000000	0.000000	0.000000	True	1905000	457200
berlin.ppt	GROUPSCALE	1.000000	1.000000	0.000000	0.000000	True	2895600	457200
berlin.ppt	GROUPSCALE	1.000000	1.000000	0.000000	0.000000	True	7772400	1143000
berlin.ppt	GROUPSCALE	1.000000	1.000000	0.000000	0.000000	True	7772400	762000
berlin.ppt	GROUPSCALE	1.000000	1.000000	0.000000	0.000000	True	8686800	609600
berlin.ppt	GROUPSCALE	1.000000	1.000000	0.000000	0.000000	True	7772400	762000
berlin.ppt	GROUPSCALE	1.000000	1.000000	0.000000	0.000000	True	520700	460375
berlin.ppt	GROUPSCALE	1.000000	1.000000	0.000000	0.000000	True	685800	457200
berlin.ppt	GROUPSCALE	1.000000	1.000000	0.000000	0.000000	True	520700	460375
berlin.ppt	GROUPSCALE	1.000000	1.000000	0.000000	0.000000	True	685800	457200
berlin.ppt	GROUPSCALE	1.000000	1.000000	0.000000	0.000000	True	1905000	457200
berlin.ppt	GROUPSCALE	1.000000	1.000000	0.000000	0.000000	True	2895600	457200
berlin.ppt	GROUPSCALE	1.000000	1.000000	0.000000	0.000000	True	7772400	1143000
berlin.ppt	GROUPSCALE	1.000000	1.000000	0.000000	0.000000	True	7772400	4114800
berlin.ppt	GROUPSCALE	1.000000	1.000000	0.000000	0.000000	True	1905000	457200
berlin.ppt	GROUPSCALE	1.000000	1.000000	0.000000	0.000000	True	2895600	457200
berlin.ppt	GROUPSCALE	1.000000	1.000000	0.000000	0.000000	True	7772400	1143000
berlin.ppt	GROUPSCALE	1.000000	1.000000	0.000000	0.000000	True	7772400	4114800
berlin.ppt	GROUPSCALE	1.000000	1.000000	0.000000	0.000000	True	1905000	457200
berlin.ppt	GROUPSCALE	1.000000	1.000000	0.000000	0.000000	True	2895600	457200
berlin.ppt	GROUPSCALE	1.000000	1.000000	0.000000	0.000000	True	7772400	1143000
berlin.ppt	GROUPSCALE	1.000000	1.000000	0.000000	0.000000	True	7772400	685800
berlin.ppt	GROUPSCALE	1.000000	1.000000	0.000000	0.000000	True	7772400	685800
berlin.ppt	GROUPSCALE	1.000000	1.000000	0.000000	0.000000	True	7772400	685800
berlin.ppt	GROUPSCALE	1.000000	1.000000	0.000000	0.000000	True	7772400	685800
berlin.ppt	GROUPSCALE	1.000000	1.000000	0.000000	0.000000	True	520700	460375
berlin.ppt	GROUPSCALE	1.000000	1.000000	0.000000	0.000000	True	685800	457200
berlin.ppt	GROUPSCALE	1.000000	1.000000	0.000000	0.000000	True	520700	460375
berlin.ppt	GROUPSCALE	1.000000	1.000000	0.000000	0.000000	True	685800	457200
berlin.ppt	GROUPSCALE	1.000000	1.000000	0.000000	0.000000	True	774700	460375
berlin.ppt	GROUPSCALE	1.000000	1.000000	0.000000	0.000000	True	1905000	457200
berlin.ppt	GROUPSCALE	1.000000	1.000000	0.000000	0.000000	True	2895600	457200
berlin.ppt	GROUPSCALE	1.000000	1.000000	0.000000	0.000000	True	7772400	1143000
berlin.ppt	GROUPSCALE	1.000000	1.000000	0.000000	0.000000	True	7772400	1371600
berlin.ppt	GROUPSCALE	1.000000	1.000000	0.000000	0.000000	True	2147887	460375
berlin.ppt	GROUPSCALE	1.000000	1.000000	0.000000	0.000000	True	1219200	460375
berlin.ppt	GROUPSCALE	1.000000	1.000000	0.000000	0.000000	True	1112837	460375
berlin.ppt	GROUPSCALE	1.000000	1.000000	0.000000	0.000000	True	1703387	460375
berlin.ppt	GROUPSCALE	1.000000	1.000000	0.000000	0.000000	True	2171700	460375
berlin.ppt	GROUPSCALE	1.000000	1.000000	0.000000	0.000000	True	2619375	460375
berlin.ppt	GROUPSCALE	1.000000	1.000000	0.000000	0.000000	True	1793875	460375
berlin.ppt	GROUPSCALE	1.000000	1.000000	0.000000	0.000000	True	2214562	460375
berlin.ppt	GROUPSCALE	1.000000	1.000000	0.000000	0.000000	True	1905000	457200
berlin.ppt	GROUPSCALE	1.000000	1.000000	0.000000	0.000000	True	2895600	457200
berlin.ppt	GROUPSCALE	1.000000	1.000000	0.000000	0.000000	True	7772400	1066800
berlin.ppt	GROUPSCALE	1.000000	1.000000	0.000000	0.000000	True	8610600	3657600
ws_prod-g-doc-Events-industrymeeting18112004-Aercap.ppt	GROUPSCALE	1.000000	1.000000	0.000000	0.000000	True	4318000	2286000
ws_prod-g-doc-Events-industrymeeting18112004-Aercap.ppt	GROUPSCALE	1.000000	1.000000	0.000000	0.000000	True	4318000	304800
ws_prod-g-doc-Events-industrymeeting18112004-Aercap.ppt	GROUPSCALE	1.000000	1.000000	0.000000	0.000000	True	7016750	457200
ws_prod-g-doc-Events-industrymeeting18112004-Aercap.ppt	GROUPSCALE	1.000000	1.000000	0.000000	0.000000	True	990600	457200
ws_prod-g-doc-Events-industrymeeting18112004-Aercap.ppt	GROUPSCALE	1.000000	1.000000	0.000000	0.000000	True	8089900	457200
ws_prod-g-doc-Events-industrymeeting18112004-Aercap.ppt	GROUPSCALE	1.000000	1.000000	0.000000	0.000000	True	8001000	4114800
ws_prod-g-doc-Events-industrymeeting18112004-Aercap.ppt	GROUPSCALE	1.000000	1.000000	0.000000	0.000000	True	7016750	457200
ws_prod-g-doc-Events-industrymeeting18112004-Aercap.ppt	GROUPSCALE	1.000000	1.000000	0.000000	0.000000	True	990600	457200
ws_prod-g-doc-Events-industrymeeting18112004-Aercap.ppt	GROUPSCALE	1.000000	1.000000	0.000000	0.000000	True	8089900	457200
ws_prod-g-doc-Events-industrymeeting18112004-Aercap.ppt	GROUPSCALE	1.000000	1.000000	0.000000	0.000000	True	7981950	4114800
ws_prod-g-doc-Events-industrymeeting18112004-Aercap.ppt	GROUPSCALE	1.000000	1.000000	0.000000	0.000000	True	7016750	457200
ws_prod-g-doc-Events-industrymeeting18112004-Aercap.ppt	GROUPSCALE	1.000000	1.000000	0.000000	0.000000	True	990600	457200
ws_prod-g-doc-Events-industrymeeting18112004-Aercap.ppt	GROUPSCALE	1.000000	1.000000	0.000000	0.000000	True	8089900	457200
ws_prod-g-doc-Events-industrymeeting18112004-Aercap.ppt	GROUPSCALE	1.000000	1.000000	0.000000	0.000000	True	8439150	4114800
ws_prod-g-doc-Events-industrymeeting18112004-Aercap.ppt	GROUPSCALE	1.000000	1.000000	0.000000	0.000000	True	7016750	457200
ws_prod-g-doc-Events-industrymeeting18112004-Aercap.ppt	GROUPSCALE	1.000000	1.000000	0.000000	0.000000	True	990600	457200
ws_prod-g-doc-Events-industrymeeting18112004-Aercap.ppt	GROUPSCALE	1.000000	1.000000	0.000000	0.000000	True	8089900	457200
ws_prod-g-doc-Events-industrymeeting18112004-Aercap.ppt	GROUPSCALE	1.000000	1.000000	0.000000	0.000000	True	8131175	4495800
ws_prod-g-doc-Events-industrymeeting18112004-Aercap.ppt	GROUPSCALE	1.000000	1.000000	0.000000	0.000000	True	7016750	457200
ws_prod-g-doc-Events-industrymeeting18112004-Aercap.ppt	GROUPSCALE	1.000000	1.000000	0.000000	0.000000	True	990600	457200
ws_prod-g-doc-Events-industrymeeting18112004-Aercap.ppt	GROUPSCALE	1.000000	1.000000	0.000000	0.000000	True	8089900	457200
ws_prod-g-doc-Events-industrymeeting18112004-Aercap.ppt	GROUPSCALE	1.000000	1.000000	0.000000	0.000000	True	8131175	4114800
ws_prod-g-doc-Events-industrymeeting18112004-Aercap.ppt	GROUPSCALE	1.000000	1.000000	0.000000	0.000000	True	7016750	457200
ws_prod-g-doc-Events-industrymeeting18112004-Aercap.ppt	GROUPSCALE	1.000000	1.000000	0.000000	0.000000	True	990600	457200
ws_prod-g-doc-Events-industrymeeting18112004-Aercap.ppt	GROUPSCALE	1.000000	1.000000	0.000000	0.000000	True	8089900	457200
ws_prod-g-doc-Events-industrymeeting18112004-Aercap.ppt	GROUPSCALE	1.000000	1.000000	0.000000	0.000000	True	8131175	4114800
ws_prod-g-doc-Events-industrymeeting18112004-Aercap.ppt	GROUPSCALE	1.000000	1.000000	0.000000	0.000000	True	7016750	457200
ws_prod-g-doc-Events-industrymeeting18112004-Aercap.ppt	GROUPSCALE	1.000000	1.000000	0.000000	0.000000	True	990600	457200
ws_prod-g-doc-Events-industrymeeting18112004-Aercap.ppt	GROUPSCALE	1.000000	1.000000	0.000000	0.000000	True	8089900	457200
ws_prod-g-doc-Events-industrymeeting18112004-Aercap.ppt	GROUPSCALE	1.000000	1.000000	0.000000	0.000000	True	8131175	4114800
ws_prod-g-doc-Events-industrymeeting18112004-Aercap.ppt	GROUPSCALE	1.000000	1.000000	0.000000	0.000000	True	7016750	457200
ws_prod-g-doc-Events-industrymeeting18112004-Aercap.ppt	GROUPSCALE	1.000000	1.000000	0.000000	0.000000	True	990600	457200
ws_prod-g-doc-Events-industrymeeting18112004-Aercap.ppt	GROUPSCALE	1.000000	1.000000	0.000000	0.000000	True	8089900	457200
ws_prod-g-doc-Events-industrymeeting18112004-Aercap.ppt	GROUPSCALE	1.000000	1.000000	0.000000	0.000000	True	8131175	4114800
ws_prod-g-doc-Events-industrymeeting18112004-Aercap.ppt	GROUPSCALE	1.000000	1.000000	0.000000	0.000000	True	7016750	457200
ws_prod-g-doc-Events-industrymeeting18112004-Aercap.ppt	GROUPSCALE	1.000000	1.000000	0.000000	0.000000	True	990600	457200
ws_prod-g-doc-Events-industrymeeting18112004-Aercap.ppt	GROUPSCALE	1.000000	1.000000	0.000000	0.000000	True	8089900	457200
ws_prod-g-doc-Events-industrymeeting18112004-Aercap.ppt	GROUPSCALE	1.000000	1.000000	0.000000	0.000000	True	8131175	4114800
ws_prod-g-doc-Events-industrymeeting18112004-Aercap.ppt	GROUPSCALE	1.000000	1.000000	0.000000	0.000000	True	7016750	457200
ws_prod-g-doc-Events-industrymeeting18112004-Aercap.ppt	GROUPSCALE	1.000000	1.000000	0.000000	0.000000	True	990600	457200
ws_prod-g-doc-Events-industrymeeting18112004-Aercap.ppt	GROUPSCALE	1.000000	1.000000	0.000000	0.000000	True	8089900	457200
ws_prod-g-doc-Events-industrymeeting18112004-Aercap.ppt	GROUPSCALE	1.000000	1.000000	0.000000	0.000000	True	8131175	4114800
ws_prod-g-doc-Events-industrymeeting18112004-Aercap.ppt	GROUPSCALE	1.000000	1.000000	0.000000	0.000000	True	4318000	2286000
ws_prod-g-doc-Events-industrymeeting18112004-Aercap.ppt	GROUPSCALE	1.000000	1.000000	0.000000	0.000000	True	4318000	304800
ITE106-Chapter 4.ppt	GROUPSCALE	1.000000	1.000000	0.000000	0.000000	True	8229600	1643062
ITE106-Chapter 4.ppt	GROUPSCALE	1.000000	1.000000	0.000000	0.000000	True	7715250	795337
ITE106-Chapter 4.ppt	GROUPSCALE	1.000000	1.000000	0.000000	0.000000	True	6429375	754062
ITE106-Chapter 4.ppt	GROUPSCALE	1.000000	1.000000	0.000000	0.000000	True	2133600	365125
ITE106-Chapter 4.ppt	GROUPSCALE	1.000000	1.000000	0.000000	0.000000	True	8229600	1143000
ITE106-Chapter 4.ppt	GROUPSCALE	1.000000	1.000000	0.000000	0.000000	True	8401050	4829175
ITE106-Chapter 4.ppt	GROUPSCALE	1.000000	1.000000	0.000000	0.000000	True	2133600	365125
ITE106-Chapter 4.ppt	GROUPSCALE	1.000000	1.000000	0.000000	0.000000	True	8229600	1143000
ITE106-Chapter 4.ppt	GROUPSCALE	1.000000	1.000000	0.000000	0.000000	True	8229600	4829175
ITE106-Chapter 4.ppt	GROUPSCALE	1.000000	1.000000	0.000000	0.000000	True	2133600	365125
ITE106-Chapter 4.ppt	GROUPSCALE	1.000000	1.000000	0.000000	0.000000	True	8229600	1143000
ITE106-Chapter 4.ppt	GROUPSCALE	1.000000	1.000000	0.000000	0.000000	True	8229600	4829175
ITE106-Chapter 4.ppt	GROUPSCALE	1.000000	1.000000	0.000000	0.000000	True	2133600	365125
ITE106-Chapter 4.ppt	GROUPSCALE	1.000000	1.000000	0.000000	0.000000	True	8229600	1143000
ITE106-Chapter 4.ppt	GROUPSCALE	1.000000	1.000000	0.000000	0.000000	True	8229600	4829175
ITE106-Chapter 4.ppt	GROUPSCALE	1.000000	1.000000	0.000000	0.000000	True	2133600	365125
ITE106-Chapter 4.ppt	GROUPSCALE	1.000000	1.000000	0.000000	0.000000	True	8229600	1143000
ITE106-Chapter 4.ppt	GROUPSCALE	1.000000	1.000000	0.000000	0.000000	True	8229600	4829175
ITE106-Chapter 4.ppt	GROUPSCALE	1.000000	1.000000	0.000000	0.000000	True	2133600	365125
ITE106-Chapter 4.ppt	GROUPSCALE	1.000000	1.000000	0.000000	0.000000	True	8229600	1143000
ITE106-Chapter 4.ppt	GROUPSCALE	1.000000	1.000000	0.000000	0.000000	True	8229600	4829175
ITE106-Chapter 4.ppt	GROUPSCALE	1.000000	1.000000	0.000000	0.000000	True	2133600	365125
ITE106-Chapter 4.ppt	GROUPSCALE	1.000000	1.000000	0.000000	0.000000	True	8229600	1143000
ITE106-Chapter 4.ppt	GROUPSCALE	1.000000	1.000000	0.000000	0.000000	True	8229600	4829175
ITE106-Chapter 4.ppt	GROUPSCALE	1.000000	1.000000	0.000000	0.000000	True	2133600	365125
ITE106-Chapter 4.ppt	GROUPSCALE	1.000000	1.000000	0.000000	0.000000	True	8229600	1143000
ITE106-Chapter 4.ppt	GROUPSCALE	1.000000	1.000000	0.000000	0.000000	True	8229600	4829175
ITE106-Chapter 4.ppt	GROUPSCALE	1.000000	1.000000	0.000000	0.000000	True	2133600	365125
ITE106-Chapter 4.ppt	GROUPSCALE	1.000000	1.000000	0.000000	0.000000	True	8229600	1143000
ITE106-Chapter 4.ppt	GROUPSCALE	1.000000	1.000000	0.000000	0.000000	True	8229600	4829175
ITE106-Chapter 4.ppt	GROUPSCALE	1.000000	1.000000	0.000000	0.000000	True	2133600	365125
ITE106-Chapter 4.ppt	GROUPSCALE	1.000000	1.000000	0.000000	0.000000	True	8229600	1143000
ITE106-Chapter 4.ppt	GROUPSCALE	1.000000	1.000000	0.000000	0.000000	True	8229600	4829175
ITE106-Chapter 4.ppt	GROUPSCALE	1.000000	1.000000	0.000000	0.000000	True	2133600	365125
ITE106-Chapter 4.ppt	GROUPSCALE	1.000000	1.000000	0.000000	0.000000	True	8229600	1143000
ITE106-Chapter 4.ppt	GROUPSCALE	1.000000	1.000000	0.000000	0.000000	True	8229600	4829175
ITE106-Chapter 4.ppt	GROUPSCALE	1.000000	1.000000	0.000000	0.000000	True	2133600	365125
ITE106-Chapter 4.ppt	GROUPSCALE	1.000000	1.000000	0.000000	0.000000	True	8229600	1143000
ITE106-Chapter 4.ppt	GROUPSCALE	1.000000	1.000000	0.000000	0.000000	True	8501062	2185987
ITE106-Chapter 4.ppt	GROUPSCALE	1.000000	1.000000	0.000000	0.000000	True	2133600	365125
ITE106-Chapter 4.ppt	GROUPSCALE	1.000000	1.000000	0.000000	0.000000	True	4237037	369887
ITE106-Chapter 4.ppt	GROUPSCALE	1.000000	1.000000	0.000000	0.000000	True	8229600	1143000
ITE106-Chapter 4.ppt	GROUPSCALE	1.000000	1.000000	0.000000	0.000000	True	8229600	4829175
ITE106-Chapter 4.ppt	GROUPSCALE	1.000000	1.000000	0.000000	0.000000	True	2133600	365125
ITE106-Chapter 4.ppt	GROUPSCALE	1.000000	1.000000	0.000000	0.000000	True	8229600	1143000
ITE106-Chapter 4.ppt	GROUPSCALE	1.000000	1.000000	0.000000	0.000000	True	8229600	4829175
ITE106-Chapter 4.ppt	GROUPSCALE	1.000000	1.000000	0.000000	0.000000	True	2133600	365125
ITE106-Chapter 4.ppt	GROUPSCALE	1.000000	1.000000	0.000000	0.000000	True	8229600	1143000
ITE106-Chapter 4.ppt	GROUPSCALE	1.000000	1.000000	0.000000	0.000000	True	8229600	4829175
ITE106-Chapter 4.ppt	GROUPSCALE	1.000000	1.000000	0.000000	0.000000	True	2133600	365125
ITE106-Chapter 4.ppt	GROUPSCALE	1.000000	1.000000	0.000000	0.000000	True	8229600	1143000
ITE106-Chapter 4.ppt	GROUPSCALE	1.000000	1.000000	0.000000	0.000000	True	8229600	4829175
ITE106-Chapter 4.ppt	GROUPSCALE	1.000000	1.000000	0.000000	0.000000	True	2133600	365125
ITE106-Chapter 4.ppt	GROUPSCALE	1.000000	1.000000	0.000000	0.000000	True	8229600	1143000
ITE106-Chapter 4.ppt	GROUPSCALE	1.000000	1.000000	0.000000	0.000000	True	8229600	4829175
ITE106-Chapter 4.ppt	GROUPSCALE	1.000000	1.000000	0.000000	0.000000	True	2133600	365125
ITE106-Chapter 4.ppt	GROUPSCALE	1.000000	1.000000	0.000000	0.000000	True	8229600	1143000
ITE106-Chapter 4.ppt	GROUPSCALE	1.000000	1.000000	0.000000	0.000000	True	8229600	4829175
ITE106-Chapter 4.ppt	GROUPSCALE	1.000000	1.000000	0.000000	0.000000	True	2133600	365125
ITE106-Chapter 4.ppt	GROUPSCALE	1.000000	1.000000	0.000000	0.000000	True	8229600	1143000
ITE106-Chapter 4.ppt	GROUPSCALE	1.000000	1.000000	0.000000	0.000000	True	8229600	4829175
ITE106-Chapter 4.ppt	GROUPSCALE	1.000000	1.000000	0.000000	0.000000	True	2133600	365125
ITE106-Chapter 4.ppt	GROUPSCALE	1.000000	1.000000	0.000000	0.000000	True	8229600	1143000
ITE106-Chapter 4.ppt	GROUPSCALE	1.000000	1.000000	0.000000	0.000000	True	8229600	4829175
ITE106-Chapter 4.ppt	GROUPSCALE	1.000000	1.000000	0.000000	0.000000	True	2133600	365125
ITE106-Chapter 4.ppt	GROUPSCALE	1.000000	1.000000	0.000000	0.000000	True	8229600	1143000
ITE106-Chapter 4.ppt	GROUPSCALE	1.000000	1.000000	0.000000	0.000000	True	8472487	4829175
ITE106-Chapter 4.ppt	GROUPSCALE	1.000000	1.000000	0.000000	0.000000	True	2133600	365125
ITE106-Chapter 4.ppt	GROUPSCALE	1.000000	1.000000	0.000000	0.000000	True	8229600	1143000
ITE106-Chapter 4.ppt	GROUPSCALE	1.000000	1.000000	0.000000	0.000000	True	8229600	4829175
ITE106-Chapter 4.ppt	GROUPSCALE	1.000000	1.000000	0.000000	0.000000	True	2133600	365125
ITE106-Chapter 4.ppt	GROUPSCALE	1.000000	1.000000	0.000000	0.000000	True	8229600	1143000
ITE106-Chapter 4.ppt	GROUPSCALE	1.000000	1.000000	0.000000	0.000000	True	8229600	4829175
ITE106-Chapter 4.ppt	GROUPSCALE	1.000000	1.000000	0.000000	0.000000	True	2133600	365125
ITE106-Chapter 4.ppt	GROUPSCALE	1.000000	1.000000	0.000000	0.000000	True	8229600	1143000
ITE106-Chapter 4.ppt	GROUPSCALE	1.000000	1.000000	0.000000	0.000000	True	8229600	4829175
ITE106-Chapter 4.ppt	GROUPSCALE	1.000000	1.000000	0.000000	0.000000	True	2133600	365125
ITE106-Chapter 4.ppt	GROUPSCALE	1.000000	1.000000	0.000000	0.000000	True	8229600	1143000
ITE106-Chapter 4.ppt	GROUPSCALE	1.000000	1.000000	0.000000	0.000000	True	8229600	4829175
ITE106-Chapter 4.ppt	GROUPSCALE	1.000000	1.000000	0.000000	0.000000	True	2133600	365125
ITE106-Chapter 4.ppt	GROUPSCALE	1.000000	1.000000	0.000000	0.000000	True	8229600	1143000
ITE106-Chapter 4.ppt	GROUPSCALE	1.000000	1.000000	0.000000	0.000000	True	8229600	4829175
ITE106-Chapter 4.ppt	GROUPSCALE	1.000000	1.000000	0.000000	0.000000	True	2133600	365125
ITE106-Chapter 4.ppt	GROUPSCALE	1.000000	1.000000	0.000000	0.000000	True	8229600	1143000
ITE106-Chapter 4.ppt	GROUPSCALE	1.000000	1.000000	0.000000	0.000000	True	8229600	4829175
ITE106-Chapter 4.ppt	GROUPSCALE	1.000000	1.000000	0.000000	0.000000	True	2133600	365125
ITE106-Chapter 4.ppt	GROUPSCALE	1.000000	1.000000	0.000000	0.000000	True	8229600	1143000
ITE106-Chapter 4.ppt	GROUPSCALE	1.000000	1.000000	0.000000	0.000000	True	8229600	4829175
ITE106-Chapter 4.ppt	GROUPSCALE	1.000000	1.000000	0.000000	0.000000	True	2133600	365125
ITE106-Chapter 4.ppt	GROUPSCALE	1.000000	1.000000	0.000000	0.000000	True	8229600	1143000
ITE106-Chapter 4.ppt	GROUPSCALE	1.000000	1.000000	0.000000	0.000000	True	8229600	4829175
ITE106-Chapter 4.ppt	GROUPSCALE	1.000000	1.000000	0.000000	0.000000	True	2133600	365125
ITE106-Chapter 4.ppt	GROUPSCALE	1.000000	1.000000	0.000000	0.000000	True	8229600	1143000
ITE106-Chapter 4.ppt	GROUPSCALE	1.000000	1.000000	0.000000	0.000000	True	8229600	4829175
ITE106-Chapter 4.ppt	GROUPSCALE	1.000000	1.000000	0.000000	0.000000	True	2133600	365125
ITE106-Chapter 4.ppt	GROUPSCALE	1.000000	1.000000	0.000000	0.000000	True	8229600	1143000
ITE106-Chapter 4.ppt	GROUPSCALE	1.000000	1.000000	0.000000	0.000000	True	8229600	4829175
ITE106-Chapter 4.ppt	GROUPSCALE	1.000000	1.000000	0.000000	0.000000	True	2133600	365125
ITE106-Chapter 4.ppt	GROUPSCALE	1.000000	1.000000	0.000000	0.000000	True	8229600	1143000
ITE106-Chapter 4.ppt	GROUPSCALE	1.000000	1.000000	0.000000	0.000000	True	8229600	4829175
ITE106-Chapter 4.ppt	GROUPSCALE	1.000000	1.000000	0.000000	0.000000	True	2133600	365125
ITE106-Chapter 4.ppt	GROUPSCALE	1.000000	1.000000	0.000000	0.000000	True	8229600	1143000
ITE106-Chapter 4.ppt	GROUPSCALE	1.000000	1.000000	0.000000	0.000000	True	8229600	4829175
ITE106-Chapter 4.ppt	GROUPSCALE	1.000000	1.000000	0.000000	0.000000	True	2133600	365125
ITE106-Chapter 4.ppt	GROUPSCALE	1.000000	1.000000	0.000000	0.000000	True	8229600	1143000
ITE106-Chapter 4.ppt	GROUPSCALE	1.000000	1.000000	0.000000	0.000000	True	8229600	4829175
ITE106-Chapter 4.ppt	GROUPSCALE	1.000000	1.000000	0.000000	0.000000	True	2133600	365125
ITE106-Chapter 4.ppt	GROUPSCALE	1.000000	1.000000	0.000000	0.000000	True	8229600	1143000
ITE106-Chapter 4.ppt	GROUPSCALE	1.000000	1.000000	0.000000	0.000000	True	8229600	4829175
ITE106-Chapter 4.ppt	GROUPSCALE	1.000000	1.000000	0.000000	0.000000	True	2133600	365125
ITE106-Chapter 4.ppt	GROUPSCALE	1.000000	1.000000	0.000000	0.000000	True	8229600	1143000
ITE106-Chapter 4.ppt	GROUPSCALE	1.000000	1.000000	0.000000	0.000000	True	8229600	2543175
ITE106-Chapter 4.ppt	GROUPSCALE	1.000000	1.000000	0.000000	0.000000	True	2133600	365125
ITE106-Chapter 4.ppt	GROUPSCALE	1.000000	1.000000	0.000000	0.000000	True	2976562	400050
ITE106-Chapter 4.ppt	GROUPSCALE	1.000000	1.000000	0.000000	0.000000	True	8229600	1143000
ITE106-Chapter 4.ppt	GROUPSCALE	1.000000	1.000000	0.000000	0.000000	True	8229600	4829175
ITE106-Chapter 4.ppt	GROUPSCALE	1.000000	1.000000	0.000000	0.000000	True	2133600	365125
ITE106-Chapter 4.ppt	GROUPSCALE	1.000000	1.000000	0.000000	0.000000	True	8229600	1143000
ITE106-Chapter 4.ppt	GROUPSCALE	1.000000	1.000000	0.000000	0.000000	True	8229600	4829175
ITE106-Chapter 4.ppt	GROUPSCALE	1.000000	1.000000	0.000000	0.000000	True	2133600	365125
ITE106-Chapter 4.ppt	GROUPSCALE	1.000000	1.000000	0.000000	0.000000	True	8229600	1143000
ITE106-Chapter 4.ppt	GROUPSCALE	1.000000	1.000000	0.000000	0.000000	True	8229600	4829175
ITE106-Chapter 4.ppt	GROUPSCALE	1.000000	1.000000	0.000000	0.000000	True	2133600	365125
ITE106-Chapter 4.ppt	GROUPSCALE	1.000000	1.000000	0.000000	0.000000	True	8229600	1143000
ITE106-Chapter 4.ppt	GROUPSCALE	1.000000	1.000000	0.000000	0.000000	True	8229600	4829175
ITE106-Chapter 4.ppt	GROUPSCALE	1.000000	1.000000	0.000000	0.000000	True	2133600	365125
ITE106-Chapter 4.ppt	GROUPSCALE	1.000000	1.000000	0.000000	0.000000	True	8229600	1143000
ITE106-Chapter 4.ppt	GROUPSCALE	1.000000	1.000000	0.000000	0.000000	True	8229600	4829175
ITE106-Chapter 4.ppt	GROUPSCALE	1.000000	1.000000	0.000000	0.000000	True	2133600	365125
ITE106-Chapter 4.ppt	GROUPSCALE	1.000000	1.000000	0.000000	0.000000	True	8229600	1143000
ITE106-Chapter 4.ppt	GROUPSCALE	1.000000	1.000000	0.000000	0.000000	True	8229600	5000625
ITE106-Chapter 4.ppt	GROUPSCALE	1.000000	1.000000	0.000000	0.000000	True	2133600	365125
ITE106-Chapter 4.ppt	GROUPSCALE	1.000000	1.000000	0.000000	0.000000	True	8229600	1143000
ITE106-Chapter 4.ppt	GROUPSCALE	1.000000	1.000000	0.000000	0.000000	True	8229600	4829175
ITE106-Chapter 4.ppt	GROUPSCALE	1.000000	1.000000	0.000000	0.000000	True	2133600	365125
ITE106-Chapter 4.ppt	GROUPSCALE	1.000000	1.000000	0.000000	0.000000	True	8229600	1143000
ITE106-Chapter 4.ppt	GROUPSCALE	1.000000	1.000000	0.000000	0.000000	True	8229600	4829175
ITE106-Chapter 4.ppt	GROUPSCALE	1.000000	1.000000	0.000000	0.000000	True	2133600	365125
ITE106-Chapter 4.ppt	GROUPSCALE	1.000000	1.000000	0.000000	0.000000	True	8229600	1143000
ITE106-Chapter 4.ppt	GROUPSCALE	1.000000	1.000000	0.000000	0.000000	True	8229600	4829175
ITE106-Chapter 4.ppt	GROUPSCALE	1.000000	1.000000	0.000000	0.000000	True	2133600	365125
ITE106-Chapter 4.ppt	GROUPSCALE	1.000000	1.000000	0.000000	0.000000	True	8229600	1143000
ITE106-Chapter 4.ppt	GROUPSCALE	1.000000	1.000000	0.000000	0.000000	True	2133600	365125
Lepore.ppt	GROUPSCALE	1.000000	1.000000	0.000000	0.000000	True	1962150	558800
Lepore.ppt	GROUPSCALE	1.000000	1.000000	0.000000	0.000000	True	1962150	792162
Lepore.ppt	GROUPSCALE	1.000000	1.000000	0.000000	0.000000	True	5132387	1323975
Lepore.ppt	GROUPSCALE	1.000000	1.000000	0.000000	0.000000	True	5429250	1395412
Lepore.ppt	GROUPSCALE	1.000000	1.000000	0.000000	0.000000	True	1370012	403225
Lepore.ppt	GROUPSCALE	1.000000	1.000000	0.000000	0.000000	True	4784725	274637
Lepore.ppt	GROUPSCALE	1.000000	1.000000	0.000000	0.000000	True	3740150	274637
Lepore.ppt	GROUPSCALE	1.000000	1.000000	0.000000	0.000000	True	8472487	609600
Lepore.ppt	GROUPSCALE	1.000000	1.000000	0.000000	0.000000	True	8280400	4391025
Lepore.ppt	GROUPSCALE	1.000000	1.000000	0.000000	0.000000	True	3946525	457200
Lepore.ppt	GROUPSCALE	1.000000	1.000000	0.000000	0.000000	True	1370012	403225
Lepore.ppt	GROUPSCALE	1.000000	1.000000	0.000000	0.000000	True	4784725	274637
Lepore.ppt	GROUPSCALE	1.000000	1.000000	0.000000	0.000000	True	3740150	274637
Lepore.ppt	GROUPSCALE	1.000000	1.000000	0.000000	0.000000	True	8472487	609600
Lepore.ppt	GROUPSCALE	1.000000	1.000000	0.000000	0.000000	True	8404225	4391025
Lepore.ppt	GROUPSCALE	1.000000	1.000000	0.000000	0.000000	True	3946525	457200
Lepore.ppt	GROUPSCALE	1.000000	1.000000	0.000000	0.000000	True	1370012	403225
Lepore.ppt	GROUPSCALE	1.000000	1.000000	0.000000	0.000000	True	4784725	274637
Lepore.ppt	GROUPSCALE	1.000000	1.000000	0.000000	0.000000	True	3740150	274637
Lepore.ppt	GROUPSCALE	1.000000	1.000000	0.000000	0.000000	True	8472487	609600
Lepore.ppt	GROUPSCALE	1.000000	1.000000	0.000000	0.000000	True	8050212	4391025
Lepore.ppt	GROUPSCALE	1.000000	1.000000	0.000000	0.000000	True	1370012	403225
Lepore.ppt	GROUPSCALE	1.000000	1.000000	0.000000	0.000000	True	4784725	274637
Lepore.ppt	GROUPSCALE	1.000000	1.000000	0.000000	0.000000	True	3740150	274637
Lepore.ppt	GROUPSCALE	1.000000	1.000000	0.000000	0.000000	True	8715375	609600
Lepore.ppt	GROUPSCALE	1.000000	1.000000	0.000000	0.000000	True	8050212	4391025
Lepore.ppt	GROUPSCALE	1.000000	1.000000	0.000000	0.000000	True	1370012	403225
Lepore.ppt	GROUPSCALE	1.000000	1.000000	0.000000	0.000000	True	4784725	274637
Lepore.ppt	GROUPSCALE	1.000000	1.000000	0.000000	0.000000	True	3740150	274637
Lepore.ppt	GROUPSCALE	1.000000	1.000000	0.000000	0.000000	True	8472487	609600
Lepore.ppt	GROUPSCALE	1.000000	1.000000	0.000000	0.000000	True	8050212	4391025
Lepore.ppt	GROUPSCALE	1.000000	1.000000	0.000000	0.000000	True	1905000	457200
Lepore.ppt	GROUPSCALE	1.000000	1.000000	0.000000	0.000000	True	1370012	403225
Lepore.ppt	GROUPSCALE	1.000000	1.000000	0.000000	0.000000	True	4784725	274637
Lepore.ppt	GROUPSCALE	1.000000	1.000000	0.000000	0.000000	True	3740150	274637
Lepore.ppt	GROUPSCALE	1.000000	1.000000	0.000000	0.000000	True	8472487	609600
Lepore.ppt	GROUPSCALE	1.000000	1.000000	0.000000	0.000000	True	8050212	4391025
Lepore.ppt	GROUPSCALE	1.000000	1.000000	0.000000	0.000000	True	1370012	403225
Lepore.ppt	GROUPSCALE	1.000000	1.000000	0.000000	0.000000	True	4784725	274637
Lepore.ppt	GROUPSCALE	1.000000	1.000000	0.000000	0.000000	True	3740150	274637
Lepore.ppt	GROUPSCALE	1.000000	1.000000	0.000000	0.000000	True	8472487	609600
Lepore.ppt	GROUPSCALE	1.000000	1.000000	0.000000	0.000000	True	8050212	4391025
Lepore.ppt	GROUPSCALE	1.000000	1.000000	0.000000	0.000000	True	1370012	403225
Lepore.ppt	GROUPSCALE	1.000000	1.000000	0.000000	0.000000	True	4784725	274637
Lepore.ppt	GROUPSCALE	1.000000	1.000000	0.000000	0.000000	True	3740150	274637
Lepore.ppt	GROUPSCALE	1.000000	1.000000	0.000000	0.000000	True	8472487	609600
Lepore.ppt	GROUPSCALE	1.000000	1.000000	0.000000	0.000000	True	8050212	4391025
Lepore.ppt	GROUPSCALE	1.000000	1.000000	0.000000	0.000000	True	1370012	403225
Lepore.ppt	GROUPSCALE	1.000000	1.000000	0.000000	0.000000	True	4784725	274637
Lepore.ppt	GROUPSCALE	1.000000	1.000000	0.000000	0.000000	True	3740150	274637
Lepore.ppt	GROUPSCALE	1.000000	1.000000	0.000000	0.000000	True	8472487	609600
Lepore.ppt	GROUPSCALE	1.000000	1.000000	0.000000	0.000000	True	8686800	4984750
Lepore.ppt	GROUPSCALE	1.000000	1.000000	0.000000	0.000000	True	3946525	457200
Lepore.ppt	GROUPSCALE	1.000000	1.000000	0.000000	0.000000	True	1370012	403225
Lepore.ppt	GROUPSCALE	1.000000	1.000000	0.000000	0.000000	True	4784725	274637
Lepore.ppt	GROUPSCALE	1.000000	1.000000	0.000000	0.000000	True	3740150	274637
Lepore.ppt	GROUPSCALE	1.000000	1.000000	0.000000	0.000000	True	8472487	609600
Lepore.ppt	GROUPSCALE	1.000000	1.000000	0.000000	0.000000	True	8597900	4391025
Lepore.ppt	GROUPSCALE	1.000000	1.000000	0.000000	0.000000	True	3946525	457200
Lepore.ppt	GROUPSCALE	1.000000	1.000000	0.000000	0.000000	True	1370012	403225
Lepore.ppt	GROUPSCALE	1.000000	1.000000	0.000000	0.000000	True	4784725	274637
Lepore.ppt	GROUPSCALE	1.000000	1.000000	0.000000	0.000000	True	3740150	274637
Lepore.ppt	GROUPSCALE	1.000000	1.000000	0.000000	0.000000	True	8472487	609600
Lepore.ppt	GROUPSCALE	1.000000	1.000000	0.000000	0.000000	True	8050212	4391025
Lepore.ppt	GROUPSCALE	1.000000	1.000000	0.000000	0.000000	True	3422650	457200
Lepore.ppt	GROUPSCALE	1.000000	1.000000	0.000000	0.000000	True	1370012	403225
Lepore.ppt	GROUPSCALE	1.000000	1.000000	0.000000	0.000000	True	4784725	274637
Lepore.ppt	GROUPSCALE	1.000000	1.000000	0.000000	0.000000	True	3740150	274637
Lepore.ppt	GROUPSCALE	1.000000	1.000000	0.000000	0.000000	True	8472487	609600
Lepore.ppt	GROUPSCALE	1.000000	1.000000	0.000000	0.000000	True	8050212	4391025
Lepore.ppt	GROUPSCALE	1.000000	1.000000	0.000000	0.000000	True	3422650	457200
Lepore.ppt	GROUPSCALE	1.000000	1.000000	0.000000	0.000000	True	1370012	403225
Lepore.ppt	GROUPSCALE	1.000000	1.000000	0.000000	0.000000	True	4784725	274637
Lepore.ppt	GROUPSCALE	1.000000	1.000000	0.000000	0.000000	True	3740150	274637
Lepore.ppt	GROUPSCALE	1.000000	1.000000	0.000000	0.000000	True	8472487	609600
Lepore.ppt	GROUPSCALE	1.000000	1.000000	0.000000	0.000000	True	8050212	4391025
Lepore.ppt	GROUPSCALE	1.000000	1.000000	0.000000	0.000000	True	3946525	457200
Lepore.ppt	GROUPSCALE	1.000000	1.000000	0.000000	0.000000	True	1370012	403225
Lepore.ppt	GROUPSCALE	1.000000	1.000000	0.000000	0.000000	True	4784725	274637
Lepore.ppt	GROUPSCALE	1.000000	1.000000	0.000000	0.000000	True	3740150	274637
Lepore.ppt	GROUPSCALE	1.000000	1.000000	0.000000	0.000000	True	8472487	609600
Lepore.ppt	GROUPSCALE	1.000000	1.000000	0.000000	0.000000	True	8050212	4391025
Lepore.ppt	GROUPSCALE	1.000000	1.000000	0.000000	0.000000	True	3422650	457200
Lepore.ppt	GROUPSCALE	1.000000	1.000000	0.000000	0.000000	True	1370012	403225
Lepore.ppt	GROUPSCALE	1.000000	1.000000	0.000000	0.000000	True	4784725	274637
Lepore.ppt	GROUPSCALE	1.000000	1.000000	0.000000	0.000000	True	3740150	274637
Lepore.ppt	GROUPSCALE	1.000000	1.000000	0.000000	0.000000	True	8472487	609600
Lepore.ppt	GROUPSCALE	1.000000	1.000000	0.000000	0.000000	True	8556625	4391025
Lepore.ppt	GROUPSCALE	1.000000	1.000000	0.000000	0.000000	True	3422650	457200
Lepore.ppt	GROUPSCALE	1.000000	1.000000	0.000000	0.000000	True	2895600	457200
Lepore.ppt	GROUPSCALE	1.000000	1.000000	0.000000	0.000000	True	1905000	457200
Lepore.ppt	GROUPSCALE	1.000000	1.000000	0.000000	0.000000	True	1370012	403225
Lepore.ppt	GROUPSCALE	1.000000	1.000000	0.000000	0.000000	True	4784725	274637
Lepore.ppt	GROUPSCALE	1.000000	1.000000	0.000000	0.000000	True	3740150	274637
Lepore.ppt	GROUPSCALE	1.000000	1.000000	0.000000	0.000000	True	8472487	609600
Lepore.ppt	GROUPSCALE	1.000000	1.000000	0.000000	0.000000	True	8050212	4391025
Lepore.ppt	GROUPSCALE	1.000000	1.000000	0.000000	0.000000	True	3422650	457200
Lepore.ppt	GROUPSCALE	1.000000	1.000000	0.000000	0.000000	True	2895600	457200
Lepore.ppt	GROUPSCALE	1.000000	1.000000	0.000000	0.000000	True	1905000	457200
Lepore.ppt	GROUPSCALE	1.000000	1.000000	0.000000	0.000000	True	1370012	403225
Lepore.ppt	GROUPSCALE	1.000000	1.000000	0.000000	0.000000	True	4784725	274637
Lepore.ppt	GROUPSCALE	1.000000	1.000000	0.000000	0.000000	True	3740150	274637
Lepore.ppt	GROUPSCALE	1.000000	1.000000	0.000000	0.000000	True	8472487	609600
Lepore.ppt	GROUPSCALE	1.000000	1.000000	0.000000	0.000000	True	8050212	4391025
Lepore.ppt	GROUPSCALE	1.000000	1.000000	0.000000	0.000000	True	3422650	457200
Lepore.ppt	GROUPSCALE	1.000000	1.000000	0.000000	0.000000	True	1905000	457200
Lepore.ppt	GROUPSCALE	1.000000	1.000000	0.000000	0.000000	True	1370012	403225
Lepore.ppt	GROUPSCALE	1.000000	1.000000	0.000000	0.000000	True	4784725	274637
Lepore.ppt	GROUPSCALE	1.000000	1.000000	0.000000	0.000000	True	3740150	274637
Lepore.ppt	GROUPSCALE	1.000000	1.000000	0.000000	0.000000	True	8472487	609600
Lepore.ppt	GROUPSCALE	1.000000	1.000000	0.000000	0.000000	True	8050212	4391025
Lepore.ppt	GROUPSCALE	1.000000	1.000000	0.000000	0.000000	True	3422650	457200
Lepore.ppt	GROUPSCALE	1.000000	1.000000	0.000000	0.000000	True	1370012	403225
Lepore.ppt	GROUPSCALE	1.000000	1.000000	0.000000	0.000000	True	4784725	274637
Lepore.ppt	GROUPSCALE	1.000000	1.000000	0.000000	0.000000	True	3740150	274637
Lepore.ppt	GROUPSCALE	1.000000	1.000000	0.000000	0.000000	True	1905000	457200
Lepore.ppt	GROUPSCALE	1.000000	1.000000	0.000000	0.000000	True	8472487	609600
Lepore.ppt	GROUPSCALE	1.000000	1.000000	0.000000	0.000000	True	8050212	4391025
Lepore.ppt	GROUPSCALE	1.000000	1.000000	0.000000	0.000000	True	3946525	457200
pods05.ppt	GROUPSCALE	1.000000	1.000000	0.000000	0.000000	True	7772400	1143000
pods05.ppt	GROUPSCALE	1.000000	1.000000	0.000000	0.000000	True	4673600	1130300
pods05.ppt	GROUPSCALE	1.000000	1.000000	0.000000	0.000000	True	7870825	822325
pods05.ppt	GROUPSCALE	1.000000	1.000000	0.000000	0.000000	True	8229600	1143000
pods05.ppt	GROUPSCALE	1.000000	1.000000	0.000000	0.000000	True	8229600	4572000
pods05.ppt	GROUPSCALE	1.000000	1.000000	0.000000	0.000000	True	8229600	1143000
pods05.ppt	GROUPSCALE	1.000000	1.000000	0.000000	0.000000	True	7902575	946150
pods05.ppt	GROUPSCALE	1.000000	1.000000	0.000000	0.000000	True	3316287	528637
pods05.ppt	GROUPSCALE	1.000000	1.000000	0.000000	0.000000	True	5356225	528637
pods05.ppt	GROUPSCALE	1.000000	1.000000	0.000000	0.000000	True	3316287	528637
pods05.ppt	GROUPSCALE	1.000000	1.000000	0.000000	0.000000	True	5356225	528637
pods05.ppt	GROUPSCALE	1.000000	1.000000	0.000000	0.000000	True	3316287	528637
pods05.ppt	GROUPSCALE	1.000000	1.000000	0.000000	0.000000	True	5356225	528637
pods05.ppt	GROUPSCALE	1.000000	1.000000	0.000000	0.000000	True	3317875	528637
pods05.ppt	GROUPSCALE	1.000000	1.000000	0.000000	0.000000	True	5356225	528637
pods05.ppt	GROUPSCALE	1.000000	1.000000	0.000000	0.000000	True	8229600	4572000
pods05.ppt	GROUPSCALE	1.000000	1.000000	0.000000	0.000000	True	8229600	1143000
pods05.ppt	GROUPSCALE	1.000000	1.000000	0.000000	0.000000	True	1676400	457200
pods05.ppt	GROUPSCALE	1.000000	1.000000	0.000000	0.000000	True	1671637	457200
pods05.ppt	GROUPSCALE	1.000000	1.000000	0.000000	0.000000	True	1447800	457200
pods05.ppt	GROUPSCALE	1.000000	1.000000	0.000000	0.000000	True	2590800	914400
pods05.ppt	GROUPSCALE	1.000000	1.000000	0.000000	0.000000	True	2590800	914400
pods05.ppt	GROUPSCALE	1.000000	1.000000	0.000000	0.000000	True	1447800	457200
pods05.ppt	GROUPSCALE	1.000000	1.000000	0.000000	0.000000	True	8229600	1143000
pods05.ppt	GROUPSCALE	1.000000	1.000000	0.000000	0.000000	True	8229600	4572000
pods05.ppt	GROUPSCALE	1.000000	1.000000	0.000000	0.000000	True	8229600	1143000
pods05.ppt	GROUPSCALE	1.000000	1.000000	0.000000	0.000000	True	8229600	4572000
pods05.ppt	GROUPSCALE	1.000000	1.000000	0.000000	0.000000	True	8229600	1143000
pods05.ppt	GROUPSCALE	1.000000	1.000000	0.000000	0.000000	True	8229600	4572000
pods05.ppt	GROUPSCALE	1.000000	1.000000	0.000000	0.000000	True	8610600	6629400
pods05.ppt	GROUPSCALE	1.000000	1.000000	0.000000	0.000000	True	6096000	3197225
pods05.ppt	GROUPSCALE	1.000000	1.000000	0.000000	0.000000	True	8229600	1143000
pods05.ppt	GROUPSCALE	1.000000	1.000000	0.000000	0.000000	True	1676400	457200
pods05.ppt	GROUPSCALE	1.000000	1.000000	0.000000	0.000000	True	1671637	457200
pods05.ppt	GROUPSCALE	1.000000	1.000000	0.000000	0.000000	True	1447800	457200
pods05.ppt	GROUPSCALE	1.000000	1.000000	0.000000	0.000000	True	5791200	990600
pods05.ppt	GROUPSCALE	1.000000	1.000000	0.000000	0.000000	True	1447800	457200
pods05.ppt	GROUPSCALE	1.000000	1.000000	0.000000	0.000000	True	8229600	1143000
pods05.ppt	GROUPSCALE	1.000000	1.000000	0.000000	0.000000	True	8686800	4572000
pods05.ppt	GROUPSCALE	1.000000	1.000000	0.000000	0.000000	True	8229600	1143000
pods05.ppt	GROUPSCALE	1.000000	1.000000	0.000000	0.000000	True	8382000	5105400
pods05.ppt	GROUPSCALE	1.000000	1.000000	0.000000	0.000000	True	8534400	1143000
pods05.ppt	GROUPSCALE	1.000000	1.000000	0.000000	0.000000	True	5214937	1371600
pods05.ppt	GROUPSCALE	1.000000	1.000000	0.000000	0.000000	True	8229600	1143000
pods05.ppt	GROUPSCALE	1.000000	1.000000	0.000000	0.000000	True	7772400	2760662
pods05.ppt	GROUPSCALE	1.000000	1.000000	0.000000	0.000000	True	6962775	2228850
pods05.ppt	GROUPSCALE	1.000000	1.000000	0.000000	0.000000	True	8229600	1143000
pods05.ppt	GROUPSCALE	1.000000	1.000000	0.000000	0.000000	True	8229600	4357687
pods05.ppt	GROUPSCALE	1.000000	1.000000	0.000000	0.000000	True	8229600	1143000
pods05.ppt	GROUPSCALE	1.000000	1.000000	0.000000	0.000000	True	7696200	1447800
pods05.ppt	GROUPSCALE	1.000000	1.000000	0.000000	0.000000	True	5181600	1143000
pods05.ppt	GROUPSCALE	1.000000	1.000000	0.000000	0.000000	True	2901950	641350
pods05.ppt	GROUPSCALE	1.000000	1.000000	0.000000	0.000000	True	5181600	1143000
pods05.ppt	GROUPSCALE	1.000000	1.000000	0.000000	0.000000	True	2266950	641350
pods05.ppt	GROUPSCALE	1.000000	1.000000	0.000000	0.000000	True	8229600	1143000
pods05.ppt	GROUPSCALE	1.000000	1.000000	0.000000	0.000000	True	8229600	4572000
pods05.ppt	GROUPSCALE	1.000000	1.000000	0.000000	0.000000	True	8229600	1143000
pods05.ppt	GROUPSCALE	1.000000	1.000000	0.000000	0.000000	True	3657600	3200400
pods05.ppt	GROUPSCALE	1.000000	1.000000	0.000000	0.000000	True	3810000	3200400
pods05.ppt	GROUPSCALE	1.000000	1.000000	0.000000	0.000000	True	522287	701675
pods05.ppt	GROUPSCALE	1.000000	1.000000	0.000000	0.000000	True	8229600	1143000
pods05.ppt	GROUPSCALE	1.000000	1.000000	0.000000	0.000000	True	3316287	528637
pods05.ppt	GROUPSCALE	1.000000	1.000000	0.000000	0.000000	True	5356225	528637
pods05.ppt	GROUPSCALE	1.000000	1.000000	0.000000	0.000000	True	3316287	528637
pods05.ppt	GROUPSCALE	1.000000	1.000000	0.000000	0.000000	True	3316287	528637
pods05.ppt	GROUPSCALE	1.000000	1.000000	0.000000	0.000000	True	3317875	528637
pods05.ppt	GROUPSCALE	1.000000	1.000000	0.000000	0.000000	True	5356225	528637
pods05.ppt	GROUPSCALE	1.000000	1.000000	0.000000	0.000000	True	2859087	528637
pods05.ppt	GROUPSCALE	1.000000	1.000000	0.000000	0.000000	True	5508625	528637
pods05.ppt	GROUPSCALE	1.000000	1.000000	0.000000	0.000000	True	2859087	528637
pods05.ppt	GROUPSCALE	1.000000	1.000000	0.000000	0.000000	True	5508625	528637
pods05.ppt	GROUPSCALE	1.000000	1.000000	0.000000	0.000000	True	2859087	528637
pods05.ppt	GROUPSCALE	1.000000	1.000000	0.000000	0.000000	True	5508625	528637
pods05.ppt	GROUPSCALE	1.000000	1.000000	0.000000	0.000000	True	2860675	528637
pods05.ppt	GROUPSCALE	1.000000	1.000000	0.000000	0.000000	True	5508625	528637
pods05.ppt	GROUPSCALE	1.000000	1.000000	0.000000	0.000000	True	8229600	1143000
pods05.ppt	GROUPSCALE	1.000000	1.000000	0.000000	0.000000	True	4638675	519112
pods05.ppt	GROUPSCALE	1.000000	1.000000	0.000000	0.000000	True	2859087	528637
pods05.ppt	GROUPSCALE	1.000000	1.000000	0.000000	0.000000	True	5508625	528637
pods05.ppt	GROUPSCALE	1.000000	1.000000	0.000000	0.000000	True	2860675	528637
pods05.ppt	GROUPSCALE	1.000000	1.000000	0.000000	0.000000	True	5508625	528637
pods05.ppt	GROUPSCALE	1.000000	1.000000	0.000000	0.000000	True	1981200	1066800
pods05.ppt	GROUPSCALE	1.000000	1.000000	0.000000	0.000000	True	762000	1066800
pods05.ppt	GROUPSCALE	1.000000	1.000000	0.000000	0.000000	True	762000	1066800
pods05.ppt	GROUPSCALE	1.000000	1.000000	0.000000	0.000000	True	8229600	1143000
pods05.ppt	GROUPSCALE	1.000000	1.000000	0.000000	0.000000	True	2438400	1066800
pods05.ppt	GROUPSCALE	1.000000	1.000000	0.000000	0.000000	True	2514600	1066800
pods05.ppt	GROUPSCALE	1.000000	1.000000	0.000000	0.000000	True	409575	579437
pods05.ppt	GROUPSCALE	1.000000	1.000000	0.000000	0.000000	True	439737	579437
pods05.ppt	GROUPSCALE	1.000000	1.000000	0.000000	0.000000	True	685800	579437
pods05.ppt	GROUPSCALE	1.000000	1.000000	0.000000	0.000000	True	685800	579437
pods05.ppt	GROUPSCALE	1.000000	1.000000	0.000000	0.000000	True	4114800	579437
pods05.ppt	GROUPSCALE	1.000000	1.000000	0.000000	0.000000	True	4114800	579437
pods05.ppt	GROUPSCALE	1.000000	1.000000	0.000000	0.000000	True	433387	579437
pods05.ppt	GROUPSCALE	1.000000	1.000000	0.000000	0.000000	True	433387	579437
pods05.ppt	GROUPSCALE	1.000000	1.000000	0.000000	0.000000	True	8229600	1143000
pods05.ppt	GROUPSCALE	1.000000	1.000000	0.000000	0.000000	True	8229600	1143000
pods05.ppt	GROUPSCALE	1.000000	1.000000	0.000000	0.000000	True	319921	319921
pods05.ppt	GROUPSCALE	1.000000	1.000000	0.000000	0.000000	True	319921	319921
pods05.ppt	GROUPSCALE	1.000000	1.000000	0.000000	0.000000	True	319921	319921
pods05.ppt	GROUPSCALE	1.000000	1.000000	0.000000	0.000000	True	319921	319921
pods05.ppt	GROUPSCALE	1.000000	1.000000	0.000000	0.000000	True	319921	319921
pods05.ppt	GROUPSCALE	1.000000	1.000000	0.000000	0.000000	True	319921	319921
pods05.ppt	GROUPSCALE	1.000000	1.000000	0.000000	0.000000	True	319921	319921
pods05.ppt	GROUPSCALE	1.000000	1.000000	0.000000	0.000000	True	319921	319921
pods05.ppt	GROUPSCALE	1.000000	1.000000	0.000000	0.000000	True	319921	319921
pods05.ppt	GROUPSCALE	1.000000	1.000000	0.000000	0.000000	True	319921	319921
pods05.ppt	GROUPSCALE	1.000000	1.000000	0.000000	0.000000	True	319921	319921
pods05.ppt	GROUPSCALE	1.000000	1.000000	0.000000	0.000000	True	319921	319921
pods05.ppt	GROUPSCALE	1.000000	1.000000	0.000000	0.000000	True	319921	319921
pods05.ppt	GROUPSCALE	1.000000	1.000000	0.000000	0.000000	True	319921	319921
pods05.ppt	GROUPSCALE	1.000000	1.000000	0.000000	0.000000	True	319921	319921
pods05.ppt	GROUPSCALE	1.000000	1.000000	0.000000	0.000000	True	319921	319921
pods05.ppt	GROUPSCALE	1.000000	1.000000	0.000000	0.000000	True	319921	319921
pods05.ppt	GROUPSCALE	1.000000	1.000000	0.000000	0.000000	True	319921	319921
pods05.ppt	GROUPSCALE	1.000000	1.000000	0.000000	0.000000	True	319921	319921
pods05.ppt	GROUPSCALE	1.000000	1.000000	0.000000	0.000000	True	319921	319921
pods05.ppt	GROUPSCALE	1.000000	1.000000	0.000000	0.000000	True	8229600	1143000
pods05.ppt	GROUPSCALE	1.000000	1.000000	0.000000	0.000000	True	854075	3154362
pods05.ppt	GROUPSCALE	1.000000	1.000000	0.000000	0.000000	True	8229600	1143000
pods05.ppt	GROUPSCALE	1.000000	1.000000	0.000000	0.000000	True	8229600	4572000
pods05.ppt	GROUPSCALE	1.000000	1.000000	0.000000	0.000000	True	8229600	1143000
pods05.ppt	GROUPSCALE	1.000000	1.000000	0.000000	0.000000	True	8229600	4572000
pods05.ppt	GROUPSCALE	1.000000	1.000000	0.000000	0.000000	True	8229600	1143000
pods05.ppt	GROUPSCALE	1.000000	1.000000	0.000000	0.000000	True	8229600	4572000
pods05.ppt	GROUPSCALE	1.000000	1.000000	0.000000	0.000000	True	8229600	1143000
pods05.ppt	GROUPSCALE	1.000000	1.000000	0.000000	0.000000	True	2616200	482600
pods05.ppt	GROUPSCALE	1.000000	1.000000	0.000000	0.000000	True	2355850	822325
pods05.ppt	GROUPSCALE	1.000000	1.000000	0.000000	0.000000	True	2616200	482600
pods05.ppt	GROUPSCALE	1.000000	1.000000	0.000000	0.000000	True	3219450	457200
pods05.ppt	GROUPSCALE	1.000000	1.000000	0.000000	0.000000	True	3525837	1917700
pods05.ppt	GROUPSCALE	1.000000	1.000000	0.000000	0.000000	True	2616200	482600
pods05.ppt	GROUPSCALE	1.000000	1.000000	0.000000	0.000000	True	2616200	482600
pods05.ppt	GROUPSCALE	1.000000	1.000000	0.000000	0.000000	True	2616200	482600
pods05.ppt	GROUPSCALE	1.000000	1.000000	0.000000	0.000000	True	3525837	1917700
pods05.ppt	GROUPSCALE	1.000000	1.000000	0.000000	0.000000	True	8229600	1143000
pods05.ppt	GROUPSCALE	1.000000	1.000000	0.000000	0.000000	True	4267200	3875087
pods05.ppt	GROUPSCALE	1.000000	1.000000	0.000000	0.000000	True	4267200	4800600
pods05.ppt	GROUPSCALE	1.000000	1.000000	0.000000	0.000000	True	431052	431052
pods05.ppt	GROUPSCALE	1.000000	1.000000	0.000000	0.000000	True	609600	609600
pods05.ppt	GROUPSCALE	1.000000	1.000000	0.000000	0.000000	True	431052	431052
pods05.ppt	GROUPSCALE	1.000000	1.000000	0.000000	0.000000	True	609600	609600
pods05.ppt	GROUPSCALE	1.000000	1.000000	0.000000	0.000000	True	301625	457200
pods05.ppt	GROUPSCALE	1.000000	1.000000	0.000000	0.000000	True	431052	431052
pods05.ppt	GROUPSCALE	1.000000	1.000000	0.000000	0.000000	True	3962400	609600
pods05.ppt	GROUPSCALE	1.000000	1.000000	0.000000	0.000000	True	4572000	609600
pods05.ppt	GROUPSCALE	1.000000	1.000000	0.000000	0.000000	True	431052	431052
pods05.ppt	GROUPSCALE	1.000000	1.000000	0.000000	0.000000	True	609600	609600
pods05.ppt	GROUPSCALE	1.000000	1.000000	0.000000	0.000000	True	431052	431052
pods05.ppt	GROUPSCALE	1.000000	1.000000	0.000000	0.000000	True	609600	609600
pods05.ppt	GROUPSCALE	1.000000	1.000000	0.000000	0.000000	True	296862	457200
pods05.ppt	GROUPSCALE	1.000000	1.000000	0.000000	0.000000	True	8229600	1143000
pods05.ppt	GROUPSCALE	1.000000	1.000000	0.000000	0.000000	True	2895600	685800
pods05.ppt	GROUPSCALE	1.000000	1.000000	0.000000	0.000000	True	4267200	609600
pods05.ppt	GROUPSCALE	1.000000	1.000000	0.000000	0.000000	True	8229600	1143000
pods05.ppt	GROUPSCALE	1.000000	1.000000	0.000000	0.000000	True	3962400	609600
pods05.ppt	GROUPSCALE	1.000000	1.000000	0.000000	0.000000	True	4572000	609600
pods05.ppt	GROUPSCALE	1.000000	1.000000	0.000000	0.000000	True	3962400	609600
pods05.ppt	GROUPSCALE	1.000000	1.000000	0.000000	0.000000	True	4572000	609600
pods05.ppt	GROUPSCALE	1.000000	1.000000	0.000000	0.000000	True	3962400	609600
pods05.ppt	GROUPSCALE	1.000000	1.000000	0.000000	0.000000	True	4572000	609600
pods05.ppt	GROUPSCALE	1.000000	1.000000	0.000000	0.000000	True	3429000	609600
pods05.ppt	GROUPSCALE	1.000000	1.000000	0.000000	0.000000	True	4572000	609600
pods05.ppt	GROUPSCALE	1.000000	1.000000	0.000000	0.000000	True	8229600	1143000
pods05.ppt	GROUPSCALE	1.000000	1.000000	0.000000	0.000000	True	8229600	4572000
pods05.ppt	GROUPSCALE	1.000000	1.000000	0.000000	0.000000	True	8229600	1143000
pods05.ppt	GROUPSCALE	1.000000	1.000000	0.000000	0.000000	True	5214937	609600
pods05.ppt	GROUPSCALE	1.000000	1.000000	0.000000	0.000000	True	993775	519112
pods05.ppt	GROUPSCALE	1.000000	1.000000	0.000000	0.000000	True	1511300	519112
pods05.ppt	GROUPSCALE	1.000000	1.000000	0.000000	0.000000	True	5214937	609600
pods05.ppt	GROUPSCALE	1.000000	1.000000	0.000000	0.000000	True	5214937	533400
pods05.ppt	GROUPSCALE	1.000000	1.000000	0.000000	0.000000	True	3476625	579437
pods05.ppt	GROUPSCALE	1.000000	1.000000	0.000000	0.000000	True	5507037	1066800
pods05.ppt	GROUPSCALE	1.000000	1.000000	0.000000	0.000000	True	6051550	1066800
pods05.ppt	GROUPSCALE	1.000000	1.000000	0.000000	0.000000	True	1905000	457200
pods05.ppt	GROUPSCALE	1.000000	1.000000	0.000000	0.000000	True	8229600	1143000
pods05.ppt	GROUPSCALE	1.000000	1.000000	0.000000	0.000000	True	8229600	4572000
pods05.ppt	GROUPSCALE	1.000000	1.000000	0.000000	0.000000	True	2616200	482600
pods05.ppt	GROUPSCALE	1.000000	1.000000	0.000000	0.000000	True	2616200	482600
pods05.ppt	GROUPSCALE	1.000000	1.000000	0.000000	0.000000	True	3525837	1917700
pods05.ppt	GROUPSCALE	1.000000	1.000000	0.000000	0.000000	True	8229600	1143000
pods05.ppt	GROUPSCALE	1.000000	1.000000	0.000000	0.000000	True	8229600	4572000
pods05.ppt	GROUPSCALE	1.000000	1.000000	0.000000	0.000000	True	377171	377171
pods05.ppt	GROUPSCALE	1.000000	1.000000	0.000000	0.000000	True	377171	377171
pods05.ppt	GROUPSCALE	1.000000	1.000000	0.000000	0.000000	True	377171	377171
pods05.ppt	GROUPSCALE	1.000000	1.000000	0.000000	0.000000	True	377171	377171
pods05.ppt	GROUPSCALE	1.000000	1.000000	0.000000	0.000000	True	9144000	1143000
pods05.ppt	GROUPSCALE	1.000000	1.000000	0.000000	0.000000	True	5791200	1447800
pods05.ppt	GROUPSCALE	1.000000	1.000000	0.000000	0.000000	True	341312	304800
pods05.ppt	GROUPSCALE	1.000000	1.000000	0.000000	0.000000	True	450850	304800
pods05.ppt	GROUPSCALE	1.000000	1.000000	0.000000	0.000000	True	446087	304800
pods05.ppt	GROUPSCALE	1.000000	1.000000	0.000000	0.000000	True	446087	304800
pods05.ppt	GROUPSCALE	1.000000	1.000000	0.000000	0.000000	True	449262	304800
pods05.ppt	GROUPSCALE	1.000000	1.000000	0.000000	0.000000	True	341312	304800
pods05.ppt	GROUPSCALE	1.000000	1.000000	0.000000	0.000000	True	450850	304800
pods05.ppt	GROUPSCALE	1.000000	1.000000	0.000000	0.000000	True	446087	304800
pods05.ppt	GROUPSCALE	1.000000	1.000000	0.000000	0.000000	True	446087	304800
pods05.ppt	GROUPSCALE	1.000000	1.000000	0.000000	0.000000	True	449262	304800
pods05.ppt	GROUPSCALE	1.000000	1.000000	0.000000	0.000000	True	341312	304800
pods05.ppt	GROUPSCALE	1.000000	1.000000	0.000000	0.000000	True	450850	304800
pods05.ppt	GROUPSCALE	1.000000	1.000000	0.000000	0.000000	True	446087	304800
pods05.ppt	GROUPSCALE	1.000000	1.000000	0.000000	0.000000	True	446087	304800
pods05.ppt	GROUPSCALE	1.000000	1.000000	0.000000	0.000000	True	449262	304800
pods05.ppt	GROUPSCALE	1.000000	1.000000	0.000000	0.000000	True	341312	304800
pods05.ppt	GROUPSCALE	1.000000	1.000000	0.000000	0.000000	True	450850	304800
pods05.ppt	GROUPSCALE	1.000000	1.000000	0.000000	0.000000	True	446087	304800
pods05.ppt	GROUPSCALE	1.000000	1.000000	0.000000	0.000000	True	446087	304800
pods05.ppt	GROUPSCALE	1.000000	1.000000	0.000000	0.000000	True	449262	304800
pods05.ppt	GROUPSCALE	1.000000	1.000000	0.000000	0.000000	True	341312	304800
pods05.ppt	GROUPSCALE	1.000000	1.000000	0.000000	0.000000	True	450850	304800
pods05.ppt	GROUPSCALE	1.000000	1.000000	0.000000	0.000000	True	446087	304800
pods05.ppt	GROUPSCALE	1.000000	1.000000	0.000000	0.000000	True	446087	304800
pods05.ppt	GROUPSCALE	1.000000	1.000000	0.000000	0.000000	True	449262	304800
pods05.ppt	GROUPSCALE	1.000000	1.000000	0.000000	0.000000	True	341312	304800
pods05.ppt	GROUPSCALE	1.000000	1.000000	0.000000	0.000000	True	450850	304800
pods05.ppt	GROUPSCALE	1.000000	1.000000	0.000000	0.000000	True	446087	304800
pods05.ppt	GROUPSCALE	1.000000	1.000000	0.000000	0.000000	True	446087	304800
pods05.ppt	GROUPSCALE	1.000000	1.000000	0.000000	0.000000	True	449262	304800
pods05.ppt	GROUPSCALE	1.000000	1.000000	0.000000	0.000000	True	341312	304800
pods05.ppt	GROUPSCALE	1.000000	1.000000	0.000000	0.000000	True	450850	304800
pods05.ppt	GROUPSCALE	1.000000	1.000000	0.000000	0.000000	True	446087	304800
pods05.ppt	GROUPSCALE	1.000000	1.000000	0.000000	0.000000	True	446087	304800
pods05.ppt	GROUPSCALE	1.000000	1.000000	0.000000	0.000000	True	449262	304800
pods05.ppt	GROUPSCALE	1.000000	1.000000	0.000000	0.000000	True	341312	304800
pods05.ppt	GROUPSCALE	1.000000	1.000000	0.000000	0.000000	True	450850	304800
pods05.ppt	GROUPSCALE	1.000000	1.000000	0.000000	0.000000	True	446087	304800
pods05.ppt	GROUPSCALE	1.000000	1.000000	0.000000	0.000000	True	446087	304800
pods05.ppt	GROUPSCALE	1.000000	1.000000	0.000000	0.000000	True	449262	304800
pods05.ppt	GROUPSCALE	1.000000	1.000000	0.000000	0.000000	True	446087	304800
pods05.ppt	GROUPSCALE	1.000000	1.000000	0.000000	0.000000	True	446087	304800
pods05.ppt	GROUPSCALE	1.000000	1.000000	0.000000	0.000000	True	446087	304800
pods05.ppt	GROUPSCALE	1.000000	1.000000	0.000000	0.000000	True	446087	304800
pods05.ppt	GROUPSCALE	1.000000	1.000000	0.000000	0.000000	True	446087	304800
pods05.ppt	GROUPSCALE	1.000000	1.000000	0.000000	0.000000	True	446087	304800
pods05.ppt	GROUPSCALE	1.000000	1.000000	0.000000	0.000000	True	446087	304800
pods05.ppt	GROUPSCALE	1.000000	1.000000	0.000000	0.000000	True	446087	304800
pods05.ppt	GROUPSCALE	1.000000	1.000000	0.000000	0.000000	True	446087	395287
pods05.ppt	GROUPSCALE	1.000000	1.000000	0.000000	0.000000	True	341312	304800
pods05.ppt	GROUPSCALE	1.000000	1.000000	0.000000	0.000000	True	450850	304800
pods05.ppt	GROUPSCALE	1.000000	1.000000	0.000000	0.000000	True	446087	304800
pods05.ppt	GROUPSCALE	1.000000	1.000000	0.000000	0.000000	True	449262	304800
pods05.ppt	GROUPSCALE	1.000000	1.000000	0.000000	0.000000	True	341312	304800
pods05.ppt	GROUPSCALE	1.000000	1.000000	0.000000	0.000000	True	450850	304800
pods05.ppt	GROUPSCALE	1.000000	1.000000	0.000000	0.000000	True	446087	304800
pods05.ppt	GROUPSCALE	1.000000	1.000000	0.000000	0.000000	True	449262	304800
pods05.ppt	GROUPSCALE	1.000000	1.000000	0.000000	0.000000	True	341312	304800
pods05.ppt	GROUPSCALE	1.000000	1.000000	0.000000	0.000000	True	450850	304800
pods05.ppt	GROUPSCALE	1.000000	1.000000	0.000000	0.000000	True	446087	304800
pods05.ppt	GROUPSCALE	1.000000	1.000000	0.000000	0.000000	True	449262	304800
pods05.ppt	GROUPSCALE	1.000000	1.000000	0.000000	0.000000	True	341312	304800
pods05.ppt	GROUPSCALE	1.000000	1.000000	0.000000	0.000000	True	450850	304800
pods05.ppt	GROUPSCALE	1.000000	1.000000	0.000000	0.000000	True	446087	304800
pods05.ppt	GROUPSCALE	1.000000	1.000000	0.000000	0.000000	True	449262	304800
pods05.ppt	GROUPSCALE	1.000000	1.000000	0.000000	0.000000	True	341312	304800
pods05.ppt	GROUPSCALE	1.000000	1.000000	0.000000	0.000000	True	450850	304800
pods05.ppt	GROUPSCALE	1.000000	1.000000	0.000000	0.000000	True	446087	304800
pods05.ppt	GROUPSCALE	1.000000	1.000000	0.000000	0.000000	True	449262	304800
pods05.ppt	GROUPSCALE	1.000000	1.000000	0.000000	0.000000	True	341312	304800
pods05.ppt	GROUPSCALE	1.000000	1.000000	0.000000	0.000000	True	450850	304800
pods05.ppt	GROUPSCALE	1.000000	1.000000	0.000000	0.000000	True	446087	304800
pods05.ppt	GROUPSCALE	1.000000	1.000000	0.000000	0.000000	True	449262	304800
pods05.ppt	GROUPSCALE	1.000000	1.000000	0.000000	0.000000	True	341312	304800
pods05.ppt	GROUPSCALE	1.000000	1.000000	0.000000	0.000000	True	450850	304800
pods05.ppt	GROUPSCALE	1.000000	1.000000	0.000000	0.000000	True	446087	304800
pods05.ppt	GROUPSCALE	1.000000	1.000000	0.000000	0.000000	True	449262	304800
pods05.ppt	GROUPSCALE	1.000000	1.000000	0.000000	0.000000	True	341312	304800
pods05.ppt	GROUPSCALE	1.000000	1.000000	0.000000	0.000000	True	450850	304800
pods05.ppt	GROUPSCALE	1.000000	1.000000	0.000000	0.000000	True	446087	304800
pods05.ppt	GROUPSCALE	1.000000	1.000000	0.000000	0.000000	True	449262	304800
pods05.ppt	GROUPSCALE	1.000000	1.000000	0.000000	0.000000	True	341312	395287
pods05.ppt	GROUPSCALE	1.000000	1.000000	0.000000	0.000000	True	450850	395287
pods05.ppt	GROUPSCALE	1.000000	1.000000	0.000000	0.000000	True	446087	395287
pods05.ppt	GROUPSCALE	1.000000	1.000000	0.000000	0.000000	True	449262	395287
pods05.ppt	GROUPSCALE	1.000000	1.000000	0.000000	0.000000	True	377171	377171
pods05.ppt	GROUPSCALE	1.000000	1.000000	0.000000	0.000000	True	377171	377171
pods05.ppt	GROUPSCALE	1.000000	1.000000	0.000000	0.000000	True	377171	377171
pods05.ppt	GROUPSCALE	1.000000	1.000000	0.000000	0.000000	True	377171	377171
pods05.ppt	GROUPSCALE	1.000000	1.000000	0.000000	0.000000	True	539750	519112
pods05.ppt	GROUPSCALE	1.000000	1.000000	0.000000	0.000000	True	539750	519112
pods05.ppt	GROUPSCALE	1.000000	1.000000	0.000000	0.000000	True	539750	519112
pods05.ppt	GROUPSCALE	1.000000	1.000000	0.000000	0.000000	True	539750	519112
pods05.ppt	GROUPSCALE	1.000000	1.000000	0.000000	0.000000	True	8229600	1143000
pods05.ppt	GROUPSCALE	1.000000	1.000000	0.000000	0.000000	True	8153400	1317625
pods05.ppt	GROUPSCALE	1.000000	1.000000	0.000000	0.000000	True	377171	377171
pods05.ppt	GROUPSCALE	1.000000	1.000000	0.000000	0.000000	True	377171	377171
pods05.ppt	GROUPSCALE	1.000000	1.000000	0.000000	0.000000	True	377171	377171
pods05.ppt	GROUPSCALE	1.000000	1.000000	0.000000	0.000000	True	377171	377171
pods05.ppt	GROUPSCALE	1.000000	1.000000	0.000000	0.000000	True	377171	377171
pods05.ppt	GROUPSCALE	1.000000	1.000000	0.000000	0.000000	True	377171	377171
pods05.ppt	GROUPSCALE	1.000000	1.000000	0.000000	0.000000	True	377171	377171
pods05.ppt	GROUPSCALE	1.000000	1.000000	0.000000	0.000000	True	381000	381000
pods05.ppt	GROUPSCALE	1.000000	1.000000	0.000000	0.000000	True	381000	381000
pods05.ppt	GROUPSCALE	1.000000	1.000000	0.000000	0.000000	True	381000	381000
pods05.ppt	GROUPSCALE	1.000000	1.000000	0.000000	0.000000	True	381000	381000
pods05.ppt	GROUPSCALE	1.000000	1.000000	0.000000	0.000000	True	381000	381000
pods05.ppt	GROUPSCALE	1.000000	1.000000	0.000000	0.000000	True	381000	381000
pods05.ppt	GROUPSCALE	1.000000	1.000000	0.000000	0.000000	True	381000	381000
pods05.ppt	GROUPSCALE	1.000000	1.000000	0.000000	0.000000	True	381000	381000
pods05.ppt	GROUPSCALE	1.000000	1.000000	0.000000	0.000000	True	377171	377171
pods05.ppt	GROUPSCALE	1.000000	1.000000	0.000000	0.000000	True	377171	377171
pods05.ppt	GROUPSCALE	1.000000	1.000000	0.000000	0.000000	True	377171	377171
pods05.ppt	GROUPSCALE	1.000000	1.000000	0.000000	0.000000	True	377171	377171
pods05.ppt	GROUPSCALE	1.000000	1.000000	0.000000	0.000000	True	377171	377171
pods05.ppt	GROUPSCALE	1.000000	1.000000	0.000000	0.000000	True	377171	377171
pods05.ppt	GROUPSCALE	1.000000	1.000000	0.000000	0.000000	True	377171	377171
pods05.ppt	GROUPSCALE	1.000000	1.000000	0.000000	0.000000	True	381000	381000
pods05.ppt	GROUPSCALE	1.000000	1.000000	0.000000	0.000000	True	381000	381000
pods05.ppt	GROUPSCALE	1.000000	1.000000	0.000000	0.000000	True	381000	381000
pods05.ppt	GROUPSCALE	1.000000	1.000000	0.000000	0.000000	True	381000	381000
pods05.ppt	GROUPSCALE	1.000000	1.000000	0.000000	0.000000	True	381000	381000
pods05.ppt	GROUPSCALE	1.000000	1.000000	0.000000	0.000000	True	381000	381000
pods05.ppt	GROUPSCALE	1.000000	1.000000	0.000000	0.000000	True	381000	381000
pods05.ppt	GROUPSCALE	1.000000	1.000000	0.000000	0.000000	True	381000	381000
pods05.ppt	GROUPSCALE	1.000000	1.000000	0.000000	0.000000	True	377171	377171
pods05.ppt	GROUPSCALE	1.000000	1.000000	0.000000	0.000000	True	1027112	396875
pods05.ppt	GROUPSCALE	1.000000	1.000000	0.000000	0.000000	True	1027112	396875
pods05.ppt	GROUPSCALE	1.000000	1.000000	0.000000	0.000000	True	8229600	1143000
pods05.ppt	GROUPSCALE	1.000000	1.000000	0.000000	0.000000	True	8153400	1317625
pods05.ppt	GROUPSCALE	1.000000	1.000000	0.000000	0.000000	True	377171	377171
pods05.ppt	GROUPSCALE	1.000000	1.000000	0.000000	0.000000	True	377171	377171
pods05.ppt	GROUPSCALE	1.000000	1.000000	0.000000	0.000000	True	377171	377171
pods05.ppt	GROUPSCALE	1.000000	1.000000	0.000000	0.000000	True	377171	377171
pods05.ppt	GROUPSCALE	1.000000	1.000000	0.000000	0.000000	True	377171	377171
pods05.ppt	GROUPSCALE	1.000000	1.000000	0.000000	0.000000	True	377171	377171
pods05.ppt	GROUPSCALE	1.000000	1.000000	0.000000	0.000000	True	377171	377171
pods05.ppt	GROUPSCALE	1.000000	1.000000	0.000000	0.000000	True	381000	381000
pods05.ppt	GROUPSCALE	1.000000	1.000000	0.000000	0.000000	True	381000	381000
pods05.ppt	GROUPSCALE	1.000000	1.000000	0.000000	0.000000	True	381000	381000
pods05.ppt	GROUPSCALE	1.000000	1.000000	0.000000	0.000000	True	381000	381000
pods05.ppt	GROUPSCALE	1.000000	1.000000	0.000000	0.000000	True	381000	381000
pods05.ppt	GROUPSCALE	1.000000	1.000000	0.000000	0.000000	True	381000	381000
pods05.ppt	GROUPSCALE	1.000000	1.000000	0.000000	0.000000	True	381000	381000
pods05.ppt	GROUPSCALE	1.000000	1.000000	0.000000	0.000000	True	377171	377171
pods05.ppt	GROUPSCALE	1.000000	1.000000	0.000000	0.000000	True	377171	377171
pods05.ppt	GROUPSCALE	1.000000	1.000000	0.000000	0.000000	True	377171	377171
pods05.ppt	GROUPSCALE	1.000000	1.000000	0.000000	0.000000	True	377171	377171
pods05.ppt	GROUPSCALE	1.000000	1.000000	0.000000	0.000000	True	377171	377171
pods05.ppt	GROUPSCALE	1.000000	1.000000	0.000000	0.000000	True	377171	377171
pods05.ppt	GROUPSCALE	1.000000	1.000000	0.000000	0.000000	True	377171	377171
pods05.ppt	GROUPSCALE	1.000000	1.000000	0.000000	0.000000	True	381000	381000
pods05.ppt	GROUPSCALE	1.000000	1.000000	0.000000	0.000000	True	381000	381000
pods05.ppt	GROUPSCALE	1.000000	1.000000	0.000000	0.000000	True	381000	381000
pods05.ppt	GROUPSCALE	1.000000	1.000000	0.000000	0.000000	True	381000	381000
pods05.ppt	GROUPSCALE	1.000000	1.000000	0.000000	0.000000	True	377171	377171
pods05.ppt	GROUPSCALE	1.000000	1.000000	0.000000	0.000000	True	381000	381000
pods05.ppt	GROUPSCALE	1.000000	1.000000	0.000000	0.000000	True	381000	381000
pods05.ppt	GROUPSCALE	1.000000	1.000000	0.000000	0.000000	True	381000	381000
pods05.ppt	GROUPSCALE	1.000000	1.000000	0.000000	0.000000	True	381000	381000
pods05.ppt	GROUPSCALE	1.000000	1.000000	0.000000	0.000000	True	381000	381000
pods05.ppt	GROUPSCALE	1.000000	1.000000	0.000000	0.000000	True	8229600	1143000
pods05.ppt	GROUPSCALE	1.000000	1.000000	0.000000	0.000000	True	8153400	1317625
pods05.ppt	GROUPSCALE	1.000000	1.000000	0.000000	0.000000	True	377171	377171
pods05.ppt	GROUPSCALE	1.000000	1.000000	0.000000	0.000000	True	377171	377171
pods05.ppt	GROUPSCALE	1.000000	1.000000	0.000000	0.000000	True	377171	377171
pods05.ppt	GROUPSCALE	1.000000	1.000000	0.000000	0.000000	True	377171	377171
pods05.ppt	GROUPSCALE	1.000000	1.000000	0.000000	0.000000	True	377171	377171
pods05.ppt	GROUPSCALE	1.000000	1.000000	0.000000	0.000000	True	377171	377171
pods05.ppt	GROUPSCALE	1.000000	1.000000	0.000000	0.000000	True	377171	377171
pods05.ppt	GROUPSCALE	1.000000	1.000000	0.000000	0.000000	True	377171	377171
pods05.ppt	GROUPSCALE	1.000000	1.000000	0.000000	0.000000	True	377171	377171
pods05.ppt	GROUPSCALE	1.000000	1.000000	0.000000	0.000000	True	377171	377171
pods05.ppt	GROUPSCALE	1.000000	1.000000	0.000000	0.000000	True	377171	377171
pods05.ppt	GROUPSCALE	1.000000	1.000000	0.000000	0.000000	True	377171	377171
pods05.ppt	GROUPSCALE	1.000000	1.000000	0.000000	0.000000	True	377171	377171
pods05.ppt	GROUPSCALE	1.000000	1.000000	0.000000	0.000000	True	377171	377171
pods05.ppt	GROUPSCALE	1.000000	1.000000	0.000000	0.000000	True	381000	381000
pods05.ppt	GROUPSCALE	1.000000	1.000000	0.000000	0.000000	True	377171	377171
pods05.ppt	GROUPSCALE	1.000000	1.000000	0.000000	0.000000	True	381000	381000
pods05.ppt	GROUPSCALE	1.000000	1.000000	0.000000	0.000000	True	8229600	1143000
pods05.ppt	GROUPSCALE	1.000000	1.000000	0.000000	0.000000	True	8153400	1317625
pods05.ppt	GROUPSCALE	1.000000	1.000000	0.000000	0.000000	True	377171	377171
pods05.ppt	GROUPSCALE	1.000000	1.000000	0.000000	0.000000	True	377171	377171
pods05.ppt	GROUPSCALE	1.000000	1.000000	0.000000	0.000000	True	377171	377171
pods05.ppt	GROUPSCALE	1.000000	1.000000	0.000000	0.000000	True	377171	377171
pods05.ppt	GROUPSCALE	1.000000	1.000000	0.000000	0.000000	True	377171	377171
pods05.ppt	GROUPSCALE	1.000000	1.000000	0.000000	0.000000	True	377171	377171
pods05.ppt	GROUPSCALE	1.000000	1.000000	0.000000	0.000000	True	377171	377171
pods05.ppt	GROUPSCALE	1.000000	1.000000	0.000000	0.000000	True	377171	377171
pods05.ppt	GROUPSCALE	1.000000	1.000000	0.000000	0.000000	True	377171	377171
pods05.ppt	GROUPSCALE	1.000000	1.000000	0.000000	0.000000	True	381000	381000
pods05.ppt	GROUPSCALE	1.000000	1.000000	0.000000	0.000000	True	377171	377171
pods05.ppt	GROUPSCALE	1.000000	1.000000	0.000000	0.000000	True	381000	381000
pods05.ppt	GROUPSCALE	1.000000	1.000000	0.000000	0.000000	True	8229600	1143000
pods05.ppt	GROUPSCALE	1.000000	1.000000	0.000000	0.000000	True	8153400	1317625
pods05.ppt	GROUPSCALE	1.000000	1.000000	0.000000	0.000000	True	377171	377171
pods05.ppt	GROUPSCALE	1.000000	1.000000	0.000000	0.000000	True	377171	377171
pods05.ppt	GROUPSCALE	1.000000	1.000000	0.000000	0.000000	True	377171	377171
pods05.ppt	GROUPSCALE	1.000000	1.000000	0.000000	0.000000	True	377171	377171
pods05.ppt	GROUPSCALE	1.000000	1.000000	0.000000	0.000000	True	377171	377171
pods05.ppt	GROUPSCALE	1.000000	1.000000	0.000000	0.000000	True	377171	377171
pods05.ppt	GROUPSCALE	1.000000	1.000000	0.000000	0.000000	True	377171	377171
pods05.ppt	GROUPSCALE	1.000000	1.000000	0.000000	0.000000	True	377171	377171
pods05.ppt	GROUPSCALE	1.000000	1.000000	0.000000	0.000000	True	381000	381000
pods05.ppt	GROUPSCALE	1.000000	1.000000	0.000000	0.000000	True	377171	377171
pods05.ppt	GROUPSCALE	1.000000	1.000000	0.000000	0.000000	True	381000	381000
pods05.ppt	GROUPSCALE	1.000000	1.000000	0.000000	0.000000	True	8229600	1143000
pods05.ppt	GROUPSCALE	1.000000	1.000000	0.000000	0.000000	True	8153400	1317625
pods05.ppt	GROUPSCALE	1.000000	1.000000	0.000000	0.000000	True	377171	377171
pods05.ppt	GROUPSCALE	1.000000	1.000000	0.000000	0.000000	True	377171	377171
pods05.ppt	GROUPSCALE	1.000000	1.000000	0.000000	0.000000	True	377171	377171
pods05.ppt	GROUPSCALE	1.000000	1.000000	0.000000	0.000000	True	377171	377171
pods05.ppt	GROUPSCALE	1.000000	1.000000	0.000000	0.000000	True	377171	377171
pods05.ppt	GROUPSCALE	1.000000	1.000000	0.000000	0.000000	True	377171	377171
pods05.ppt	GROUPSCALE	1.000000	1.000000	0.000000	0.000000	True	377171	377171
pods05.ppt	GROUPSCALE	1.000000	1.000000	0.000000	0.000000	True	377171	377171
pods05.ppt	GROUPSCALE	1.000000	1.000000	0.000000	0.000000	True	381000	381000
pods05.ppt	GROUPSCALE	1.000000	1.000000	0.000000	0.000000	True	377171	377171
pods05.ppt	GROUPSCALE	1.000000	1.000000	0.000000	0.000000	True	381000	381000
pods05.ppt	GROUPSCALE	1.000000	1.000000	0.000000	0.000000	True	8229600	1143000
pods05.ppt	GROUPSCALE	1.000000	1.000000	0.000000	0.000000	True	8153400	1317625
pods05.ppt	GROUPSCALE	1.000000	1.000000	0.000000	0.000000	True	377171	377171
pods05.ppt	GROUPSCALE	1.000000	1.000000	0.000000	0.000000	True	377171	377171
pods05.ppt	GROUPSCALE	1.000000	1.000000	0.000000	0.000000	True	377171	377171
pods05.ppt	GROUPSCALE	1.000000	1.000000	0.000000	0.000000	True	377171	377171
pods05.ppt	GROUPSCALE	1.000000	1.000000	0.000000	0.000000	True	377171	377171
pods05.ppt	GROUPSCALE	1.000000	1.000000	0.000000	0.000000	True	381000	381000
pods05.ppt	GROUPSCALE	1.000000	1.000000	0.000000	0.000000	True	377171	377171
pods05.ppt	GROUPSCALE	1.000000	1.000000	0.000000	0.000000	True	381000	381000
pods05.ppt	GROUPSCALE	1.000000	1.000000	0.000000	0.000000	True	8229600	1143000
pods05.ppt	GROUPSCALE	1.000000	1.000000	0.000000	0.000000	True	4114800	641350
pods05.ppt	GROUPSCALE	1.000000	1.000000	0.000000	0.000000	True	4114800	641350
pods05.ppt	GROUPSCALE	1.000000	1.000000	0.000000	0.000000	True	4114800	654050
pods05.ppt	GROUPSCALE	1.000000	1.000000	0.000000	0.000000	True	4114800	654050
pods05.ppt	GROUPSCALE	1.000000	1.000000	0.000000	0.000000	True	4114800	641350
pods05.ppt	GROUPSCALE	1.000000	1.000000	0.000000	0.000000	True	4114800	641350
pods05.ppt	GROUPSCALE	1.000000	1.000000	0.000000	0.000000	True	4114800	639762
pods05.ppt	GROUPSCALE	1.000000	1.000000	0.000000	0.000000	True	4114800	639762
pods05.ppt	GROUPSCALE	1.000000	1.000000	0.000000	0.000000	True	4114800	1214437
pods05.ppt	GROUPSCALE	1.000000	1.000000	0.000000	0.000000	True	4114800	1214437
pods05.ppt	GROUPSCALE	1.000000	1.000000	0.000000	0.000000	True	4114800	641350
pods05.ppt	GROUPSCALE	1.000000	1.000000	0.000000	0.000000	True	4114800	641350
pods05.ppt	GROUPSCALE	1.000000	1.000000	0.000000	0.000000	True	8229600	1143000
pods05.ppt	GROUPSCALE	1.000000	1.000000	0.000000	0.000000	True	8382000	4419600
pods05.ppt	GROUPSCALE	1.000000	1.000000	0.000000	0.000000	True	9144000	1143000
pods05.ppt	GROUPSCALE	1.000000	1.000000	0.000000	0.000000	True	377171	377171
pods05.ppt	GROUPSCALE	1.000000	1.000000	0.000000	0.000000	True	377171	377171
pods05.ppt	GROUPSCALE	1.000000	1.000000	0.000000	0.000000	True	377171	377171
pods05.ppt	GROUPSCALE	1.000000	1.000000	0.000000	0.000000	True	381000	381000
pods05.ppt	GROUPSCALE	1.000000	1.000000	0.000000	0.000000	True	381000	381000
pods05.ppt	GROUPSCALE	1.000000	1.000000	0.000000	0.000000	True	377171	377171
pods05.ppt	GROUPSCALE	1.000000	1.000000	0.000000	0.000000	True	377171	377171
pods05.ppt	GROUPSCALE	1.000000	1.000000	0.000000	0.000000	True	377171	377171
pods05.ppt	GROUPSCALE	1.000000	1.000000	0.000000	0.000000	True	377171	377171
pods05.ppt	GROUPSCALE	1.000000	1.000000	0.000000	0.000000	True	381000	381000
pods05.ppt	GROUPSCALE	1.000000	1.000000	0.000000	0.000000	True	381000	381000
pods05.ppt	GROUPSCALE	1.000000	1.000000	0.000000	0.000000	True	377171	377171
pods05.ppt	GROUPSCALE	1.000000	1.000000	0.000000	0.000000	True	377171	377171
pods05.ppt	GROUPSCALE	1.000000	1.000000	0.000000	0.000000	True	377171	377171
pods05.ppt	GROUPSCALE	1.000000	1.000000	0.000000	0.000000	True	2435225	579437
pods05.ppt	GROUPSCALE	1.000000	1.000000	0.000000	0.000000	True	2176462	457200
pods05.ppt	GROUPSCALE	1.000000	1.000000	0.000000	0.000000	True	2176462	457200
pods05.ppt	GROUPSCALE	1.000000	1.000000	0.000000	0.000000	True	8229600	1143000
pods05.ppt	GROUPSCALE	1.000000	1.000000	0.000000	0.000000	True	8229600	4572000
pods05.ppt	GROUPSCALE	1.000000	1.000000	0.000000	0.000000	True	8229600	1143000
pods05.ppt	GROUPSCALE	1.000000	1.000000	0.000000	0.000000	True	8229600	4572000
pods05.ppt	GROUPSCALE	1.000000	1.000000	0.000000	0.000000	True	2859087	528637
pods05.ppt	GROUPSCALE	1.000000	1.000000	0.000000	0.000000	True	5508625	528637
pods05.ppt	GROUPSCALE	1.000000	1.000000	0.000000	0.000000	True	2859087	528637
pods05.ppt	GROUPSCALE	1.000000	1.000000	0.000000	0.000000	True	5508625	528637
pods05.ppt	GROUPSCALE	1.000000	1.000000	0.000000	0.000000	True	2859087	528637
pods05.ppt	GROUPSCALE	1.000000	1.000000	0.000000	0.000000	True	5508625	528637
pods05.ppt	GROUPSCALE	1.000000	1.000000	0.000000	0.000000	True	2860675	528637
pods05.ppt	GROUPSCALE	1.000000	1.000000	0.000000	0.000000	True	5508625	528637
pods05.ppt	GROUPSCALE	1.000000	1.000000	0.000000	0.000000	True	8229600	1143000
pods05.ppt	GROUPSCALE	1.000000	1.000000	0.000000	0.000000	True	8229600	1143000
pods05.ppt	GROUPSCALE	1.000000	1.000000	0.000000	0.000000	True	3316287	528637
pods05.ppt	GROUPSCALE	1.000000	1.000000	0.000000	0.000000	True	5356225	528637
pods05.ppt	GROUPSCALE	1.000000	1.000000	0.000000	0.000000	True	3316287	528637
pods05.ppt	GROUPSCALE	1.000000	1.000000	0.000000	0.000000	True	5356225	528637
pods05.ppt	GROUPSCALE	1.000000	1.000000	0.000000	0.000000	True	3316287	528637
pods05.ppt	GROUPSCALE	1.000000	1.000000	0.000000	0.000000	True	3317875	528637
pods05.ppt	GROUPSCALE	1.000000	1.000000	0.000000	0.000000	True	5356225	528637
pods05.ppt	GROUPSCALE	1.000000	1.000000	0.000000	0.000000	True	8229600	1143000
pods05.ppt	GROUPSCALE	1.000000	1.000000	0.000000	0.000000	True	8229600	4572000
pods05.ppt	GROUPSCALE	1.000000	1.000000	0.000000	0.000000	True	8229600	1143000
pods05.ppt	GROUPSCALE	1.000000	1.000000	0.000000	0.000000	True	990600	749300
pods05.ppt	GROUPSCALE	1.000000	1.000000	0.000000	0.000000	True	1295400	749300
pods05.ppt	GROUPSCALE	1.000000	1.000000	0.000000	0.000000	True	1600200	749300
pods05.ppt	GROUPSCALE	1.000000	1.000000	0.000000	0.000000	True	1295400	749300
pods05.ppt	GROUPSCALE	1.000000	1.000000	0.000000	0.000000	True	1447800	749300
pods05.ppt	GROUPSCALE	1.000000	1.000000	0.000000	0.000000	True	1676400	749300
pods05.ppt	GROUPSCALE	1.000000	1.000000	0.000000	0.000000	True	990600	749300
pods05.ppt	GROUPSCALE	1.000000	1.000000	0.000000	0.000000	True	1295400	749300
pods05.ppt	GROUPSCALE	1.000000	1.000000	0.000000	0.000000	True	1600200	749300
pods05.ppt	GROUPSCALE	1.000000	1.000000	0.000000	0.000000	True	1295400	749300
pods05.ppt	GROUPSCALE	1.000000	1.000000	0.000000	0.000000	True	1447800	749300
pods05.ppt	GROUPSCALE	1.000000	1.000000	0.000000	0.000000	True	1676400	749300
pods05.ppt	GROUPSCALE	1.000000	1.000000	0.000000	0.000000	True	990600	749300
pods05.ppt	GROUPSCALE	1.000000	1.000000	0.000000	0.000000	True	1295400	749300
pods05.ppt	GROUPSCALE	1.000000	1.000000	0.000000	0.000000	True	1600200	749300
pods05.ppt	GROUPSCALE	1.000000	1.000000	0.000000	0.000000	True	1295400	749300
pods05.ppt	GROUPSCALE	1.000000	1.000000	0.000000	0.000000	True	1447800	749300
pods05.ppt	GROUPSCALE	1.000000	1.000000	0.000000	0.000000	True	1676400	749300
pods05.ppt	GROUPSCALE	1.000000	1.000000	0.000000	0.000000	True	990600	749300
pods05.ppt	GROUPSCALE	1.000000	1.000000	0.000000	0.000000	True	1295400	749300
pods05.ppt	GROUPSCALE	1.000000	1.000000	0.000000	0.000000	True	1600200	749300
pods05.ppt	GROUPSCALE	1.000000	1.000000	0.000000	0.000000	True	1295400	749300
pods05.ppt	GROUPSCALE	1.000000	1.000000	0.000000	0.000000	True	1447800	749300
pods05.ppt	GROUPSCALE	1.000000	1.000000	0.000000	0.000000	True	1676400	749300
pods05.ppt	GROUPSCALE	1.000000	1.000000	0.000000	0.000000	True	990600	749300
pods05.ppt	GROUPSCALE	1.000000	1.000000	0.000000	0.000000	True	1295400	749300
pods05.ppt	GROUPSCALE	1.000000	1.000000	0.000000	0.000000	True	1600200	749300
pods05.ppt	GROUPSCALE	1.000000	1.000000	0.000000	0.000000	True	1295400	749300
pods05.ppt	GROUPSCALE	1.000000	1.000000	0.000000	0.000000	True	1447800	749300
pods05.ppt	GROUPSCALE	1.000000	1.000000	0.000000	0.000000	True	1676400	749300
pods05.ppt	GROUPSCALE	1.000000	1.000000	0.000000	0.000000	True	990600	966787
pods05.ppt	GROUPSCALE	1.000000	1.000000	0.000000	0.000000	True	1295400	966787
pods05.ppt	GROUPSCALE	1.000000	1.000000	0.000000	0.000000	True	1600200	966787
pods05.ppt	GROUPSCALE	1.000000	1.000000	0.000000	0.000000	True	1295400	966787
pods05.ppt	GROUPSCALE	1.000000	1.000000	0.000000	0.000000	True	1447800	966787
pods05.ppt	GROUPSCALE	1.000000	1.000000	0.000000	0.000000	True	8229600	1143000
pods05.ppt	GROUPSCALE	1.000000	1.000000	0.000000	0.000000	True	1143000	438150
pods05.ppt	GROUPSCALE	1.000000	1.000000	0.000000	0.000000	True	1143000	438150
pods05.ppt	GROUPSCALE	1.000000	1.000000	0.000000	0.000000	True	1143000	438150
pods05.ppt	GROUPSCALE	1.000000	1.000000	0.000000	0.000000	True	1143000	438150
pods05.ppt	GROUPSCALE	1.000000	1.000000	0.000000	0.000000	True	1143000	438150
pods05.ppt	GROUPSCALE	1.000000	1.000000	0.000000	0.000000	True	1143000	438150
pods05.ppt	GROUPSCALE	1.000000	1.000000	0.000000	0.000000	True	1143000	438150
pods05.ppt	GROUPSCALE	1.000000	1.000000	0.000000	0.000000	True	1143000	438150
pods05.ppt	GROUPSCALE	1.000000	1.000000	0.000000	0.000000	True	1143000	438150
pods05.ppt	GROUPSCALE	1.000000	1.000000	0.000000	0.000000	True	1143000	438150
pods05.ppt	GROUPSCALE	1.000000	1.000000	0.000000	0.000000	True	1143000	876300
pods05.ppt	GROUPSCALE	1.000000	1.000000	0.000000	0.000000	True	1600200	438150
pods05.ppt	GROUPSCALE	1.000000	1.000000	0.000000	0.000000	True	1600200	438150
pods05.ppt	GROUPSCALE	1.000000	1.000000	0.000000	0.000000	True	1600200	438150
pods05.ppt	GROUPSCALE	1.000000	1.000000	0.000000	0.000000	True	1600200	438150
pods05.ppt	GROUPSCALE	1.000000	1.000000	0.000000	0.000000	True	1600200	438150
pods05.ppt	GROUPSCALE	1.000000	1.000000	0.000000	0.000000	True	1600200	438150
pods05.ppt	GROUPSCALE	1.000000	1.000000	0.000000	0.000000	True	1600200	438150
pods05.ppt	GROUPSCALE	1.000000	1.000000	0.000000	0.000000	True	1600200	438150
pods05.ppt	GROUPSCALE	1.000000	1.000000	0.000000	0.000000	True	1600200	438150
pods05.ppt	GROUPSCALE	1.000000	1.000000	0.000000	0.000000	True	1600200	438150
pods05.ppt	GROUPSCALE	1.000000	1.000000	0.000000	0.000000	True	1600200	876300
pods05.ppt	GROUPSCALE	1.000000	1.000000	0.000000	0.000000	True	1752600	438150
pods05.ppt	GROUPSCALE	1.000000	1.000000	0.000000	0.000000	True	1752600	438150
pods05.ppt	GROUPSCALE	1.000000	1.000000	0.000000	0.000000	True	1752600	438150
pods05.ppt	GROUPSCALE	1.000000	1.000000	0.000000	0.000000	True	1752600	438150
pods05.ppt	GROUPSCALE	1.000000	1.000000	0.000000	0.000000	True	1752600	438150
pods05.ppt	GROUPSCALE	1.000000	1.000000	0.000000	0.000000	True	1752600	438150
pods05.ppt	GROUPSCALE	1.000000	1.000000	0.000000	0.000000	True	1752600	438150
pods05.ppt	GROUPSCALE	1.000000	1.000000	0.000000	0.000000	True	1752600	438150
pods05.ppt	GROUPSCALE	1.000000	1.000000	0.000000	0.000000	True	1752600	438150
pods05.ppt	GROUPSCALE	1.000000	1.000000	0.000000	0.000000	True	1752600	438150
pods05.ppt	GROUPSCALE	1.000000	1.000000	0.000000	0.000000	True	1752600	876300
pods05.ppt	GROUPSCALE	1.000000	1.000000	0.000000	0.000000	True	1371600	438150
pods05.ppt	GROUPSCALE	1.000000	1.000000	0.000000	0.000000	True	2438400	438150
pods05.ppt	GROUPSCALE	1.000000	1.000000	0.000000	0.000000	True	1371600	438150
pods05.ppt	GROUPSCALE	1.000000	1.000000	0.000000	0.000000	True	2438400	438150
pods05.ppt	GROUPSCALE	1.000000	1.000000	0.000000	0.000000	True	1371600	438150
pods05.ppt	GROUPSCALE	1.000000	1.000000	0.000000	0.000000	True	2438400	438150
pods05.ppt	GROUPSCALE	1.000000	1.000000	0.000000	0.000000	True	1371600	438150
pods05.ppt	GROUPSCALE	1.000000	1.000000	0.000000	0.000000	True	2438400	438150
pods05.ppt	GROUPSCALE	1.000000	1.000000	0.000000	0.000000	True	1371600	438150
pods05.ppt	GROUPSCALE	1.000000	1.000000	0.000000	0.000000	True	2438400	438150
pods05.ppt	GROUPSCALE	1.000000	1.000000	0.000000	0.000000	True	1371600	438150
pods05.ppt	GROUPSCALE	1.000000	1.000000	0.000000	0.000000	True	2438400	438150
pods05.ppt	GROUPSCALE	1.000000	1.000000	0.000000	0.000000	True	1371600	438150
pods05.ppt	GROUPSCALE	1.000000	1.000000	0.000000	0.000000	True	2438400	438150
pods05.ppt	GROUPSCALE	1.000000	1.000000	0.000000	0.000000	True	1371600	438150
pods05.ppt	GROUPSCALE	1.000000	1.000000	0.000000	0.000000	True	2438400	438150
pods05.ppt	GROUPSCALE	1.000000	1.000000	0.000000	0.000000	True	1371600	438150
pods05.ppt	GROUPSCALE	1.000000	1.000000	0.000000	0.000000	True	2438400	438150
pods05.ppt	GROUPSCALE	1.000000	1.000000	0.000000	0.000000	True	1371600	438150
pods05.ppt	GROUPSCALE	1.000000	1.000000	0.000000	0.000000	True	2438400	438150
pods05.ppt	GROUPSCALE	1.000000	1.000000	0.000000	0.000000	True	1371600	876300
pods05.ppt	GROUPSCALE	1.000000	1.000000	0.000000	0.000000	True	2438400	876300
pods05.ppt	GROUPSCALE	1.000000	1.000000	0.000000	0.000000	True	8229600	1143000
pods05.ppt	GROUPSCALE	1.000000	1.000000	0.000000	0.000000	True	8229600	4572000
pods05.ppt	GROUPSCALE	1.000000	1.000000	0.000000	0.000000	True	4038600	528637
pods05.ppt	GROUPSCALE	1.000000	1.000000	0.000000	0.000000	True	4191000	528637
pods05.ppt	GROUPSCALE	1.000000	1.000000	0.000000	0.000000	True	4038600	1382712
pods05.ppt	GROUPSCALE	1.000000	1.000000	0.000000	0.000000	True	4191000	1382712
pods05.ppt	GROUPSCALE	1.000000	1.000000	0.000000	0.000000	True	4038600	528637
pods05.ppt	GROUPSCALE	1.000000	1.000000	0.000000	0.000000	True	4191000	528637
pods05.ppt	GROUPSCALE	1.000000	1.000000	0.000000	0.000000	True	4038600	528637
pods05.ppt	GROUPSCALE	1.000000	1.000000	0.000000	0.000000	True	4191000	528637
pods05.ppt	GROUPSCALE	1.000000	1.000000	0.000000	0.000000	True	4038600	955675
pods05.ppt	GROUPSCALE	1.000000	1.000000	0.000000	0.000000	True	4191000	955675
pods05.ppt	GROUPSCALE	1.000000	1.000000	0.000000	0.000000	True	4038600	528637
pods05.ppt	GROUPSCALE	1.000000	1.000000	0.000000	0.000000	True	4191000	528637
pods05.ppt	GROUPSCALE	1.000000	1.000000	0.000000	0.000000	True	4191000	955675
pods05.ppt	GROUPSCALE	1.000000	1.000000	0.000000	0.000000	True	4038600	955675
pods05.ppt	GROUPSCALE	1.000000	1.000000	0.000000	0.000000	True	8229600	1143000
pods05.ppt	GROUPSCALE	1.000000	1.000000	0.000000	0.000000	True	8686800	4572000
pods05.ppt	GROUPSCALE	1.000000	1.000000	0.000000	0.000000	True	8229600	1143000
pods05.ppt	GROUPSCALE	1.000000	1.000000	0.000000	0.000000	True	2616200	482600
pods05.ppt	GROUPSCALE	1.000000	1.000000	0.000000	0.000000	True	2616200	482600
pods05.ppt	GROUPSCALE	1.000000	1.000000	0.000000	0.000000	True	3525837	1917700
pods05.ppt	GROUPSCALE	1.000000	1.000000	0.000000	0.000000	True	2616200	482600
pods05.ppt	GROUPSCALE	1.000000	1.000000	0.000000	0.000000	True	2916237	1373187
ws_prod-g-doc-Events-r-6.-ESM.ppt	GROUPSCALE	1.000000	1.000000	0.000000	0.000000	True	1905000	457200
ws_prod-g-doc-Events-r-6.-ESM.ppt	GROUPSCALE	1.000000	1.000000	0.000000	0.000000	True	990600	304800
ws_prod-g-doc-Events-r-6.-ESM.ppt	GROUPSCALE	1.000000	1.000000	0.000000	0.000000	True	365125	685800
ws_prod-g-doc-Events-r-6.-ESM.ppt	GROUPSCALE	1.000000	1.000000	0.000000	0.000000	True	5105400	304800
ws_prod-g-doc-Events-r-6.-ESM.ppt	GROUPSCALE	1.000000	1.000000	0.000000	0.000000	True	2971800	457200
ws_prod-g-doc-Events-r-6.-ESM.ppt	GROUPSCALE	1.000000	1.000000	0.000000	0.000000	True	2514600	517525
ws_prod-g-doc-Events-r-6.-ESM.ppt	GROUPSCALE	1.000000	1.000000	0.000000	0.000000	True	7772400	1371600
ws_prod-g-doc-Events-r-6.-ESM.ppt	GROUPSCALE	1.000000	1.000000	0.000000	0.000000	True	6400800	3048000
ws_prod-g-doc-Events-r-6.-ESM.ppt	GROUPSCALE	1.000000	1.000000	0.000000	0.000000	True	1905000	457200
ws_prod-g-doc-Events-r-6.-ESM.ppt	GROUPSCALE	1.000000	1.000000	0.000000	0.000000	True	990600	304800
ws_prod-g-doc-Events-r-6.-ESM.ppt	GROUPSCALE	1.000000	1.000000	0.000000	0.000000	True	365125	685800
ws_prod-g-doc-Events-r-6.-ESM.ppt	GROUPSCALE	1.000000	1.000000	0.000000	0.000000	True	5105400	304800
ws_prod-g-doc-Events-r-6.-ESM.ppt	GROUPSCALE	1.000000	1.000000	0.000000	0.000000	True	2971800	457200
ws_prod-g-doc-Events-r-6.-ESM.ppt	GROUPSCALE	1.000000	1.000000	0.000000	0.000000	True	2514600	517525
ws_prod-g-doc-Events-r-6.-ESM.ppt	GROUPSCALE	1.000000	1.000000	0.000000	0.000000	True	5867400	1066800
ws_prod-g-doc-Events-r-6.-ESM.ppt	GROUPSCALE	1.000000	1.000000	0.000000	0.000000	True	7772400	4267200
ws_prod-g-doc-Events-r-6.-ESM.ppt	GROUPSCALE	1.000000	1.000000	0.000000	0.000000	True	1905000	457200
ws_prod-g-doc-Events-r-6.-ESM.ppt	GROUPSCALE	1.000000	1.000000	0.000000	0.000000	True	990600	304800
ws_prod-g-doc-Events-r-6.-ESM.ppt	GROUPSCALE	1.000000	1.000000	0.000000	0.000000	True	365125	685800
ws_prod-g-doc-Events-r-6.-ESM.ppt	GROUPSCALE	1.000000	1.000000	0.000000	0.000000	True	5105400	304800
ws_prod-g-doc-Events-r-6.-ESM.ppt	GROUPSCALE	1.000000	1.000000	0.000000	0.000000	True	2971800	457200
ws_prod-g-doc-Events-r-6.-ESM.ppt	GROUPSCALE	1.000000	1.000000	0.000000	0.000000	True	2514600	517525
ws_prod-g-doc-Events-r-6.-ESM.ppt	GROUPSCALE	1.000000	1.000000	0.000000	0.000000	True	5867400	1066800
ws_prod-g-doc-Events-r-6.-ESM.ppt	GROUPSCALE	1.000000	1.000000	0.000000	0.000000	True	7772400	4038600
ws_prod-g-doc-Events-r-6.-ESM.ppt	GROUPSCALE	1.000000	1.000000	0.000000	0.000000	True	1905000	457200
ws_prod-g-doc-Events-r-6.-ESM.ppt	GROUPSCALE	1.000000	1.000000	0.000000	0.000000	True	990600	304800
ws_prod-g-doc-Events-r-6.-ESM.ppt	GROUPSCALE	1.000000	1.000000	0.000000	0.000000	True	365125	685800
ws_prod-g-doc-Events-r-6.-ESM.ppt	GROUPSCALE	1.000000	1.000000	0.000000	0.000000	True	5105400	304800
ws_prod-g-doc-Events-r-6.-ESM.ppt	GROUPSCALE	1.000000	1.000000	0.000000	0.000000	True	2971800	457200
ws_prod-g-doc-Events-r-6.-ESM.ppt	GROUPSCALE	1.000000	1.000000	0.000000	0.000000	True	2514600	517525
ws_prod-g-doc-Events-r-6.-ESM.ppt	GROUPSCALE	1.000000	1.000000	0.000000	0.000000	True	5867400	1066800
ws_prod-g-doc-Events-r-6.-ESM.ppt	GROUPSCALE	1.000000	1.000000	0.000000	0.000000	True	7772400	4114800
ws_prod-g-doc-Events-r-6.-ESM.ppt	GROUPSCALE	1.000000	1.000000	0.000000	0.000000	True	1905000	457200
ws_prod-g-doc-Events-r-6.-ESM.ppt	GROUPSCALE	1.000000	1.000000	0.000000	0.000000	True	990600	304800
ws_prod-g-doc-Events-r-6.-ESM.ppt	GROUPSCALE	1.000000	1.000000	0.000000	0.000000	True	365125	685800
ws_prod-g-doc-Events-r-6.-ESM.ppt	GROUPSCALE	1.000000	1.000000	0.000000	0.000000	True	5105400	304800
ws_prod-g-doc-Events-r-6.-ESM.ppt	GROUPSCALE	1.000000	1.000000	0.000000	0.000000	True	2971800	457200
ws_prod-g-doc-Events-r-6.-ESM.ppt	GROUPSCALE	1.000000	1.000000	0.000000	0.000000	True	2514600	517525
ws_prod-g-doc-Events-r-6.-ESM.ppt	GROUPSCALE	1.000000	1.000000	0.000000	0.000000	True	5867400	1066800
ws_prod-g-doc-Events-r-6.-ESM.ppt	GROUPSCALE	1.000000	1.000000	0.000000	0.000000	True	7772400	3886200
ws_prod-g-doc-Events-r-6.-ESM.ppt	GROUPSCALE	1.000000	1.000000	0.000000	0.000000	True	1905000	457200
ws_prod-g-doc-Events-r-6.-ESM.ppt	GROUPSCALE	1.000000	1.000000	0.000000	0.000000	True	990600	304800
ws_prod-g-doc-Events-r-6.-ESM.ppt	GROUPSCALE	1.000000	1.000000	0.000000	0.000000	True	365125	685800
ws_prod-g-doc-Events-r-6.-ESM.ppt	GROUPSCALE	1.000000	1.000000	0.000000	0.000000	True	5105400	304800
ws_prod-g-doc-Events-r-6.-ESM.ppt	GROUPSCALE	1.000000	1.000000	0.000000	0.000000	True	2971800	457200
ws_prod-g-doc-Events-r-6.-ESM.ppt	GROUPSCALE	1.000000	1.000000	0.000000	0.000000	True	2514600	517525
ws_prod-g-doc-Events-r-6.-ESM.ppt	GROUPSCALE	1.000000	1.000000	0.000000	0.000000	True	5867400	1066800
ws_prod-g-doc-Events-r-6.-ESM.ppt	GROUPSCALE	1.000000	1.000000	0.000000	0.000000	True	7772400	4114800
ws_prod-g-doc-Events-r-6.-ESM.ppt	GROUPSCALE	1.000000	1.000000	0.000000	0.000000	True	1905000	457200
ws_prod-g-doc-Events-r-6.-ESM.ppt	GROUPSCALE	1.000000	1.000000	0.000000	0.000000	True	990600	304800
ws_prod-g-doc-Events-r-6.-ESM.ppt	GROUPSCALE	1.000000	1.000000	0.000000	0.000000	True	365125	685800
ws_prod-g-doc-Events-r-6.-ESM.ppt	GROUPSCALE	1.000000	1.000000	0.000000	0.000000	True	5105400	304800
ws_prod-g-doc-Events-r-6.-ESM.ppt	GROUPSCALE	1.000000	1.000000	0.000000	0.000000	True	2971800	457200
ws_prod-g-doc-Events-r-6.-ESM.ppt	GROUPSCALE	1.000000	1.000000	0.000000	0.000000	True	2514600	517525
ws_prod-g-doc-Events-r-6.-ESM.ppt	GROUPSCALE	1.000000	1.000000	0.000000	0.000000	True	5867400	1066800
ws_prod-g-doc-Events-r-6.-ESM.ppt	GROUPSCALE	1.000000	1.000000	0.000000	0.000000	True	7772400	3886200
ws_prod-g-doc-Events-r-6.-ESM.ppt	GROUPSCALE	1.000000	1.000000	0.000000	0.000000	True	1905000	457200
ws_prod-g-doc-Events-r-6.-ESM.ppt	GROUPSCALE	1.000000	1.000000	0.000000	0.000000	True	990600	304800
ws_prod-g-doc-Events-r-6.-ESM.ppt	GROUPSCALE	1.000000	1.000000	0.000000	0.000000	True	365125	685800
ws_prod-g-doc-Events-r-6.-ESM.ppt	GROUPSCALE	1.000000	1.000000	0.000000	0.000000	True	5105400	304800
ws_prod-g-doc-Events-r-6.-ESM.ppt	GROUPSCALE	1.000000	1.000000	0.000000	0.000000	True	2971800	457200
ws_prod-g-doc-Events-r-6.-ESM.ppt	GROUPSCALE	1.000000	1.000000	0.000000	0.000000	True	2514600	517525
ws_prod-g-doc-Events-r-6.-ESM.ppt	GROUPSCALE	1.000000	1.000000	0.000000	0.000000	True	5867400	1066800
ws_prod-g-doc-Events-r-6.-ESM.ppt	GROUPSCALE	1.000000	1.000000	0.000000	0.000000	True	7772400	3886200
ws_prod-g-doc-Events-r-6.-ESM.ppt	GROUPSCALE	1.000000	1.000000	0.000000	0.000000	True	1905000	457200
ws_prod-g-doc-Events-r-6.-ESM.ppt	GROUPSCALE	1.000000	1.000000	0.000000	0.000000	True	990600	304800
ws_prod-g-doc-Events-r-6.-ESM.ppt	GROUPSCALE	1.000000	1.000000	0.000000	0.000000	True	365125	685800
ws_prod-g-doc-Events-r-6.-ESM.ppt	GROUPSCALE	1.000000	1.000000	0.000000	0.000000	True	5105400	304800
ws_prod-g-doc-Events-r-6.-ESM.ppt	GROUPSCALE	1.000000	1.000000	0.000000	0.000000	True	2971800	457200
ws_prod-g-doc-Events-r-6.-ESM.ppt	GROUPSCALE	1.000000	1.000000	0.000000	0.000000	True	2514600	517525
ws_prod-g-doc-Events-r-6.-ESM.ppt	GROUPSCALE	1.000000	1.000000	0.000000	0.000000	True	5867400	1066800
ws_prod-g-doc-Events-r-6.-ESM.ppt	GROUPSCALE	1.000000	1.000000	0.000000	0.000000	True	7772400	3886200
ws_prod-g-doc-Events-r-6.-ESM.ppt	GROUPSCALE	1.000000	1.000000	0.000000	0.000000	True	1905000	457200
ws_prod-g-doc-Events-r-6.-ESM.ppt	GROUPSCALE	1.000000	1.000000	0.000000	0.000000	True	990600	304800
ws_prod-g-doc-Events-r-6.-ESM.ppt	GROUPSCALE	1.000000	1.000000	0.000000	0.000000	True	365125	685800
ws_prod-g-doc-Events-r-6.-ESM.ppt	GROUPSCALE	1.000000	1.000000	0.000000	0.000000	True	5105400	304800
ws_prod-g-doc-Events-r-6.-ESM.ppt	GROUPSCALE	1.000000	1.000000	0.000000	0.000000	True	2971800	457200
ws_prod-g-doc-Events-r-6.-ESM.ppt	GROUPSCALE	1.000000	1.000000	0.000000	0.000000	True	2514600	517525
ws_prod-g-doc-Events-r-6.-ESM.ppt	GROUPSCALE	1.000000	1.000000	0.000000	0.000000	True	5867400	1066800
ws_prod-g-doc-Events-r-6.-ESM.ppt	GROUPSCALE	1.000000	1.000000	0.000000	0.000000	True	7772400	3886200
ws_prod-g-doc-Events-r-6.-ESM.ppt	GROUPSCALE	1.000000	1.000000	0.000000	0.000000	True	1905000	457200
ws_prod-g-doc-Events-r-6.-ESM.ppt	GROUPSCALE	1.000000	1.000000	0.000000	0.000000	True	990600	304800
ws_prod-g-doc-Events-r-6.-ESM.ppt	GROUPSCALE	1.000000	1.000000	0.000000	0.000000	True	365125	685800
ws_prod-g-doc-Events-r-6.-ESM.ppt	GROUPSCALE	1.000000	1.000000	0.000000	0.000000	True	5105400	304800
ws_prod-g-doc-Events-r-6.-ESM.ppt	GROUPSCALE	1.000000	1.000000	0.000000	0.000000	True	2971800	457200
ws_prod-g-doc-Events-r-6.-ESM.ppt	GROUPSCALE	1.000000	1.000000	0.000000	0.000000	True	2514600	517525
ws_prod-g-doc-Events-r-6.-ESM.ppt	GROUPSCALE	1.000000	1.000000	0.000000	0.000000	True	5867400	1066800
ws_prod-g-doc-Events-r-6.-ESM.ppt	GROUPSCALE	1.000000	1.000000	0.000000	0.000000	True	7772400	3886200
ws_prod-g-doc-Events-r-6.-ESM.ppt	GROUPSCALE	1.000000	1.000000	0.000000	0.000000	True	1905000	457200
ws_prod-g-doc-Events-r-6.-ESM.ppt	GROUPSCALE	1.000000	1.000000	0.000000	0.000000	True	990600	304800
ws_prod-g-doc-Events-r-6.-ESM.ppt	GROUPSCALE	1.000000	1.000000	0.000000	0.000000	True	365125	685800
ws_prod-g-doc-Events-r-6.-ESM.ppt	GROUPSCALE	1.000000	1.000000	0.000000	0.000000	True	5105400	304800
ws_prod-g-doc-Events-r-6.-ESM.ppt	GROUPSCALE	1.000000	1.000000	0.000000	0.000000	True	2971800	457200
ws_prod-g-doc-Events-r-6.-ESM.ppt	GROUPSCALE	1.000000	1.000000	0.000000	0.000000	True	2514600	517525
ws_prod-g-doc-Events-r-6.-ESM.ppt	GROUPSCALE	1.000000	1.000000	0.000000	0.000000	True	5867400	1066800
ws_prod-g-doc-Events-r-6.-ESM.ppt	GROUPSCALE	1.000000	1.000000	0.000000	0.000000	True	7772400	3886200
ws_prod-g-doc-Events-r-6.-ESM.ppt	GROUPSCALE	1.000000	1.000000	0.000000	0.000000	True	1905000	457200
ws_prod-g-doc-Events-r-6.-ESM.ppt	GROUPSCALE	1.000000	1.000000	0.000000	0.000000	True	990600	304800
ws_prod-g-doc-Events-r-6.-ESM.ppt	GROUPSCALE	1.000000	1.000000	0.000000	0.000000	True	365125	685800
ws_prod-g-doc-Events-r-6.-ESM.ppt	GROUPSCALE	1.000000	1.000000	0.000000	0.000000	True	5105400	304800
ws_prod-g-doc-Events-r-6.-ESM.ppt	GROUPSCALE	1.000000	1.000000	0.000000	0.000000	True	2971800	457200
ws_prod-g-doc-Events-r-6.-ESM.ppt	GROUPSCALE	1.000000	1.000000	0.000000	0.000000	True	2514600	517525
ws_prod-g-doc-Events-r-6.-ESM.ppt	GROUPSCALE	1.000000	1.000000	0.000000	0.000000	True	5867400	1066800
ws_prod-g-doc-Events-r-6.-ESM.ppt	GROUPSCALE	1.000000	1.000000	0.000000	0.000000	True	7772400	3886200
ws_prod-g-doc-Events-r-6.-ESM.ppt	GROUPSCALE	1.000000	1.000000	0.000000	0.000000	True	1905000	457200
ws_prod-g-doc-Events-r-6.-ESM.ppt	GROUPSCALE	1.000000	1.000000	0.000000	0.000000	True	990600	304800
ws_prod-g-doc-Events-r-6.-ESM.ppt	GROUPSCALE	1.000000	1.000000	0.000000	0.000000	True	365125	685800
ws_prod-g-doc-Events-r-6.-ESM.ppt	GROUPSCALE	1.000000	1.000000	0.000000	0.000000	True	5105400	304800
ws_prod-g-doc-Events-r-6.-ESM.ppt	GROUPSCALE	1.000000	1.000000	0.000000	0.000000	True	2971800	457200
ws_prod-g-doc-Events-r-6.-ESM.ppt	GROUPSCALE	1.000000	1.000000	0.000000	0.000000	True	2514600	517525
ws_prod-g-doc-Events-r-6.-ESM.ppt	GROUPSCALE	1.000000	1.000000	0.000000	0.000000	True	5867400	1066800
ws_prod-g-doc-Events-r-6.-ESM.ppt	GROUPSCALE	1.000000	1.000000	0.000000	0.000000	True	7772400	3886200
ws_prod-g-doc-Events-r-6.-ESM.ppt	GROUPSCALE	1.000000	1.000000	0.000000	0.000000	True	1905000	457200
ws_prod-g-doc-Events-r-6.-ESM.ppt	GROUPSCALE	1.000000	1.000000	0.000000	0.000000	True	990600	304800
ws_prod-g-doc-Events-r-6.-ESM.ppt	GROUPSCALE	1.000000	1.000000	0.000000	0.000000	True	365125	685800
ws_prod-g-doc-Events-r-6.-ESM.ppt	GROUPSCALE	1.000000	1.000000	0.000000	0.000000	True	5105400	304800
ws_prod-g-doc-Events-r-6.-ESM.ppt	GROUPSCALE	1.000000	1.000000	0.000000	0.000000	True	2971800	457200
ws_prod-g-doc-Events-r-6.-ESM.ppt	GROUPSCALE	1.000000	1.000000	0.000000	0.000000	True	2514600	517525
ws_prod-g-doc-Events-r-6.-ESM.ppt	GROUPSCALE	1.000000	1.000000	0.000000	0.000000	True	5867400	1066800
ws_prod-g-doc-Events-r-6.-ESM.ppt	GROUPSCALE	1.000000	1.000000	0.000000	0.000000	True	7772400	3886200
ws_prod-g-doc-Events-r-6.-ESM.ppt	GROUPSCALE	1.000000	1.000000	0.000000	0.000000	True	1905000	457200
ws_prod-g-doc-Events-r-6.-ESM.ppt	GROUPSCALE	1.000000	1.000000	0.000000	0.000000	True	990600	304800
ws_prod-g-doc-Events-r-6.-ESM.ppt	GROUPSCALE	1.000000	1.000000	0.000000	0.000000	True	365125	685800
ws_prod-g-doc-Events-r-6.-ESM.ppt	GROUPSCALE	1.000000	1.000000	0.000000	0.000000	True	5105400	304800
ws_prod-g-doc-Events-r-6.-ESM.ppt	GROUPSCALE	1.000000	1.000000	0.000000	0.000000	True	2971800	457200
ws_prod-g-doc-Events-r-6.-ESM.ppt	GROUPSCALE	1.000000	1.000000	0.000000	0.000000	True	2514600	517525
ws_prod-g-doc-Events-r-6.-ESM.ppt	GROUPSCALE	1.000000	1.000000	0.000000	0.000000	True	5867400	1066800
ws_prod-g-doc-Events-r-6.-ESM.ppt	GROUPSCALE	1.000000	1.000000	0.000000	0.000000	True	7772400	3886200
ws_prod-g-doc-Events-r-6.-ESM.ppt	GROUPSCALE	1.000000	1.000000	0.000000	0.000000	True	1905000	457200
ws_prod-g-doc-Events-r-6.-ESM.ppt	GROUPSCALE	1.000000	1.000000	0.000000	0.000000	True	990600	304800
ws_prod-g-doc-Events-r-6.-ESM.ppt	GROUPSCALE	1.000000	1.000000	0.000000	0.000000	True	365125	685800
ws_prod-g-doc-Events-r-6.-ESM.ppt	GROUPSCALE	1.000000	1.000000	0.000000	0.000000	True	5105400	304800
ws_prod-g-doc-Events-r-6.-ESM.ppt	GROUPSCALE	1.000000	1.000000	0.000000	0.000000	True	2971800	457200
ws_prod-g-doc-Events-r-6.-ESM.ppt	GROUPSCALE	1.000000	1.000000	0.000000	0.000000	True	2514600	517525
ws_prod-g-doc-Events-r-6.-ESM.ppt	GROUPSCALE	1.000000	1.000000	0.000000	0.000000	True	5867400	1066800
ws_prod-g-doc-Events-r-6.-ESM.ppt	GROUPSCALE	1.000000	1.000000	0.000000	0.000000	True	7772400	3886200
ws_prod-g-doc-Events-r-6.-ESM.ppt	GROUPSCALE	1.000000	1.000000	0.000000	0.000000	True	1905000	457200
ws_prod-g-doc-Events-r-6.-ESM.ppt	GROUPSCALE	1.000000	1.000000	0.000000	0.000000	True	990600	304800
ws_prod-g-doc-Events-r-6.-ESM.ppt	GROUPSCALE	1.000000	1.000000	0.000000	0.000000	True	365125	685800
ws_prod-g-doc-Events-r-6.-ESM.ppt	GROUPSCALE	1.000000	1.000000	0.000000	0.000000	True	5105400	304800
ws_prod-g-doc-Events-r-6.-ESM.ppt	GROUPSCALE	1.000000	1.000000	0.000000	0.000000	True	2971800	457200
ws_prod-g-doc-Events-r-6.-ESM.ppt	GROUPSCALE	1.000000	1.000000	0.000000	0.000000	True	2514600	517525
ws_prod-g-doc-Events-r-6.-ESM.ppt	GROUPSCALE	1.000000	1.000000	0.000000	0.000000	True	5867400	1066800
ws_prod-g-doc-Events-r-6.-ESM.ppt	GROUPSCALE	1.000000	1.000000	0.000000	0.000000	True	7772400	3886200
ws_prod-g-doc-Events-r-6.-ESM.ppt	GROUPSCALE	1.000000	1.000000	0.000000	0.000000	True	1905000	457200
ws_prod-g-doc-Events-r-6.-ESM.ppt	GROUPSCALE	1.000000	1.000000	0.000000	0.000000	True	990600	304800
ws_prod-g-doc-Events-r-6.-ESM.ppt	GROUPSCALE	1.000000	1.000000	0.000000	0.000000	True	365125	685800
ws_prod-g-doc-Events-r-6.-ESM.ppt	GROUPSCALE	1.000000	1.000000	0.000000	0.000000	True	5105400	304800
ws_prod-g-doc-Events-r-6.-ESM.ppt	GROUPSCALE	1.000000	1.000000	0.000000	0.000000	True	2971800	457200
ws_prod-g-doc-Events-r-6.-ESM.ppt	GROUPSCALE	1.000000	1.000000	0.000000	0.000000	True	2514600	517525
ws_prod-g-doc-Events-r-6.-ESM.ppt	GROUPSCALE	1.000000	1.000000	0.000000	0.000000	True	5867400	1066800
ws_prod-g-doc-Events-r-6.-ESM.ppt	GROUPSCALE	1.000000	1.000000	0.000000	0.000000	True	7772400	3886200
ws_prod-g-doc-Events-r-6.-ESM.ppt	GROUPSCALE	1.000000	1.000000	0.000000	0.000000	True	1905000	457200
ws_prod-g-doc-Events-r-6.-ESM.ppt	GROUPSCALE	1.000000	1.000000	0.000000	0.000000	True	990600	304800
ws_prod-g-doc-Events-r-6.-ESM.ppt	GROUPSCALE	1.000000	1.000000	0.000000	0.000000	True	365125	685800
ws_prod-g-doc-Events-r-6.-ESM.ppt	GROUPSCALE	1.000000	1.000000	0.000000	0.000000	True	5105400	304800
ws_prod-g-doc-Events-r-6.-ESM.ppt	GROUPSCALE	1.000000	1.000000	0.000000	0.000000	True	2971800	457200
ws_prod-g-doc-Events-r-6.-ESM.ppt	GROUPSCALE	1.000000	1.000000	0.000000	0.000000	True	2514600	517525
ws_prod-g-doc-Events-r-6.-ESM.ppt	GROUPSCALE	1.000000	1.000000	0.000000	0.000000	True	5867400	1066800
ws_prod-g-doc-Events-r-6.-ESM.ppt	GROUPSCALE	1.000000	1.000000	0.000000	0.000000	True	7772400	3886200
ws_prod-g-doc-Events-r-6.-ESM.ppt	GROUPSCALE	1.000000	1.000000	0.000000	0.000000	True	1905000	457200
ws_prod-g-doc-Events-r-6.-ESM.ppt	GROUPSCALE	1.000000	1.000000	0.000000	0.000000	True	990600	304800
ws_prod-g-doc-Events-r-6.-ESM.ppt	GROUPSCALE	1.000000	1.000000	0.000000	0.000000	True	365125	685800
ws_prod-g-doc-Events-r-6.-ESM.ppt	GROUPSCALE	1.000000	1.000000	0.000000	0.000000	True	5105400	304800
ws_prod-g-doc-Events-r-6.-ESM.ppt	GROUPSCALE	1.000000	1.000000	0.000000	0.000000	True	2971800	457200
ws_prod-g-doc-Events-r-6.-ESM.ppt	GROUPSCALE	1.000000	1.000000	0.000000	0.000000	True	2514600	517525
ws_prod-g-doc-Events-r-6.-ESM.ppt	GROUPSCALE	1.000000	1.000000	0.000000	0.000000	True	5867400	1066800
ws_prod-g-doc-Events-r-6.-ESM.ppt	GROUPSCALE	1.000000	1.000000	0.000000	0.000000	True	7772400	3886200
ws_prod-g-doc-Events-r-6.-ESM.ppt	GROUPSCALE	1.000000	1.000000	0.000000	0.000000	True	1905000	457200
ws_prod-g-doc-Events-r-6.-ESM.ppt	GROUPSCALE	1.000000	1.000000	0.000000	0.000000	True	990600	304800
ws_prod-g-doc-Events-r-6.-ESM.ppt	GROUPSCALE	1.000000	1.000000	0.000000	0.000000	True	365125	685800
ws_prod-g-doc-Events-r-6.-ESM.ppt	GROUPSCALE	1.000000	1.000000	0.000000	0.000000	True	5105400	304800
ws_prod-g-doc-Events-r-6.-ESM.ppt	GROUPSCALE	1.000000	1.000000	0.000000	0.000000	True	2971800	457200
ws_prod-g-doc-Events-r-6.-ESM.ppt	GROUPSCALE	1.000000	1.000000	0.000000	0.000000	True	2514600	517525
ws_prod-g-doc-Events-r-6.-ESM.ppt	GROUPSCALE	1.000000	1.000000	0.000000	0.000000	True	5867400	1066800
ws_prod-g-doc-Events-r-6.-ESM.ppt	GROUPSCALE	1.000000	1.000000	0.000000	0.000000	True	7772400	3886200
ws_prod-g-doc-Events-r-6.-ESM.ppt	GROUPSCALE	1.000000	1.000000	0.000000	0.000000	True	1905000	457200
ws_prod-g-doc-Events-r-6.-ESM.ppt	GROUPSCALE	1.000000	1.000000	0.000000	0.000000	True	990600	304800
ws_prod-g-doc-Events-r-6.-ESM.ppt	GROUPSCALE	1.000000	1.000000	0.000000	0.000000	True	365125	685800
ws_prod-g-doc-Events-r-6.-ESM.ppt	GROUPSCALE	1.000000	1.000000	0.000000	0.000000	True	5105400	304800
ws_prod-g-doc-Events-r-6.-ESM.ppt	GROUPSCALE	1.000000	1.000000	0.000000	0.000000	True	2971800	457200
ws_prod-g-doc-Events-r-6.-ESM.ppt	GROUPSCALE	1.000000	1.000000	0.000000	0.000000	True	2514600	517525
ws_prod-g-doc-Events-r-6.-ESM.ppt	GROUPSCALE	1.000000	1.000000	0.000000	0.000000	True	5867400	1066800
ws_prod-g-doc-Events-r-6.-ESM.ppt	GROUPSCALE	1.000000	1.000000	0.000000	0.000000	True	7772400	3886200
ws_prod-g-doc-Events-r-6.-ESM.ppt	GROUPSCALE	1.000000	1.000000	0.000000	0.000000	True	1905000	457200
ws_prod-g-doc-Events-r-6.-ESM.ppt	GROUPSCALE	1.000000	1.000000	0.000000	0.000000	True	990600	304800
ws_prod-g-doc-Events-r-6.-ESM.ppt	GROUPSCALE	1.000000	1.000000	0.000000	0.000000	True	365125	685800
ws_prod-g-doc-Events-r-6.-ESM.ppt	GROUPSCALE	1.000000	1.000000	0.000000	0.000000	True	5105400	304800
ws_prod-g-doc-Events-r-6.-ESM.ppt	GROUPSCALE	1.000000	1.000000	0.000000	0.000000	True	2971800	457200
ws_prod-g-doc-Events-r-6.-ESM.ppt	GROUPSCALE	1.000000	1.000000	0.000000	0.000000	True	2514600	517525
ws_prod-g-doc-Events-r-6.-ESM.ppt	GROUPSCALE	1.000000	1.000000	0.000000	0.000000	True	5867400	1066800
ws_prod-g-doc-Events-r-6.-ESM.ppt	GROUPSCALE	1.000000	1.000000	0.000000	0.000000	True	7772400	3886200
ws_prod-g-doc-Events-r-6.-ESM.ppt	GROUPSCALE	1.000000	1.000000	0.000000	0.000000	True	1905000	457200
ws_prod-g-doc-Events-r-6.-ESM.ppt	GROUPSCALE	1.000000	1.000000	0.000000	0.000000	True	990600	304800
ws_prod-g-doc-Events-r-6.-ESM.ppt	GROUPSCALE	1.000000	1.000000	0.000000	0.000000	True	365125	685800
ws_prod-g-doc-Events-r-6.-ESM.ppt	GROUPSCALE	1.000000	1.000000	0.000000	0.000000	True	5105400	304800
ws_prod-g-doc-Events-r-6.-ESM.ppt	GROUPSCALE	1.000000	1.000000	0.000000	0.000000	True	2971800	457200
ws_prod-g-doc-Events-r-6.-ESM.ppt	GROUPSCALE	1.000000	1.000000	0.000000	0.000000	True	2514600	517525
ws_prod-g-doc-Events-r-6.-ESM.ppt	GROUPSCALE	1.000000	1.000000	0.000000	0.000000	True	5867400	1066800
ws_prod-g-doc-Events-r-6.-ESM.ppt	GROUPSCALE	1.000000	1.000000	0.000000	0.000000	True	7772400	3886200
1-secretariat.ppt	GROUPSCALE	1.000000	1.000000	0.000000	0.000000	True	7010400	2438400
1-secretariat.ppt	GROUPSCALE	1.000000	1.000000	0.000000	0.000000	True	7772400	1143000
1-secretariat.ppt	GROUPSCALE	1.000000	1.000000	0.000000	0.000000	True	5867400	4724400
1-secretariat.ppt	GROUPSCALE	1.000000	1.000000	0.000000	0.000000	True	8229600	1143000
1-secretariat.ppt	GROUPSCALE	1.000000	1.000000	0.000000	0.000000	True	7772400	1143000
1-secretariat.ppt	GROUPSCALE	1.000000	1.000000	0.000000	0.000000	True	6781800	5105400
1-secretariat.ppt	GROUPSCALE	1.000000	1.000000	0.000000	0.000000	True	7843837	4808537
1-secretariat.ppt	GROUPSCALE	1.000000	1.000000	0.000000	0.000000	True	2819400	3810000
1-secretariat.ppt	GROUPSCALE	1.000000	1.000000	0.000000	0.000000	True	7772400	1143000
1-secretariat.ppt	GROUPSCALE	1.000000	1.000000	0.000000	0.000000	True	8915400	4876800
1-secretariat.ppt	GROUPSCALE	1.000000	1.000000	0.000000	0.000000	True	7772400	1143000
1-secretariat.ppt	GROUPSCALE	1.000000	1.000000	0.000000	0.000000	True	7772400	4648200
1-secretariat.ppt	GROUPSCALE	1.000000	1.000000	0.000000	0.000000	True	7772400	1143000
1-secretariat.ppt	GROUPSCALE	1.000000	1.000000	0.000000	0.000000	True	8229600	5181600
1-secretariat.ppt	GROUPSCALE	1.000000	1.000000	0.000000	0.000000	True	7772400	1143000
1-secretariat.ppt	GROUPSCALE	1.000000	1.000000	0.000000	0.000000	True	7772400	4114800
1-secretariat.ppt	GROUPSCALE	1.000000	1.000000	0.000000	0.000000	True	7772400	1143000
1-secretariat.ppt	GROUPSCALE	1.000000	1.000000	0.000000	0.000000	True	7772400	4114800
1-secretariat.ppt	GROUPSCALE	1.000000	1.000000	0.000000	0.000000	True	7696200	1143000
1-secretariat.ppt	GROUPSCALE	1.000000	1.000000	0.000000	0.000000	True	9525000	5029200
architecture6.ppt	GROUPSCALE	1.000000	1.000000	0.000000	0.000000	True	7772400	1470025
architecture6.ppt	GROUPSCALE	1.000000	1.000000	0.000000	0.000000	True	6400800	1752600
architecture6.ppt	GROUPSCALE	1.000000	1.000000	0.000000	0.000000	True	2133600	365125
architecture6.ppt	GROUPSCALE	1.000000	1.000000	0.000000	0.000000	True	2895600	365125
architecture6.ppt	GROUPSCALE	1.000000	1.000000	0.000000	0.000000	True	7292975	1143000
architecture6.ppt	GROUPSCALE	1.000000	1.000000	0.000000	0.000000	True	8229600	4525962
architecture6.ppt	GROUPSCALE	1.000000	1.000000	0.000000	0.000000	True	2133600	365125
architecture6.ppt	GROUPSCALE	1.000000	1.000000	0.000000	0.000000	True	2895600	365125
architecture6.ppt	GROUPSCALE	1.000000	1.000000	0.000000	0.000000	True	7292975	1143000
architecture6.ppt	GROUPSCALE	1.000000	1.000000	0.000000	0.000000	True	8229600	4525962
architecture6.ppt	GROUPSCALE	1.000000	1.000000	0.000000	0.000000	True	2133600	365125
architecture6.ppt	GROUPSCALE	1.000000	1.000000	0.000000	0.000000	True	2895600	365125
architecture6.ppt	GROUPSCALE	1.000000	1.000000	0.000000	0.000000	True	7292975	1143000
architecture6.ppt	GROUPSCALE	1.000000	1.000000	0.000000	0.000000	True	2133600	365125
architecture6.ppt	GROUPSCALE	1.000000	1.000000	0.000000	0.000000	True	2895600	365125
architecture6.ppt	GROUPSCALE	1.000000	1.000000	0.000000	0.000000	True	7292975	1143000
architecture6.ppt	GROUPSCALE	1.000000	1.000000	0.000000	0.000000	True	8229600	4525962
architecture6.ppt	GROUPSCALE	1.000000	1.000000	0.000000	0.000000	True	2133600	365125
architecture6.ppt	GROUPSCALE	1.000000	1.000000	0.000000	0.000000	True	2895600	365125
architecture6.ppt	GROUPSCALE	1.000000	1.000000	0.000000	0.000000	True	7292975	1143000
architecture6.ppt	GROUPSCALE	1.000000	1.000000	0.000000	0.000000	True	8229600	4525962
architecture6.ppt	GROUPSCALE	1.000000	1.000000	0.000000	0.000000	True	2133600	365125
architecture6.ppt	GROUPSCALE	1.000000	1.000000	0.000000	0.000000	True	2895600	365125
architecture6.ppt	GROUPSCALE	1.000000	1.000000	0.000000	0.000000	True	8305800	917575
architecture6.ppt	GROUPSCALE	1.000000	1.000000	0.000000	0.000000	True	8229600	4130675
architecture6.ppt	GROUPSCALE	1.000000	1.000000	0.000000	0.000000	True	2133600	365125
architecture6.ppt	GROUPSCALE	1.000000	1.000000	0.000000	0.000000	True	2895600	365125
architecture6.ppt	GROUPSCALE	1.000000	1.000000	0.000000	0.000000	True	7292975	1143000
architecture6.ppt	GROUPSCALE	1.000000	1.000000	0.000000	0.000000	True	8229600	4525962
architecture6.ppt	GROUPSCALE	1.000000	1.000000	0.000000	0.000000	True	2133600	365125
architecture6.ppt	GROUPSCALE	1.000000	1.000000	0.000000	0.000000	True	2895600	365125
architecture6.ppt	GROUPSCALE	1.000000	1.000000	0.000000	0.000000	True	7292975	1143000
architecture6.ppt	GROUPSCALE	1.000000	1.000000	0.000000	0.000000	True	8229600	4525962
architecture6.ppt	GROUPSCALE	1.000000	1.000000	0.000000	0.000000	True	2133600	365125
architecture6.ppt	GROUPSCALE	1.000000	1.000000	0.000000	0.000000	True	2895600	365125
architecture6.ppt	GROUPSCALE	1.000000	1.000000	0.000000	0.000000	True	7292975	1143000
architecture6.ppt	GROUPSCALE	1.000000	1.000000	0.000000	0.000000	True	2001837	428625
architecture6.ppt	GROUPSCALE	1.000000	1.000000	0.000000	0.000000	True	6227762	428625
architecture6.ppt	GROUPSCALE	1.000000	1.000000	0.000000	0.000000	True	2001837	1552575
architecture6.ppt	GROUPSCALE	1.000000	1.000000	0.000000	0.000000	True	6227762	1552575
architecture6.ppt	GROUPSCALE	1.000000	1.000000	0.000000	0.000000	True	2001837	449262
architecture6.ppt	GROUPSCALE	1.000000	1.000000	0.000000	0.000000	True	6227762	449262
architecture6.ppt	GROUPSCALE	1.000000	1.000000	0.000000	0.000000	True	2001837	665162
architecture6.ppt	GROUPSCALE	1.000000	1.000000	0.000000	0.000000	True	6227762	665162
architecture6.ppt	GROUPSCALE	1.000000	1.000000	0.000000	0.000000	True	2001837	665162
architecture6.ppt	GROUPSCALE	1.000000	1.000000	0.000000	0.000000	True	6227762	665162
architecture6.ppt	GROUPSCALE	1.000000	1.000000	0.000000	0.000000	True	2001837	449262
architecture6.ppt	GROUPSCALE	1.000000	1.000000	0.000000	0.000000	True	6227762	449262
architecture6.ppt	GROUPSCALE	1.000000	1.000000	0.000000	0.000000	True	2133600	365125
architecture6.ppt	GROUPSCALE	1.000000	1.000000	0.000000	0.000000	True	2895600	365125
architecture6.ppt	GROUPSCALE	1.000000	1.000000	0.000000	0.000000	True	7292975	1143000
architecture6.ppt	GROUPSCALE	1.000000	1.000000	0.000000	0.000000	True	2133600	365125
architecture6.ppt	GROUPSCALE	1.000000	1.000000	0.000000	0.000000	True	2895600	365125
architecture6.ppt	GROUPSCALE	1.000000	1.000000	0.000000	0.000000	True	7292975	1143000
architecture6.ppt	GROUPSCALE	1.000000	1.000000	0.000000	0.000000	True	2133600	365125
architecture6.ppt	GROUPSCALE	1.000000	1.000000	0.000000	0.000000	True	2895600	365125
architecture6.ppt	GROUPSCALE	1.000000	1.000000	0.000000	0.000000	True	7292975	1143000
architecture6.ppt	GROUPSCALE	1.000000	1.000000	0.000000	0.000000	True	8229600	4525962
architecture6.ppt	GROUPSCALE	1.000000	1.000000	0.000000	0.000000	True	2133600	365125
architecture6.ppt	GROUPSCALE	1.000000	1.000000	0.000000	0.000000	True	2895600	365125
architecture6.ppt	GROUPSCALE	1.000000	1.000000	0.000000	0.000000	True	7292975	1143000
architecture6.ppt	GROUPSCALE	1.000000	1.000000	0.000000	0.000000	True	1962150	371475
architecture6.ppt	GROUPSCALE	1.000000	1.000000	0.000000	0.000000	True	5229225	371475
architecture6.ppt	GROUPSCALE	1.000000	1.000000	0.000000	0.000000	True	1962150	852487
architecture6.ppt	GROUPSCALE	1.000000	1.000000	0.000000	0.000000	True	5229225	852487
architecture6.ppt	GROUPSCALE	1.000000	1.000000	0.000000	0.000000	True	1962150	427037
architecture6.ppt	GROUPSCALE	1.000000	1.000000	0.000000	0.000000	True	5229225	427037
architecture6.ppt	GROUPSCALE	1.000000	1.000000	0.000000	0.000000	True	1962150	854075
architecture6.ppt	GROUPSCALE	1.000000	1.000000	0.000000	0.000000	True	5229225	854075
architecture6.ppt	GROUPSCALE	1.000000	1.000000	0.000000	0.000000	True	1962150	852487
architecture6.ppt	GROUPSCALE	1.000000	1.000000	0.000000	0.000000	True	5229225	852487
architecture6.ppt	GROUPSCALE	1.000000	1.000000	0.000000	0.000000	True	1962150	1281112
architecture6.ppt	GROUPSCALE	1.000000	1.000000	0.000000	0.000000	True	5229225	1281112
architecture6.ppt	GROUPSCALE	1.000000	1.000000	0.000000	0.000000	True	2133600	365125
architecture6.ppt	GROUPSCALE	1.000000	1.000000	0.000000	0.000000	True	2895600	365125
architecture6.ppt	GROUPSCALE	1.000000	1.000000	0.000000	0.000000	True	7292975	1143000
architecture6.ppt	GROUPSCALE	1.000000	1.000000	0.000000	0.000000	True	2133600	365125
architecture6.ppt	GROUPSCALE	1.000000	1.000000	0.000000	0.000000	True	2895600	365125
architecture6.ppt	GROUPSCALE	1.000000	1.000000	0.000000	0.000000	True	7292975	1143000
architecture6.ppt	GROUPSCALE	1.000000	1.000000	0.000000	0.000000	True	2133600	365125
architecture6.ppt	GROUPSCALE	1.000000	1.000000	0.000000	0.000000	True	2895600	365125
architecture6.ppt	GROUPSCALE	1.000000	1.000000	0.000000	0.000000	True	7292975	1143000
architecture6.ppt	GROUPSCALE	1.000000	1.000000	0.000000	0.000000	True	2133600	365125
architecture6.ppt	GROUPSCALE	1.000000	1.000000	0.000000	0.000000	True	2895600	365125
architecture6.ppt	GROUPSCALE	1.000000	1.000000	0.000000	0.000000	True	7292975	1143000
architecture6.ppt	GROUPSCALE	1.000000	1.000000	0.000000	0.000000	True	2133600	365125
architecture6.ppt	GROUPSCALE	1.000000	1.000000	0.000000	0.000000	True	2895600	365125
architecture6.ppt	GROUPSCALE	1.000000	1.000000	0.000000	0.000000	True	7292975	1143000
architecture6.ppt	GROUPSCALE	1.000000	1.000000	0.000000	0.000000	True	8229600	4525962
architecture6.ppt	GROUPSCALE	1.000000	1.000000	0.000000	0.000000	True	2895600	365125
architecture6.ppt	GROUPSCALE	1.000000	1.000000	0.000000	0.000000	True	2133600	365125
architecture6.ppt	GROUPSCALE	1.000000	1.000000	0.000000	0.000000	True	7292975	1143000
architecture6.ppt	GROUPSCALE	1.000000	1.000000	0.000000	0.000000	True	8229600	4525962
architecture6.ppt	GROUPSCALE	1.000000	1.000000	0.000000	0.000000	True	2133600	365125
architecture6.ppt	GROUPSCALE	1.000000	1.000000	0.000000	0.000000	True	2895600	365125
architecture6.ppt	GROUPSCALE	1.000000	1.000000	0.000000	0.000000	True	7292975	1143000
architecture6.ppt	GROUPSCALE	1.000000	1.000000	0.000000	0.000000	True	1550987	369887
architecture6.ppt	GROUPSCALE	1.000000	1.000000	0.000000	0.000000	True	5045075	369887
architecture6.ppt	GROUPSCALE	1.000000	1.000000	0.000000	0.000000	True	1550987	641350
architecture6.ppt	GROUPSCALE	1.000000	1.000000	0.000000	0.000000	True	5045075	641350
architecture6.ppt	GROUPSCALE	1.000000	1.000000	0.000000	0.000000	True	1550987	852487
architecture6.ppt	GROUPSCALE	1.000000	1.000000	0.000000	0.000000	True	5045075	852487
architecture6.ppt	GROUPSCALE	1.000000	1.000000	0.000000	0.000000	True	1550987	1066800
architecture6.ppt	GROUPSCALE	1.000000	1.000000	0.000000	0.000000	True	5045075	1066800
architecture6.ppt	GROUPSCALE	1.000000	1.000000	0.000000	0.000000	True	1550987	1066800
architecture6.ppt	GROUPSCALE	1.000000	1.000000	0.000000	0.000000	True	5045075	1066800
architecture6.ppt	GROUPSCALE	1.000000	1.000000	0.000000	0.000000	True	1550987	1066800
architecture6.ppt	GROUPSCALE	1.000000	1.000000	0.000000	0.000000	True	5045075	1066800
architecture6.ppt	GROUPSCALE	1.000000	1.000000	0.000000	0.000000	True	2133600	365125
architecture6.ppt	GROUPSCALE	1.000000	1.000000	0.000000	0.000000	True	2895600	365125
architecture6.ppt	GROUPSCALE	1.000000	1.000000	0.000000	0.000000	True	7292975	1143000
architecture6.ppt	GROUPSCALE	1.000000	1.000000	0.000000	0.000000	True	2133600	365125
architecture6.ppt	GROUPSCALE	1.000000	1.000000	0.000000	0.000000	True	2895600	365125
architecture6.ppt	GROUPSCALE	1.000000	1.000000	0.000000	0.000000	True	7292975	1143000
architecture6.ppt	GROUPSCALE	1.000000	1.000000	0.000000	0.000000	True	8229600	4525962
architecture6.ppt	GROUPSCALE	1.000000	1.000000	0.000000	0.000000	True	2133600	365125
architecture6.ppt	GROUPSCALE	1.000000	1.000000	0.000000	0.000000	True	2895600	365125
architecture6.ppt	GROUPSCALE	1.000000	1.000000	0.000000	0.000000	True	7292975	1143000
architecture6.ppt	GROUPSCALE	1.000000	1.000000	0.000000	0.000000	True	1847850	371475
architecture6.ppt	GROUPSCALE	1.000000	1.000000	0.000000	0.000000	True	5449887	371475
architecture6.ppt	GROUPSCALE	1.000000	1.000000	0.000000	0.000000	True	1847850	852487
architecture6.ppt	GROUPSCALE	1.000000	1.000000	0.000000	0.000000	True	5449887	852487
architecture6.ppt	GROUPSCALE	1.000000	1.000000	0.000000	0.000000	True	1847850	427037
architecture6.ppt	GROUPSCALE	1.000000	1.000000	0.000000	0.000000	True	5449887	427037
architecture6.ppt	GROUPSCALE	1.000000	1.000000	0.000000	0.000000	True	1847850	639762
architecture6.ppt	GROUPSCALE	1.000000	1.000000	0.000000	0.000000	True	5449887	639762
architecture6.ppt	GROUPSCALE	1.000000	1.000000	0.000000	0.000000	True	1847850	854075
architecture6.ppt	GROUPSCALE	1.000000	1.000000	0.000000	0.000000	True	5449887	854075
architecture6.ppt	GROUPSCALE	1.000000	1.000000	0.000000	0.000000	True	1847850	1066800
architecture6.ppt	GROUPSCALE	1.000000	1.000000	0.000000	0.000000	True	5449887	1066800
architecture6.ppt	GROUPSCALE	1.000000	1.000000	0.000000	0.000000	True	2133600	365125
architecture6.ppt	GROUPSCALE	1.000000	1.000000	0.000000	0.000000	True	2895600	365125
architecture6.ppt	GROUPSCALE	1.000000	1.000000	0.000000	0.000000	True	7292975	1143000
architecture6.ppt	GROUPSCALE	1.000000	1.000000	0.000000	0.000000	True	2133600	365125
architecture6.ppt	GROUPSCALE	1.000000	1.000000	0.000000	0.000000	True	2895600	365125
architecture6.ppt	GROUPSCALE	1.000000	1.000000	0.000000	0.000000	True	7292975	1143000
architecture6.ppt	GROUPSCALE	1.000000	1.000000	0.000000	0.000000	True	8229600	4525962
architecture6.ppt	GROUPSCALE	1.000000	1.000000	0.000000	0.000000	True	2133600	365125
architecture6.ppt	GROUPSCALE	1.000000	1.000000	0.000000	0.000000	True	2895600	365125
architecture6.ppt	GROUPSCALE	1.000000	1.000000	0.000000	0.000000	True	7292975	1143000
architecture6.ppt	GROUPSCALE	1.000000	1.000000	0.000000	0.000000	True	1477962	371475
architecture6.ppt	GROUPSCALE	1.000000	1.000000	0.000000	0.000000	True	5711825	371475
architecture6.ppt	GROUPSCALE	1.000000	1.000000	0.000000	0.000000	True	1477962	852487
architecture6.ppt	GROUPSCALE	1.000000	1.000000	0.000000	0.000000	True	5711825	852487
architecture6.ppt	GROUPSCALE	1.000000	1.000000	0.000000	0.000000	True	1477962	427037
architecture6.ppt	GROUPSCALE	1.000000	1.000000	0.000000	0.000000	True	5711825	427037
architecture6.ppt	GROUPSCALE	1.000000	1.000000	0.000000	0.000000	True	1477962	639762
architecture6.ppt	GROUPSCALE	1.000000	1.000000	0.000000	0.000000	True	5711825	639762
architecture6.ppt	GROUPSCALE	1.000000	1.000000	0.000000	0.000000	True	1477962	854075
architecture6.ppt	GROUPSCALE	1.000000	1.000000	0.000000	0.000000	True	5711825	854075
architecture6.ppt	GROUPSCALE	1.000000	1.000000	0.000000	0.000000	True	1477962	1066800
architecture6.ppt	GROUPSCALE	1.000000	1.000000	0.000000	0.000000	True	5711825	1066800
architecture6.ppt	GROUPSCALE	1.000000	1.000000	0.000000	0.000000	True	2133600	365125
architecture6.ppt	GROUPSCALE	1.000000	1.000000	0.000000	0.000000	True	2895600	365125
architecture6.ppt	GROUPSCALE	1.000000	1.000000	0.000000	0.000000	True	7292975	1143000
architecture6.ppt	GROUPSCALE	1.000000	1.000000	0.000000	0.000000	True	2133600	365125
architecture6.ppt	GROUPSCALE	1.000000	1.000000	0.000000	0.000000	True	2895600	365125
architecture6.ppt	GROUPSCALE	1.000000	1.000000	0.000000	0.000000	True	7292975	1143000
architecture6.ppt	GROUPSCALE	1.000000	1.000000	0.000000	0.000000	True	8229600	4525962
architecture6.ppt	GROUPSCALE	1.000000	1.000000	0.000000	0.000000	True	2133600	365125
architecture6.ppt	GROUPSCALE	1.000000	1.000000	0.000000	0.000000	True	2895600	365125
architecture6.ppt	GROUPSCALE	1.000000	1.000000	0.000000	0.000000	True	7292975	1143000
architecture6.ppt	GROUPSCALE	1.000000	1.000000	0.000000	0.000000	True	8229600	4525962
architecture6.ppt	GROUPSCALE	1.000000	1.000000	0.000000	0.000000	True	2895600	365125
architecture6.ppt	GROUPSCALE	1.000000	1.000000	0.000000	0.000000	True	2133600	365125
architecture6.ppt	GROUPSCALE	1.000000	1.000000	0.000000	0.000000	True	7292975	1143000
architecture6.ppt	GROUPSCALE	1.000000	1.000000	0.000000	0.000000	True	8229600	4525962
architecture6.ppt	GROUPSCALE	1.000000	1.000000	0.000000	0.000000	True	2895600	365125
architecture6.ppt	GROUPSCALE	1.000000	1.000000	0.000000	0.000000	True	2133600	365125
introduction_to_bea_tuxedo.ppt	GROUPSCALE	1.000000	1.000000	0.000000	0.000000	True	7772400	1143000
introduction_to_bea_tuxedo.ppt	GROUPSCALE	1.000000	1.000000	0.000000	0.000000	True	6400800	1752600
introduction_to_bea_tuxedo.ppt	GROUPSCALE	1.000000	1.000000	0.000000	0.000000	True	3525837	381000
introduction_to_bea_tuxedo.ppt	GROUPSCALE	1.000000	1.000000	0.000000	0.000000	True	3024187	381000
introduction_to_bea_tuxedo.ppt	GROUPSCALE	1.000000	1.000000	0.000000	0.000000	True	1006475	381000
introduction_to_bea_tuxedo.ppt	GROUPSCALE	1.000000	1.000000	0.000000	0.000000	True	7772400	1143000
introduction_to_bea_tuxedo.ppt	GROUPSCALE	1.000000	1.000000	0.000000	0.000000	True	3810000	5105400
introduction_to_bea_tuxedo.ppt	GROUPSCALE	1.000000	1.000000	0.000000	0.000000	True	3810000	5105400
introduction_to_bea_tuxedo.ppt	GROUPSCALE	1.000000	1.000000	0.000000	0.000000	True	3525837	381000
introduction_to_bea_tuxedo.ppt	GROUPSCALE	1.000000	1.000000	0.000000	0.000000	True	3024187	381000
introduction_to_bea_tuxedo.ppt	GROUPSCALE	1.000000	1.000000	0.000000	0.000000	True	1006475	381000
introduction_to_bea_tuxedo.ppt	GROUPSCALE	1.000000	1.000000	0.000000	0.000000	True	7772400	1143000
introduction_to_bea_tuxedo.ppt	GROUPSCALE	1.000000	1.000000	0.000000	0.000000	True	7772400	5105400
introduction_to_bea_tuxedo.ppt	GROUPSCALE	1.000000	1.000000	0.000000	0.000000	True	3525837	381000
introduction_to_bea_tuxedo.ppt	GROUPSCALE	1.000000	1.000000	0.000000	0.000000	True	3024187	381000
introduction_to_bea_tuxedo.ppt	GROUPSCALE	1.000000	1.000000	0.000000	0.000000	True	1006475	381000
introduction_to_bea_tuxedo.ppt	GROUPSCALE	1.000000	1.000000	0.000000	0.000000	True	7772400	1143000
introduction_to_bea_tuxedo.ppt	GROUPSCALE	1.000000	1.000000	0.000000	0.000000	True	7772400	5105400
introduction_to_bea_tuxedo.ppt	GROUPSCALE	1.000000	1.000000	0.000000	0.000000	True	3525837	381000
introduction_to_bea_tuxedo.ppt	GROUPSCALE	1.000000	1.000000	0.000000	0.000000	True	3024187	381000
introduction_to_bea_tuxedo.ppt	GROUPSCALE	1.000000	1.000000	0.000000	0.000000	True	1006475	381000
introduction_to_bea_tuxedo.ppt	GROUPSCALE	1.000000	1.000000	0.000000	0.000000	True	7772400	1143000
introduction_to_bea_tuxedo.ppt	GROUPSCALE	1.000000	1.000000	0.000000	0.000000	True	7772400	5105400
introduction_to_bea_tuxedo.ppt	GROUPSCALE	1.000000	1.000000	0.000000	0.000000	True	3525837	381000
introduction_to_bea_tuxedo.ppt	GROUPSCALE	1.000000	1.000000	0.000000	0.000000	True	3024187	381000
introduction_to_bea_tuxedo.ppt	GROUPSCALE	1.000000	1.000000	0.000000	0.000000	True	1006475	381000
introduction_to_bea_tuxedo.ppt	GROUPSCALE	1.000000	1.000000	0.000000	0.000000	True	7772400	1143000
introduction_to_bea_tuxedo.ppt	GROUPSCALE	1.000000	1.000000	0.000000	0.000000	True	7772400	5105400
introduction_to_bea_tuxedo.ppt	GROUPSCALE	1.000000	1.000000	0.000000	0.000000	True	3525837	381000
introduction_to_bea_tuxedo.ppt	GROUPSCALE	1.000000	1.000000	0.000000	0.000000	True	3024187	381000
introduction_to_bea_tuxedo.ppt	GROUPSCALE	1.000000	1.000000	0.000000	0.000000	True	1006475	381000
introduction_to_bea_tuxedo.ppt	GROUPSCALE	1.000000	1.000000	0.000000	0.000000	True	7772400	1143000
introduction_to_bea_tuxedo.ppt	GROUPSCALE	1.000000	1.000000	0.000000	0.000000	True	7772400	5105400
introduction_to_bea_tuxedo.ppt	GROUPSCALE	1.000000	1.000000	0.000000	0.000000	True	3525837	381000
introduction_to_bea_tuxedo.ppt	GROUPSCALE	1.000000	1.000000	0.000000	0.000000	True	3024187	381000
introduction_to_bea_tuxedo.ppt	GROUPSCALE	1.000000	1.000000	0.000000	0.000000	True	1006475	381000
introduction_to_bea_tuxedo.ppt	GROUPSCALE	1.000000	1.000000	0.000000	0.000000	True	7772400	1143000
introduction_to_bea_tuxedo.ppt	GROUPSCALE	1.000000	1.000000	0.000000	0.000000	True	7772400	5105400
introduction_to_bea_tuxedo.ppt	GROUPSCALE	1.000000	1.000000	0.000000	0.000000	True	3525837	381000
introduction_to_bea_tuxedo.ppt	GROUPSCALE	1.000000	1.000000	0.000000	0.000000	True	3024187	381000
introduction_to_bea_tuxedo.ppt	GROUPSCALE	1.000000	1.000000	0.000000	0.000000	True	1006475	381000
introduction_to_bea_tuxedo.ppt	GROUPSCALE	1.000000	1.000000	0.000000	0.000000	True	7772400	1143000
introduction_to_bea_tuxedo.ppt	GROUPSCALE	1.000000	1.000000	0.000000	0.000000	True	7772400	5105400
introduction_to_bea_tuxedo.ppt	GROUPSCALE	1.000000	1.000000	0.000000	0.000000	True	3525837	381000
introduction_to_bea_tuxedo.ppt	GROUPSCALE	1.000000	1.000000	0.000000	0.000000	True	3024187	381000
introduction_to_bea_tuxedo.ppt	GROUPSCALE	1.000000	1.000000	0.000000	0.000000	True	1006475	381000
introduction_to_bea_tuxedo.ppt	GROUPSCALE	1.000000	1.000000	0.000000	0.000000	True	7772400	1143000
introduction_to_bea_tuxedo.ppt	GROUPSCALE	1.000000	1.000000	0.000000	0.000000	True	7772400	5105400
introduction_to_bea_tuxedo.ppt	GROUPSCALE	1.000000	1.000000	0.000000	0.000000	True	3525837	381000
introduction_to_bea_tuxedo.ppt	GROUPSCALE	1.000000	1.000000	0.000000	0.000000	True	3024187	381000
introduction_to_bea_tuxedo.ppt	GROUPSCALE	1.000000	1.000000	0.000000	0.000000	True	1006475	381000
introduction_to_bea_tuxedo.ppt	GROUPSCALE	1.000000	1.000000	0.000000	0.000000	True	7772400	1143000
introduction_to_bea_tuxedo.ppt	GROUPSCALE	1.000000	1.000000	0.000000	0.000000	True	7772400	5105400
introduction_to_bea_tuxedo.ppt	GROUPSCALE	1.000000	1.000000	0.000000	0.000000	True	3525837	381000
introduction_to_bea_tuxedo.ppt	GROUPSCALE	1.000000	1.000000	0.000000	0.000000	True	3024187	381000
introduction_to_bea_tuxedo.ppt	GROUPSCALE	1.000000	1.000000	0.000000	0.000000	True	1006475	381000
introduction_to_bea_tuxedo.ppt	GROUPSCALE	1.000000	1.000000	0.000000	0.000000	True	1616075	2403475
introduction_to_bea_tuxedo.ppt	GROUPSCALE	1.000000	1.000000	0.000000	0.000000	True	1006475	574675
introduction_to_bea_tuxedo.ppt	GROUPSCALE	1.000000	1.000000	0.000000	0.000000	True	1006475	574675
introduction_to_bea_tuxedo.ppt	GROUPSCALE	1.000000	1.000000	0.000000	0.000000	True	1006475	574675
introduction_to_bea_tuxedo.ppt	GROUPSCALE	1.000000	1.000000	0.000000	0.000000	True	1006475	574675
introduction_to_bea_tuxedo.ppt	GROUPSCALE	1.000000	1.000000	0.000000	0.000000	True	7772400	1143000
introduction_to_bea_tuxedo.ppt	GROUPSCALE	1.000000	1.000000	0.000000	0.000000	True	3525837	381000
introduction_to_bea_tuxedo.ppt	GROUPSCALE	1.000000	1.000000	0.000000	0.000000	True	3024187	381000
introduction_to_bea_tuxedo.ppt	GROUPSCALE	1.000000	1.000000	0.000000	0.000000	True	1006475	381000
introduction_to_bea_tuxedo.ppt	GROUPSCALE	1.000000	1.000000	0.000000	0.000000	True	1616075	2403475
introduction_to_bea_tuxedo.ppt	GROUPSCALE	1.182965	1.000000	0.000000	0.000000	True	1006475	574675
introduction_to_bea_tuxedo.ppt	GROUPSCALE	1.182965	1.000000	0.000000	0.000000	True	1006475	574675
introduction_to_bea_tuxedo.ppt	GROUPSCALE	1.182965	1.000000	0.000000	0.000000	True	1006475	574675
introduction_to_bea_tuxedo.ppt	GROUPSCALE	1.182965	1.000000	0.000000	0.000000	True	1006475	574675
introduction_to_bea_tuxedo.ppt	GROUPSCALE	1.000000	1.000000	0.000000	0.000000	True	1447800	336550
introduction_to_bea_tuxedo.ppt	GROUPSCALE	1.000000	1.000000	0.000000	0.000000	True	1447800	336550
introduction_to_bea_tuxedo.ppt	GROUPSCALE	1.000000	1.000000	0.000000	0.000000	True	457200	2403475
introduction_to_bea_tuxedo.ppt	GROUPSCALE	1.000000	1.000000	0.000000	0.000000	True	457200	2403475
introduction_to_bea_tuxedo.ppt	GROUPSCALE	1.000000	1.000000	0.000000	0.000000	True	7772400	1143000
introduction_to_bea_tuxedo.ppt	GROUPSCALE	1.000000	1.000000	0.000000	0.000000	True	7772400	5105400
introduction_to_bea_tuxedo.ppt	GROUPSCALE	1.000000	1.000000	0.000000	0.000000	True	3525837	381000
introduction_to_bea_tuxedo.ppt	GROUPSCALE	1.000000	1.000000	0.000000	0.000000	True	3024187	381000
introduction_to_bea_tuxedo.ppt	GROUPSCALE	1.000000	1.000000	0.000000	0.000000	True	1006475	381000
introduction_to_bea_tuxedo.ppt	GROUPSCALE	1.000000	1.000000	0.000000	0.000000	True	1616075	2403475
introduction_to_bea_tuxedo.ppt	GROUPSCALE	1.182965	1.000000	0.000000	0.000000	True	1006475	574675
introduction_to_bea_tuxedo.ppt	GROUPSCALE	1.182965	1.000000	0.000000	0.000000	True	1006475	574675
introduction_to_bea_tuxedo.ppt	GROUPSCALE	1.182965	1.000000	0.000000	0.000000	True	1006475	574675
introduction_to_bea_tuxedo.ppt	GROUPSCALE	1.182965	1.000000	0.000000	0.000000	True	1006475	574675
introduction_to_bea_tuxedo.ppt	GROUPSCALE	1.000000	1.000000	0.000000	0.000000	True	1447800	336550
introduction_to_bea_tuxedo.ppt	GROUPSCALE	1.000000	1.000000	0.000000	0.000000	True	1447800	336550
introduction_to_bea_tuxedo.ppt	GROUPSCALE	1.000000	1.000000	0.000000	0.000000	True	457200	2403475
introduction_to_bea_tuxedo.ppt	GROUPSCALE	1.000000	1.000000	0.000000	0.000000	True	457200	2403475
introduction_to_bea_tuxedo.ppt	GROUPSCALE	1.000000	1.000000	0.000000	0.000000	True	7772400	1143000
introduction_to_bea_tuxedo.ppt	GROUPSCALE	1.000000	1.000000	0.000000	0.000000	True	7772400	5105400
introduction_to_bea_tuxedo.ppt	GROUPSCALE	1.000000	1.000000	0.000000	0.000000	True	3525837	381000
introduction_to_bea_tuxedo.ppt	GROUPSCALE	1.000000	1.000000	0.000000	0.000000	True	3024187	381000
introduction_to_bea_tuxedo.ppt	GROUPSCALE	1.000000	1.000000	0.000000	0.000000	True	1006475	381000
introduction_to_bea_tuxedo.ppt	GROUPSCALE	1.000000	1.000000	0.000000	0.000000	True	7772400	1143000
introduction_to_bea_tuxedo.ppt	GROUPSCALE	1.000000	1.000000	0.000000	0.000000	True	7772400	5105400
introduction_to_bea_tuxedo.ppt	GROUPSCALE	1.000000	1.000000	0.000000	0.000000	True	3525837	381000
introduction_to_bea_tuxedo.ppt	GROUPSCALE	1.000000	1.000000	0.000000	0.000000	True	3024187	381000
introduction_to_bea_tuxedo.ppt	GROUPSCALE	1.000000	1.000000	0.000000	0.000000	True	1006475	381000
introduction_to_bea_tuxedo.ppt	GROUPSCALE	1.000000	1.000000	0.000000	0.000000	True	7772400	1143000
introduction_to_bea_tuxedo.ppt	GROUPSCALE	1.000000	1.000000	0.000000	0.000000	True	7772400	2476500
introduction_to_bea_tuxedo.ppt	GROUPSCALE	1.000000	1.000000	0.000000	0.000000	True	1676400	838200
introduction_to_bea_tuxedo.ppt	GROUPSCALE	1.000000	1.000000	0.000000	0.000000	True	1295400	1600200
introduction_to_bea_tuxedo.ppt	GROUPSCALE	1.000000	1.000000	0.000000	0.000000	True	1676400	838200
introduction_to_bea_tuxedo.ppt	GROUPSCALE	1.000000	1.000000	0.000000	0.000000	True	1371600	581025
introduction_to_bea_tuxedo.ppt	GROUPSCALE	1.000000	1.000000	0.000000	0.000000	True	1371600	581025
introduction_to_bea_tuxedo.ppt	GROUPSCALE	1.000000	1.000000	0.000000	0.000000	True	914400	457200
introduction_to_bea_tuxedo.ppt	GROUPSCALE	1.000000	1.000000	0.000000	0.000000	True	1295400	822325
introduction_to_bea_tuxedo.ppt	GROUPSCALE	1.000000	1.000000	0.000000	0.000000	True	1143000	822325
introduction_to_bea_tuxedo.ppt	GROUPSCALE	1.000000	1.000000	0.000000	0.000000	True	3525837	381000
introduction_to_bea_tuxedo.ppt	GROUPSCALE	1.000000	1.000000	0.000000	0.000000	True	3024187	381000
introduction_to_bea_tuxedo.ppt	GROUPSCALE	1.000000	1.000000	0.000000	0.000000	True	1006475	381000
introduction_to_bea_tuxedo.ppt	GROUPSCALE	1.000000	1.000000	0.000000	0.000000	True	7772400	1143000
introduction_to_bea_tuxedo.ppt	GROUPSCALE	1.000000	1.000000	0.000000	0.000000	True	7772400	5105400
introduction_to_bea_tuxedo.ppt	GROUPSCALE	1.000000	1.000000	0.000000	0.000000	True	3525837	381000
introduction_to_bea_tuxedo.ppt	GROUPSCALE	1.000000	1.000000	0.000000	0.000000	True	3024187	381000
introduction_to_bea_tuxedo.ppt	GROUPSCALE	1.000000	1.000000	0.000000	0.000000	True	1006475	381000
introduction_to_bea_tuxedo.ppt	GROUPSCALE	1.000000	1.000000	0.000000	0.000000	True	7772400	1143000
introduction_to_bea_tuxedo.ppt	GROUPSCALE	1.000000	1.000000	0.000000	0.000000	True	7772400	5105400
introduction_to_bea_tuxedo.ppt	GROUPSCALE	1.000000	1.000000	0.000000	0.000000	True	3525837	381000
introduction_to_bea_tuxedo.ppt	GROUPSCALE	1.000000	1.000000	0.000000	0.000000	True	3024187	381000
introduction_to_bea_tuxedo.ppt	GROUPSCALE	1.000000	1.000000	0.000000	0.000000	True	1006475	381000
introduction_to_bea_tuxedo.ppt	GROUPSCALE	1.000000	1.000000	0.000000	0.000000	True	7772400	1143000
introduction_to_bea_tuxedo.ppt	GROUPSCALE	1.000000	1.000000	0.000000	0.000000	True	7772400	5105400
introduction_to_bea_tuxedo.ppt	GROUPSCALE	1.000000	1.000000	0.000000	0.000000	True	3525837	381000
introduction_to_bea_tuxedo.ppt	GROUPSCALE	1.000000	1.000000	0.000000	0.000000	True	3024187	381000
introduction_to_bea_tuxedo.ppt	GROUPSCALE	1.000000	1.000000	0.000000	0.000000	True	1006475	381000
introduction_to_bea_tuxedo.ppt	GROUPSCALE	1.000000	1.000000	0.000000	0.000000	True	7772400	1143000
introduction_to_bea_tuxedo.ppt	GROUPSCALE	1.000000	1.000000	0.000000	0.000000	True	7772400	5105400
introduction_to_bea_tuxedo.ppt	GROUPSCALE	1.000000	1.000000	0.000000	0.000000	True	3525837	381000
introduction_to_bea_tuxedo.ppt	GROUPSCALE	1.000000	1.000000	0.000000	0.000000	True	3024187	381000
introduction_to_bea_tuxedo.ppt	GROUPSCALE	1.000000	1.000000	0.000000	0.000000	True	1006475	381000
introduction_to_bea_tuxedo.ppt	GROUPSCALE	1.000000	1.000000	0.000000	0.000000	True	7772400	1143000
introduction_to_bea_tuxedo.ppt	GROUPSCALE	1.000000	1.000000	0.000000	0.000000	True	7772400	5105400
introduction_to_bea_tuxedo.ppt	GROUPSCALE	1.000000	1.000000	0.000000	0.000000	True	3525837	381000
introduction_to_bea_tuxedo.ppt	GROUPSCALE	1.000000	1.000000	0.000000	0.000000	True	3024187	381000
introduction_to_bea_tuxedo.ppt	GROUPSCALE	1.000000	1.000000	0.000000	0.000000	True	1006475	381000
introduction_to_bea_tuxedo.ppt	GROUPSCALE	1.000000	1.000000	0.000000	0.000000	True	7772400	1143000
introduction_to_bea_tuxedo.ppt	GROUPSCALE	1.000000	1.000000	0.000000	0.000000	True	7772400	5105400
introduction_to_bea_tuxedo.ppt	GROUPSCALE	1.000000	1.000000	0.000000	0.000000	True	3525837	381000
introduction_to_bea_tuxedo.ppt	GROUPSCALE	1.000000	1.000000	0.000000	0.000000	True	3024187	381000
introduction_to_bea_tuxedo.ppt	GROUPSCALE	1.000000	1.000000	0.000000	0.000000	True	1006475	381000
introduction_to_bea_tuxedo.ppt	GROUPSCALE	1.000000	1.000000	0.000000	0.000000	True	7772400	1143000
introduction_to_bea_tuxedo.ppt	GROUPSCALE	1.000000	1.000000	0.000000	0.000000	True	7772400	5105400
introduction_to_bea_tuxedo.ppt	GROUPSCALE	1.000000	1.000000	0.000000	0.000000	True	3525837	381000
introduction_to_bea_tuxedo.ppt	GROUPSCALE	1.000000	1.000000	0.000000	0.000000	True	3024187	381000
introduction_to_bea_tuxedo.ppt	GROUPSCALE	1.000000	1.000000	0.000000	0.000000	True	1006475	381000
introduction_to_bea_tuxedo.ppt	GROUPSCALE	1.000000	1.000000	0.000000	0.000000	True	7772400	1143000
introduction_to_bea_tuxedo.ppt	GROUPSCALE	1.000000	1.000000	0.000000	0.000000	True	7772400	5105400
introduction_to_bea_tuxedo.ppt	GROUPSCALE	1.000000	1.000000	0.000000	0.000000	True	3525837	381000
introduction_to_bea_tuxedo.ppt	GROUPSCALE	1.000000	1.000000	0.000000	0.000000	True	3024187	381000
introduction_to_bea_tuxedo.ppt	GROUPSCALE	1.000000	1.000000	0.000000	0.000000	True	1006475	381000
introduction_to_bea_tuxedo.ppt	GROUPSCALE	1.000000	1.000000	0.000000	0.000000	True	7772400	1143000
introduction_to_bea_tuxedo.ppt	GROUPSCALE	1.000000	1.000000	0.000000	0.000000	True	7772400	5105400
introduction_to_bea_tuxedo.ppt	GROUPSCALE	1.000000	1.000000	0.000000	0.000000	True	3525837	381000
introduction_to_bea_tuxedo.ppt	GROUPSCALE	1.000000	1.000000	0.000000	0.000000	True	3024187	381000
introduction_to_bea_tuxedo.ppt	GROUPSCALE	1.000000	1.000000	0.000000	0.000000	True	1006475	381000
introduction_to_bea_tuxedo.ppt	GROUPSCALE	1.000000	1.000000	0.000000	0.000000	True	7772400	1143000
introduction_to_bea_tuxedo.ppt	GROUPSCALE	1.000000	1.000000	0.000000	0.000000	True	7772400	5105400
introduction_to_bea_tuxedo.ppt	GROUPSCALE	1.000000	1.000000	0.000000	0.000000	True	1066800	1295400
introduction_to_bea_tuxedo.ppt	GROUPSCALE	1.000000	1.000000	0.000000	0.000000	True	3525837	381000
introduction_to_bea_tuxedo.ppt	GROUPSCALE	1.000000	1.000000	0.000000	0.000000	True	3024187	381000
introduction_to_bea_tuxedo.ppt	GROUPSCALE	1.000000	1.000000	0.000000	0.000000	True	1006475	381000
introduction_to_bea_tuxedo.ppt	GROUPSCALE	1.000000	1.000000	0.000000	0.000000	True	7772400	1143000
introduction_to_bea_tuxedo.ppt	GROUPSCALE	1.000000	1.000000	0.000000	0.000000	True	7772400	5105400
introduction_to_bea_tuxedo.ppt	GROUPSCALE	1.000000	1.000000	0.000000	0.000000	True	685800	304800
introduction_to_bea_tuxedo.ppt	GROUPSCALE	1.000000	1.000000	0.000000	0.000000	True	914400	1219200
introduction_to_bea_tuxedo.ppt	GROUPSCALE	1.000000	1.000000	0.000000	0.000000	True	1143000	838200
introduction_to_bea_tuxedo.ppt	GROUPSCALE	1.000000	1.000000	0.000000	0.000000	True	3525837	381000
introduction_to_bea_tuxedo.ppt	GROUPSCALE	1.000000	1.000000	0.000000	0.000000	True	3024187	381000
introduction_to_bea_tuxedo.ppt	GROUPSCALE	1.000000	1.000000	0.000000	0.000000	True	1006475	381000
introduction_to_bea_tuxedo.ppt	GROUPSCALE	1.000000	1.000000	0.000000	0.000000	True	7772400	1143000
introduction_to_bea_tuxedo.ppt	GROUPSCALE	1.000000	1.000000	0.000000	0.000000	True	7772400	5105400
introduction_to_bea_tuxedo.ppt	GROUPSCALE	1.000000	1.000000	0.000000	0.000000	True	685800	304800
introduction_to_bea_tuxedo.ppt	GROUPSCALE	1.000000	1.000000	0.000000	0.000000	True	685800	304800
introduction_to_bea_tuxedo.ppt	GROUPSCALE	1.000000	1.000000	0.000000	0.000000	True	685800	304800
introduction_to_bea_tuxedo.ppt	GROUPSCALE	1.000000	1.000000	0.000000	0.000000	True	914400	1219200
introduction_to_bea_tuxedo.ppt	GROUPSCALE	1.000000	1.000000	0.000000	0.000000	True	228600	274637
introduction_to_bea_tuxedo.ppt	GROUPSCALE	1.000000	1.000000	0.000000	0.000000	True	228600	274637
introduction_to_bea_tuxedo.ppt	GROUPSCALE	1.000000	1.000000	0.000000	0.000000	True	228600	274637
introduction_to_bea_tuxedo.ppt	GROUPSCALE	1.000000	1.000000	0.000000	0.000000	True	3525837	381000
introduction_to_bea_tuxedo.ppt	GROUPSCALE	1.000000	1.000000	0.000000	0.000000	True	3024187	381000
introduction_to_bea_tuxedo.ppt	GROUPSCALE	1.000000	1.000000	0.000000	0.000000	True	1006475	381000
introduction_to_bea_tuxedo.ppt	GROUPSCALE	1.000000	1.000000	0.000000	0.000000	True	1524000	381000
introduction_to_bea_tuxedo.ppt	GROUPSCALE	1.000000	1.000000	0.000000	0.000000	True	1066800	1295400
introduction_to_bea_tuxedo.ppt	GROUPSCALE	1.000000	1.000000	0.000000	0.000000	True	685800	304800
introduction_to_bea_tuxedo.ppt	GROUPSCALE	1.000000	1.000000	0.000000	0.000000	True	685800	304800
introduction_to_bea_tuxedo.ppt	GROUPSCALE	1.000000	1.000000	0.000000	0.000000	True	685800	304800
introduction_to_bea_tuxedo.ppt	GROUPSCALE	1.000000	1.000000	0.000000	0.000000	True	914400	1066800
introduction_to_bea_tuxedo.ppt	GROUPSCALE	1.000000	1.000000	0.000000	0.000000	True	1066800	304800
introduction_to_bea_tuxedo.ppt	GROUPSCALE	1.000000	1.000000	0.000000	0.000000	True	1066800	304800
introduction_to_bea_tuxedo.ppt	GROUPSCALE	1.000000	1.000000	0.000000	0.000000	True	7772400	1143000
introduction_to_bea_tuxedo.ppt	GROUPSCALE	1.000000	1.000000	0.000000	0.000000	True	7772400	5105400
introduction_to_bea_tuxedo.ppt	GROUPSCALE	1.000000	1.000000	0.000000	0.000000	True	304800	274637
introduction_to_bea_tuxedo.ppt	GROUPSCALE	1.000000	1.000000	0.000000	0.000000	True	304800	274637
introduction_to_bea_tuxedo.ppt	GROUPSCALE	1.000000	1.000000	0.000000	0.000000	True	304800	274637
introduction_to_bea_tuxedo.ppt	GROUPSCALE	1.000000	1.000000	0.000000	0.000000	True	304800	274637
introduction_to_bea_tuxedo.ppt	GROUPSCALE	1.000000	1.000000	0.000000	0.000000	True	304800	274637
introduction_to_bea_tuxedo.ppt	GROUPSCALE	1.000000	1.000000	0.000000	0.000000	True	304800	274637
introduction_to_bea_tuxedo.ppt	GROUPSCALE	1.000000	1.000000	0.000000	0.000000	True	304800	274637
introduction_to_bea_tuxedo.ppt	GROUPSCALE	1.000000	1.000000	0.000000	0.000000	True	304800	274637
introduction_to_bea_tuxedo.ppt	GROUPSCALE	1.000000	1.000000	0.000000	0.000000	True	1143000	609600
introduction_to_bea_tuxedo.ppt	GROUPSCALE	1.000000	1.000000	0.000000	0.000000	True	990600	381000
introduction_to_bea_tuxedo.ppt	GROUPSCALE	1.000000	1.000000	0.000000	0.000000	True	3525837	381000
introduction_to_bea_tuxedo.ppt	GROUPSCALE	1.000000	1.000000	0.000000	0.000000	True	3024187	381000
introduction_to_bea_tuxedo.ppt	GROUPSCALE	1.000000	1.000000	0.000000	0.000000	True	1006475	381000
introduction_to_bea_tuxedo.ppt	GROUPSCALE	1.000000	1.000000	0.000000	0.000000	True	1524000	381000
introduction_to_bea_tuxedo.ppt	GROUPSCALE	1.000000	1.000000	0.000000	0.000000	True	1066800	1295400
introduction_to_bea_tuxedo.ppt	GROUPSCALE	1.000000	1.000000	0.000000	0.000000	True	685800	304800
introduction_to_bea_tuxedo.ppt	GROUPSCALE	1.000000	1.000000	0.000000	0.000000	True	685800	304800
introduction_to_bea_tuxedo.ppt	GROUPSCALE	1.000000	1.000000	0.000000	0.000000	True	1066800	304800
introduction_to_bea_tuxedo.ppt	GROUPSCALE	1.000000	1.000000	0.000000	0.000000	True	1066800	304800
introduction_to_bea_tuxedo.ppt	GROUPSCALE	1.000000	1.000000	0.000000	0.000000	True	7772400	1143000
introduction_to_bea_tuxedo.ppt	GROUPSCALE	1.000000	1.000000	0.000000	0.000000	True	7772400	5105400
introduction_to_bea_tuxedo.ppt	GROUPSCALE	1.000000	1.000000	0.000000	0.000000	True	685800	304800
introduction_to_bea_tuxedo.ppt	GROUPSCALE	1.000000	1.000000	0.000000	0.000000	True	914400	1066800
introduction_to_bea_tuxedo.ppt	GROUPSCALE	1.000000	1.000000	0.000000	0.000000	True	304800	274637
introduction_to_bea_tuxedo.ppt	GROUPSCALE	1.000000	1.000000	0.000000	0.000000	True	1066800	304800
introduction_to_bea_tuxedo.ppt	GROUPSCALE	1.000000	1.000000	0.000000	0.000000	True	304800	274637
introduction_to_bea_tuxedo.ppt	GROUPSCALE	1.000000	1.000000	0.000000	0.000000	True	1143000	609600
introduction_to_bea_tuxedo.ppt	GROUPSCALE	1.000000	1.000000	0.000000	0.000000	True	304800	274637
introduction_to_bea_tuxedo.ppt	GROUPSCALE	1.000000	1.000000	0.000000	0.000000	True	1066800	304800
introduction_to_bea_tuxedo.ppt	GROUPSCALE	1.000000	1.000000	0.000000	0.000000	True	304800	274637
introduction_to_bea_tuxedo.ppt	GROUPSCALE	1.000000	1.000000	0.000000	0.000000	True	304800	274637
introduction_to_bea_tuxedo.ppt	GROUPSCALE	1.000000	1.000000	0.000000	0.000000	True	304800	274637
introduction_to_bea_tuxedo.ppt	GROUPSCALE	1.000000	1.000000	0.000000	0.000000	True	304800	274637
introduction_to_bea_tuxedo.ppt	GROUPSCALE	1.000000	1.000000	0.000000	0.000000	True	304800	274637
introduction_to_bea_tuxedo.ppt	GROUPSCALE	1.000000	1.000000	0.000000	0.000000	True	304800	274637
introduction_to_bea_tuxedo.ppt	GROUPSCALE	1.000000	1.000000	0.000000	0.000000	True	381000	274637
introduction_to_bea_tuxedo.ppt	GROUPSCALE	1.000000	1.000000	0.000000	0.000000	True	381000	274637
introduction_to_bea_tuxedo.ppt	GROUPSCALE	1.000000	1.000000	0.000000	0.000000	True	381000	274637
introduction_to_bea_tuxedo.ppt	GROUPSCALE	1.000000	1.000000	0.000000	0.000000	True	990600	381000
introduction_to_bea_tuxedo.ppt	GROUPSCALE	1.000000	1.000000	0.000000	0.000000	True	381000	274637
introduction_to_bea_tuxedo.ppt	GROUPSCALE	1.000000	1.000000	0.000000	0.000000	True	3525837	381000
introduction_to_bea_tuxedo.ppt	GROUPSCALE	1.000000	1.000000	0.000000	0.000000	True	3024187	381000
introduction_to_bea_tuxedo.ppt	GROUPSCALE	1.000000	1.000000	0.000000	0.000000	True	1006475	381000
introduction_to_bea_tuxedo.ppt	GROUPSCALE	1.000000	1.000000	0.000000	0.000000	True	7772400	1143000
introduction_to_bea_tuxedo.ppt	GROUPSCALE	1.000000	1.000000	0.000000	0.000000	True	7772400	5105400
introduction_to_bea_tuxedo.ppt	GROUPSCALE	1.000000	1.000000	0.000000	0.000000	True	3525837	381000
introduction_to_bea_tuxedo.ppt	GROUPSCALE	1.000000	1.000000	0.000000	0.000000	True	3024187	381000
introduction_to_bea_tuxedo.ppt	GROUPSCALE	1.000000	1.000000	0.000000	0.000000	True	1006475	381000
introduction_to_bea_tuxedo.ppt	GROUPSCALE	1.000000	1.000000	0.000000	0.000000	True	7772400	1143000
introduction_to_bea_tuxedo.ppt	GROUPSCALE	1.000000	1.000000	0.000000	0.000000	True	7772400	5105400
introduction_to_bea_tuxedo.ppt	GROUPSCALE	1.000000	1.000000	0.000000	0.000000	True	3525837	381000
introduction_to_bea_tuxedo.ppt	GROUPSCALE	1.000000	1.000000	0.000000	0.000000	True	3024187	381000
introduction_to_bea_tuxedo.ppt	GROUPSCALE	1.000000	1.000000	0.000000	0.000000	True	1006475	381000
introduction_to_bea_tuxedo.ppt	GROUPSCALE	1.000000	1.000000	0.000000	0.000000	True	1066800	304800
introduction_to_bea_tuxedo.ppt	GROUPSCALE	1.000000	1.000000	0.000000	0.000000	True	1524000	381000
introduction_to_bea_tuxedo.ppt	GROUPSCALE	1.000000	1.000000	0.000000	0.000000	True	1066800	304800
introduction_to_bea_tuxedo.ppt	GROUPSCALE	1.000000	1.000000	0.000000	0.000000	True	1066800	304800
introduction_to_bea_tuxedo.ppt	GROUPSCALE	1.000000	1.000000	0.000000	0.000000	True	1066800	304800
introduction_to_bea_tuxedo.ppt	GROUPSCALE	1.000000	1.000000	0.000000	0.000000	True	838200	304800
introduction_to_bea_tuxedo.ppt	GROUPSCALE	1.000000	1.000000	0.000000	0.000000	True	838200	304800
introduction_to_bea_tuxedo.ppt	GROUPSCALE	1.000000	1.000000	0.000000	0.000000	True	1524000	381000
introduction_to_bea_tuxedo.ppt	GROUPSCALE	1.000000	1.000000	0.000000	0.000000	True	1524000	381000
introduction_to_bea_tuxedo.ppt	GROUPSCALE	1.000000	1.000000	0.000000	0.000000	True	1066800	1295400
introduction_to_bea_tuxedo.ppt	GROUPSCALE	1.000000	1.000000	0.000000	0.000000	True	838200	304800
introduction_to_bea_tuxedo.ppt	GROUPSCALE	1.000000	1.000000	0.000000	0.000000	True	838200	304800
introduction_to_bea_tuxedo.ppt	GROUPSCALE	1.000000	1.000000	0.000000	0.000000	True	990600	381000
introduction_to_bea_tuxedo.ppt	GROUPSCALE	1.000000	1.000000	0.000000	0.000000	True	990600	1143000
introduction_to_bea_tuxedo.ppt	GROUPSCALE	1.000000	1.000000	0.000000	0.000000	True	1524000	381000
introduction_to_bea_tuxedo.ppt	GROUPSCALE	1.000000	1.000000	0.000000	0.000000	True	1066800	304800
introduction_to_bea_tuxedo.ppt	GROUPSCALE	1.000000	1.000000	0.000000	0.000000	True	1066800	304800
introduction_to_bea_tuxedo.ppt	GROUPSCALE	1.000000	1.000000	0.000000	0.000000	True	1524000	381000
introduction_to_bea_tuxedo.ppt	GROUPSCALE	1.000000	1.000000	0.000000	0.000000	True	1524000	381000
introduction_to_bea_tuxedo.ppt	GROUPSCALE	1.000000	1.000000	0.000000	0.000000	True	1066800	304800
introduction_to_bea_tuxedo.ppt	GROUPSCALE	1.000000	1.000000	0.000000	0.000000	True	1066800	304800
introduction_to_bea_tuxedo.ppt	GROUPSCALE	1.000000	1.000000	0.000000	0.000000	True	1066800	304800
introduction_to_bea_tuxedo.ppt	GROUPSCALE	1.000000	1.000000	0.000000	0.000000	True	1066800	304800
introduction_to_bea_tuxedo.ppt	GROUPSCALE	1.000000	1.000000	0.000000	0.000000	True	1066800	304800
introduction_to_bea_tuxedo.ppt	GROUPSCALE	1.000000	1.000000	0.000000	0.000000	True	1066800	304800
introduction_to_bea_tuxedo.ppt	GROUPSCALE	1.000000	1.000000	0.000000	0.000000	True	1066800	304800
introduction_to_bea_tuxedo.ppt	GROUPSCALE	1.000000	1.000000	0.000000	0.000000	True	914400	609600
introduction_to_bea_tuxedo.ppt	GROUPSCALE	1.000000	1.000000	0.000000	0.000000	True	304800	274637
introduction_to_bea_tuxedo.ppt	GROUPSCALE	1.000000	1.000000	0.000000	0.000000	True	228600	274637
introduction_to_bea_tuxedo.ppt	GROUPSCALE	1.000000	1.000000	0.000000	0.000000	True	304800	274637
introduction_to_bea_tuxedo.ppt	GROUPSCALE	1.000000	1.000000	0.000000	0.000000	True	228600	274637
introduction_to_bea_tuxedo.ppt	GROUPSCALE	1.000000	1.000000	0.000000	0.000000	True	304800	274637
introduction_to_bea_tuxedo.ppt	GROUPSCALE	1.000000	1.000000	0.000000	0.000000	True	304800	274637
introduction_to_bea_tuxedo.ppt	GROUPSCALE	1.000000	1.000000	0.000000	0.000000	True	228600	274637
introduction_to_bea_tuxedo.ppt	GROUPSCALE	1.000000	1.000000	0.000000	0.000000	True	304800	274637
introduction_to_bea_tuxedo.ppt	GROUPSCALE	1.000000	1.000000	0.000000	0.000000	True	990600	381000
introduction_to_bea_tuxedo.ppt	GROUPSCALE	1.000000	1.000000	0.000000	0.000000	True	838200	304800
introduction_to_bea_tuxedo.ppt	GROUPSCALE	1.000000	1.000000	0.000000	0.000000	True	838200	304800
introduction_to_bea_tuxedo.ppt	GROUPSCALE	1.000000	1.000000	0.000000	0.000000	True	1066800	304800
introduction_to_bea_tuxedo.ppt	GROUPSCALE	1.000000	1.000000	0.000000	0.000000	True	1066800	304800
introduction_to_bea_tuxedo.ppt	GROUPSCALE	1.000000	1.000000	0.000000	0.000000	True	1066800	304800
introduction_to_bea_tuxedo.ppt	GROUPSCALE	1.000000	1.000000	0.000000	0.000000	True	914400	609600
introduction_to_bea_tuxedo.ppt	GROUPSCALE	1.000000	1.000000	0.000000	0.000000	True	1066800	304800
introduction_to_bea_tuxedo.ppt	GROUPSCALE	1.000000	1.000000	0.000000	0.000000	True	1066800	304800
introduction_to_bea_tuxedo.ppt	GROUPSCALE	1.000000	1.000000	0.000000	0.000000	True	1143000	609600
introduction_to_bea_tuxedo.ppt	GROUPSCALE	1.000000	1.000000	0.000000	0.000000	True	304800	274637
introduction_to_bea_tuxedo.ppt	GROUPSCALE	1.000000	1.000000	0.000000	0.000000	True	381000	274637
introduction_to_bea_tuxedo.ppt	GROUPSCALE	1.000000	1.000000	0.000000	0.000000	True	381000	274637
introduction_to_bea_tuxedo.ppt	GROUPSCALE	1.000000	1.000000	0.000000	0.000000	True	381000	274637
introduction_to_bea_tuxedo.ppt	GROUPSCALE	1.000000	1.000000	0.000000	0.000000	True	381000	274637
introduction_to_bea_tuxedo.ppt	GROUPSCALE	1.000000	1.000000	0.000000	0.000000	True	1143000	609600
introduction_to_bea_tuxedo.ppt	GROUPSCALE	1.000000	1.000000	0.000000	0.000000	True	1066800	304800
introduction_to_bea_tuxedo.ppt	GROUPSCALE	1.000000	1.000000	0.000000	0.000000	True	990600	381000
introduction_to_bea_tuxedo.ppt	GROUPSCALE	1.000000	1.000000	0.000000	0.000000	True	3525837	381000
introduction_to_bea_tuxedo.ppt	GROUPSCALE	1.000000	1.000000	0.000000	0.000000	True	3024187	381000
introduction_to_bea_tuxedo.ppt	GROUPSCALE	1.000000	1.000000	0.000000	0.000000	True	1006475	381000
introduction_to_bea_tuxedo.ppt	GROUPSCALE	1.000000	1.000000	0.000000	0.000000	True	7772400	1143000
introduction_to_bea_tuxedo.ppt	GROUPSCALE	1.000000	1.000000	0.000000	0.000000	True	7772400	5105400
introduction_to_bea_tuxedo.ppt	GROUPSCALE	1.000000	1.000000	0.000000	0.000000	True	3525837	381000
introduction_to_bea_tuxedo.ppt	GROUPSCALE	1.000000	1.000000	0.000000	0.000000	True	3024187	381000
introduction_to_bea_tuxedo.ppt	GROUPSCALE	1.000000	1.000000	0.000000	0.000000	True	1006475	381000
introduction_to_bea_tuxedo.ppt	GROUPSCALE	1.000000	1.000000	0.000000	0.000000	True	7772400	1143000
introduction_to_bea_tuxedo.ppt	GROUPSCALE	1.000000	1.000000	0.000000	0.000000	True	7772400	2476500
introduction_to_bea_tuxedo.ppt	GROUPSCALE	1.000000	1.000000	0.000000	0.000000	True	7772400	2476500
introduction_to_bea_tuxedo.ppt	GROUPSCALE	1.000000	1.000000	0.000000	0.000000	True	3525837	381000
introduction_to_bea_tuxedo.ppt	GROUPSCALE	1.000000	1.000000	0.000000	0.000000	True	3024187	381000
introduction_to_bea_tuxedo.ppt	GROUPSCALE	1.000000	1.000000	0.000000	0.000000	True	1006475	381000
introduction_to_bea_tuxedo.ppt	GROUPSCALE	1.000000	1.000000	0.000000	0.000000	True	2297048	1306448
introduction_to_bea_tuxedo.ppt	GROUPSCALE	1.000000	1.000000	0.000000	0.000000	True	4764985	3850585
introduction_to_bea_tuxedo.ppt	GROUPSCALE	1.000000	1.000000	0.000000	0.000000	True	4724400	3505200
introduction_to_bea_tuxedo.ppt	GROUPSCALE	1.000000	1.000000	0.000000	0.000000	True	685800	304800
introduction_to_bea_tuxedo.ppt	GROUPSCALE	1.000000	1.000000	0.000000	0.000000	True	685800	304800
introduction_to_bea_tuxedo.ppt	GROUPSCALE	1.000000	1.000000	0.000000	0.000000	True	4419600	3124200
introduction_to_bea_tuxedo.ppt	GROUPSCALE	1.000000	1.000000	0.000000	0.000000	True	4114800	2743200
introduction_to_bea_tuxedo.ppt	GROUPSCALE	1.000000	1.000000	0.000000	0.000000	True	685800	304800
introduction_to_bea_tuxedo.ppt	GROUPSCALE	1.000000	1.000000	0.000000	0.000000	True	685800	304800
introduction_to_bea_tuxedo.ppt	GROUPSCALE	1.000000	1.000000	0.000000	0.000000	True	1981200	1219200
introduction_to_bea_tuxedo.ppt	GROUPSCALE	1.000000	1.000000	0.000000	0.000000	True	990600	533400
introduction_to_bea_tuxedo.ppt	GROUPSCALE	1.000000	1.000000	0.000000	0.000000	True	2362200	1600200
introduction_to_bea_tuxedo.ppt	GROUPSCALE	1.000000	1.000000	0.000000	0.000000	True	990600	533400
introduction_to_bea_tuxedo.ppt	GROUPSCALE	1.000000	1.000000	0.000000	0.000000	True	990600	533400
introduction_to_bea_tuxedo.ppt	GROUPSCALE	1.000000	1.000000	0.000000	0.000000	True	990600	533400
introduction_to_bea_tuxedo.ppt	GROUPSCALE	1.000000	1.000000	0.000000	0.000000	True	990600	533400
introduction_to_bea_tuxedo.ppt	GROUPSCALE	1.000000	1.000000	0.000000	0.000000	True	7772400	1143000
introduction_to_bea_tuxedo.ppt	GROUPSCALE	1.000000	1.000000	0.000000	0.000000	True	228600	228600
introduction_to_bea_tuxedo.ppt	GROUPSCALE	1.000000	1.000000	0.000000	0.000000	True	990600	381000
introduction_to_bea_tuxedo.ppt	GROUPSCALE	1.000000	1.000000	0.000000	0.000000	True	3525837	381000
introduction_to_bea_tuxedo.ppt	GROUPSCALE	1.000000	1.000000	0.000000	0.000000	True	3024187	381000
introduction_to_bea_tuxedo.ppt	GROUPSCALE	1.000000	1.000000	0.000000	0.000000	True	1006475	381000
introduction_to_bea_tuxedo.ppt	GROUPSCALE	1.000000	1.000000	0.000000	0.000000	True	7772400	1143000
introduction_to_bea_tuxedo.ppt	GROUPSCALE	1.000000	1.000000	0.000000	0.000000	True	6550025	5105400
introduction_to_bea_tuxedo.ppt	GROUPSCALE	-1.000000	-1.000000	0.000000	-0.000000	False	1028700	2476500
introduction_to_bea_tuxedo.ppt	GROUPSCALE	-1.000000	-1.000000	0.000000	-0.000000	False	723900	1790700
introduction_to_bea_tuxedo.ppt	GROUPSCALE	-1.000000	-1.000000	0.000000	-0.000000	False	495300	1143000
introduction_to_bea_tuxedo.ppt	GROUPSCALE	-1.000000	-1.000000	0.000000	-0.000000	False	342900	762000
introduction_to_bea_tuxedo.ppt	GROUPSCALE	-1.000000	-1.000000	0.000000	-0.000000	False	190500	381000
introduction_to_bea_tuxedo.ppt	GROUPSCALE	1.000000	1.000000	0.000000	0.000000	True	3525837	381000
introduction_to_bea_tuxedo.ppt	GROUPSCALE	1.000000	1.000000	0.000000	0.000000	True	3024187	381000
introduction_to_bea_tuxedo.ppt	GROUPSCALE	1.000000	1.000000	0.000000	0.000000	True	1006475	381000
introduction_to_bea_tuxedo.ppt	GROUPSCALE	1.000000	1.000000	0.000000	0.000000	True	7772400	1143000
introduction_to_bea_tuxedo.ppt	GROUPSCALE	1.000000	1.000000	0.000000	0.000000	True	3810000	5105400
introduction_to_bea_tuxedo.ppt	GROUPSCALE	1.000000	1.000000	0.000000	0.000000	True	3810000	5105400
introduction_to_bea_tuxedo.ppt	GROUPSCALE	1.000000	1.000000	0.000000	0.000000	True	3525837	381000
introduction_to_bea_tuxedo.ppt	GROUPSCALE	1.000000	1.000000	0.000000	0.000000	True	3024187	381000
introduction_to_bea_tuxedo.ppt	GROUPSCALE	1.000000	1.000000	0.000000	0.000000	True	1006475	381000
introduction_to_bea_tuxedo.ppt	GROUPSCALE	1.000000	1.000000	0.000000	0.000000	True	7772400	1143000
introduction_to_bea_tuxedo.ppt	GROUPSCALE	1.000000	1.000000	0.000000	0.000000	True	7772400	5105400
introduction_to_bea_tuxedo.ppt	GROUPSCALE	1.000000	1.000000	0.000000	0.000000	True	7772400	1143000
71393_pp7.ppt	GROUPSCALE	1.000000	1.000000	0.000000	0.000000	True	7467600	990600
71393_pp7.ppt	GROUPSCALE	1.000000	1.000000	0.000000	0.000000	True	7239000	1371600
71393_pp7.ppt	GROUPSCALE	1.000000	1.000000	0.000000	0.000000	True	7467600	1066800
71393_pp7.ppt	GROUPSCALE	1.000000	1.000000	0.000000	0.000000	True	7467600	3581400
71393_pp7.ppt	GROUPSCALE	1.000000	1.000000	0.000000	0.000000	True	7467600	1066800
71393_pp7.ppt	GROUPSCALE	1.000000	1.000000	0.000000	0.000000	True	8001000	3581400
71393_pp7.ppt	GROUPSCALE	1.000000	1.000000	0.000000	0.000000	True	7467600	1066800
71393_pp7.ppt	GROUPSCALE	1.000000	1.000000	0.000000	0.000000	True	7467600	3581400
71393_pp7.ppt	GROUPSCALE	1.000000	1.000000	0.000000	0.000000	True	7467600	1066800
71393_pp7.ppt	GROUPSCALE	1.000000	1.000000	0.000000	0.000000	True	7467600	3581400
71393_pp7.ppt	GROUPSCALE	1.000000	1.000000	0.000000	0.000000	True	7467600	1066800
71393_pp7.ppt	GROUPSCALE	1.000000	1.000000	0.000000	0.000000	True	7467600	3581400
71393_pp7.ppt	GROUPSCALE	1.000000	1.000000	0.000000	0.000000	True	7467600	1066800
71393_pp7.ppt	GROUPSCALE	1.000000	1.000000	0.000000	0.000000	True	7467600	3581400
71393_pp7.ppt	GROUPSCALE	1.000000	1.000000	0.000000	0.000000	True	7467600	1066800
71393_pp7.ppt	GROUPSCALE	1.000000	1.000000	0.000000	0.000000	True	1298575	701675
71393_pp7.ppt	GROUPSCALE	1.000000	1.000000	0.000000	0.000000	True	1327150	581025
71393_pp7.ppt	GROUPSCALE	1.000000	1.000000	0.000000	0.000000	True	1241425	581025
71393_pp7.ppt	GROUPSCALE	1.000000	1.000000	0.000000	0.000000	True	1176337	581025
71393_pp7.ppt	GROUPSCALE	1.000000	1.000000	0.000000	0.000000	True	1114425	396875
71393_pp7.ppt	GROUPSCALE	1.000000	1.000000	0.000000	0.000000	True	1368425	336550
71393_pp7.ppt	GROUPSCALE	1.000000	1.000000	0.000000	0.000000	True	2203450	641350
71393_pp7.ppt	GROUPSCALE	1.000000	1.000000	0.000000	0.000000	True	1330325	825500
71393_pp7.ppt	GROUPSCALE	1.000000	1.000000	0.000000	0.000000	True	685800	304800
71393_pp7.ppt	GROUPSCALE	1.000000	1.000000	0.000000	0.000000	True	1185394	538815
71393_pp7.ppt	GROUPSCALE	1.000000	1.000000	0.000000	0.000000	True	914400	381000
71393_pp7.ppt	GROUPSCALE	1.000000	1.000000	0.000000	0.000000	True	862105	377171
71393_pp7.ppt	GROUPSCALE	1.000000	1.000000	0.000000	0.000000	True	1074737	336550
71393_pp7.ppt	GROUPSCALE	1.000000	1.000000	0.000000	0.000000	True	7467600	1066800
71393_pp7.ppt	GROUPSCALE	1.000000	1.000000	0.000000	0.000000	True	7848600	3581400
71393_pp7.ppt	GROUPSCALE	1.000000	1.000000	0.000000	0.000000	True	7467600	1066800
71393_pp7.ppt	GROUPSCALE	1.000000	1.000000	0.000000	0.000000	True	7467600	3581400
71393_pp7.ppt	GROUPSCALE	1.000000	1.000000	0.000000	0.000000	True	7467600	1066800
71393_pp7.ppt	GROUPSCALE	1.000000	1.000000	0.000000	0.000000	True	7467600	3581400
71393_pp7.ppt	GROUPSCALE	1.000000	1.000000	0.000000	0.000000	True	7467600	1066800
71393_pp7.ppt	GROUPSCALE	1.000000	1.000000	0.000000	0.000000	True	7467600	3581400
71393_pp7.ppt	GROUPSCALE	1.000000	1.000000	0.000000	0.000000	True	7467600	1066800
71393_pp7.ppt	GROUPSCALE	1.000000	1.000000	0.000000	0.000000	True	8610600	3581400
71393_pp7.ppt	GROUPSCALE	1.000000	1.000000	0.000000	0.000000	True	7467600	1066800
71393_pp7.ppt	GROUPSCALE	1.000000	1.000000	0.000000	0.000000	True	8382000	3581400
71393_pp7.ppt	GROUPSCALE	1.000000	1.000000	0.000000	0.000000	True	8458200	1143000
71393_pp7.ppt	GROUPSCALE	1.000000	1.000000	0.000000	0.000000	True	7467600	3498850
71393_pp7.ppt	GROUPSCALE	1.000000	1.000000	0.000000	0.000000	True	7467600	1066800
71393_pp7.ppt	GROUPSCALE	1.000000	1.000000	0.000000	0.000000	True	7467600	3581400
71393_pp7.ppt	GROUPSCALE	1.000000	1.000000	0.000000	0.000000	True	8585200	1219200
71393_pp7.ppt	GROUPSCALE	1.000000	1.000000	0.000000	0.000000	True	7467600	1066800
71393_pp7.ppt	GROUPSCALE	1.000000	1.000000	0.000000	0.000000	True	1674812	457200
71393_pp7.ppt	GROUPSCALE	1.000000	1.000000	0.000000	0.000000	True	1743075	457200
71393_pp7.ppt	GROUPSCALE	1.000000	1.000000	0.000000	0.000000	True	1147762	457200
71393_pp7.ppt	GROUPSCALE	1.000000	1.000000	0.000000	0.000000	True	2132012	457200
71393_pp7.ppt	GROUPSCALE	1.000000	1.000000	0.000000	0.000000	True	1387475	457200
71393_pp7.ppt	GROUPSCALE	1.000000	1.000000	0.000000	0.000000	True	1387475	457200
71393_pp7.ppt	GROUPSCALE	1.000000	1.000000	0.000000	0.000000	True	1131887	457200
71393_pp7.ppt	GROUPSCALE	1.000000	1.000000	0.000000	0.000000	True	7467600	1066800
71393_pp7.ppt	GROUPSCALE	1.000000	1.000000	0.000000	0.000000	True	1674812	457200
71393_pp7.ppt	GROUPSCALE	1.000000	1.000000	0.000000	0.000000	True	1743075	457200
71393_pp7.ppt	GROUPSCALE	1.000000	1.000000	0.000000	0.000000	True	1147762	457200
71393_pp7.ppt	GROUPSCALE	1.000000	1.000000	0.000000	0.000000	True	2132012	457200
71393_pp7.ppt	GROUPSCALE	1.000000	1.000000	0.000000	0.000000	True	877887	457200
71393_pp7.ppt	GROUPSCALE	1.000000	1.000000	0.000000	0.000000	True	1319212	822325
71393_pp7.ppt	GROUPSCALE	1.000000	1.000000	0.000000	0.000000	True	1592262	822325
71393_pp7.ppt	GROUPSCALE	1.000000	1.000000	0.000000	0.000000	True	846137	457200
71393_pp7.ppt	GROUPSCALE	1.000000	1.000000	0.000000	0.000000	True	1047750	457200
71393_pp7.ppt	GROUPSCALE	1.000000	1.000000	0.000000	0.000000	True	996950	457200
71393_pp7.ppt	GROUPSCALE	1.000000	1.000000	0.000000	0.000000	True	912812	457200
71393_pp7.ppt	GROUPSCALE	1.000000	1.000000	0.000000	0.000000	True	963612	457200
71393_pp7.ppt	GROUPSCALE	1.000000	1.000000	0.000000	0.000000	True	963612	822325
71393_pp7.ppt	GROUPSCALE	1.000000	1.000000	0.000000	0.000000	True	1047750	457200
71393_pp7.ppt	GROUPSCALE	1.000000	1.000000	0.000000	0.000000	True	8445500	1143000
71393_pp7.ppt	GROUPSCALE	1.000000	1.000000	0.000000	0.000000	True	7467600	3581400
71393_pp7.ppt	GROUPSCALE	1.000000	1.000000	0.000000	0.000000	True	8280400	1143000
71393_pp7.ppt	GROUPSCALE	1.000000	1.000000	0.000000	0.000000	True	7467600	3581400
71393_pp7.ppt	GROUPSCALE	1.000000	1.000000	0.000000	0.000000	True	8991600	990600
71393_pp7.ppt	GROUPSCALE	1.000000	1.000000	0.000000	0.000000	True	8686800	3771900
71393_pp7.ppt	GROUPSCALE	1.000000	1.000000	0.000000	0.000000	True	8115300	1104900
71393_pp7.ppt	GROUPSCALE	1.000000	1.000000	0.000000	0.000000	True	8432800	4381500
71393_pp7.ppt	GROUPSCALE	1.000000	1.000000	0.000000	0.000000	True	8813800	1066800
71393_pp7.ppt	GROUPSCALE	1.000000	1.000000	0.000000	0.000000	True	7924800	3819525
71393_pp7.ppt	GROUPSCALE	1.000000	1.000000	0.000000	0.000000	True	6858000	304800
71393_pp7.ppt	GROUPSCALE	1.000000	1.000000	0.000000	0.000000	True	8496300	1066800
71393_pp7.ppt	GROUPSCALE	1.000000	1.000000	0.000000	0.000000	True	7924800	3581400
71393_pp7.ppt	GROUPSCALE	1.000000	1.000000	0.000000	0.000000	True	8420100	1066800
71393_pp7.ppt	GROUPSCALE	1.000000	1.000000	0.000000	0.000000	True	8153400	3352800
71393_pp7.ppt	GROUPSCALE	1.000000	1.000000	0.000000	0.000000	True	8432800	1066800
71393_pp7.ppt	GROUPSCALE	1.000000	1.000000	0.000000	0.000000	True	7467600	3581400
71393_pp7.ppt	GROUPSCALE	1.000000	1.000000	0.000000	0.000000	True	7467600	1066800
71393_pp7.ppt	GROUPSCALE	1.000000	1.000000	0.000000	0.000000	True	1981200	366712
71393_pp7.ppt	GROUPSCALE	1.000000	1.000000	0.000000	0.000000	True	641350	366712
71393_pp7.ppt	GROUPSCALE	1.000000	1.000000	0.000000	0.000000	True	641350	779462
71393_pp7.ppt	GROUPSCALE	1.000000	1.000000	0.000000	0.000000	True	1860550	366712
71393_pp7.ppt	GROUPSCALE	1.000000	1.000000	0.000000	0.000000	True	958850	779462
71393_pp7.ppt	GROUPSCALE	1.000000	1.000000	0.000000	0.000000	True	1936750	366712
71393_pp7.ppt	GROUPSCALE	1.000000	1.000000	0.000000	0.000000	True	552450	366712
71393_pp7.ppt	GROUPSCALE	1.000000	1.000000	0.000000	0.000000	True	641350	366712
71393_pp7.ppt	GROUPSCALE	1.000000	1.000000	0.000000	0.000000	True	1905000	274637
71393_pp7.ppt	GROUPSCALE	1.000000	1.000000	0.000000	0.000000	True	1670050	366712
71393_pp7.ppt	GROUPSCALE	1.000000	1.000000	0.000000	0.000000	True	882650	366712
71393_pp7.ppt	GROUPSCALE	1.000000	1.000000	0.000000	0.000000	True	1530350	366712
71393_pp7.ppt	GROUPSCALE	1.000000	1.000000	0.000000	0.000000	True	7467600	1066800
71393_pp7.ppt	GROUPSCALE	1.000000	1.000000	0.000000	0.000000	True	1676400	366712
71393_pp7.ppt	GROUPSCALE	1.000000	1.000000	0.000000	0.000000	True	641350	366712
71393_pp7.ppt	GROUPSCALE	1.000000	1.000000	0.000000	0.000000	True	641350	779462
71393_pp7.ppt	GROUPSCALE	1.000000	1.000000	0.000000	0.000000	True	1860550	366712
71393_pp7.ppt	GROUPSCALE	1.000000	1.000000	0.000000	0.000000	True	958850	779462
71393_pp7.ppt	GROUPSCALE	1.000000	1.000000	0.000000	0.000000	True	1936750	366712
71393_pp7.ppt	GROUPSCALE	1.000000	1.000000	0.000000	0.000000	True	552450	366712
71393_pp7.ppt	GROUPSCALE	1.000000	1.000000	0.000000	0.000000	True	641350	366712
71393_pp7.ppt	GROUPSCALE	1.000000	1.000000	0.000000	0.000000	True	1524000	457200
71393_pp7.ppt	GROUPSCALE	1.000000	1.000000	0.000000	0.000000	True	1670050	366712
71393_pp7.ppt	GROUPSCALE	1.000000	1.000000	0.000000	0.000000	True	882650	366712
71393_pp7.ppt	GROUPSCALE	1.000000	1.000000	0.000000	0.000000	True	1530350	366712
71393_pp7.ppt	GROUPSCALE	1.000000	1.000000	0.000000	0.000000	True	8458200	1066800
71393_pp7.ppt	GROUPSCALE	1.000000	1.000000	0.000000	0.000000	True	1676400	366712
71393_pp7.ppt	GROUPSCALE	1.000000	1.000000	0.000000	0.000000	True	641350	366712
71393_pp7.ppt	GROUPSCALE	1.000000	1.000000	0.000000	0.000000	True	641350	779462
71393_pp7.ppt	GROUPSCALE	1.000000	1.000000	0.000000	0.000000	True	1860550	366712
71393_pp7.ppt	GROUPSCALE	1.000000	1.000000	0.000000	0.000000	True	958850	779462
71393_pp7.ppt	GROUPSCALE	1.000000	1.000000	0.000000	0.000000	True	1936750	366712
71393_pp7.ppt	GROUPSCALE	1.000000	1.000000	0.000000	0.000000	True	552450	366712
71393_pp7.ppt	GROUPSCALE	1.000000	1.000000	0.000000	0.000000	True	641350	366712
71393_pp7.ppt	GROUPSCALE	1.000000	1.000000	0.000000	0.000000	True	1524000	457200
71393_pp7.ppt	GROUPSCALE	1.000000	1.000000	0.000000	0.000000	True	1670050	366712
71393_pp7.ppt	GROUPSCALE	1.000000	1.000000	0.000000	0.000000	True	882650	366712
71393_pp7.ppt	GROUPSCALE	1.000000	1.000000	0.000000	0.000000	True	1530350	366712
71393_pp7.ppt	GROUPSCALE	1.000000	1.000000	0.000000	0.000000	True	685800	641350
71393_pp7.ppt	GROUPSCALE	1.000000	1.000000	0.000000	0.000000	True	8458200	1066800
71393_pp7.ppt	GROUPSCALE	1.000000	1.000000	0.000000	0.000000	True	1676400	366712
71393_pp7.ppt	GROUPSCALE	1.000000	1.000000	0.000000	0.000000	True	1784350	366712
71393_pp7.ppt	GROUPSCALE	1.000000	1.000000	0.000000	0.000000	True	1003300	641350
71393_pp7.ppt	GROUPSCALE	1.000000	1.000000	0.000000	0.000000	True	1936750	366712
71393_pp7.ppt	GROUPSCALE	1.000000	1.000000	0.000000	0.000000	True	552450	366712
71393_pp7.ppt	GROUPSCALE	1.000000	1.000000	0.000000	0.000000	True	1530350	366712
71393_pp7.ppt	GROUPSCALE	1.000000	1.000000	0.000000	0.000000	True	685800	366712
71393_pp7.ppt	GROUPSCALE	1.000000	1.000000	0.000000	0.000000	True	1165225	641350
71393_pp7.ppt	GROUPSCALE	1.000000	1.000000	0.000000	0.000000	True	1758950	366712
71393_pp7.ppt	GROUPSCALE	1.000000	1.000000	0.000000	0.000000	True	8458200	1066800
71393_pp7.ppt	GROUPSCALE	1.000000	1.000000	0.000000	0.000000	True	1860550	366712
71393_pp7.ppt	GROUPSCALE	1.000000	1.000000	0.000000	0.000000	True	1003300	641350
71393_pp7.ppt	GROUPSCALE	1.000000	1.000000	0.000000	0.000000	True	1936750	366712
71393_pp7.ppt	GROUPSCALE	1.000000	1.000000	0.000000	0.000000	True	552450	366712
71393_pp7.ppt	GROUPSCALE	1.000000	1.000000	0.000000	0.000000	True	1530350	366712
71393_pp7.ppt	GROUPSCALE	1.000000	1.000000	0.000000	0.000000	True	1165225	641350
71393_pp7.ppt	GROUPSCALE	1.000000	1.000000	0.000000	0.000000	True	2224087	274637
71393_pp7.ppt	GROUPSCALE	1.000000	1.000000	0.000000	0.000000	True	882650	366712
71393_pp7.ppt	GROUPSCALE	1.000000	1.000000	0.000000	0.000000	True	8343900	1143000
71393_pp7.ppt	GROUPSCALE	1.000000	1.000000	0.000000	0.000000	True	3663950	3581400
71393_pp7.ppt	GROUPSCALE	1.000000	1.000000	0.000000	0.000000	True	3663950	3581400
71393_pp7.ppt	GROUPSCALE	1.000000	1.000000	0.000000	0.000000	True	7489825	1143000
71393_pp7.ppt	GROUPSCALE	1.000000	1.000000	0.000000	0.000000	True	8610600	3870325
71393_pp7.ppt	GROUPSCALE	1.000000	1.000000	0.000000	0.000000	True	7315200	762000
71393_pp7.ppt	GROUPSCALE	1.000000	1.000000	0.000000	0.000000	True	7700962	1143000
71393_pp7.ppt	GROUPSCALE	1.000000	1.000000	0.000000	0.000000	True	7742237	3643312
71393_pp7.ppt	GROUPSCALE	1.000000	1.000000	0.000000	0.000000	True	7467600	1066800
71393_pp7.ppt	GROUPSCALE	1.000000	1.000000	0.000000	0.000000	True	8001000	3581400
71393_pp7.ppt	GROUPSCALE	1.000000	1.000000	0.000000	0.000000	True	7467600	1066800
71393_pp7.ppt	GROUPSCALE	1.000000	1.000000	0.000000	0.000000	True	8178800	3848100
71393_pp7.ppt	GROUPSCALE	1.000000	1.000000	0.000000	0.000000	True	7467600	1066800
71393_pp7.ppt	GROUPSCALE	1.000000	1.000000	0.000000	0.000000	True	8153400	3581400
71393_pp7.ppt	GROUPSCALE	1.000000	1.000000	0.000000	0.000000	True	7467600	1066800
71393_pp7.ppt	GROUPSCALE	1.000000	1.000000	0.000000	0.000000	True	8178800	4305300
Framing Europe.ppt	GROUPSCALE	1.000000	1.000000	0.000000	0.000000	True	1905000	457200
Framing Europe.ppt	GROUPSCALE	1.000000	1.000000	0.000000	0.000000	True	2895600	457200
Framing Europe.ppt	GROUPSCALE	1.000000	1.000000	0.000000	0.000000	True	7772400	1143000
Framing Europe.ppt	GROUPSCALE	1.000000	1.000000	0.000000	0.000000	True	6400800	1752600
Framing Europe.ppt	GROUPSCALE	1.000000	1.000000	0.000000	0.000000	True	1905000	457200
Framing Europe.ppt	GROUPSCALE	1.000000	1.000000	0.000000	0.000000	True	2895600	457200
Framing Europe.ppt	GROUPSCALE	1.000000	1.000000	0.000000	0.000000	True	7772400	1219200
Framing Europe.ppt	GROUPSCALE	1.000000	1.000000	0.000000	0.000000	True	7772400	4454525
Framing Europe.ppt	GROUPSCALE	1.000000	1.000000	0.000000	0.000000	True	1905000	457200
Framing Europe.ppt	GROUPSCALE	1.000000	1.000000	0.000000	0.000000	True	2895600	457200
Framing Europe.ppt	GROUPSCALE	1.000000	1.000000	0.000000	0.000000	True	7772400	1219200
Framing Europe.ppt	GROUPSCALE	1.000000	1.000000	0.000000	0.000000	True	7772400	4454525
Framing Europe.ppt	GROUPSCALE	1.000000	1.000000	0.000000	0.000000	True	1905000	457200
Framing Europe.ppt	GROUPSCALE	1.000000	1.000000	0.000000	0.000000	True	2895600	457200
Framing Europe.ppt	GROUPSCALE	1.000000	1.000000	0.000000	0.000000	True	7772400	1219200
Framing Europe.ppt	GROUPSCALE	1.000000	1.000000	0.000000	0.000000	True	7772400	4454525
Framing Europe.ppt	GROUPSCALE	1.000000	1.000000	0.000000	0.000000	True	1905000	457200
Framing Europe.ppt	GROUPSCALE	1.000000	1.000000	0.000000	0.000000	True	2895600	457200
Framing Europe.ppt	GROUPSCALE	1.000000	1.000000	0.000000	0.000000	True	7772400	1219200
Framing Europe.ppt	GROUPSCALE	1.000000	1.000000	0.000000	0.000000	True	7772400	4454525
Framing Europe.ppt	GROUPSCALE	1.000000	1.000000	0.000000	0.000000	True	1905000	457200
Framing Europe.ppt	GROUPSCALE	1.000000	1.000000	0.000000	0.000000	True	2895600	457200
Framing Europe.ppt	GROUPSCALE	1.000000	1.000000	0.000000	0.000000	True	7772400	1219200
Framing Europe.ppt	GROUPSCALE	1.000000	1.000000	0.000000	0.000000	True	7772400	4454525
Framing Europe.ppt	GROUPSCALE	1.000000	1.000000	0.000000	0.000000	True	1905000	457200
Framing Europe.ppt	GROUPSCALE	1.000000	1.000000	0.000000	0.000000	True	2895600	457200
Framing Europe.ppt	GROUPSCALE	1.000000	1.000000	0.000000	0.000000	True	7772400	1219200
Framing Europe.ppt	GROUPSCALE	1.000000	1.000000	0.000000	0.000000	True	7772400	4454525
Framing Europe.ppt	GROUPSCALE	1.000000	1.000000	0.000000	0.000000	True	1905000	457200
Framing Europe.ppt	GROUPSCALE	1.000000	1.000000	0.000000	0.000000	True	2895600	457200
Framing Europe.ppt	GROUPSCALE	1.000000	1.000000	0.000000	0.000000	True	7772400	1219200
Framing Europe.ppt	GROUPSCALE	1.000000	1.000000	0.000000	0.000000	True	7772400	4454525
Framing Europe.ppt	GROUPSCALE	1.000000	1.000000	0.000000	0.000000	True	1905000	457200
Framing Europe.ppt	GROUPSCALE	1.000000	1.000000	0.000000	0.000000	True	2895600	457200
Framing Europe.ppt	GROUPSCALE	1.000000	1.000000	0.000000	0.000000	True	7772400	1219200
Framing Europe.ppt	GROUPSCALE	1.000000	1.000000	0.000000	0.000000	True	7772400	4454525
Framing Europe.ppt	GROUPSCALE	1.000000	1.000000	0.000000	0.000000	True	1905000	457200
Framing Europe.ppt	GROUPSCALE	1.000000	1.000000	0.000000	0.000000	True	2895600	457200
Framing Europe.ppt	GROUPSCALE	1.000000	1.000000	0.000000	0.000000	True	7772400	1219200
Framing Europe.ppt	GROUPSCALE	1.000000	1.000000	0.000000	0.000000	True	7772400	4454525
Framing Europe.ppt	GROUPSCALE	1.000000	1.000000	0.000000	0.000000	True	1905000	457200
Framing Europe.ppt	GROUPSCALE	1.000000	1.000000	0.000000	0.000000	True	2895600	457200
Framing Europe.ppt	GROUPSCALE	1.000000	1.000000	0.000000	0.000000	True	7772400	1219200
Framing Europe.ppt	GROUPSCALE	1.000000	1.000000	0.000000	0.000000	True	7772400	4454525
Framing Europe.ppt	GROUPSCALE	1.000000	1.000000	0.000000	0.000000	True	1905000	457200
Framing Europe.ppt	GROUPSCALE	1.000000	1.000000	0.000000	0.000000	True	2895600	457200
Framing Europe.ppt	GROUPSCALE	1.000000	1.000000	0.000000	0.000000	True	7772400	1219200
Framing Europe.ppt	GROUPSCALE	1.000000	1.000000	0.000000	0.000000	True	7772400	4454525
Framing Europe.ppt	GROUPSCALE	1.000000	1.000000	0.000000	0.000000	True	1905000	457200
Framing Europe.ppt	GROUPSCALE	1.000000	1.000000	0.000000	0.000000	True	2895600	457200
Framing Europe.ppt	GROUPSCALE	1.000000	1.000000	0.000000	0.000000	True	7772400	1219200
Framing Europe.ppt	GROUPSCALE	1.000000	1.000000	0.000000	0.000000	True	7772400	4454525
Framing Europe.ppt	GROUPSCALE	1.000000	1.000000	0.000000	0.000000	True	1905000	457200
Framing Europe.ppt	GROUPSCALE	1.000000	1.000000	0.000000	0.000000	True	2895600	457200
Framing Europe.ppt	GROUPSCALE	1.000000	1.000000	0.000000	0.000000	True	7772400	1219200
Framing Europe.ppt	GROUPSCALE	1.000000	1.000000	0.000000	0.000000	True	7772400	4454525
Framing Europe.ppt	GROUPSCALE	1.000000	1.000000	0.000000	0.000000	True	1905000	457200
Framing Europe.ppt	GROUPSCALE	1.000000	1.000000	0.000000	0.000000	True	2895600	457200
Framing Europe.ppt	GROUPSCALE	1.000000	1.000000	0.000000	0.000000	True	7772400	1219200
Framing Europe.ppt	GROUPSCALE	1.000000	1.000000	0.000000	0.000000	True	7772400	4454525
Framing Europe.ppt	GROUPSCALE	1.000000	1.000000	0.000000	0.000000	True	1905000	457200
Framing Europe.ppt	GROUPSCALE	1.000000	1.000000	0.000000	0.000000	True	2895600	457200
Framing Europe.ppt	GROUPSCALE	1.000000	1.000000	0.000000	0.000000	True	7772400	1219200
Framing Europe.ppt	GROUPSCALE	1.000000	1.000000	0.000000	0.000000	True	7772400	4454525
Framing Europe.ppt	GROUPSCALE	1.000000	1.000000	0.000000	0.000000	True	1905000	457200
Framing Europe.ppt	GROUPSCALE	1.000000	1.000000	0.000000	0.000000	True	2895600	457200
Framing Europe.ppt	GROUPSCALE	1.000000	1.000000	0.000000	0.000000	True	7772400	1219200
Framing Europe.ppt	GROUPSCALE	1.000000	1.000000	0.000000	0.000000	True	7772400	4454525
Framing Europe.ppt	GROUPSCALE	1.000000	1.000000	0.000000	0.000000	True	1905000	457200
Framing Europe.ppt	GROUPSCALE	1.000000	1.000000	0.000000	0.000000	True	2895600	457200
Framing Europe.ppt	GROUPSCALE	1.000000	1.000000	0.000000	0.000000	True	7772400	1219200
Framing Europe.ppt	GROUPSCALE	1.000000	1.000000	0.000000	0.000000	True	7772400	4454525
Framing Europe.ppt	GROUPSCALE	1.000000	1.000000	0.000000	0.000000	True	1905000	457200
Framing Europe.ppt	GROUPSCALE	1.000000	1.000000	0.000000	0.000000	True	2895600	457200
Framing Europe.ppt	GROUPSCALE	1.000000	1.000000	0.000000	0.000000	True	7772400	1219200
Framing Europe.ppt	GROUPSCALE	1.000000	1.000000	0.000000	0.000000	True	7772400	4454525
Framing Europe.ppt	GROUPSCALE	1.000000	1.000000	0.000000	0.000000	True	1905000	457200
Framing Europe.ppt	GROUPSCALE	1.000000	1.000000	0.000000	0.000000	True	2895600	457200
Framing Europe.ppt	GROUPSCALE	1.000000	1.000000	0.000000	0.000000	True	7772400	1219200
Framing Europe.ppt	GROUPSCALE	1.000000	1.000000	0.000000	0.000000	True	7772400	4454525
Framing Europe.ppt	GROUPSCALE	1.000000	1.000000	0.000000	0.000000	True	1905000	457200
Framing Europe.ppt	GROUPSCALE	1.000000	1.000000	0.000000	0.000000	True	2895600	457200
Framing Europe.ppt	GROUPSCALE	1.000000	1.000000	0.000000	0.000000	True	7772400	1219200
Framing Europe.ppt	GROUPSCALE	1.000000	1.000000	0.000000	0.000000	True	7772400	4454525
Framing Europe.ppt	GROUPSCALE	1.000000	1.000000	0.000000	0.000000	True	1905000	457200
Framing Europe.ppt	GROUPSCALE	1.000000	1.000000	0.000000	0.000000	True	2895600	457200
Framing Europe.ppt	GROUPSCALE	1.000000	1.000000	0.000000	0.000000	True	7772400	1219200
Framing Europe.ppt	GROUPSCALE	1.000000	1.000000	0.000000	0.000000	True	7772400	4454525
Framing Europe.ppt	GROUPSCALE	1.000000	1.000000	0.000000	0.000000	True	1905000	457200
Framing Europe.ppt	GROUPSCALE	1.000000	1.000000	0.000000	0.000000	True	2895600	457200
Framing Europe.ppt	GROUPSCALE	1.000000	1.000000	0.000000	0.000000	True	7772400	1219200
Framing Europe.ppt	GROUPSCALE	1.000000	1.000000	0.000000	0.000000	True	7772400	4454525
Framing Europe.ppt	GROUPSCALE	1.000000	1.000000	0.000000	0.000000	True	1905000	457200
Framing Europe.ppt	GROUPSCALE	1.000000	1.000000	0.000000	0.000000	True	2895600	457200
Framing Europe.ppt	GROUPSCALE	1.000000	1.000000	0.000000	0.000000	True	7772400	1219200
Framing Europe.ppt	GROUPSCALE	1.000000	1.000000	0.000000	0.000000	True	7772400	4454525
RESPA_-_Section_8_Webinar.ppt	GROUPSCALE	1.000000	1.000000	0.000000	0.000000	True	10993437	1474787
RESPA_-_Section_8_Webinar.ppt	GROUPSCALE	1.000000	1.000000	0.000000	0.000000	True	10993437	1304925
RESPA_-_Section_8_Webinar.ppt	GROUPSCALE	1.000000	1.000000	0.000000	0.000000	True	5210175	1016000
RESPA_-_Section_8_Webinar.ppt	GROUPSCALE	1.000000	1.000000	0.000000	0.000000	True	11029950	1014412
RESPA_-_Section_8_Webinar.ppt	GROUPSCALE	1.000000	1.000000	0.000000	0.000000	True	11029950	3678237
RESPA_-_Section_8_Webinar.ppt	GROUPSCALE	1.000000	1.000000	0.000000	0.000000	True	11029950	1014412
RESPA_-_Section_8_Webinar.ppt	GROUPSCALE	1.000000	1.000000	0.000000	0.000000	True	11029950	3678237
RESPA_-_Section_8_Webinar.ppt	GROUPSCALE	1.000000	1.000000	0.000000	0.000000	True	11029950	1014412
RESPA_-_Section_8_Webinar.ppt	GROUPSCALE	1.000000	1.000000	0.000000	0.000000	True	11029950	3678237
RESPA_-_Section_8_Webinar.ppt	GROUPSCALE	1.000000	1.000000	0.000000	0.000000	True	11029950	1014412
RESPA_-_Section_8_Webinar.ppt	GROUPSCALE	1.000000	1.000000	0.000000	0.000000	True	11029950	1014412
RESPA_-_Section_8_Webinar.ppt	GROUPSCALE	1.000000	1.000000	0.000000	0.000000	True	11029950	3678237
RESPA_-_Section_8_Webinar.ppt	GROUPSCALE	1.000000	1.000000	0.000000	0.000000	True	11029950	1014412
RESPA_-_Section_8_Webinar.ppt	GROUPSCALE	1.000000	1.000000	0.000000	0.000000	True	11029950	3678237
RESPA_-_Section_8_Webinar.ppt	GROUPSCALE	1.000000	1.000000	0.000000	0.000000	True	11029950	1014412
RESPA_-_Section_8_Webinar.ppt	GROUPSCALE	1.000000	1.000000	0.000000	0.000000	True	11029950	3678237
RESPA_-_Section_8_Webinar.ppt	GROUPSCALE	1.000000	1.000000	0.000000	0.000000	True	11029950	1014412
RESPA_-_Section_8_Webinar.ppt	GROUPSCALE	1.000000	1.000000	0.000000	0.000000	True	11029950	3678237
RESPA_-_Section_8_Webinar.ppt	GROUPSCALE	1.000000	1.000000	0.000000	0.000000	True	11029950	1014412
RESPA_-_Section_8_Webinar.ppt	GROUPSCALE	1.000000	1.000000	0.000000	0.000000	True	11029950	3678237
RESPA_-_Section_8_Webinar.ppt	GROUPSCALE	1.000000	1.000000	0.000000	0.000000	True	11029950	1014412
RESPA_-_Section_8_Webinar.ppt	GROUPSCALE	1.000000	1.000000	0.000000	0.000000	True	11029950	3678237
RESPA_-_Section_8_Webinar.ppt	GROUPSCALE	1.000000	1.000000	0.000000	0.000000	True	11029950	1014412
RESPA_-_Section_8_Webinar.ppt	GROUPSCALE	1.000000	1.000000	0.000000	0.000000	True	11029950	3678237
RESPA_-_Section_8_Webinar.ppt	GROUPSCALE	1.000000	1.000000	0.000000	0.000000	True	11029950	1014412
RESPA_-_Section_8_Webinar.ppt	GROUPSCALE	1.000000	1.000000	0.000000	0.000000	True	11029950	3678237
RESPA_-_Section_8_Webinar.ppt	GROUPSCALE	1.000000	1.000000	0.000000	0.000000	True	11029950	1014412
RESPA_-_Section_8_Webinar.ppt	GROUPSCALE	1.000000	1.000000	0.000000	0.000000	True	11029950	3678237
RESPA_-_Section_8_Webinar.ppt	GROUPSCALE	1.000000	1.000000	0.000000	0.000000	True	11029950	1014412
RESPA_-_Section_8_Webinar.ppt	GROUPSCALE	1.000000	1.000000	0.000000	0.000000	True	11029950	3678237
RESPA_-_Section_8_Webinar.ppt	GROUPSCALE	1.000000	1.000000	0.000000	0.000000	True	11029950	1014412
RESPA_-_Section_8_Webinar.ppt	GROUPSCALE	1.000000	1.000000	0.000000	0.000000	True	11029950	2479675
RESPA_-_Section_8_Webinar.ppt	GROUPSCALE	1.000000	1.000000	0.000000	0.000000	True	842962	369887
RESPA_-_Section_8_Webinar.ppt	GROUPSCALE	1.000000	1.000000	0.000000	0.000000	True	2562225	1200150
RESPA_-_Section_8_Webinar.ppt	GROUPSCALE	1.000000	1.000000	0.000000	0.000000	True	2087562	306387
RESPA_-_Section_8_Webinar.ppt	GROUPSCALE	1.000000	1.000000	0.000000	0.000000	True	1979612	307975
RESPA_-_Section_8_Webinar.ppt	GROUPSCALE	1.000000	1.000000	0.000000	0.000000	True	11029950	1014412
RESPA_-_Section_8_Webinar.ppt	GROUPSCALE	1.000000	1.000000	0.000000	0.000000	True	11029950	3678237
RESPA_-_Section_8_Webinar.ppt	GROUPSCALE	1.000000	1.000000	0.000000	0.000000	True	11029950	1014412
RESPA_-_Section_8_Webinar.ppt	GROUPSCALE	1.000000	1.000000	0.000000	0.000000	True	11029950	3678237
RESPA_-_Section_8_Webinar.ppt	GROUPSCALE	1.000000	1.000000	0.000000	0.000000	True	11029950	1014412
RESPA_-_Section_8_Webinar.ppt	GROUPSCALE	1.000000	1.000000	0.000000	0.000000	True	11029950	3678237
RESPA_-_Section_8_Webinar.ppt	GROUPSCALE	1.000000	1.000000	0.000000	0.000000	True	11029950	1014412
RESPA_-_Section_8_Webinar.ppt	GROUPSCALE	1.000000	1.000000	0.000000	0.000000	True	11029950	3678237
RESPA_-_Section_8_Webinar.ppt	GROUPSCALE	1.000000	1.000000	0.000000	0.000000	True	11029950	1014412
RESPA_-_Section_8_Webinar.ppt	GROUPSCALE	1.000000	1.000000	0.000000	0.000000	True	11029950	3678237
RESPA_-_Section_8_Webinar.ppt	GROUPSCALE	1.000000	1.000000	0.000000	0.000000	True	11029950	1014412
RESPA_-_Section_8_Webinar.ppt	GROUPSCALE	1.000000	1.000000	0.000000	0.000000	True	11029950	3678237
RESPA_-_Section_8_Webinar.ppt	GROUPSCALE	1.000000	1.000000	0.000000	0.000000	True	11029950	1014412
RESPA_-_Section_8_Webinar.ppt	GROUPSCALE	1.000000	1.000000	0.000000	0.000000	True	11029950	3678237
RESPA_-_Section_8_Webinar.ppt	GROUPSCALE	1.000000	1.000000	0.000000	0.000000	True	11029950	1014412
RESPA_-_Section_8_Webinar.ppt	GROUPSCALE	1.000000	1.000000	0.000000	0.000000	True	11029950	3678237
RESPA_-_Section_8_Webinar.ppt	GROUPSCALE	1.000000	1.000000	0.000000	0.000000	True	11029950	1014412
RESPA_-_Section_8_Webinar.ppt	GROUPSCALE	1.000000	1.000000	0.000000	0.000000	True	11029950	3678237
RESPA_-_Section_8_Webinar.ppt	GROUPSCALE	1.000000	1.000000	0.000000	0.000000	True	11029950	1014412
RESPA_-_Section_8_Webinar.ppt	GROUPSCALE	1.000000	1.000000	0.000000	0.000000	True	11029950	3678237
RESPA_-_Section_8_Webinar.ppt	GROUPSCALE	1.000000	1.000000	0.000000	0.000000	True	638175	369887
RESPA_-_Section_8_Webinar.ppt	GROUPSCALE	1.000000	1.000000	0.000000	0.000000	True	1497012	369887
RESPA_-_Section_8_Webinar.ppt	GROUPSCALE	1.000000	1.000000	0.000000	0.000000	True	1985962	369887
RESPA_-_Section_8_Webinar.ppt	GROUPSCALE	1.000000	1.000000	0.000000	0.000000	True	1247775	307975
RESPA_-_Section_8_Webinar.ppt	GROUPSCALE	1.000000	1.000000	0.000000	0.000000	True	1149350	307975
RESPA_-_Section_8_Webinar.ppt	GROUPSCALE	1.000000	1.000000	0.000000	0.000000	True	803275	307975
RESPA_-_Section_8_Webinar.ppt	GROUPSCALE	1.000000	1.000000	0.000000	0.000000	True	1260475	307975
RESPA_-_Section_8_Webinar.ppt	GROUPSCALE	1.000000	1.000000	0.000000	0.000000	True	1620837	307975
RESPA_-_Section_8_Webinar.ppt	GROUPSCALE	1.000000	1.000000	0.000000	0.000000	True	1128712	307975
RESPA_-_Section_8_Webinar.ppt	GROUPSCALE	1.000000	1.000000	0.000000	0.000000	True	11029950	1014412
RESPA_-_Section_8_Webinar.ppt	GROUPSCALE	1.000000	1.000000	0.000000	0.000000	True	11029950	3678237
RESPA_-_Section_8_Webinar.ppt	GROUPSCALE	1.000000	1.000000	0.000000	0.000000	True	11029950	1014412
RESPA_-_Section_8_Webinar.ppt	GROUPSCALE	1.000000	1.000000	0.000000	0.000000	True	11029950	3678237
RESPA_-_Section_8_Webinar.ppt	GROUPSCALE	1.000000	1.000000	0.000000	0.000000	True	11029950	1014412
RESPA_-_Section_8_Webinar.ppt	GROUPSCALE	1.000000	1.000000	0.000000	0.000000	True	11029950	3678237
RESPA_-_Section_8_Webinar.ppt	GROUPSCALE	1.000000	1.000000	0.000000	0.000000	True	11029950	1014412
RESPA_-_Section_8_Webinar.ppt	GROUPSCALE	1.000000	1.000000	0.000000	0.000000	True	11029950	3678237
RESPA_-_Section_8_Webinar.ppt	GROUPSCALE	1.000000	1.000000	0.000000	0.000000	True	11029950	1014412
RESPA_-_Section_8_Webinar.ppt	GROUPSCALE	1.000000	1.000000	0.000000	0.000000	True	11029950	3678237
RESPA_-_Section_8_Webinar.ppt	GROUPSCALE	1.000000	1.000000	0.000000	0.000000	True	11029950	1014412
RESPA_-_Section_8_Webinar.ppt	GROUPSCALE	1.000000	1.000000	0.000000	0.000000	True	11029950	3678237
RESPA_-_Section_8_Webinar.ppt	GROUPSCALE	1.000000	1.000000	0.000000	0.000000	True	11029950	1014412
RESPA_-_Section_8_Webinar.ppt	GROUPSCALE	1.000000	1.000000	0.000000	0.000000	True	11029950	3678237
RESPA_-_Section_8_Webinar.ppt	GROUPSCALE	1.000000	1.000000	0.000000	0.000000	True	11029950	1014412
RESPA_-_Section_8_Webinar.ppt	GROUPSCALE	1.000000	1.000000	0.000000	0.000000	True	10287000	4022725
concepts-surrounding-cloud-computing-carolyn-kranz-and-rich-prem-gb-seattle-2011.ppt	GROUPSCALE	1.000000	1.000000	0.000000	0.000000	True	2133600	476250
concepts-surrounding-cloud-computing-carolyn-kranz-and-rich-prem-gb-seattle-2011.ppt	GROUPSCALE	1.000000	1.000000	0.000000	0.000000	True	6781800	609600
concepts-surrounding-cloud-computing-carolyn-kranz-and-rich-prem-gb-seattle-2011.ppt	GROUPSCALE	1.000000	1.000000	0.000000	0.000000	True	8686800	954087
concepts-surrounding-cloud-computing-carolyn-kranz-and-rich-prem-gb-seattle-2011.ppt	GROUPSCALE	1.000000	1.000000	0.000000	0.000000	True	3886200	396875
concepts-surrounding-cloud-computing-carolyn-kranz-and-rich-prem-gb-seattle-2011.ppt	GROUPSCALE	1.000000	1.000000	0.000000	0.000000	True	4724400	923925
concepts-surrounding-cloud-computing-carolyn-kranz-and-rich-prem-gb-seattle-2011.ppt	GROUPSCALE	1.000000	1.000000	0.000000	0.000000	True	2133600	476250
concepts-surrounding-cloud-computing-carolyn-kranz-and-rich-prem-gb-seattle-2011.ppt	GROUPSCALE	1.000000	1.000000	0.000000	0.000000	True	8839200	579437
concepts-surrounding-cloud-computing-carolyn-kranz-and-rich-prem-gb-seattle-2011.ppt	GROUPSCALE	1.000000	1.000000	0.000000	0.000000	True	1905000	228600
concepts-surrounding-cloud-computing-carolyn-kranz-and-rich-prem-gb-seattle-2011.ppt	GROUPSCALE	1.000000	1.000000	0.000000	0.000000	True	7772400	838200
concepts-surrounding-cloud-computing-carolyn-kranz-and-rich-prem-gb-seattle-2011.ppt	GROUPSCALE	1.000000	1.000000	0.000000	0.000000	True	7734300	4876800
concepts-surrounding-cloud-computing-carolyn-kranz-and-rich-prem-gb-seattle-2011.ppt	GROUPSCALE	1.000000	1.000000	0.000000	0.000000	True	1905000	228600
concepts-surrounding-cloud-computing-carolyn-kranz-and-rich-prem-gb-seattle-2011.ppt	GROUPSCALE	1.000000	1.000000	0.000000	0.000000	True	1905000	228600
concepts-surrounding-cloud-computing-carolyn-kranz-and-rich-prem-gb-seattle-2011.ppt	GROUPSCALE	1.000000	1.000000	0.000000	0.000000	True	9144000	1371600
concepts-surrounding-cloud-computing-carolyn-kranz-and-rich-prem-gb-seattle-2011.ppt	GROUPSCALE	1.000000	1.000000	0.000000	0.000000	True	8534400	4800600
concepts-surrounding-cloud-computing-carolyn-kranz-and-rich-prem-gb-seattle-2011.ppt	GROUPSCALE	1.000000	1.000000	0.000000	0.000000	True	1905000	228600
concepts-surrounding-cloud-computing-carolyn-kranz-and-rich-prem-gb-seattle-2011.ppt	GROUPSCALE	1.000000	1.000000	0.000000	0.000000	True	1905000	228600
concepts-surrounding-cloud-computing-carolyn-kranz-and-rich-prem-gb-seattle-2011.ppt	GROUPSCALE	1.000000	1.000000	0.000000	0.000000	True	7772400	762000
concepts-surrounding-cloud-computing-carolyn-kranz-and-rich-prem-gb-seattle-2011.ppt	GROUPSCALE	1.000000	1.000000	0.000000	0.000000	True	8458200	5105400
concepts-surrounding-cloud-computing-carolyn-kranz-and-rich-prem-gb-seattle-2011.ppt	GROUPSCALE	1.000000	1.000000	0.000000	0.000000	True	1905000	228600
concepts-surrounding-cloud-computing-carolyn-kranz-and-rich-prem-gb-seattle-2011.ppt	GROUPSCALE	1.000000	1.000000	0.000000	0.000000	True	7772400	838200
concepts-surrounding-cloud-computing-carolyn-kranz-and-rich-prem-gb-seattle-2011.ppt	GROUPSCALE	1.000000	1.000000	0.000000	0.000000	True	8458200	5105400
concepts-surrounding-cloud-computing-carolyn-kranz-and-rich-prem-gb-seattle-2011.ppt	GROUPSCALE	1.000000	1.000000	0.000000	0.000000	True	1905000	228600
concepts-surrounding-cloud-computing-carolyn-kranz-and-rich-prem-gb-seattle-2011.ppt	GROUPSCALE	1.000000	1.000000	0.000000	0.000000	True	7772400	838200
concepts-surrounding-cloud-computing-carolyn-kranz-and-rich-prem-gb-seattle-2011.ppt	GROUPSCALE	1.000000	1.000000	0.000000	0.000000	True	8382000	5029200
concepts-surrounding-cloud-computing-carolyn-kranz-and-rich-prem-gb-seattle-2011.ppt	GROUPSCALE	1.000000	1.000000	0.000000	0.000000	True	1905000	228600
concepts-surrounding-cloud-computing-carolyn-kranz-and-rich-prem-gb-seattle-2011.ppt	GROUPSCALE	1.000000	1.000000	0.000000	0.000000	True	7772400	838200
concepts-surrounding-cloud-computing-carolyn-kranz-and-rich-prem-gb-seattle-2011.ppt	GROUPSCALE	1.000000	1.000000	0.000000	0.000000	True	3770312	4191000
concepts-surrounding-cloud-computing-carolyn-kranz-and-rich-prem-gb-seattle-2011.ppt	GROUPSCALE	1.000000	1.000000	0.000000	0.000000	True	2895600	476250
concepts-surrounding-cloud-computing-carolyn-kranz-and-rich-prem-gb-seattle-2011.ppt	GROUPSCALE	1.000000	1.000000	0.000000	0.000000	True	3657600	4800600
concepts-surrounding-cloud-computing-carolyn-kranz-and-rich-prem-gb-seattle-2011.ppt	GROUPSCALE	1.000000	1.000000	0.000000	0.000000	True	7772400	838200
concepts-surrounding-cloud-computing-carolyn-kranz-and-rich-prem-gb-seattle-2011.ppt	GROUPSCALE	1.000000	1.000000	0.000000	0.000000	True	8077200	4953000
concepts-surrounding-cloud-computing-carolyn-kranz-and-rich-prem-gb-seattle-2011.ppt	GROUPSCALE	1.000000	1.000000	0.000000	0.000000	True	1905000	228600
concepts-surrounding-cloud-computing-carolyn-kranz-and-rich-prem-gb-seattle-2011.ppt	GROUPSCALE	1.000000	1.000000	0.000000	0.000000	True	7772400	838200
concepts-surrounding-cloud-computing-carolyn-kranz-and-rich-prem-gb-seattle-2011.ppt	GROUPSCALE	1.000000	1.000000	0.000000	0.000000	True	8305800	5105400
concepts-surrounding-cloud-computing-carolyn-kranz-and-rich-prem-gb-seattle-2011.ppt	GROUPSCALE	1.000000	1.000000	0.000000	0.000000	True	1905000	228600
concepts-surrounding-cloud-computing-carolyn-kranz-and-rich-prem-gb-seattle-2011.ppt	GROUPSCALE	1.000000	1.000000	0.000000	0.000000	True	8229600	1143000
concepts-surrounding-cloud-computing-carolyn-kranz-and-rich-prem-gb-seattle-2011.ppt	GROUPSCALE	1.000000	1.000000	0.000000	0.000000	True	1905000	674687
concepts-surrounding-cloud-computing-carolyn-kranz-and-rich-prem-gb-seattle-2011.ppt	GROUPSCALE	1.000000	1.000000	0.000000	0.000000	True	2057400	674687
concepts-surrounding-cloud-computing-carolyn-kranz-and-rich-prem-gb-seattle-2011.ppt	GROUPSCALE	1.000000	1.000000	0.000000	0.000000	True	2057400	674687
concepts-surrounding-cloud-computing-carolyn-kranz-and-rich-prem-gb-seattle-2011.ppt	GROUPSCALE	1.000000	1.000000	0.000000	0.000000	True	1905000	439737
concepts-surrounding-cloud-computing-carolyn-kranz-and-rich-prem-gb-seattle-2011.ppt	GROUPSCALE	1.000000	1.000000	0.000000	0.000000	True	2057400	439737
concepts-surrounding-cloud-computing-carolyn-kranz-and-rich-prem-gb-seattle-2011.ppt	GROUPSCALE	1.000000	1.000000	0.000000	0.000000	True	2057400	439737
concepts-surrounding-cloud-computing-carolyn-kranz-and-rich-prem-gb-seattle-2011.ppt	GROUPSCALE	1.000000	1.000000	0.000000	0.000000	True	1905000	420687
concepts-surrounding-cloud-computing-carolyn-kranz-and-rich-prem-gb-seattle-2011.ppt	GROUPSCALE	1.000000	1.000000	0.000000	0.000000	True	2057400	420687
concepts-surrounding-cloud-computing-carolyn-kranz-and-rich-prem-gb-seattle-2011.ppt	GROUPSCALE	1.000000	1.000000	0.000000	0.000000	True	2057400	420687
concepts-surrounding-cloud-computing-carolyn-kranz-and-rich-prem-gb-seattle-2011.ppt	GROUPSCALE	1.000000	1.000000	0.000000	0.000000	True	1905000	438150
concepts-surrounding-cloud-computing-carolyn-kranz-and-rich-prem-gb-seattle-2011.ppt	GROUPSCALE	1.000000	1.000000	0.000000	0.000000	True	2057400	438150
concepts-surrounding-cloud-computing-carolyn-kranz-and-rich-prem-gb-seattle-2011.ppt	GROUPSCALE	1.000000	1.000000	0.000000	0.000000	True	2057400	438150
concepts-surrounding-cloud-computing-carolyn-kranz-and-rich-prem-gb-seattle-2011.ppt	GROUPSCALE	1.000000	1.000000	0.000000	0.000000	True	1905000	441325
concepts-surrounding-cloud-computing-carolyn-kranz-and-rich-prem-gb-seattle-2011.ppt	GROUPSCALE	1.000000	1.000000	0.000000	0.000000	True	2057400	441325
concepts-surrounding-cloud-computing-carolyn-kranz-and-rich-prem-gb-seattle-2011.ppt	GROUPSCALE	1.000000	1.000000	0.000000	0.000000	True	2057400	441325
concepts-surrounding-cloud-computing-carolyn-kranz-and-rich-prem-gb-seattle-2011.ppt	GROUPSCALE	1.000000	1.000000	0.000000	0.000000	True	1905000	439737
concepts-surrounding-cloud-computing-carolyn-kranz-and-rich-prem-gb-seattle-2011.ppt	GROUPSCALE	1.000000	1.000000	0.000000	0.000000	True	2057400	439737
concepts-surrounding-cloud-computing-carolyn-kranz-and-rich-prem-gb-seattle-2011.ppt	GROUPSCALE	1.000000	1.000000	0.000000	0.000000	True	2057400	439737
concepts-surrounding-cloud-computing-carolyn-kranz-and-rich-prem-gb-seattle-2011.ppt	GROUPSCALE	1.000000	1.000000	0.000000	0.000000	True	1905000	438150
concepts-surrounding-cloud-computing-carolyn-kranz-and-rich-prem-gb-seattle-2011.ppt	GROUPSCALE	1.000000	1.000000	0.000000	0.000000	True	2057400	438150
concepts-surrounding-cloud-computing-carolyn-kranz-and-rich-prem-gb-seattle-2011.ppt	GROUPSCALE	1.000000	1.000000	0.000000	0.000000	True	2057400	438150
concepts-surrounding-cloud-computing-carolyn-kranz-and-rich-prem-gb-seattle-2011.ppt	GROUPSCALE	1.000000	1.000000	0.000000	0.000000	True	1905000	441325
concepts-surrounding-cloud-computing-carolyn-kranz-and-rich-prem-gb-seattle-2011.ppt	GROUPSCALE	1.000000	1.000000	0.000000	0.000000	True	2057400	441325
concepts-surrounding-cloud-computing-carolyn-kranz-and-rich-prem-gb-seattle-2011.ppt	GROUPSCALE	1.000000	1.000000	0.000000	0.000000	True	2057400	441325
concepts-surrounding-cloud-computing-carolyn-kranz-and-rich-prem-gb-seattle-2011.ppt	GROUPSCALE	1.000000	1.000000	0.000000	0.000000	True	5568950	366712
concepts-surrounding-cloud-computing-carolyn-kranz-and-rich-prem-gb-seattle-2011.ppt	GROUPSCALE	-1.000000	-1.000000	0.000000	-0.000000	False	549275	801687
concepts-surrounding-cloud-computing-carolyn-kranz-and-rich-prem-gb-seattle-2011.ppt	GROUPSCALE	-1.000000	-1.000000	0.000000	-0.000000	False	366712	1292225
concepts-surrounding-cloud-computing-carolyn-kranz-and-rich-prem-gb-seattle-2011.ppt	GROUPSCALE	1.000000	1.000000	0.000000	0.000000	True	5568950	366712
concepts-surrounding-cloud-computing-carolyn-kranz-and-rich-prem-gb-seattle-2011.ppt	GROUPSCALE	1.000000	1.000000	0.000000	0.000000	True	384175	246062
concepts-surrounding-cloud-computing-carolyn-kranz-and-rich-prem-gb-seattle-2011.ppt	GROUPSCALE	1.000000	1.000000	0.000000	0.000000	True	5716587	307975
concepts-surrounding-cloud-computing-carolyn-kranz-and-rich-prem-gb-seattle-2011.ppt	GROUPSCALE	1.000000	1.000000	0.000000	0.000000	True	2133600	476250
concepts-surrounding-cloud-computing-carolyn-kranz-and-rich-prem-gb-seattle-2011.ppt	GROUPSCALE	1.000000	1.000000	0.000000	0.000000	True	8839200	584200
concepts-surrounding-cloud-computing-carolyn-kranz-and-rich-prem-gb-seattle-2011.ppt	GROUPSCALE	1.000000	1.000000	0.000000	0.000000	True	1905000	228600
concepts-surrounding-cloud-computing-carolyn-kranz-and-rich-prem-gb-seattle-2011.ppt	GROUPSCALE	1.000000	1.000000	0.000000	0.000000	True	9144000	1371600
concepts-surrounding-cloud-computing-carolyn-kranz-and-rich-prem-gb-seattle-2011.ppt	GROUPSCALE	1.000000	1.000000	0.000000	0.000000	True	8229600	3886200
concepts-surrounding-cloud-computing-carolyn-kranz-and-rich-prem-gb-seattle-2011.ppt	GROUPSCALE	1.000000	1.000000	0.000000	0.000000	True	1905000	228600
concepts-surrounding-cloud-computing-carolyn-kranz-and-rich-prem-gb-seattle-2011.ppt	GROUPSCALE	1.000000	1.000000	0.000000	0.000000	True	1905000	228600
concepts-surrounding-cloud-computing-carolyn-kranz-and-rich-prem-gb-seattle-2011.ppt	GROUPSCALE	1.000000	1.000000	0.000000	0.000000	True	1905000	228600
concepts-surrounding-cloud-computing-carolyn-kranz-and-rich-prem-gb-seattle-2011.ppt	GROUPSCALE	1.000000	1.000000	0.000000	0.000000	True	9144000	1247775
concepts-surrounding-cloud-computing-carolyn-kranz-and-rich-prem-gb-seattle-2011.ppt	GROUPSCALE	1.000000	1.000000	0.000000	0.000000	True	8229600	3886200
concepts-surrounding-cloud-computing-carolyn-kranz-and-rich-prem-gb-seattle-2011.ppt	GROUPSCALE	1.000000	1.000000	0.000000	0.000000	True	1905000	228600
concepts-surrounding-cloud-computing-carolyn-kranz-and-rich-prem-gb-seattle-2011.ppt	GROUPSCALE	1.000000	1.000000	0.000000	0.000000	True	1905000	228600
concepts-surrounding-cloud-computing-carolyn-kranz-and-rich-prem-gb-seattle-2011.ppt	GROUPSCALE	1.000000	1.000000	0.000000	0.000000	True	9144000	1371600
concepts-surrounding-cloud-computing-carolyn-kranz-and-rich-prem-gb-seattle-2011.ppt	GROUPSCALE	1.000000	1.000000	0.000000	0.000000	True	8229600	3886200
concepts-surrounding-cloud-computing-carolyn-kranz-and-rich-prem-gb-seattle-2011.ppt	GROUPSCALE	1.000000	1.000000	0.000000	0.000000	True	1905000	228600
concepts-surrounding-cloud-computing-carolyn-kranz-and-rich-prem-gb-seattle-2011.ppt	GROUPSCALE	1.000000	1.000000	0.000000	0.000000	True	1905000	228600
concepts-surrounding-cloud-computing-carolyn-kranz-and-rich-prem-gb-seattle-2011.ppt	GROUPSCALE	1.000000	1.000000	0.000000	0.000000	True	9144000	1371600
concepts-surrounding-cloud-computing-carolyn-kranz-and-rich-prem-gb-seattle-2011.ppt	GROUPSCALE	1.000000	1.000000	0.000000	0.000000	True	8229600	3886200
concepts-surrounding-cloud-computing-carolyn-kranz-and-rich-prem-gb-seattle-2011.ppt	GROUPSCALE	1.000000	1.000000	0.000000	0.000000	True	1905000	228600
concepts-surrounding-cloud-computing-carolyn-kranz-and-rich-prem-gb-seattle-2011.ppt	GROUPSCALE	1.000000	1.000000	0.000000	0.000000	True	1905000	228600
concepts-surrounding-cloud-computing-carolyn-kranz-and-rich-prem-gb-seattle-2011.ppt	GROUPSCALE	1.000000	1.000000	0.000000	0.000000	True	9144000	1371600
concepts-surrounding-cloud-computing-carolyn-kranz-and-rich-prem-gb-seattle-2011.ppt	GROUPSCALE	1.000000	1.000000	0.000000	0.000000	True	8229600	3886200
concepts-surrounding-cloud-computing-carolyn-kranz-and-rich-prem-gb-seattle-2011.ppt	GROUPSCALE	1.000000	1.000000	0.000000	0.000000	True	2133600	476250
concepts-surrounding-cloud-computing-carolyn-kranz-and-rich-prem-gb-seattle-2011.ppt	GROUPSCALE	1.000000	1.000000	0.000000	0.000000	True	8839200	579437
concepts-surrounding-cloud-computing-carolyn-kranz-and-rich-prem-gb-seattle-2011.ppt	GROUPSCALE	1.000000	1.000000	0.000000	0.000000	True	2133600	476250
concepts-surrounding-cloud-computing-carolyn-kranz-and-rich-prem-gb-seattle-2011.ppt	GROUPSCALE	1.000000	1.000000	0.000000	0.000000	True	8839200	579437
concepts-surrounding-cloud-computing-carolyn-kranz-and-rich-prem-gb-seattle-2011.ppt	GROUPSCALE	1.000000	1.000000	0.000000	0.000000	True	7772400	838200
concepts-surrounding-cloud-computing-carolyn-kranz-and-rich-prem-gb-seattle-2011.ppt	GROUPSCALE	1.000000	1.000000	0.000000	0.000000	True	8458200	4953000
concepts-surrounding-cloud-computing-carolyn-kranz-and-rich-prem-gb-seattle-2011.ppt	GROUPSCALE	1.000000	1.000000	0.000000	0.000000	True	1905000	228600
concepts-surrounding-cloud-computing-carolyn-kranz-and-rich-prem-gb-seattle-2011.ppt	GROUPSCALE	1.000000	1.000000	0.000000	0.000000	True	7772400	838200
concepts-surrounding-cloud-computing-carolyn-kranz-and-rich-prem-gb-seattle-2011.ppt	GROUPSCALE	1.000000	1.000000	0.000000	0.000000	True	8153400	4953000
concepts-surrounding-cloud-computing-carolyn-kranz-and-rich-prem-gb-seattle-2011.ppt	GROUPSCALE	1.000000	1.000000	0.000000	0.000000	True	1905000	228600
concepts-surrounding-cloud-computing-carolyn-kranz-and-rich-prem-gb-seattle-2011.ppt	GROUPSCALE	1.000000	1.000000	0.000000	0.000000	True	1905000	228600
concepts-surrounding-cloud-computing-carolyn-kranz-and-rich-prem-gb-seattle-2011.ppt	GROUPSCALE	1.000000	1.000000	0.000000	0.000000	True	1905000	228600
concepts-surrounding-cloud-computing-carolyn-kranz-and-rich-prem-gb-seattle-2011.ppt	GROUPSCALE	1.000000	1.000000	0.000000	0.000000	True	9144000	1371600
concepts-surrounding-cloud-computing-carolyn-kranz-and-rich-prem-gb-seattle-2011.ppt	GROUPSCALE	1.000000	1.000000	0.000000	0.000000	True	8534400	5334000
concepts-surrounding-cloud-computing-carolyn-kranz-and-rich-prem-gb-seattle-2011.ppt	GROUPSCALE	1.000000	1.000000	0.000000	0.000000	True	7772400	838200
concepts-surrounding-cloud-computing-carolyn-kranz-and-rich-prem-gb-seattle-2011.ppt	GROUPSCALE	1.000000	1.000000	0.000000	0.000000	True	8382000	4953000
concepts-surrounding-cloud-computing-carolyn-kranz-and-rich-prem-gb-seattle-2011.ppt	GROUPSCALE	1.000000	1.000000	0.000000	0.000000	True	1905000	228600
concepts-surrounding-cloud-computing-carolyn-kranz-and-rich-prem-gb-seattle-2011.ppt	GROUPSCALE	1.000000	1.000000	0.000000	0.000000	True	7772400	838200
concepts-surrounding-cloud-computing-carolyn-kranz-and-rich-prem-gb-seattle-2011.ppt	GROUPSCALE	1.000000	1.000000	0.000000	0.000000	True	7467600	4953000
concepts-surrounding-cloud-computing-carolyn-kranz-and-rich-prem-gb-seattle-2011.ppt	GROUPSCALE	1.000000	1.000000	0.000000	0.000000	True	1905000	228600
concepts-surrounding-cloud-computing-carolyn-kranz-and-rich-prem-gb-seattle-2011.ppt	GROUPSCALE	1.000000	1.000000	0.000000	0.000000	True	2133600	476250
concepts-surrounding-cloud-computing-carolyn-kranz-and-rich-prem-gb-seattle-2011.ppt	GROUPSCALE	1.000000	1.000000	0.000000	0.000000	True	8839200	579437
concepts-surrounding-cloud-computing-carolyn-kranz-and-rich-prem-gb-seattle-2011.ppt	GROUPSCALE	1.000000	1.000000	0.000000	0.000000	True	7772400	838200
concepts-surrounding-cloud-computing-carolyn-kranz-and-rich-prem-gb-seattle-2011.ppt	GROUPSCALE	1.000000	1.000000	0.000000	0.000000	True	8534400	5105400
concepts-surrounding-cloud-computing-carolyn-kranz-and-rich-prem-gb-seattle-2011.ppt	GROUPSCALE	1.000000	1.000000	0.000000	0.000000	True	1905000	228600
concepts-surrounding-cloud-computing-carolyn-kranz-and-rich-prem-gb-seattle-2011.ppt	GROUPSCALE	1.000000	1.000000	0.000000	0.000000	True	1905000	228600
concepts-surrounding-cloud-computing-carolyn-kranz-and-rich-prem-gb-seattle-2011.ppt	GROUPSCALE	1.000000	1.000000	0.000000	0.000000	True	9144000	1371600
concepts-surrounding-cloud-computing-carolyn-kranz-and-rich-prem-gb-seattle-2011.ppt	GROUPSCALE	1.000000	1.000000	0.000000	0.000000	True	8839200	5029200
concepts-surrounding-cloud-computing-carolyn-kranz-and-rich-prem-gb-seattle-2011.ppt	GROUPSCALE	1.000000	1.000000	0.000000	0.000000	True	1905000	228600
concepts-surrounding-cloud-computing-carolyn-kranz-and-rich-prem-gb-seattle-2011.ppt	GROUPSCALE	1.000000	1.000000	0.000000	0.000000	True	1905000	228600
concepts-surrounding-cloud-computing-carolyn-kranz-and-rich-prem-gb-seattle-2011.ppt	GROUPSCALE	1.000000	1.000000	0.000000	0.000000	True	1905000	228600
concepts-surrounding-cloud-computing-carolyn-kranz-and-rich-prem-gb-seattle-2011.ppt	GROUPSCALE	1.000000	1.000000	0.000000	0.000000	True	9144000	1371600
concepts-surrounding-cloud-computing-carolyn-kranz-and-rich-prem-gb-seattle-2011.ppt	GROUPSCALE	1.000000	1.000000	0.000000	0.000000	True	8153400	3657600
concepts-surrounding-cloud-computing-carolyn-kranz-and-rich-prem-gb-seattle-2011.ppt	GROUPSCALE	1.000000	1.000000	0.000000	0.000000	True	1905000	228600
concepts-surrounding-cloud-computing-carolyn-kranz-and-rich-prem-gb-seattle-2011.ppt	GROUPSCALE	1.000000	1.000000	0.000000	0.000000	True	1905000	228600
concepts-surrounding-cloud-computing-carolyn-kranz-and-rich-prem-gb-seattle-2011.ppt	GROUPSCALE	1.000000	1.000000	0.000000	0.000000	True	8534400	4572000
concepts-surrounding-cloud-computing-carolyn-kranz-and-rich-prem-gb-seattle-2011.ppt	GROUPSCALE	1.000000	1.000000	0.000000	0.000000	True	9144000	1371600
concepts-surrounding-cloud-computing-carolyn-kranz-and-rich-prem-gb-seattle-2011.ppt	GROUPSCALE	1.000000	1.000000	0.000000	0.000000	True	1905000	381000
concepts-surrounding-cloud-computing-carolyn-kranz-and-rich-prem-gb-seattle-2011.ppt	GROUPSCALE	1.000000	1.000000	0.000000	0.000000	True	1905000	228600
concepts-surrounding-cloud-computing-carolyn-kranz-and-rich-prem-gb-seattle-2011.ppt	GROUPSCALE	1.000000	1.000000	0.000000	0.000000	True	8153400	4724400
concepts-surrounding-cloud-computing-carolyn-kranz-and-rich-prem-gb-seattle-2011.ppt	GROUPSCALE	1.000000	1.000000	0.000000	0.000000	True	9144000	1371600
concepts-surrounding-cloud-computing-carolyn-kranz-and-rich-prem-gb-seattle-2011.ppt	GROUPSCALE	1.000000	1.000000	0.000000	0.000000	True	1905000	228600
concepts-surrounding-cloud-computing-carolyn-kranz-and-rich-prem-gb-seattle-2011.ppt	GROUPSCALE	1.000000	1.000000	0.000000	0.000000	True	1905000	228600
concepts-surrounding-cloud-computing-carolyn-kranz-and-rich-prem-gb-seattle-2011.ppt	GROUPSCALE	1.000000	1.000000	0.000000	0.000000	True	1905000	228600
concepts-surrounding-cloud-computing-carolyn-kranz-and-rich-prem-gb-seattle-2011.ppt	GROUPSCALE	1.000000	1.000000	0.000000	0.000000	True	8229600	3886200
concepts-surrounding-cloud-computing-carolyn-kranz-and-rich-prem-gb-seattle-2011.ppt	GROUPSCALE	1.000000	1.000000	0.000000	0.000000	True	9144000	1371600
concepts-surrounding-cloud-computing-carolyn-kranz-and-rich-prem-gb-seattle-2011.ppt	GROUPSCALE	1.000000	1.000000	0.000000	0.000000	True	1905000	228600
concepts-surrounding-cloud-computing-carolyn-kranz-and-rich-prem-gb-seattle-2011.ppt	GROUPSCALE	1.000000	1.000000	0.000000	0.000000	True	1905000	228600
concepts-surrounding-cloud-computing-carolyn-kranz-and-rich-prem-gb-seattle-2011.ppt	GROUPSCALE	1.000000	1.000000	0.000000	0.000000	True	1905000	228600
concepts-surrounding-cloud-computing-carolyn-kranz-and-rich-prem-gb-seattle-2011.ppt	GROUPSCALE	1.000000	1.000000	0.000000	0.000000	True	9144000	1371600
concepts-surrounding-cloud-computing-carolyn-kranz-and-rich-prem-gb-seattle-2011.ppt	GROUPSCALE	1.000000	1.000000	0.000000	0.000000	True	1905000	228600
concepts-surrounding-cloud-computing-carolyn-kranz-and-rich-prem-gb-seattle-2011.ppt	GROUPSCALE	1.000000	1.000000	0.000000	0.000000	True	1905000	228600
concepts-surrounding-cloud-computing-carolyn-kranz-and-rich-prem-gb-seattle-2011.ppt	GROUPSCALE	1.000000	1.000000	0.000000	0.000000	True	1905000	228600
concepts-surrounding-cloud-computing-carolyn-kranz-and-rich-prem-gb-seattle-2011.ppt	GROUPSCALE	1.000000	1.000000	0.000000	0.000000	True	9144000	1371600
concepts-surrounding-cloud-computing-carolyn-kranz-and-rich-prem-gb-seattle-2011.ppt	GROUPSCALE	1.000000	1.000000	0.000000	0.000000	True	8229600	5029200
concepts-surrounding-cloud-computing-carolyn-kranz-and-rich-prem-gb-seattle-2011.ppt	GROUPSCALE	1.000000	1.000000	0.000000	0.000000	True	1905000	228600
concepts-surrounding-cloud-computing-carolyn-kranz-and-rich-prem-gb-seattle-2011.ppt	GROUPSCALE	1.000000	1.000000	0.000000	0.000000	True	1905000	228600
concepts-surrounding-cloud-computing-carolyn-kranz-and-rich-prem-gb-seattle-2011.ppt	GROUPSCALE	1.000000	1.000000	0.000000	0.000000	True	9144000	1371600
concepts-surrounding-cloud-computing-carolyn-kranz-and-rich-prem-gb-seattle-2011.ppt	GROUPSCALE	1.000000	1.000000	0.000000	0.000000	True	8229600	5029200
concepts-surrounding-cloud-computing-carolyn-kranz-and-rich-prem-gb-seattle-2011.ppt	GROUPSCALE	1.000000	1.000000	0.000000	0.000000	True	1905000	228600
concepts-surrounding-cloud-computing-carolyn-kranz-and-rich-prem-gb-seattle-2011.ppt	GROUPSCALE	1.000000	1.000000	0.000000	0.000000	True	5791200	838200
concepts-surrounding-cloud-computing-carolyn-kranz-and-rich-prem-gb-seattle-2011.ppt	GROUPSCALE	1.000000	1.000000	0.000000	0.000000	True	2133600	476250
concepts-surrounding-cloud-computing-carolyn-kranz-and-rich-prem-gb-seattle-2011.ppt	GROUPSCALE	1.000000	1.000000	0.000000	0.000000	True	1905000	228600
concepts-surrounding-cloud-computing-carolyn-kranz-and-rich-prem-gb-seattle-2011.ppt	GROUPSCALE	1.000000	1.000000	0.000000	0.000000	True	7848600	727075
concepts-surrounding-cloud-computing-carolyn-kranz-and-rich-prem-gb-seattle-2011.ppt	GROUPSCALE	1.000000	1.000000	0.000000	0.000000	True	7467600	4800600
concepts-surrounding-cloud-computing-carolyn-kranz-and-rich-prem-gb-seattle-2011.ppt	GROUPSCALE	1.000000	1.000000	0.000000	0.000000	True	1905000	228600
concepts-surrounding-cloud-computing-carolyn-kranz-and-rich-prem-gb-seattle-2011.ppt	GROUPSCALE	1.000000	1.000000	0.000000	0.000000	True	1905000	228600
joint_user_outcomes_michael_fullerton_29.06.12.ppt	GROUPSCALE	1.000000	1.000000	0.000000	0.000000	True	7854950	1752600
joint_user_outcomes_michael_fullerton_29.06.12.ppt	GROUPSCALE	1.000000	1.000000	0.000000	0.000000	True	8229600	1143000
joint_user_outcomes_michael_fullerton_29.06.12.ppt	GROUPSCALE	1.000000	1.000000	0.000000	0.000000	True	8229600	4389437
joint_user_outcomes_michael_fullerton_29.06.12.ppt	GROUPSCALE	1.000000	1.000000	0.000000	0.000000	True	8229600	5559425
joint_user_outcomes_michael_fullerton_29.06.12.ppt	GROUPSCALE	1.000000	1.000000	0.000000	0.000000	True	8229600	1143000
joint_user_outcomes_michael_fullerton_29.06.12.ppt	GROUPSCALE	1.000000	1.000000	0.000000	0.000000	True	8229600	4389437
joint_user_outcomes_michael_fullerton_29.06.12.ppt	GROUPSCALE	1.000000	1.000000	0.000000	0.000000	True	8229600	1143000
joint_user_outcomes_michael_fullerton_29.06.12.ppt	GROUPSCALE	1.000000	1.000000	0.000000	0.000000	True	8229600	4389437
joint_user_outcomes_michael_fullerton_29.06.12.ppt	GROUPSCALE	1.000000	1.000000	0.000000	0.000000	True	8229600	1143000
joint_user_outcomes_michael_fullerton_29.06.12.ppt	GROUPSCALE	1.000000	1.000000	0.000000	0.000000	True	8229600	4389437
joint_user_outcomes_michael_fullerton_29.06.12.ppt	GROUPSCALE	1.000000	1.000000	0.000000	0.000000	True	8229600	1143000
joint_user_outcomes_michael_fullerton_29.06.12.ppt	GROUPSCALE	1.000000	1.000000	0.000000	0.000000	True	8229600	4389437
joint_user_outcomes_michael_fullerton_29.06.12.ppt	GROUPSCALE	1.000000	1.000000	0.000000	0.000000	True	8229600	1143000
joint_user_outcomes_michael_fullerton_29.06.12.ppt	GROUPSCALE	1.000000	1.000000	0.000000	0.000000	True	8229600	4389437
joint_user_outcomes_michael_fullerton_29.06.12.ppt	GROUPSCALE	1.000000	1.000000	0.000000	0.000000	True	8229600	1143000
joint_user_outcomes_michael_fullerton_29.06.12.ppt	GROUPSCALE	1.000000	1.000000	0.000000	0.000000	True	8229600	4389437
joint_user_outcomes_michael_fullerton_29.06.12.ppt	GROUPSCALE	1.000000	1.000000	0.000000	0.000000	True	8229600	1143000
joint_user_outcomes_michael_fullerton_29.06.12.ppt	GROUPSCALE	1.000000	1.000000	0.000000	0.000000	True	8229600	4389437
joint_user_outcomes_michael_fullerton_29.06.12.ppt	GROUPSCALE	1.000000	1.000000	0.000000	0.000000	True	8229600	1143000
joint_user_outcomes_michael_fullerton_29.06.12.ppt	GROUPSCALE	1.000000	1.000000	0.000000	0.000000	True	8229600	4389437
joint_user_outcomes_michael_fullerton_29.06.12.ppt	GROUPSCALE	1.000000	1.000000	0.000000	0.000000	True	8229600	1143000
joint_user_outcomes_michael_fullerton_29.06.12.ppt	GROUPSCALE	1.000000	1.000000	0.000000	0.000000	True	8229600	4389437
joint_user_outcomes_michael_fullerton_29.06.12.ppt	GROUPSCALE	1.000000	1.000000	0.000000	0.000000	True	7694612	1163637
joint_user_outcomes_michael_fullerton_29.06.12.ppt	GROUPSCALE	1.000000	1.000000	0.000000	0.000000	True	8229600	4389437
joint_user_outcomes_michael_fullerton_29.06.12.ppt	GROUPSCALE	1.000000	1.000000	0.000000	0.000000	True	8229600	1143000
joint_user_outcomes_michael_fullerton_29.06.12.ppt	GROUPSCALE	1.000000	1.000000	0.000000	0.000000	True	8229600	4389437
joint_user_outcomes_michael_fullerton_29.06.12.ppt	GROUPSCALE	1.000000	1.000000	0.000000	0.000000	True	8229600	1143000
joint_user_outcomes_michael_fullerton_29.06.12.ppt	GROUPSCALE	1.000000	1.000000	0.000000	0.000000	True	431800	247650
joint_user_outcomes_michael_fullerton_29.06.12.ppt	GROUPSCALE	1.000000	1.000000	0.000000	0.000000	True	2703512	247650
joint_user_outcomes_michael_fullerton_29.06.12.ppt	GROUPSCALE	1.000000	1.000000	0.000000	0.000000	True	1219200	247650
joint_user_outcomes_michael_fullerton_29.06.12.ppt	GROUPSCALE	1.000000	1.000000	0.000000	0.000000	True	1219200	247650
joint_user_outcomes_michael_fullerton_29.06.12.ppt	GROUPSCALE	1.000000	1.000000	0.000000	0.000000	True	2274887	247650
joint_user_outcomes_michael_fullerton_29.06.12.ppt	GROUPSCALE	1.000000	1.000000	0.000000	0.000000	True	431800	246062
joint_user_outcomes_michael_fullerton_29.06.12.ppt	GROUPSCALE	1.000000	1.000000	0.000000	0.000000	True	2703512	246062
joint_user_outcomes_michael_fullerton_29.06.12.ppt	GROUPSCALE	1.000000	1.000000	0.000000	0.000000	True	1219200	246062
joint_user_outcomes_michael_fullerton_29.06.12.ppt	GROUPSCALE	1.000000	1.000000	0.000000	0.000000	True	1219200	246062
joint_user_outcomes_michael_fullerton_29.06.12.ppt	GROUPSCALE	1.000000	1.000000	0.000000	0.000000	True	2274887	246062
joint_user_outcomes_michael_fullerton_29.06.12.ppt	GROUPSCALE	1.000000	1.000000	0.000000	0.000000	True	431800	247650
joint_user_outcomes_michael_fullerton_29.06.12.ppt	GROUPSCALE	1.000000	1.000000	0.000000	0.000000	True	2703512	247650
joint_user_outcomes_michael_fullerton_29.06.12.ppt	GROUPSCALE	1.000000	1.000000	0.000000	0.000000	True	1219200	247650
joint_user_outcomes_michael_fullerton_29.06.12.ppt	GROUPSCALE	1.000000	1.000000	0.000000	0.000000	True	1219200	247650
joint_user_outcomes_michael_fullerton_29.06.12.ppt	GROUPSCALE	1.000000	1.000000	0.000000	0.000000	True	2274887	247650
joint_user_outcomes_michael_fullerton_29.06.12.ppt	GROUPSCALE	1.000000	1.000000	0.000000	0.000000	True	431800	246062
joint_user_outcomes_michael_fullerton_29.06.12.ppt	GROUPSCALE	1.000000	1.000000	0.000000	0.000000	True	2703512	246062
joint_user_outcomes_michael_fullerton_29.06.12.ppt	GROUPSCALE	1.000000	1.000000	0.000000	0.000000	True	1219200	246062
joint_user_outcomes_michael_fullerton_29.06.12.ppt	GROUPSCALE	1.000000	1.000000	0.000000	0.000000	True	1219200	246062
joint_user_outcomes_michael_fullerton_29.06.12.ppt	GROUPSCALE	1.000000	1.000000	0.000000	0.000000	True	2274887	246062
joint_user_outcomes_michael_fullerton_29.06.12.ppt	GROUPSCALE	1.000000	1.000000	0.000000	0.000000	True	431800	247650
joint_user_outcomes_michael_fullerton_29.06.12.ppt	GROUPSCALE	1.000000	1.000000	0.000000	0.000000	True	2703512	247650
joint_user_outcomes_michael_fullerton_29.06.12.ppt	GROUPSCALE	1.000000	1.000000	0.000000	0.000000	True	1219200	247650
joint_user_outcomes_michael_fullerton_29.06.12.ppt	GROUPSCALE	1.000000	1.000000	0.000000	0.000000	True	1219200	247650
joint_user_outcomes_michael_fullerton_29.06.12.ppt	GROUPSCALE	1.000000	1.000000	0.000000	0.000000	True	2274887	247650
joint_user_outcomes_michael_fullerton_29.06.12.ppt	GROUPSCALE	1.000000	1.000000	0.000000	0.000000	True	431800	246062
joint_user_outcomes_michael_fullerton_29.06.12.ppt	GROUPSCALE	1.000000	1.000000	0.000000	0.000000	True	2703512	246062
joint_user_outcomes_michael_fullerton_29.06.12.ppt	GROUPSCALE	1.000000	1.000000	0.000000	0.000000	True	1219200	246062
joint_user_outcomes_michael_fullerton_29.06.12.ppt	GROUPSCALE	1.000000	1.000000	0.000000	0.000000	True	1219200	246062
joint_user_outcomes_michael_fullerton_29.06.12.ppt	GROUPSCALE	1.000000	1.000000	0.000000	0.000000	True	2274887	246062
joint_user_outcomes_michael_fullerton_29.06.12.ppt	GROUPSCALE	1.000000	1.000000	0.000000	0.000000	True	431800	247650
joint_user_outcomes_michael_fullerton_29.06.12.ppt	GROUPSCALE	1.000000	1.000000	0.000000	0.000000	True	2703512	247650
joint_user_outcomes_michael_fullerton_29.06.12.ppt	GROUPSCALE	1.000000	1.000000	0.000000	0.000000	True	1219200	247650
joint_user_outcomes_michael_fullerton_29.06.12.ppt	GROUPSCALE	1.000000	1.000000	0.000000	0.000000	True	1219200	247650
joint_user_outcomes_michael_fullerton_29.06.12.ppt	GROUPSCALE	1.000000	1.000000	0.000000	0.000000	True	2274887	247650
joint_user_outcomes_michael_fullerton_29.06.12.ppt	GROUPSCALE	1.000000	1.000000	0.000000	0.000000	True	431800	246062
joint_user_outcomes_michael_fullerton_29.06.12.ppt	GROUPSCALE	1.000000	1.000000	0.000000	0.000000	True	2703512	246062
joint_user_outcomes_michael_fullerton_29.06.12.ppt	GROUPSCALE	1.000000	1.000000	0.000000	0.000000	True	1219200	246062
joint_user_outcomes_michael_fullerton_29.06.12.ppt	GROUPSCALE	1.000000	1.000000	0.000000	0.000000	True	1219200	246062
joint_user_outcomes_michael_fullerton_29.06.12.ppt	GROUPSCALE	1.000000	1.000000	0.000000	0.000000	True	2274887	246062
joint_user_outcomes_michael_fullerton_29.06.12.ppt	GROUPSCALE	1.000000	1.000000	0.000000	0.000000	True	431800	247650
joint_user_outcomes_michael_fullerton_29.06.12.ppt	GROUPSCALE	1.000000	1.000000	0.000000	0.000000	True	2703512	247650
joint_user_outcomes_michael_fullerton_29.06.12.ppt	GROUPSCALE	1.000000	1.000000	0.000000	0.000000	True	1219200	247650
joint_user_outcomes_michael_fullerton_29.06.12.ppt	GROUPSCALE	1.000000	1.000000	0.000000	0.000000	True	1219200	247650
joint_user_outcomes_michael_fullerton_29.06.12.ppt	GROUPSCALE	1.000000	1.000000	0.000000	0.000000	True	2274887	247650
joint_user_outcomes_michael_fullerton_29.06.12.ppt	GROUPSCALE	1.000000	1.000000	0.000000	0.000000	True	431800	246062
joint_user_outcomes_michael_fullerton_29.06.12.ppt	GROUPSCALE	1.000000	1.000000	0.000000	0.000000	True	2703512	246062
joint_user_outcomes_michael_fullerton_29.06.12.ppt	GROUPSCALE	1.000000	1.000000	0.000000	0.000000	True	1219200	246062
joint_user_outcomes_michael_fullerton_29.06.12.ppt	GROUPSCALE	1.000000	1.000000	0.000000	0.000000	True	1219200	246062
joint_user_outcomes_michael_fullerton_29.06.12.ppt	GROUPSCALE	1.000000	1.000000	0.000000	0.000000	True	2274887	246062
joint_user_outcomes_michael_fullerton_29.06.12.ppt	GROUPSCALE	1.000000	1.000000	0.000000	0.000000	True	431800	247650
joint_user_outcomes_michael_fullerton_29.06.12.ppt	GROUPSCALE	1.000000	1.000000	0.000000	0.000000	True	2703512	247650
joint_user_outcomes_michael_fullerton_29.06.12.ppt	GROUPSCALE	1.000000	1.000000	0.000000	0.000000	True	1219200	247650
joint_user_outcomes_michael_fullerton_29.06.12.ppt	GROUPSCALE	1.000000	1.000000	0.000000	0.000000	True	1219200	247650
joint_user_outcomes_michael_fullerton_29.06.12.ppt	GROUPSCALE	1.000000	1.000000	0.000000	0.000000	True	2274887	247650
joint_user_outcomes_michael_fullerton_29.06.12.ppt	GROUPSCALE	1.000000	1.000000	0.000000	0.000000	True	431800	246062
joint_user_outcomes_michael_fullerton_29.06.12.ppt	GROUPSCALE	1.000000	1.000000	0.000000	0.000000	True	2703512	246062
joint_user_outcomes_michael_fullerton_29.06.12.ppt	GROUPSCALE	1.000000	1.000000	0.000000	0.000000	True	1219200	246062
joint_user_outcomes_michael_fullerton_29.06.12.ppt	GROUPSCALE	1.000000	1.000000	0.000000	0.000000	True	1219200	246062
joint_user_outcomes_michael_fullerton_29.06.12.ppt	GROUPSCALE	1.000000	1.000000	0.000000	0.000000	True	2274887	246062
joint_user_outcomes_michael_fullerton_29.06.12.ppt	GROUPSCALE	1.000000	1.000000	0.000000	0.000000	True	431800	247650
joint_user_outcomes_michael_fullerton_29.06.12.ppt	GROUPSCALE	1.000000	1.000000	0.000000	0.000000	True	2703512	247650
joint_user_outcomes_michael_fullerton_29.06.12.ppt	GROUPSCALE	1.000000	1.000000	0.000000	0.000000	True	1219200	247650
joint_user_outcomes_michael_fullerton_29.06.12.ppt	GROUPSCALE	1.000000	1.000000	0.000000	0.000000	True	1219200	247650
joint_user_outcomes_michael_fullerton_29.06.12.ppt	GROUPSCALE	1.000000	1.000000	0.000000	0.000000	True	2274887	247650
joint_user_outcomes_michael_fullerton_29.06.12.ppt	GROUPSCALE	1.000000	1.000000	0.000000	0.000000	True	431800	246062
joint_user_outcomes_michael_fullerton_29.06.12.ppt	GROUPSCALE	1.000000	1.000000	0.000000	0.000000	True	2703512	246062
joint_user_outcomes_michael_fullerton_29.06.12.ppt	GROUPSCALE	1.000000	1.000000	0.000000	0.000000	True	1219200	246062
joint_user_outcomes_michael_fullerton_29.06.12.ppt	GROUPSCALE	1.000000	1.000000	0.000000	0.000000	True	1219200	246062
joint_user_outcomes_michael_fullerton_29.06.12.ppt	GROUPSCALE	1.000000	1.000000	0.000000	0.000000	True	2274887	246062
joint_user_outcomes_michael_fullerton_29.06.12.ppt	GROUPSCALE	1.000000	1.000000	0.000000	0.000000	True	431800	247650
joint_user_outcomes_michael_fullerton_29.06.12.ppt	GROUPSCALE	1.000000	1.000000	0.000000	0.000000	True	2703512	247650
joint_user_outcomes_michael_fullerton_29.06.12.ppt	GROUPSCALE	1.000000	1.000000	0.000000	0.000000	True	1219200	247650
joint_user_outcomes_michael_fullerton_29.06.12.ppt	GROUPSCALE	1.000000	1.000000	0.000000	0.000000	True	1219200	247650
joint_user_outcomes_michael_fullerton_29.06.12.ppt	GROUPSCALE	1.000000	1.000000	0.000000	0.000000	True	2274887	247650
joint_user_outcomes_michael_fullerton_29.06.12.ppt	GROUPSCALE	1.000000	1.000000	0.000000	0.000000	True	431800	246062
joint_user_outcomes_michael_fullerton_29.06.12.ppt	GROUPSCALE	1.000000	1.000000	0.000000	0.000000	True	2703512	246062
joint_user_outcomes_michael_fullerton_29.06.12.ppt	GROUPSCALE	1.000000	1.000000	0.000000	0.000000	True	1219200	246062
joint_user_outcomes_michael_fullerton_29.06.12.ppt	GROUPSCALE	1.000000	1.000000	0.000000	0.000000	True	1219200	246062
joint_user_outcomes_michael_fullerton_29.06.12.ppt	GROUPSCALE	1.000000	1.000000	0.000000	0.000000	True	2274887	246062
joint_user_outcomes_michael_fullerton_29.06.12.ppt	GROUPSCALE	1.000000	1.000000	0.000000	0.000000	True	431800	247650
joint_user_outcomes_michael_fullerton_29.06.12.ppt	GROUPSCALE	1.000000	1.000000	0.000000	0.000000	True	2703512	247650
joint_user_outcomes_michael_fullerton_29.06.12.ppt	GROUPSCALE	1.000000	1.000000	0.000000	0.000000	True	1219200	247650
joint_user_outcomes_michael_fullerton_29.06.12.ppt	GROUPSCALE	1.000000	1.000000	0.000000	0.000000	True	1219200	247650
joint_user_outcomes_michael_fullerton_29.06.12.ppt	GROUPSCALE	1.000000	1.000000	0.000000	0.000000	True	2274887	247650
joint_user_outcomes_michael_fullerton_29.06.12.ppt	GROUPSCALE	1.000000	1.000000	0.000000	0.000000	True	8229600	1143000
joint_user_outcomes_michael_fullerton_29.06.12.ppt	GROUPSCALE	1.000000	1.000000	0.000000	0.000000	True	8229600	4389437
joint_user_outcomes_michael_fullerton_29.06.12.ppt	GROUPSCALE	1.000000	1.000000	0.000000	0.000000	True	8229600	1143000
joint_user_outcomes_michael_fullerton_29.06.12.ppt	GROUPSCALE	1.000000	1.000000	0.000000	0.000000	True	8229600	4389437
joint_user_outcomes_michael_fullerton_29.06.12.ppt	GROUPSCALE	1.000000	1.000000	0.000000	0.000000	True	8229600	1143000
joint_user_outcomes_michael_fullerton_29.06.12.ppt	GROUPSCALE	1.000000	1.000000	0.000000	0.000000	True	8229600	4389437
joint_user_outcomes_michael_fullerton_29.06.12.ppt	GROUPSCALE	1.000000	1.000000	0.000000	0.000000	True	8229600	1143000
joint_user_outcomes_michael_fullerton_29.06.12.ppt	GROUPSCALE	1.000000	1.000000	0.000000	0.000000	True	8229600	4389437
joint_user_outcomes_michael_fullerton_29.06.12.ppt	GROUPSCALE	1.000000	1.000000	0.000000	0.000000	True	8229600	863600
joint_user_outcomes_michael_fullerton_29.06.12.ppt	GROUPSCALE	1.000000	1.000000	0.000000	0.000000	True	8229600	4608512
8.16_AOD_FINAL_Provider_Training_Presentation_9_2009.ppt	GROUPSCALE	1.000000	1.000000	0.000000	0.000000	True	587375	488950
8.16_AOD_FINAL_Provider_Training_Presentation_9_2009.ppt	GROUPSCALE	1.000000	1.000000	0.000000	0.000000	True	7779736	997936
8.16_AOD_FINAL_Provider_Training_Presentation_9_2009.ppt	GROUPSCALE	1.000000	1.000000	0.000000	0.000000	True	587375	488950
8.16_AOD_FINAL_Provider_Training_Presentation_9_2009.ppt	GROUPSCALE	1.000000	1.000000	0.000000	0.000000	True	7779736	997936
8.16_AOD_FINAL_Provider_Training_Presentation_9_2009.ppt	GROUPSCALE	1.000000	1.000000	0.000000	0.000000	True	7694612	4343400
8.16_AOD_FINAL_Provider_Training_Presentation_9_2009.ppt	GROUPSCALE	1.000000	1.000000	0.000000	0.000000	True	587375	488950
8.16_AOD_FINAL_Provider_Training_Presentation_9_2009.ppt	GROUPSCALE	1.000000	1.000000	0.000000	0.000000	True	7779736	997936
8.16_AOD_FINAL_Provider_Training_Presentation_9_2009.ppt	GROUPSCALE	1.000000	1.000000	0.000000	0.000000	True	7694612	4343400
8.16_AOD_FINAL_Provider_Training_Presentation_9_2009.ppt	GROUPSCALE	1.000000	1.000000	0.000000	0.000000	True	587375	488950
8.16_AOD_FINAL_Provider_Training_Presentation_9_2009.ppt	GROUPSCALE	1.000000	1.000000	0.000000	0.000000	True	7779736	997936
8.16_AOD_FINAL_Provider_Training_Presentation_9_2009.ppt	GROUPSCALE	1.000000	1.000000	0.000000	0.000000	True	7694612	4343400
8.16_AOD_FINAL_Provider_Training_Presentation_9_2009.ppt	GROUPSCALE	1.000000	1.000000	0.000000	0.000000	True	587375	488950
8.16_AOD_FINAL_Provider_Training_Presentation_9_2009.ppt	GROUPSCALE	1.000000	1.000000	0.000000	0.000000	True	7779736	997936
8.16_AOD_FINAL_Provider_Training_Presentation_9_2009.ppt	GROUPSCALE	1.000000	1.000000	0.000000	0.000000	True	7694612	3724275
8.16_AOD_FINAL_Provider_Training_Presentation_9_2009.ppt	GROUPSCALE	1.000000	1.000000	0.000000	0.000000	True	587375	488950
8.16_AOD_FINAL_Provider_Training_Presentation_9_2009.ppt	GROUPSCALE	1.000000	1.000000	0.000000	0.000000	True	7779736	997936
8.16_AOD_FINAL_Provider_Training_Presentation_9_2009.ppt	GROUPSCALE	1.000000	1.000000	0.000000	0.000000	True	7694612	3724275
8.16_AOD_FINAL_Provider_Training_Presentation_9_2009.ppt	GROUPSCALE	1.000000	1.000000	0.000000	0.000000	True	588962	488950
8.16_AOD_FINAL_Provider_Training_Presentation_9_2009.ppt	GROUPSCALE	1.000000	1.000000	0.000000	0.000000	True	7671645	1347045
8.16_AOD_FINAL_Provider_Training_Presentation_9_2009.ppt	GROUPSCALE	1.000000	1.000000	0.000000	0.000000	True	4800600	1822450
8.16_AOD_FINAL_Provider_Training_Presentation_9_2009.ppt	GROUPSCALE	1.000000	1.000000	0.000000	0.000000	True	587375	488950
8.16_AOD_FINAL_Provider_Training_Presentation_9_2009.ppt	GROUPSCALE	1.000000	1.000000	0.000000	0.000000	True	7779736	997936
8.16_AOD_FINAL_Provider_Training_Presentation_9_2009.ppt	GROUPSCALE	1.000000	1.000000	0.000000	0.000000	True	7694612	3724275
8.16_AOD_FINAL_Provider_Training_Presentation_9_2009.ppt	GROUPSCALE	1.000000	1.000000	0.000000	0.000000	True	2133600	476250
8.16_AOD_FINAL_Provider_Training_Presentation_9_2009.ppt	GROUPSCALE	1.000000	1.000000	0.000000	0.000000	True	838200	838200
8.16_AOD_FINAL_Provider_Training_Presentation_9_2009.ppt	GROUPSCALE	1.000000	1.000000	0.000000	0.000000	True	914400	228600
8.16_AOD_FINAL_Provider_Training_Presentation_9_2009.ppt	GROUPSCALE	1.000000	1.000000	0.000000	0.000000	True	587375	488950
8.16_AOD_FINAL_Provider_Training_Presentation_9_2009.ppt	GROUPSCALE	1.000000	1.000000	0.000000	0.000000	True	7779736	997936
8.16_AOD_FINAL_Provider_Training_Presentation_9_2009.ppt	GROUPSCALE	1.000000	1.000000	0.000000	0.000000	True	7694612	4343400
8.16_AOD_FINAL_Provider_Training_Presentation_9_2009.ppt	GROUPSCALE	1.000000	1.000000	0.000000	0.000000	True	587375	488950
8.16_AOD_FINAL_Provider_Training_Presentation_9_2009.ppt	GROUPSCALE	1.000000	1.000000	0.000000	0.000000	True	7779736	997936
8.16_AOD_FINAL_Provider_Training_Presentation_9_2009.ppt	GROUPSCALE	1.000000	1.000000	0.000000	0.000000	True	7694612	4495800
8.16_AOD_FINAL_Provider_Training_Presentation_9_2009.ppt	GROUPSCALE	1.000000	1.000000	0.000000	0.000000	True	2133600	476250
8.16_AOD_FINAL_Provider_Training_Presentation_9_2009.ppt	GROUPSCALE	1.000000	1.000000	0.000000	0.000000	True	8229600	487362
8.16_AOD_FINAL_Provider_Training_Presentation_9_2009.ppt	GROUPSCALE	1.000000	1.000000	0.000000	0.000000	True	1905000	1697037
8.16_AOD_FINAL_Provider_Training_Presentation_9_2009.ppt	GROUPSCALE	1.000000	1.000000	0.000000	0.000000	True	152400	152400
8.16_AOD_FINAL_Provider_Training_Presentation_9_2009.ppt	GROUPSCALE	1.000000	1.000000	0.000000	0.000000	True	2133600	1377950
8.16_AOD_FINAL_Provider_Training_Presentation_9_2009.ppt	GROUPSCALE	1.000000	1.000000	0.000000	0.000000	True	587375	488950
8.16_AOD_FINAL_Provider_Training_Presentation_9_2009.ppt	GROUPSCALE	1.000000	1.000000	0.000000	0.000000	True	7779736	997936
8.16_AOD_FINAL_Provider_Training_Presentation_9_2009.ppt	GROUPSCALE	1.000000	1.000000	0.000000	0.000000	True	7694612	3724275
8.16_AOD_FINAL_Provider_Training_Presentation_9_2009.ppt	GROUPSCALE	1.000000	1.000000	0.000000	0.000000	True	587375	488950
8.16_AOD_FINAL_Provider_Training_Presentation_9_2009.ppt	GROUPSCALE	1.000000	1.000000	0.000000	0.000000	True	7779736	997936
8.16_AOD_FINAL_Provider_Training_Presentation_9_2009.ppt	GROUPSCALE	1.000000	1.000000	0.000000	0.000000	True	7694612	4343400
8.16_AOD_FINAL_Provider_Training_Presentation_9_2009.ppt	GROUPSCALE	1.000000	1.000000	0.000000	0.000000	True	587375	488950
8.16_AOD_FINAL_Provider_Training_Presentation_9_2009.ppt	GROUPSCALE	1.000000	1.000000	0.000000	0.000000	True	7779736	997936
8.16_AOD_FINAL_Provider_Training_Presentation_9_2009.ppt	GROUPSCALE	1.000000	1.000000	0.000000	0.000000	True	7694612	3724275
8.16_AOD_FINAL_Provider_Training_Presentation_9_2009.ppt	GROUPSCALE	1.000000	1.000000	0.000000	0.000000	True	2133600	476250
8.16_AOD_FINAL_Provider_Training_Presentation_9_2009.ppt	GROUPSCALE	1.000000	1.000000	0.000000	0.000000	True	1979612	1200150
8.16_AOD_FINAL_Provider_Training_Presentation_9_2009.ppt	GROUPSCALE	1.000000	1.000000	0.000000	0.000000	True	1676400	925512
8.16_AOD_FINAL_Provider_Training_Presentation_9_2009.ppt	GROUPSCALE	1.000000	1.000000	0.000000	0.000000	True	2133600	476250
8.16_AOD_FINAL_Provider_Training_Presentation_9_2009.ppt	GROUPSCALE	1.000000	1.000000	0.000000	0.000000	True	2209800	925512
8.16_AOD_FINAL_Provider_Training_Presentation_9_2009.ppt	GROUPSCALE	1.000000	1.000000	0.000000	0.000000	True	2286000	835025
8.16_AOD_FINAL_Provider_Training_Presentation_9_2009.ppt	GROUPSCALE	1.000000	1.000000	0.000000	0.000000	True	2133600	476250
8.16_AOD_FINAL_Provider_Training_Presentation_9_2009.ppt	GROUPSCALE	1.000000	1.000000	0.000000	0.000000	True	8229600	1143000
8.16_AOD_FINAL_Provider_Training_Presentation_9_2009.ppt	GROUPSCALE	1.000000	1.000000	0.000000	0.000000	True	1828800	952500
8.16_AOD_FINAL_Provider_Training_Presentation_9_2009.ppt	GROUPSCALE	1.000000	1.000000	0.000000	0.000000	True	587375	488950
8.16_AOD_FINAL_Provider_Training_Presentation_9_2009.ppt	GROUPSCALE	1.000000	1.000000	0.000000	0.000000	True	7843605	558567
8.16_AOD_FINAL_Provider_Training_Presentation_9_2009.ppt	GROUPSCALE	1.000000	1.000000	0.000000	0.000000	True	8382000	4572000
8.16_AOD_FINAL_Provider_Training_Presentation_9_2009.ppt	GROUPSCALE	1.000000	1.000000	0.000000	0.000000	True	2133600	476250
8.16_AOD_FINAL_Provider_Training_Presentation_9_2009.ppt	GROUPSCALE	1.000000	1.000000	0.000000	0.000000	True	8229600	792162
8.16_AOD_FINAL_Provider_Training_Presentation_9_2009.ppt	GROUPSCALE	1.000000	1.000000	0.000000	0.000000	True	2592387	942975
8.16_AOD_FINAL_Provider_Training_Presentation_9_2009.ppt	GROUPSCALE	1.000000	1.000000	0.000000	0.000000	True	587375	488950
8.16_AOD_FINAL_Provider_Training_Presentation_9_2009.ppt	GROUPSCALE	1.000000	1.000000	0.000000	0.000000	True	7843605	558567
8.16_AOD_FINAL_Provider_Training_Presentation_9_2009.ppt	GROUPSCALE	1.000000	1.000000	0.000000	0.000000	True	8382000	4572000
8.16_AOD_FINAL_Provider_Training_Presentation_9_2009.ppt	GROUPSCALE	1.000000	1.000000	0.000000	0.000000	True	2133600	476250
8.16_AOD_FINAL_Provider_Training_Presentation_9_2009.ppt	GROUPSCALE	1.000000	1.000000	0.000000	0.000000	True	8229600	715962
8.16_AOD_FINAL_Provider_Training_Presentation_9_2009.ppt	GROUPSCALE	1.000000	1.000000	0.000000	0.000000	True	2592387	1368425
8.16_AOD_FINAL_Provider_Training_Presentation_9_2009.ppt	GROUPSCALE	1.000000	1.000000	0.000000	0.000000	True	2133600	476250
8.16_AOD_FINAL_Provider_Training_Presentation_9_2009.ppt	GROUPSCALE	1.000000	1.000000	0.000000	0.000000	True	8229600	639762
8.16_AOD_FINAL_Provider_Training_Presentation_9_2009.ppt	GROUPSCALE	1.000000	1.000000	0.000000	0.000000	True	3352800	290512
8.16_AOD_FINAL_Provider_Training_Presentation_9_2009.ppt	GROUPSCALE	1.000000	1.000000	0.000000	0.000000	True	2438400	1049337
8.16_AOD_FINAL_Provider_Training_Presentation_9_2009.ppt	GROUPSCALE	1.000000	1.000000	0.000000	0.000000	True	587375	488950
8.16_AOD_FINAL_Provider_Training_Presentation_9_2009.ppt	GROUPSCALE	1.000000	1.000000	0.000000	0.000000	True	7779736	997936
8.16_AOD_FINAL_Provider_Training_Presentation_9_2009.ppt	GROUPSCALE	1.000000	1.000000	0.000000	0.000000	True	7694612	3724275
8.16_AOD_FINAL_Provider_Training_Presentation_9_2009.ppt	GROUPSCALE	1.000000	1.000000	0.000000	0.000000	True	587375	488950
8.16_AOD_FINAL_Provider_Training_Presentation_9_2009.ppt	GROUPSCALE	1.000000	1.000000	0.000000	0.000000	True	7779736	997936
8.16_AOD_FINAL_Provider_Training_Presentation_9_2009.ppt	GROUPSCALE	1.000000	1.000000	0.000000	0.000000	True	7694612	3724275
8.16_AOD_FINAL_Provider_Training_Presentation_9_2009.ppt	GROUPSCALE	1.000000	1.000000	0.000000	0.000000	True	587375	488950
8.16_AOD_FINAL_Provider_Training_Presentation_9_2009.ppt	GROUPSCALE	1.000000	1.000000	0.000000	0.000000	True	7779736	997936
8.16_AOD_FINAL_Provider_Training_Presentation_9_2009.ppt	GROUPSCALE	1.000000	1.000000	0.000000	0.000000	True	7694612	4343400
8.16_AOD_FINAL_Provider_Training_Presentation_9_2009.ppt	GROUPSCALE	1.000000	1.000000	0.000000	0.000000	True	2133600	476250
8.16_AOD_FINAL_Provider_Training_Presentation_9_2009.ppt	GROUPSCALE	1.000000	1.000000	0.000000	0.000000	True	1295400	739775
8.16_AOD_FINAL_Provider_Training_Presentation_9_2009.ppt	GROUPSCALE	1.000000	1.000000	0.000000	0.000000	True	2133600	476250
8.16_AOD_FINAL_Provider_Training_Presentation_9_2009.ppt	GROUPSCALE	1.000000	1.000000	0.000000	0.000000	True	1295400	739775
8.16_AOD_FINAL_Provider_Training_Presentation_9_2009.ppt	GROUPSCALE	1.000000	1.000000	0.000000	0.000000	True	2970212	942975
8.16_AOD_FINAL_Provider_Training_Presentation_9_2009.ppt	GROUPSCALE	1.000000	1.000000	0.000000	0.000000	True	587375	488950
8.16_AOD_FINAL_Provider_Training_Presentation_9_2009.ppt	GROUPSCALE	1.000000	1.000000	0.000000	0.000000	True	5334000	762000
8.16_AOD_FINAL_Provider_Training_Presentation_9_2009.ppt	GROUPSCALE	1.000000	1.000000	0.000000	0.000000	True	588962	488950
8.16_AOD_FINAL_Provider_Training_Presentation_9_2009.ppt	GROUPSCALE	1.000000	1.000000	0.000000	0.000000	True	7671645	1347045
8.16_AOD_FINAL_Provider_Training_Presentation_9_2009.ppt	GROUPSCALE	1.000000	1.000000	0.000000	0.000000	True	4013200	1822450
8.16_AOD_FINAL_Provider_Training_Presentation_9_2009.ppt	GROUPSCALE	1.000000	1.000000	0.000000	0.000000	True	587375	488950
8.16_AOD_FINAL_Provider_Training_Presentation_9_2009.ppt	GROUPSCALE	1.000000	1.000000	0.000000	0.000000	True	7779736	997936
8.16_AOD_FINAL_Provider_Training_Presentation_9_2009.ppt	GROUPSCALE	1.000000	1.000000	0.000000	0.000000	True	7772400	1828800
8.16_AOD_FINAL_Provider_Training_Presentation_9_2009.ppt	GROUPSCALE	1.000000	1.000000	0.000000	0.000000	True	7467600	2017712
8.16_AOD_FINAL_Provider_Training_Presentation_9_2009.ppt	GROUPSCALE	1.000000	1.000000	0.000000	0.000000	True	587375	488950
8.16_AOD_FINAL_Provider_Training_Presentation_9_2009.ppt	GROUPSCALE	1.000000	1.000000	0.000000	0.000000	True	7269506	838543
8.16_AOD_FINAL_Provider_Training_Presentation_9_2009.ppt	GROUPSCALE	1.000000	1.000000	0.000000	0.000000	True	8077200	4953000
8.16_AOD_FINAL_Provider_Training_Presentation_9_2009.ppt	GROUPSCALE	1.000000	1.000000	0.000000	0.000000	True	587375	488950
8.16_AOD_FINAL_Provider_Training_Presentation_9_2009.ppt	GROUPSCALE	1.000000	1.000000	0.000000	0.000000	True	7269506	838543
8.16_AOD_FINAL_Provider_Training_Presentation_9_2009.ppt	GROUPSCALE	1.000000	1.000000	0.000000	0.000000	True	8077200	4953000
8.16_AOD_FINAL_Provider_Training_Presentation_9_2009.ppt	GROUPSCALE	1.000000	1.000000	0.000000	0.000000	True	1098550	311150
8.16_AOD_FINAL_Provider_Training_Presentation_9_2009.ppt	GROUPSCALE	1.000000	1.000000	0.000000	0.000000	True	587375	488950
8.16_AOD_FINAL_Provider_Training_Presentation_9_2009.ppt	GROUPSCALE	1.000000	1.000000	0.000000	0.000000	True	7779736	997936
8.16_AOD_FINAL_Provider_Training_Presentation_9_2009.ppt	GROUPSCALE	1.000000	1.000000	0.000000	0.000000	True	8229600	4343400
8.16_AOD_FINAL_Provider_Training_Presentation_9_2009.ppt	GROUPSCALE	1.000000	1.000000	0.000000	0.000000	True	2133600	476250
8.16_AOD_FINAL_Provider_Training_Presentation_9_2009.ppt	GROUPSCALE	1.000000	1.000000	0.000000	0.000000	True	588962	488950
8.16_AOD_FINAL_Provider_Training_Presentation_9_2009.ppt	GROUPSCALE	1.000000	1.000000	0.000000	0.000000	True	7671645	1347045
8.16_AOD_FINAL_Provider_Training_Presentation_9_2009.ppt	GROUPSCALE	1.000000	1.000000	0.000000	0.000000	True	587375	488950
8.16_AOD_FINAL_Provider_Training_Presentation_9_2009.ppt	GROUPSCALE	1.000000	1.000000	0.000000	0.000000	True	7779736	997936
8.16_AOD_FINAL_Provider_Training_Presentation_9_2009.ppt	GROUPSCALE	1.000000	1.000000	0.000000	0.000000	True	7694612	3724275
8.16_AOD_FINAL_Provider_Training_Presentation_9_2009.ppt	GROUPSCALE	1.000000	1.000000	0.000000	0.000000	True	587375	488950
8.16_AOD_FINAL_Provider_Training_Presentation_9_2009.ppt	GROUPSCALE	1.000000	1.000000	0.000000	0.000000	True	7795250	891212
8.16_AOD_FINAL_Provider_Training_Presentation_9_2009.ppt	GROUPSCALE	1.000000	1.000000	0.000000	0.000000	True	8229600	4343400
8.16_AOD_FINAL_Provider_Training_Presentation_9_2009.ppt	GROUPSCALE	1.000000	1.000000	0.000000	0.000000	True	587375	488950
8.16_AOD_FINAL_Provider_Training_Presentation_9_2009.ppt	GROUPSCALE	1.000000	1.000000	0.000000	0.000000	True	7779736	997936
8.16_AOD_FINAL_Provider_Training_Presentation_9_2009.ppt	GROUPSCALE	1.000000	1.000000	0.000000	0.000000	True	7694612	4343400
8.16_AOD_FINAL_Provider_Training_Presentation_9_2009.ppt	GROUPSCALE	1.000000	1.000000	0.000000	0.000000	True	588962	488950
8.16_AOD_FINAL_Provider_Training_Presentation_9_2009.ppt	GROUPSCALE	1.000000	1.000000	0.000000	0.000000	True	7671645	1347045
8.16_AOD_FINAL_Provider_Training_Presentation_9_2009.ppt	GROUPSCALE	1.000000	1.000000	0.000000	0.000000	True	1695450	366712
8.16_AOD_FINAL_Provider_Training_Presentation_9_2009.ppt	GROUPSCALE	1.000000	1.000000	0.000000	0.000000	True	587375	488950
8.16_AOD_FINAL_Provider_Training_Presentation_9_2009.ppt	GROUPSCALE	1.000000	1.000000	0.000000	0.000000	True	8229600	4191000
8.16_AOD_FINAL_Provider_Training_Presentation_9_2009.ppt	GROUPSCALE	1.000000	1.000000	0.000000	0.000000	True	5427662	1066800
8.16_AOD_FINAL_Provider_Training_Presentation_9_2009.ppt	GROUPSCALE	1.000000	1.000000	0.000000	0.000000	True	587375	488950
8.16_AOD_FINAL_Provider_Training_Presentation_9_2009.ppt	GROUPSCALE	1.000000	1.000000	0.000000	0.000000	True	7779736	997936
8.16_AOD_FINAL_Provider_Training_Presentation_9_2009.ppt	GROUPSCALE	1.000000	1.000000	0.000000	0.000000	True	8077200	4572000
8.16_AOD_FINAL_Provider_Training_Presentation_9_2009.ppt	GROUPSCALE	1.000000	1.000000	0.000000	0.000000	True	2133600	476250
8.16_AOD_FINAL_Provider_Training_Presentation_9_2009.ppt	GROUPSCALE	1.000000	1.000000	0.000000	0.000000	True	588962	488950
8.16_AOD_FINAL_Provider_Training_Presentation_9_2009.ppt	GROUPSCALE	1.000000	1.000000	0.000000	0.000000	True	7671645	1347045
8.16_AOD_FINAL_Provider_Training_Presentation_9_2009.ppt	GROUPSCALE	1.000000	1.000000	0.000000	0.000000	True	4724400	2235200
8.16_AOD_FINAL_Provider_Training_Presentation_9_2009.ppt	GROUPSCALE	1.000000	1.000000	0.000000	0.000000	True	587375	488950
8.16_AOD_FINAL_Provider_Training_Presentation_9_2009.ppt	GROUPSCALE	1.000000	1.000000	0.000000	0.000000	True	7779736	997936
8.16_AOD_FINAL_Provider_Training_Presentation_9_2009.ppt	GROUPSCALE	1.000000	1.000000	0.000000	0.000000	True	7694612	4343400
8.16_AOD_FINAL_Provider_Training_Presentation_9_2009.ppt	GROUPSCALE	1.000000	1.000000	0.000000	0.000000	True	587375	488950
8.16_AOD_FINAL_Provider_Training_Presentation_9_2009.ppt	GROUPSCALE	1.000000	1.000000	0.000000	0.000000	True	8074865	1064465
8.16_AOD_FINAL_Provider_Training_Presentation_9_2009.ppt	GROUPSCALE	1.000000	1.000000	0.000000	0.000000	True	7543800	4267200
8.16_AOD_FINAL_Provider_Training_Presentation_9_2009.ppt	GROUPSCALE	1.000000	1.000000	0.000000	0.000000	True	587375	488950
8.16_AOD_FINAL_Provider_Training_Presentation_9_2009.ppt	GROUPSCALE	1.000000	1.000000	0.000000	0.000000	True	7779736	997936
8.16_AOD_FINAL_Provider_Training_Presentation_9_2009.ppt	GROUPSCALE	1.000000	1.000000	0.000000	0.000000	True	8305800	4572000
8.16_AOD_FINAL_Provider_Training_Presentation_9_2009.ppt	GROUPSCALE	1.000000	1.000000	0.000000	0.000000	True	587375	488950
8.16_AOD_FINAL_Provider_Training_Presentation_9_2009.ppt	GROUPSCALE	1.000000	1.000000	0.000000	0.000000	True	8103878	864878
8.16_AOD_FINAL_Provider_Training_Presentation_9_2009.ppt	GROUPSCALE	1.000000	1.000000	0.000000	0.000000	True	8229600	4572000
8.16_AOD_FINAL_Provider_Training_Presentation_9_2009.ppt	GROUPSCALE	1.000000	1.000000	0.000000	0.000000	True	587375	488950
8.16_AOD_FINAL_Provider_Training_Presentation_9_2009.ppt	GROUPSCALE	1.000000	1.000000	0.000000	0.000000	True	7779736	997936
8.16_AOD_FINAL_Provider_Training_Presentation_9_2009.ppt	GROUPSCALE	1.000000	1.000000	0.000000	0.000000	True	7694612	4343400
8.16_AOD_FINAL_Provider_Training_Presentation_9_2009.ppt	GROUPSCALE	1.000000	1.000000	0.000000	0.000000	True	588962	488950
8.16_AOD_FINAL_Provider_Training_Presentation_9_2009.ppt	GROUPSCALE	1.000000	1.000000	0.000000	0.000000	True	7671645	1347045
8.16_AOD_FINAL_Provider_Training_Presentation_9_2009.ppt	GROUPSCALE	1.000000	1.000000	0.000000	0.000000	True	4013200	1822450
8.16_AOD_FINAL_Provider_Training_Presentation_9_2009.ppt	GROUPSCALE	1.000000	1.000000	0.000000	0.000000	True	587375	488950
8.16_AOD_FINAL_Provider_Training_Presentation_9_2009.ppt	GROUPSCALE	1.000000	1.000000	0.000000	0.000000	True	7779736	997936
8.16_AOD_FINAL_Provider_Training_Presentation_9_2009.ppt	GROUPSCALE	1.000000	1.000000	0.000000	0.000000	True	8229600	4525962
8.16_AOD_FINAL_Provider_Training_Presentation_9_2009.ppt	GROUPSCALE	1.000000	1.000000	0.000000	0.000000	True	2133600	476250
8.16_AOD_FINAL_Provider_Training_Presentation_9_2009.ppt	GROUPSCALE	1.000000	1.000000	0.000000	0.000000	True	1066800	825500
8.16_AOD_FINAL_Provider_Training_Presentation_9_2009.ppt	GROUPSCALE	1.000000	1.000000	0.000000	0.000000	True	587375	488950
8.16_AOD_FINAL_Provider_Training_Presentation_9_2009.ppt	GROUPSCALE	1.000000	1.000000	0.000000	0.000000	True	7779736	997936
8.16_AOD_FINAL_Provider_Training_Presentation_9_2009.ppt	GROUPSCALE	1.000000	1.000000	0.000000	0.000000	True	2514600	428625
8.16_AOD_FINAL_Provider_Training_Presentation_9_2009.ppt	GROUPSCALE	1.000000	1.000000	0.000000	0.000000	True	1827212	1004887
8.16_AOD_FINAL_Provider_Training_Presentation_9_2009.ppt	GROUPSCALE	1.000000	1.000000	0.000000	0.000000	True	587375	488950
8.16_AOD_FINAL_Provider_Training_Presentation_9_2009.ppt	GROUPSCALE	1.000000	1.000000	0.000000	0.000000	True	7779736	997936
8.16_AOD_FINAL_Provider_Training_Presentation_9_2009.ppt	GROUPSCALE	1.000000	1.000000	0.000000	0.000000	True	7694612	4495800
8.16_AOD_FINAL_Provider_Training_Presentation_9_2009.ppt	GROUPSCALE	1.000000	1.000000	0.000000	0.000000	True	2133600	476250
8.16_AOD_FINAL_Provider_Training_Presentation_9_2009.ppt	GROUPSCALE	1.000000	1.000000	0.000000	0.000000	True	838200	228600
8.16_AOD_FINAL_Provider_Training_Presentation_9_2009.ppt	GROUPSCALE	1.000000	1.000000	0.000000	0.000000	True	762000	228600
8.16_AOD_FINAL_Provider_Training_Presentation_9_2009.ppt	GROUPSCALE	1.000000	1.000000	0.000000	0.000000	True	762000	228600
8.16_AOD_FINAL_Provider_Training_Presentation_9_2009.ppt	GROUPSCALE	1.000000	1.000000	0.000000	0.000000	True	587375	488950
8.16_AOD_FINAL_Provider_Training_Presentation_9_2009.ppt	GROUPSCALE	1.000000	1.000000	0.000000	0.000000	True	7779736	997936
8.16_AOD_FINAL_Provider_Training_Presentation_9_2009.ppt	GROUPSCALE	1.000000	1.000000	0.000000	0.000000	True	7694612	4267200
8.16_AOD_FINAL_Provider_Training_Presentation_9_2009.ppt	GROUPSCALE	1.000000	1.000000	0.000000	0.000000	True	587375	488950
8.16_AOD_FINAL_Provider_Training_Presentation_9_2009.ppt	GROUPSCALE	1.000000	1.000000	0.000000	0.000000	True	7779736	997936
8.16_AOD_FINAL_Provider_Training_Presentation_9_2009.ppt	GROUPSCALE	1.000000	1.000000	0.000000	0.000000	True	3276600	3724275
8.16_AOD_FINAL_Provider_Training_Presentation_9_2009.ppt	GROUPSCALE	1.000000	1.000000	0.000000	0.000000	True	3389312	3571875
8.16_AOD_FINAL_Provider_Training_Presentation_9_2009.ppt	GROUPSCALE	1.000000	1.000000	0.000000	0.000000	True	5943600	822325
8.16_AOD_FINAL_Provider_Training_Presentation_9_2009.ppt	GROUPSCALE	1.000000	1.000000	0.000000	0.000000	True	588962	488950
8.16_AOD_FINAL_Provider_Training_Presentation_9_2009.ppt	GROUPSCALE	1.000000	1.000000	0.000000	0.000000	True	7671645	1347045
8.16_AOD_FINAL_Provider_Training_Presentation_9_2009.ppt	GROUPSCALE	1.000000	1.000000	0.000000	0.000000	True	1803400	1822450
8.16_AOD_FINAL_Provider_Training_Presentation_9_2009.ppt	GROUPSCALE	1.000000	1.000000	0.000000	0.000000	True	1803400	1822450
8.16_AOD_FINAL_Provider_Training_Presentation_9_2009.ppt	GROUPSCALE	1.000000	1.000000	0.000000	0.000000	True	587375	488950
8.16_AOD_FINAL_Provider_Training_Presentation_9_2009.ppt	GROUPSCALE	1.000000	1.000000	0.000000	0.000000	True	5638800	762000
8.16_AOD_FINAL_Provider_Training_Presentation_9_2009.ppt	GROUPSCALE	1.000000	1.000000	0.000000	0.000000	True	587375	488950
8.16_AOD_FINAL_Provider_Training_Presentation_9_2009.ppt	GROUPSCALE	1.000000	1.000000	0.000000	0.000000	True	7779736	997936
8.16_AOD_FINAL_Provider_Training_Presentation_9_2009.ppt	GROUPSCALE	1.000000	1.000000	0.000000	0.000000	True	7694612	4495800
8.16_AOD_FINAL_Provider_Training_Presentation_9_2009.ppt	GROUPSCALE	1.000000	1.000000	0.000000	0.000000	True	587375	488950
8.16_AOD_FINAL_Provider_Training_Presentation_9_2009.ppt	GROUPSCALE	1.000000	1.000000	0.000000	0.000000	True	7779736	997936
8.16_AOD_FINAL_Provider_Training_Presentation_9_2009.ppt	GROUPSCALE	1.000000	1.000000	0.000000	0.000000	True	8001000	4419600
8.16_AOD_FINAL_Provider_Training_Presentation_9_2009.ppt	GROUPSCALE	1.000000	1.000000	0.000000	0.000000	True	2133600	476250
8.16_AOD_FINAL_Provider_Training_Presentation_9_2009.ppt	GROUPSCALE	1.000000	1.000000	0.000000	0.000000	True	8229600	868362
8.16_AOD_FINAL_Provider_Training_Presentation_9_2009.ppt	GROUPSCALE	1.000000	1.000000	0.000000	0.000000	True	587375	488950
8.16_AOD_FINAL_Provider_Training_Presentation_9_2009.ppt	GROUPSCALE	1.000000	1.000000	0.000000	0.000000	True	7779736	997936
8.16_AOD_FINAL_Provider_Training_Presentation_9_2009.ppt	GROUPSCALE	1.000000	1.000000	0.000000	0.000000	True	8153400	4495800
8.16_AOD_FINAL_Provider_Training_Presentation_9_2009.ppt	GROUPSCALE	1.000000	1.000000	0.000000	0.000000	True	457200	214312
8.16_AOD_FINAL_Provider_Training_Presentation_9_2009.ppt	GROUPSCALE	1.000000	1.000000	0.000000	0.000000	True	2133600	476250
8.16_AOD_FINAL_Provider_Training_Presentation_9_2009.ppt	GROUPSCALE	1.000000	1.000000	0.000000	0.000000	True	8229600	868362
8.16_AOD_FINAL_Provider_Training_Presentation_9_2009.ppt	GROUPSCALE	1.000000	1.000000	0.000000	0.000000	True	587375	488950
8.16_AOD_FINAL_Provider_Training_Presentation_9_2009.ppt	GROUPSCALE	1.000000	1.000000	0.000000	0.000000	True	7779736	997936
8.16_AOD_FINAL_Provider_Training_Presentation_9_2009.ppt	GROUPSCALE	1.000000	1.000000	0.000000	0.000000	True	8077200	4495800
8.16_AOD_FINAL_Provider_Training_Presentation_9_2009.ppt	GROUPSCALE	1.000000	1.000000	0.000000	0.000000	True	2133600	476250
8.16_AOD_FINAL_Provider_Training_Presentation_9_2009.ppt	GROUPSCALE	1.000000	1.000000	0.000000	0.000000	True	8229600	609600
8.16_AOD_FINAL_Provider_Training_Presentation_9_2009.ppt	GROUPSCALE	1.000000	1.000000	0.000000	0.000000	True	587375	488950
8.16_AOD_FINAL_Provider_Training_Presentation_9_2009.ppt	GROUPSCALE	1.000000	1.000000	0.000000	0.000000	True	7779736	997936
8.16_AOD_FINAL_Provider_Training_Presentation_9_2009.ppt	GROUPSCALE	1.000000	1.000000	0.000000	0.000000	True	8153400	4343400
8.16_AOD_FINAL_Provider_Training_Presentation_9_2009.ppt	GROUPSCALE	1.000000	1.000000	0.000000	0.000000	True	2133600	476250
8.16_AOD_FINAL_Provider_Training_Presentation_9_2009.ppt	GROUPSCALE	1.000000	1.000000	0.000000	0.000000	True	8229600	792162
8.16_AOD_FINAL_Provider_Training_Presentation_9_2009.ppt	GROUPSCALE	1.000000	1.000000	0.000000	0.000000	True	588962	488950
8.16_AOD_FINAL_Provider_Training_Presentation_9_2009.ppt	GROUPSCALE	1.000000	1.000000	0.000000	0.000000	True	7671645	1347045
8.16_AOD_FINAL_Provider_Training_Presentation_9_2009.ppt	GROUPSCALE	1.000000	1.000000	0.000000	0.000000	True	587375	488950
8.16_AOD_FINAL_Provider_Training_Presentation_9_2009.ppt	GROUPSCALE	1.000000	1.000000	0.000000	0.000000	True	7779736	997936
8.16_AOD_FINAL_Provider_Training_Presentation_9_2009.ppt	GROUPSCALE	1.000000	1.000000	0.000000	0.000000	True	7694612	3724275
8.16_AOD_FINAL_Provider_Training_Presentation_9_2009.ppt	GROUPSCALE	1.000000	1.000000	0.000000	0.000000	True	587375	488950
8.16_AOD_FINAL_Provider_Training_Presentation_9_2009.ppt	GROUPSCALE	1.000000	1.000000	0.000000	0.000000	True	7779736	997936
8.16_AOD_FINAL_Provider_Training_Presentation_9_2009.ppt	GROUPSCALE	1.000000	1.000000	0.000000	0.000000	True	7239000	4343400
8.16_AOD_FINAL_Provider_Training_Presentation_9_2009.ppt	GROUPSCALE	1.000000	1.000000	0.000000	0.000000	True	587375	488950
8.16_AOD_FINAL_Provider_Training_Presentation_9_2009.ppt	GROUPSCALE	1.000000	1.000000	0.000000	0.000000	True	7779736	997936
8.16_AOD_FINAL_Provider_Training_Presentation_9_2009.ppt	GROUPSCALE	1.000000	1.000000	0.000000	0.000000	True	7694612	3724275
8.16_AOD_FINAL_Provider_Training_Presentation_9_2009.ppt	GROUPSCALE	1.000000	1.000000	0.000000	0.000000	True	587375	488950
8.16_AOD_FINAL_Provider_Training_Presentation_9_2009.ppt	GROUPSCALE	1.000000	1.000000	0.000000	0.000000	True	7779736	997936
8.16_AOD_FINAL_Provider_Training_Presentation_9_2009.ppt	GROUPSCALE	1.000000	1.000000	0.000000	0.000000	True	8077200	3724275
8.16_AOD_FINAL_Provider_Training_Presentation_9_2009.ppt	GROUPSCALE	1.000000	1.000000	0.000000	0.000000	True	587375	488950
8.16_AOD_FINAL_Provider_Training_Presentation_9_2009.ppt	GROUPSCALE	1.000000	1.000000	0.000000	0.000000	True	7779736	997936
8.16_AOD_FINAL_Provider_Training_Presentation_9_2009.ppt	GROUPSCALE	1.000000	1.000000	0.000000	0.000000	True	3581400	1254125
8.16_AOD_FINAL_Provider_Training_Presentation_9_2009.ppt	GROUPSCALE	1.000000	1.000000	0.000000	0.000000	True	3960812	1254125
8.16_AOD_FINAL_Provider_Training_Presentation_9_2009.ppt	GROUPSCALE	1.000000	1.000000	0.000000	0.000000	True	587375	488950
8.16_AOD_FINAL_Provider_Training_Presentation_9_2009.ppt	GROUPSCALE	1.000000	1.000000	0.000000	0.000000	True	7779736	997936
8.16_AOD_FINAL_Provider_Training_Presentation_9_2009.ppt	GROUPSCALE	1.000000	1.000000	0.000000	0.000000	True	7694612	3724275
8.16_AOD_FINAL_Provider_Training_Presentation_9_2009.ppt	GROUPSCALE	1.000000	1.000000	0.000000	0.000000	True	587375	488950
8.16_AOD_FINAL_Provider_Training_Presentation_9_2009.ppt	GROUPSCALE	1.000000	1.000000	0.000000	0.000000	True	7779736	997936
8.16_AOD_FINAL_Provider_Training_Presentation_9_2009.ppt	GROUPSCALE	1.000000	1.000000	0.000000	0.000000	True	2743200	3724275
8.16_AOD_FINAL_Provider_Training_Presentation_9_2009.ppt	GROUPSCALE	1.000000	1.000000	0.000000	0.000000	True	3427412	3657600
8.16_AOD_FINAL_Provider_Training_Presentation_9_2009.ppt	GROUPSCALE	1.000000	1.000000	0.000000	0.000000	True	587375	488950
8.16_AOD_FINAL_Provider_Training_Presentation_9_2009.ppt	GROUPSCALE	1.000000	1.000000	0.000000	0.000000	True	7779736	997936
8.16_AOD_FINAL_Provider_Training_Presentation_9_2009.ppt	GROUPSCALE	1.000000	1.000000	0.000000	0.000000	True	3276600	3724275
8.16_AOD_FINAL_Provider_Training_Presentation_9_2009.ppt	GROUPSCALE	1.000000	1.000000	0.000000	0.000000	True	3351212	3724275
8.16_AOD_FINAL_Provider_Training_Presentation_9_2009.ppt	GROUPSCALE	1.000000	1.000000	0.000000	0.000000	True	587375	488950
8.16_AOD_FINAL_Provider_Training_Presentation_9_2009.ppt	GROUPSCALE	1.000000	1.000000	0.000000	0.000000	True	7779736	997936
8.16_AOD_FINAL_Provider_Training_Presentation_9_2009.ppt	GROUPSCALE	1.000000	1.000000	0.000000	0.000000	True	7694612	4191000
8.16_AOD_FINAL_Provider_Training_Presentation_9_2009.ppt	GROUPSCALE	1.000000	1.000000	0.000000	0.000000	True	588962	488950
8.16_AOD_FINAL_Provider_Training_Presentation_9_2009.ppt	GROUPSCALE	1.000000	1.000000	0.000000	0.000000	True	7671645	1347045
8.16_AOD_FINAL_Provider_Training_Presentation_9_2009.ppt	GROUPSCALE	1.000000	1.000000	0.000000	0.000000	True	4013200	1822450
8.16_AOD_FINAL_Provider_Training_Presentation_9_2009.ppt	GROUPSCALE	1.000000	1.000000	0.000000	0.000000	True	587375	488950
8.16_AOD_FINAL_Provider_Training_Presentation_9_2009.ppt	GROUPSCALE	1.000000	1.000000	0.000000	0.000000	True	7779736	997936
8.16_AOD_FINAL_Provider_Training_Presentation_9_2009.ppt	GROUPSCALE	1.000000	1.000000	0.000000	0.000000	True	7694612	4495800
8.16_AOD_FINAL_Provider_Training_Presentation_9_2009.ppt	GROUPSCALE	1.000000	1.000000	0.000000	0.000000	True	587375	488950
8.16_AOD_FINAL_Provider_Training_Presentation_9_2009.ppt	GROUPSCALE	1.000000	1.000000	0.000000	0.000000	True	7779736	997936
8.16_AOD_FINAL_Provider_Training_Presentation_9_2009.ppt	GROUPSCALE	1.000000	1.000000	0.000000	0.000000	True	7694612	3724275
8.16_AOD_FINAL_Provider_Training_Presentation_9_2009.ppt	GROUPSCALE	1.000000	1.000000	0.000000	0.000000	True	587375	488950
8.16_AOD_FINAL_Provider_Training_Presentation_9_2009.ppt	GROUPSCALE	1.000000	1.000000	0.000000	0.000000	True	7779736	997936
8.16_AOD_FINAL_Provider_Training_Presentation_9_2009.ppt	GROUPSCALE	1.000000	1.000000	0.000000	0.000000	True	7694612	4343400
8.16_AOD_FINAL_Provider_Training_Presentation_9_2009.ppt	GROUPSCALE	1.000000	1.000000	0.000000	0.000000	True	587375	488950
8.16_AOD_FINAL_Provider_Training_Presentation_9_2009.ppt	GROUPSCALE	1.000000	1.000000	0.000000	0.000000	True	7779736	997936
8.16_AOD_FINAL_Provider_Training_Presentation_9_2009.ppt	GROUPSCALE	1.000000	1.000000	0.000000	0.000000	True	7694612	4267200
8.16_AOD_FINAL_Provider_Training_Presentation_9_2009.ppt	GROUPSCALE	1.000000	1.000000	0.000000	0.000000	True	587375	488950
8.16_AOD_FINAL_Provider_Training_Presentation_9_2009.ppt	GROUPSCALE	1.000000	1.000000	0.000000	0.000000	True	7779736	997936
8.16_AOD_FINAL_Provider_Training_Presentation_9_2009.ppt	GROUPSCALE	1.000000	1.000000	0.000000	0.000000	True	7694612	4343400
8.16_AOD_FINAL_Provider_Training_Presentation_9_2009.ppt	GROUPSCALE	1.000000	1.000000	0.000000	0.000000	True	587375	488950
8.16_AOD_FINAL_Provider_Training_Presentation_9_2009.ppt	GROUPSCALE	1.000000	1.000000	0.000000	0.000000	True	7779736	997936
8.16_AOD_FINAL_Provider_Training_Presentation_9_2009.ppt	GROUPSCALE	1.000000	1.000000	0.000000	0.000000	True	7694612	3724275
8.16_AOD_FINAL_Provider_Training_Presentation_9_2009.ppt	GROUPSCALE	1.000000	1.000000	0.000000	0.000000	True	2133600	476250
8.16_AOD_FINAL_Provider_Training_Presentation_9_2009.ppt	GROUPSCALE	1.000000	1.000000	0.000000	0.000000	True	1600200	715962
8.16_AOD_FINAL_Provider_Training_Presentation_9_2009.ppt	GROUPSCALE	1.000000	1.000000	0.000000	0.000000	True	2133600	476250
8.16_AOD_FINAL_Provider_Training_Presentation_9_2009.ppt	GROUPSCALE	1.000000	1.000000	0.000000	0.000000	True	1524000	1143000
8.16_AOD_FINAL_Provider_Training_Presentation_9_2009.ppt	GROUPSCALE	1.000000	1.000000	0.000000	0.000000	True	2133600	476250
8.16_AOD_FINAL_Provider_Training_Presentation_9_2009.ppt	GROUPSCALE	1.000000	1.000000	0.000000	0.000000	True	2133600	476250
8.16_AOD_FINAL_Provider_Training_Presentation_9_2009.ppt	GROUPSCALE	1.000000	1.000000	0.000000	0.000000	True	8458200	563562
8.16_AOD_FINAL_Provider_Training_Presentation_9_2009.ppt	GROUPSCALE	1.000000	1.000000	0.000000	0.000000	True	3125787	1368425
8.16_AOD_FINAL_Provider_Training_Presentation_9_2009.ppt	GROUPSCALE	1.000000	1.000000	0.000000	0.000000	True	2133600	476250
8.16_AOD_FINAL_Provider_Training_Presentation_9_2009.ppt	GROUPSCALE	1.000000	1.000000	0.000000	0.000000	True	587375	488950
8.16_AOD_FINAL_Provider_Training_Presentation_9_2009.ppt	GROUPSCALE	1.000000	1.000000	0.000000	0.000000	True	7779736	997936
8.16_AOD_FINAL_Provider_Training_Presentation_9_2009.ppt	GROUPSCALE	1.000000	1.000000	0.000000	0.000000	True	7694612	4343400
8.16_AOD_FINAL_Provider_Training_Presentation_9_2009.ppt	GROUPSCALE	1.000000	1.000000	0.000000	0.000000	True	587375	488950
8.16_AOD_FINAL_Provider_Training_Presentation_9_2009.ppt	GROUPSCALE	1.000000	1.000000	0.000000	0.000000	True	7779736	997936
8.16_AOD_FINAL_Provider_Training_Presentation_9_2009.ppt	GROUPSCALE	1.000000	1.000000	0.000000	0.000000	True	3770312	4267200
8.16_AOD_FINAL_Provider_Training_Presentation_9_2009.ppt	GROUPSCALE	1.000000	1.000000	0.000000	0.000000	True	3771900	3724275
8.16_AOD_FINAL_Provider_Training_Presentation_9_2009.ppt	GROUPSCALE	1.000000	1.000000	0.000000	0.000000	True	587375	488950
8.16_AOD_FINAL_Provider_Training_Presentation_9_2009.ppt	GROUPSCALE	1.000000	1.000000	0.000000	0.000000	True	7075762	598762
8.16_AOD_FINAL_Provider_Training_Presentation_9_2009.ppt	GROUPSCALE	1.000000	1.000000	0.000000	0.000000	True	4191000	4953000
8.16_AOD_FINAL_Provider_Training_Presentation_9_2009.ppt	GROUPSCALE	1.000000	1.000000	0.000000	0.000000	True	3581400	3730625
8.16_AOD_FINAL_Provider_Training_Presentation_9_2009.ppt	GROUPSCALE	1.000000	1.000000	0.000000	0.000000	True	587375	488950
8.16_AOD_FINAL_Provider_Training_Presentation_9_2009.ppt	GROUPSCALE	1.000000	1.000000	0.000000	0.000000	True	7779736	997936
8.16_AOD_FINAL_Provider_Training_Presentation_9_2009.ppt	GROUPSCALE	1.000000	1.000000	0.000000	0.000000	True	7010400	641350
Airport Planning 09112013.ppt	GROUPSCALE	1.000000	1.000000	0.000000	0.000000	True	1962150	558800
Airport Planning 09112013.ppt	GROUPSCALE	1.000000	1.000000	0.000000	0.000000	True	5375275	1395412
Airport Planning 09112013.ppt	GROUPSCALE	1.000000	1.000000	0.000000	0.000000	True	4951412	2043112
Airport Planning 09112013.ppt	GROUPSCALE	1.000000	1.000000	0.000000	0.000000	True	5254625	1311275
Airport Planning 09112013.ppt	GROUPSCALE	1.000000	1.000000	0.000000	0.000000	True	4784725	274637
Airport Planning 09112013.ppt	GROUPSCALE	1.000000	1.000000	0.000000	0.000000	True	1905000	457200
Airport Planning 09112013.ppt	GROUPSCALE	1.000000	1.000000	0.000000	0.000000	True	1370012	403225
Airport Planning 09112013.ppt	GROUPSCALE	1.000000	1.000000	0.000000	0.000000	True	3740150	274637
Airport Planning 09112013.ppt	GROUPSCALE	1.000000	1.000000	0.000000	0.000000	True	7772400	1143000
Airport Planning 09112013.ppt	GROUPSCALE	1.000000	1.000000	0.000000	0.000000	True	3124200	396875
Airport Planning 09112013.ppt	GROUPSCALE	1.000000	1.000000	0.000000	0.000000	True	1246187	396875
Airport Planning 09112013.ppt	GROUPSCALE	1.000000	1.000000	0.000000	0.000000	True	4784725	274637
Airport Planning 09112013.ppt	GROUPSCALE	1.000000	1.000000	0.000000	0.000000	True	1905000	457200
Airport Planning 09112013.ppt	GROUPSCALE	1.000000	1.000000	0.000000	0.000000	True	1370012	403225
Airport Planning 09112013.ppt	GROUPSCALE	1.000000	1.000000	0.000000	0.000000	True	4784725	274637
Airport Planning 09112013.ppt	GROUPSCALE	1.000000	1.000000	0.000000	0.000000	True	1905000	457200
Airport Planning 09112013.ppt	GROUPSCALE	1.000000	1.000000	0.000000	0.000000	True	1370012	403225
Airport Planning 09112013.ppt	GROUPSCALE	1.000000	1.000000	0.000000	0.000000	True	3740150	274637
Airport Planning 09112013.ppt	GROUPSCALE	1.000000	1.000000	0.000000	0.000000	True	8472487	609600
Airport Planning 09112013.ppt	GROUPSCALE	1.000000	1.000000	0.000000	0.000000	True	3951287	4824412
Airport Planning 09112013.ppt	GROUPSCALE	1.000000	1.000000	0.000000	0.000000	True	4784725	274637
Airport Planning 09112013.ppt	GROUPSCALE	1.000000	1.000000	0.000000	0.000000	True	1905000	457200
Airport Planning 09112013.ppt	GROUPSCALE	1.000000	1.000000	0.000000	0.000000	True	1370012	403225
Airport Planning 09112013.ppt	GROUPSCALE	1.000000	1.000000	0.000000	0.000000	True	3740150	274637
Airport Planning 09112013.ppt	GROUPSCALE	1.000000	1.000000	0.000000	0.000000	True	8472487	609600
Airport Planning 09112013.ppt	GROUPSCALE	1.000000	1.000000	0.000000	0.000000	True	8372475	5246687
Airport Planning 09112013.ppt	GROUPSCALE	1.000000	1.000000	0.000000	0.000000	True	4784725	274637
Airport Planning 09112013.ppt	GROUPSCALE	1.000000	1.000000	0.000000	0.000000	True	1905000	457200
Airport Planning 09112013.ppt	GROUPSCALE	1.000000	1.000000	0.000000	0.000000	True	1370012	403225
Airport Planning 09112013.ppt	GROUPSCALE	1.000000	1.000000	0.000000	0.000000	True	3740150	274637
Airport Planning 09112013.ppt	GROUPSCALE	1.000000	1.000000	0.000000	0.000000	True	8472487	609600
Airport Planning 09112013.ppt	GROUPSCALE	1.000000	1.000000	0.000000	0.000000	True	8372475	4795837
Airport Planning 09112013.ppt	GROUPSCALE	1.000000	1.000000	0.000000	0.000000	True	4784725	274637
Airport Planning 09112013.ppt	GROUPSCALE	1.000000	1.000000	0.000000	0.000000	True	1905000	457200
Airport Planning 09112013.ppt	GROUPSCALE	1.000000	1.000000	0.000000	0.000000	True	1370012	403225
Airport Planning 09112013.ppt	GROUPSCALE	1.000000	1.000000	0.000000	0.000000	True	3740150	274637
Airport Planning 09112013.ppt	GROUPSCALE	1.000000	1.000000	0.000000	0.000000	True	8472487	609600
Airport Planning 09112013.ppt	GROUPSCALE	1.000000	1.000000	0.000000	0.000000	True	8372475	4679950
Airport Planning 09112013.ppt	GROUPSCALE	1.000000	1.000000	0.000000	0.000000	True	4784725	274637
Airport Planning 09112013.ppt	GROUPSCALE	1.000000	1.000000	0.000000	0.000000	True	1905000	457200
Airport Planning 09112013.ppt	GROUPSCALE	1.000000	1.000000	0.000000	0.000000	True	1370012	403225
Airport Planning 09112013.ppt	GROUPSCALE	1.000000	1.000000	0.000000	0.000000	True	3740150	274637
Airport Planning 09112013.ppt	GROUPSCALE	1.000000	1.000000	0.000000	0.000000	True	8472487	609600
Airport Planning 09112013.ppt	GROUPSCALE	1.000000	1.000000	0.000000	0.000000	True	8372475	5043487
Airport Planning 09112013.ppt	GROUPSCALE	1.000000	1.000000	0.000000	0.000000	True	4784725	274637
Airport Planning 09112013.ppt	GROUPSCALE	1.000000	1.000000	0.000000	0.000000	True	1905000	457200
Airport Planning 09112013.ppt	GROUPSCALE	1.000000	1.000000	0.000000	0.000000	True	1370012	403225
Airport Planning 09112013.ppt	GROUPSCALE	1.000000	1.000000	0.000000	0.000000	True	3740150	274637
Airport Planning 09112013.ppt	GROUPSCALE	1.000000	1.000000	0.000000	0.000000	True	8472487	609600
Airport Planning 09112013.ppt	GROUPSCALE	1.000000	1.000000	0.000000	0.000000	True	8050212	4391025
EG1_dsrc tech.ppt	GROUPSCALE	1.000000	1.000000	0.000000	0.000000	True	7772400	1143000
EG1_dsrc tech.ppt	GROUPSCALE	1.000000	1.000000	0.000000	0.000000	True	7772400	1752600
EG1_dsrc tech.ppt	GROUPSCALE	1.000000	1.000000	0.000000	0.000000	True	4025900	214312
EG1_dsrc tech.ppt	GROUPSCALE	1.000000	1.000000	0.000000	0.000000	True	8458200	685800
EG1_dsrc tech.ppt	GROUPSCALE	1.000000	1.000000	0.000000	0.000000	True	8534400	4727575
EG1_dsrc tech.ppt	GROUPSCALE	1.000000	1.000000	0.000000	0.000000	True	4025900	214312
EG1_dsrc tech.ppt	GROUPSCALE	1.000000	1.000000	0.000000	0.000000	True	8458200	685800
EG1_dsrc tech.ppt	GROUPSCALE	1.000000	1.000000	0.000000	0.000000	True	8534400	5486400
EG1_dsrc tech.ppt	GROUPSCALE	1.000000	1.000000	0.000000	0.000000	True	1019175	701675
EG1_dsrc tech.ppt	GROUPSCALE	1.000000	1.000000	0.000000	0.000000	True	4025900	214312
EG1_dsrc tech.ppt	GROUPSCALE	1.000000	1.000000	0.000000	0.000000	True	8458200	685800
EG1_dsrc tech.ppt	GROUPSCALE	1.000000	1.000000	0.000000	0.000000	True	8534400	5486400
EG1_dsrc tech.ppt	GROUPSCALE	1.000000	1.000000	0.000000	0.000000	True	4025900	214312
EG1_dsrc tech.ppt	GROUPSCALE	1.000000	1.000000	0.000000	0.000000	True	8458200	685800
EG1_dsrc tech.ppt	GROUPSCALE	1.000000	1.000000	0.000000	0.000000	True	8534400	5486400
EG1_dsrc tech.ppt	GROUPSCALE	1.000000	1.000000	0.000000	0.000000	True	4025900	214312
EG1_dsrc tech.ppt	GROUPSCALE	1.000000	1.000000	0.000000	0.000000	True	8458200	685800
EG1_dsrc tech.ppt	GROUPSCALE	1.000000	1.000000	0.000000	0.000000	True	8534400	5486400
EG1_dsrc tech.ppt	GROUPSCALE	1.000000	1.000000	0.000000	0.000000	True	4025900	214312
EG1_dsrc tech.ppt	GROUPSCALE	1.000000	1.000000	0.000000	0.000000	True	8458200	685800
EG1_dsrc tech.ppt	GROUPSCALE	1.000000	1.000000	0.000000	0.000000	True	8534400	5486400
EG1_dsrc tech.ppt	GROUPSCALE	1.000000	1.000000	0.000000	0.000000	True	4025900	214312
EG1_dsrc tech.ppt	GROUPSCALE	1.000000	1.000000	0.000000	0.000000	True	8458200	685800
EG1_dsrc tech.ppt	GROUPSCALE	1.000000	1.000000	0.000000	0.000000	True	8124825	5486400
EG1_dsrc tech.ppt	GROUPSCALE	1.000000	1.000000	0.000000	0.000000	True	4025900	214312
EG1_dsrc tech.ppt	GROUPSCALE	1.000000	1.000000	0.000000	0.000000	True	8458200	685800
EG1_dsrc tech.ppt	GROUPSCALE	1.000000	1.000000	0.000000	0.000000	True	8124825	5486400
EG1_dsrc tech.ppt	GROUPSCALE	0.832259	0.832333	0.000000	0.000000	True	1435100	423862
EG1_dsrc tech.ppt	GROUPSCALE	0.832259	0.832333	0.000000	0.000000	True	666750	428625
EG1_dsrc tech.ppt	GROUPSCALE	0.832259	0.832333	0.000000	0.000000	True	2095500	427037
EG1_dsrc tech.ppt	GROUPSCALE	0.832259	0.832333	0.000000	0.000000	True	2095500	427037
EG1_dsrc tech.ppt	GROUPSCALE	0.832259	0.832333	0.000000	0.000000	True	2095500	425450
EG1_dsrc tech.ppt	GROUPSCALE	0.832259	0.832333	0.000000	0.000000	True	1800225	344487
EG1_dsrc tech.ppt	GROUPSCALE	0.832259	0.832333	0.000000	0.000000	True	942975	439737
EG1_dsrc tech.ppt	GROUPSCALE	1.000000	1.000000	0.000000	0.000000	True	4025900	214312
EG1_dsrc tech.ppt	GROUPSCALE	1.000000	1.000000	0.000000	0.000000	True	8458200	685800
EG1_dsrc tech.ppt	GROUPSCALE	1.000000	1.000000	0.000000	0.000000	True	8124825	5486400
EG1_dsrc tech.ppt	GROUPSCALE	1.000000	1.000000	0.000000	0.000000	True	2428875	347662
EG1_dsrc tech.ppt	GROUPSCALE	1.000000	1.000000	0.000000	0.000000	True	4025900	214312
EG1_dsrc tech.ppt	GROUPSCALE	1.000000	1.000000	0.000000	0.000000	True	8458200	685800
EG1_dsrc tech.ppt	GROUPSCALE	1.000000	1.000000	0.000000	0.000000	True	8124825	5486400
EG1_dsrc tech.ppt	GROUPSCALE	1.000000	1.000000	0.000000	0.000000	True	4025900	214312
EG1_dsrc tech.ppt	GROUPSCALE	1.000000	1.000000	0.000000	0.000000	True	8458200	685800
EG1_dsrc tech.ppt	GROUPSCALE	1.000000	1.000000	0.000000	0.000000	True	8534400	5486400
EG1_dsrc tech.ppt	GROUPSCALE	1.000000	1.000000	0.000000	0.000000	True	4025900	214312
EG1_dsrc tech.ppt	GROUPSCALE	1.000000	1.000000	0.000000	0.000000	True	8458200	685800
EG1_dsrc tech.ppt	GROUPSCALE	1.000000	1.000000	0.000000	0.000000	True	8534400	5486400
EG1_dsrc tech.ppt	GROUPSCALE	1.000000	1.000000	0.000000	0.000000	True	4025900	214312
EG1_dsrc tech.ppt	GROUPSCALE	1.000000	1.000000	0.000000	0.000000	True	8458200	685800
EG1_dsrc tech.ppt	GROUPSCALE	1.000000	1.000000	0.000000	0.000000	True	8534400	5486400
EG1_dsrc tech.ppt	GROUPSCALE	1.000000	1.000000	0.000000	0.000000	True	4025900	214312
EG1_dsrc tech.ppt	GROUPSCALE	1.000000	1.000000	0.000000	0.000000	True	8458200	685800
EG1_dsrc tech.ppt	GROUPSCALE	1.000000	1.000000	0.000000	0.000000	True	8572500	5486400
EG1_dsrc tech.ppt	GROUPSCALE	1.000000	1.000000	0.000000	0.000000	True	4025900	214312
EG1_dsrc tech.ppt	GROUPSCALE	1.000000	1.000000	0.000000	0.000000	True	8458200	685800
EG1_dsrc tech.ppt	GROUPSCALE	1.000000	1.000000	0.000000	0.000000	True	8534400	5486400
EG1_dsrc tech.ppt	GROUPSCALE	1.000000	1.000000	0.000000	0.000000	True	4025900	214312
EG1_dsrc tech.ppt	GROUPSCALE	1.000000	1.000000	0.000000	0.000000	True	8458200	685800
EG1_dsrc tech.ppt	GROUPSCALE	1.000000	1.000000	0.000000	0.000000	True	8839200	5486400
EG1_dsrc tech.ppt	GROUPSCALE	1.000000	1.000000	0.000000	0.000000	True	4025900	214312
EG1_dsrc tech.ppt	GROUPSCALE	1.000000	1.000000	0.000000	0.000000	True	8458200	685800
EG1_dsrc tech.ppt	GROUPSCALE	1.000000	1.000000	0.000000	0.000000	True	8372475	5486400
EG1_dsrc tech.ppt	GROUPSCALE	1.000000	1.000000	0.000000	0.000000	True	4025900	214312
EG1_dsrc tech.ppt	GROUPSCALE	1.000000	1.000000	0.000000	0.000000	True	8458200	685800
EG1_dsrc tech.ppt	GROUPSCALE	1.000000	1.000000	0.000000	0.000000	True	8534400	5486400
EG1_dsrc tech.ppt	GROUPSCALE	1.000000	1.000000	0.000000	0.000000	True	4025900	214312
EG1_dsrc tech.ppt	GROUPSCALE	1.000000	1.000000	0.000000	0.000000	True	8458200	685800
EG1_dsrc tech.ppt	GROUPSCALE	1.000000	1.000000	0.000000	0.000000	True	8524875	5486400
EG1_dsrc tech.ppt	GROUPSCALE	1.000000	1.000000	0.000000	0.000000	True	4025900	214312
EG1_dsrc tech.ppt	GROUPSCALE	1.000000	1.000000	0.000000	0.000000	True	8458200	685800
EG1_dsrc tech.ppt	GROUPSCALE	1.000000	1.000000	0.000000	0.000000	True	8534400	5486400
EG1_dsrc tech.ppt	GROUPSCALE	1.000000	1.000000	0.000000	0.000000	True	4025900	214312
EG1_dsrc tech.ppt	GROUPSCALE	1.000000	1.000000	0.000000	0.000000	True	8458200	685800
EG1_dsrc tech.ppt	GROUPSCALE	1.000000	1.000000	0.000000	0.000000	True	8667750	5486400
EG1_dsrc tech.ppt	GROUPSCALE	1.000000	1.000000	0.000000	0.000000	True	4025900	214312
EG1_dsrc tech.ppt	GROUPSCALE	1.000000	1.000000	0.000000	0.000000	True	8458200	685800
EG1_dsrc tech.ppt	GROUPSCALE	1.000000	1.000000	0.000000	0.000000	True	8534400	5486400
EG1_dsrc tech.ppt	GROUPSCALE	1.000000	1.000000	0.000000	0.000000	True	4025900	214312
EG1_dsrc tech.ppt	GROUPSCALE	1.000000	1.000000	0.000000	0.000000	True	8458200	685800
EG1_dsrc tech.ppt	GROUPSCALE	1.000000	1.000000	0.000000	0.000000	True	8534400	5486400
EG1_dsrc tech.ppt	GROUPSCALE	1.000000	1.000000	0.000000	0.000000	True	4025900	214312
EG1_dsrc tech.ppt	GROUPSCALE	1.000000	1.000000	0.000000	0.000000	True	8458200	685800
EG1_dsrc tech.ppt	GROUPSCALE	1.000000	1.000000	0.000000	0.000000	True	8658225	5486400
EG1_dsrc tech.ppt	GROUPSCALE	1.000000	1.000000	0.000000	0.000000	True	4025900	214312
EG1_dsrc tech.ppt	GROUPSCALE	1.000000	1.000000	0.000000	0.000000	True	8458200	685800
EG1_dsrc tech.ppt	GROUPSCALE	1.000000	1.000000	0.000000	0.000000	True	8534400	5486400
EG1_dsrc tech.ppt	GROUPSCALE	1.000000	1.000000	0.000000	0.000000	True	4025900	214312
EG1_dsrc tech.ppt	GROUPSCALE	1.000000	1.000000	0.000000	0.000000	True	8458200	685800
EG1_dsrc tech.ppt	GROUPSCALE	1.000000	1.000000	0.000000	0.000000	True	8534400	5486400
EG1_dsrc tech.ppt	GROUPSCALE	1.000000	1.000000	0.000000	0.000000	True	4025900	214312
EG1_dsrc tech.ppt	GROUPSCALE	1.000000	1.000000	0.000000	0.000000	True	8458200	685800
EG1_dsrc tech.ppt	GROUPSCALE	1.000000	1.000000	0.000000	0.000000	True	4191000	5486400
EG1_dsrc tech.ppt	GROUPSCALE	1.000000	1.000000	0.000000	0.000000	True	4025900	214312
EG1_dsrc tech.ppt	GROUPSCALE	1.000000	1.000000	0.000000	0.000000	True	8458200	685800
EG1_dsrc tech.ppt	GROUPSCALE	1.000000	1.000000	0.000000	0.000000	True	4191000	5486400
EG1_dsrc tech.ppt	GROUPSCALE	1.000000	1.000000	0.000000	0.000000	True	4025900	214312
EG1_dsrc tech.ppt	GROUPSCALE	1.000000	1.000000	0.000000	0.000000	True	8458200	685800
EG1_dsrc tech.ppt	GROUPSCALE	1.000000	1.000000	0.000000	0.000000	True	4191000	5486400
EG1_dsrc tech.ppt	GROUPSCALE	1.000000	1.000000	0.000000	0.000000	True	4025900	214312
EG1_dsrc tech.ppt	GROUPSCALE	1.000000	1.000000	0.000000	0.000000	True	8458200	685800
EG1_dsrc tech.ppt	GROUPSCALE	1.000000	1.000000	0.000000	0.000000	True	8534400	5486400
EG1_dsrc tech.ppt	GROUPSCALE	1.000000	1.000000	0.000000	0.000000	True	4025900	214312
EG1_dsrc tech.ppt	GROUPSCALE	1.000000	1.000000	0.000000	0.000000	True	8458200	685800
EG1_dsrc tech.ppt	GROUPSCALE	1.000000	1.000000	0.000000	0.000000	True	8839200	5486400
EG1_dsrc tech.ppt	GROUPSCALE	1.000000	1.000000	0.000000	0.000000	True	4025900	214312
EG1_dsrc tech.ppt	GROUPSCALE	1.000000	1.000000	0.000000	0.000000	True	8458200	685800
EG1_dsrc tech.ppt	GROUPSCALE	1.000000	1.000000	0.000000	0.000000	True	8534400	5486400
EG1_dsrc tech.ppt	GROUPSCALE	1.000000	1.000000	0.000000	0.000000	True	4025900	214312
EG1_dsrc tech.ppt	GROUPSCALE	1.000000	1.000000	0.000000	0.000000	True	8458200	685800
EG1_dsrc tech.ppt	GROUPSCALE	1.000000	1.000000	0.000000	0.000000	True	8534400	5486400
EG1_dsrc tech.ppt	GROUPSCALE	1.000000	1.000000	0.000000	0.000000	True	4025900	214312
EG1_dsrc tech.ppt	GROUPSCALE	1.000000	1.000000	0.000000	0.000000	True	8458200	685800
EG1_dsrc tech.ppt	GROUPSCALE	1.000000	1.000000	0.000000	0.000000	True	8534400	5486400
EG1_dsrc tech.ppt	GROUPSCALE	1.000000	1.000000	0.000000	0.000000	True	4025900	214312
EG1_dsrc tech.ppt	GROUPSCALE	1.000000	1.000000	0.000000	0.000000	True	8458200	685800
EG1_dsrc tech.ppt	GROUPSCALE	1.000000	1.000000	0.000000	0.000000	True	8534400	5486400
EG1_dsrc tech.ppt	GROUPSCALE	1.000000	1.000000	0.000000	0.000000	True	4025900	214312
EG1_dsrc tech.ppt	GROUPSCALE	1.000000	1.000000	0.000000	0.000000	True	8458200	685800
EG1_dsrc tech.ppt	GROUPSCALE	1.000000	1.000000	0.000000	0.000000	True	4025900	214312
EG1_dsrc tech.ppt	GROUPSCALE	1.000000	1.000000	0.000000	0.000000	True	8458200	685800
EG1_dsrc tech.ppt	GROUPSCALE	1.000000	1.000000	0.000000	0.000000	True	8534400	5486400
EG1_dsrc tech.ppt	GROUPSCALE	1.000000	1.000000	0.000000	0.000000	True	4025900	214312
EG1_dsrc tech.ppt	GROUPSCALE	1.000000	1.000000	0.000000	0.000000	True	8458200	685800
EG1_dsrc tech.ppt	GROUPSCALE	1.000000	1.000000	0.000000	0.000000	True	8534400	5486400
EG1_dsrc tech.ppt	GROUPSCALE	1.000000	1.000000	0.000000	0.000000	True	4025900	214312
EG1_dsrc tech.ppt	GROUPSCALE	1.000000	1.000000	0.000000	0.000000	True	8458200	685800
EG1_dsrc tech.ppt	GROUPSCALE	1.000000	1.000000	0.000000	0.000000	True	8324850	5486400
EG1_dsrc tech.ppt	GROUPSCALE	1.000000	1.000000	0.000000	0.000000	True	4025900	214312
EG1_dsrc tech.ppt	GROUPSCALE	1.000000	1.000000	0.000000	0.000000	True	8458200	685800
EG1_dsrc tech.ppt	GROUPSCALE	1.000000	1.000000	0.000000	0.000000	True	8439150	609600
EG1_dsrc tech.ppt	GROUPSCALE	1.000000	1.000000	0.000000	0.000000	True	4025900	214312
EG1_dsrc tech.ppt	GROUPSCALE	1.000000	1.000000	0.000000	0.000000	True	8458200	685800
EG1_dsrc tech.ppt	GROUPSCALE	1.000000	1.000000	0.000000	0.000000	True	8534400	5486400
EG1_dsrc tech.ppt	GROUPSCALE	1.000000	1.000000	0.000000	0.000000	True	4025900	214312
EG1_dsrc tech.ppt	GROUPSCALE	1.000000	1.000000	0.000000	0.000000	True	8458200	685800
EG1_dsrc tech.ppt	GROUPSCALE	1.000000	1.000000	0.000000	0.000000	True	8534400	5486400
EG1_dsrc tech.ppt	GROUPSCALE	1.000000	1.000000	0.000000	0.000000	True	4025900	214312
EG1_dsrc tech.ppt	GROUPSCALE	1.000000	1.000000	0.000000	0.000000	True	8458200	685800
EG1_dsrc tech.ppt	GROUPSCALE	1.000000	1.000000	0.000000	0.000000	True	8534400	5486400
EG1_dsrc tech.ppt	GROUPSCALE	1.000000	1.000000	0.000000	0.000000	True	4025900	214312
EG1_dsrc tech.ppt	GROUPSCALE	1.000000	1.000000	0.000000	0.000000	True	8458200	685800
EG1_dsrc tech.ppt	GROUPSCALE	1.000000	1.000000	0.000000	0.000000	True	8534400	5486400
Employment-Based_I-485.ppt	GROUPSCALE	1.000000	1.000000	0.000000	0.000000	True	1905000	457200
Employment-Based_I-485.ppt	GROUPSCALE	1.000000	1.000000	0.000000	0.000000	True	7772400	1462087
Employment-Based_I-485.ppt	GROUPSCALE	1.000000	1.000000	0.000000	0.000000	True	6400800	1066800
Employment-Based_I-485.ppt	GROUPSCALE	1.000000	1.000000	0.000000	0.000000	True	1905000	457200
Employment-Based_I-485.ppt	GROUPSCALE	1.000000	1.000000	0.000000	0.000000	True	7793037	1462087
Employment-Based_I-485.ppt	GROUPSCALE	1.000000	1.000000	0.000000	0.000000	True	7772400	4114800
Employment-Based_I-485.ppt	GROUPSCALE	1.000000	1.000000	0.000000	0.000000	True	1905000	457200
Employment-Based_I-485.ppt	GROUPSCALE	1.000000	1.000000	0.000000	0.000000	True	7793037	1462087
Employment-Based_I-485.ppt	GROUPSCALE	1.000000	1.000000	0.000000	0.000000	True	7772400	4114800
Employment-Based_I-485.ppt	GROUPSCALE	1.000000	1.000000	0.000000	0.000000	True	1905000	457200
Employment-Based_I-485.ppt	GROUPSCALE	1.000000	1.000000	0.000000	0.000000	True	7772400	4114800
Employment-Based_I-485.ppt	GROUPSCALE	1.000000	1.000000	0.000000	0.000000	True	7793037	1462087
Employment-Based_I-485.ppt	GROUPSCALE	1.000000	1.000000	0.000000	0.000000	True	1905000	457200
Employment-Based_I-485.ppt	GROUPSCALE	1.000000	1.000000	0.000000	0.000000	True	7793037	1462087
Employment-Based_I-485.ppt	GROUPSCALE	1.000000	1.000000	0.000000	0.000000	True	7772400	4535487
Employment-Based_I-485.ppt	GROUPSCALE	1.000000	1.000000	0.000000	0.000000	True	1905000	457200
Employment-Based_I-485.ppt	GROUPSCALE	1.000000	1.000000	0.000000	0.000000	True	7793037	1462087
Employment-Based_I-485.ppt	GROUPSCALE	1.000000	1.000000	0.000000	0.000000	True	7772400	4114800
Employment-Based_I-485.ppt	GROUPSCALE	1.000000	1.000000	0.000000	0.000000	True	1905000	457200
Employment-Based_I-485.ppt	GROUPSCALE	1.000000	1.000000	0.000000	0.000000	True	7793037	1462087
Employment-Based_I-485.ppt	GROUPSCALE	1.000000	1.000000	0.000000	0.000000	True	7772400	4114800
Employment-Based_I-485.ppt	GROUPSCALE	1.000000	1.000000	0.000000	0.000000	True	1905000	457200
Employment-Based_I-485.ppt	GROUPSCALE	1.000000	1.000000	0.000000	0.000000	True	7793037	1462087
Employment-Based_I-485.ppt	GROUPSCALE	1.000000	1.000000	0.000000	0.000000	True	7772400	4114800
Employment-Based_I-485.ppt	GROUPSCALE	1.000000	1.000000	0.000000	0.000000	True	1905000	457200
Employment-Based_I-485.ppt	GROUPSCALE	1.000000	1.000000	0.000000	0.000000	True	7793037	1462087
Employment-Based_I-485.ppt	GROUPSCALE	1.000000	1.000000	0.000000	0.000000	True	7772400	4459287
Employment-Based_I-485.ppt	GROUPSCALE	1.000000	1.000000	0.000000	0.000000	True	1905000	457200
Employment-Based_I-485.ppt	GROUPSCALE	1.000000	1.000000	0.000000	0.000000	True	7793037	1462087
Employment-Based_I-485.ppt	GROUPSCALE	1.000000	1.000000	0.000000	0.000000	True	7772400	4114800
Employment-Based_I-485.ppt	GROUPSCALE	1.000000	1.000000	0.000000	0.000000	True	1905000	457200
Employment-Based_I-485.ppt	GROUPSCALE	1.000000	1.000000	0.000000	0.000000	True	7793037	1462087
Employment-Based_I-485.ppt	GROUPSCALE	1.000000	1.000000	0.000000	0.000000	True	7772400	4114800
Employment-Based_I-485.ppt	GROUPSCALE	1.000000	1.000000	0.000000	0.000000	True	1905000	457200
Employment-Based_I-485.ppt	GROUPSCALE	1.000000	1.000000	0.000000	0.000000	True	7793037	1462087
Employment-Based_I-485.ppt	GROUPSCALE	1.000000	1.000000	0.000000	0.000000	True	7772400	4840287
Employment-Based_I-485.ppt	GROUPSCALE	1.000000	1.000000	0.000000	0.000000	True	1905000	457200
Employment-Based_I-485.ppt	GROUPSCALE	1.000000	1.000000	0.000000	0.000000	True	7793037	1462087
Employment-Based_I-485.ppt	GROUPSCALE	1.000000	1.000000	0.000000	0.000000	True	7772400	4535487
Employment-Based_I-485.ppt	GROUPSCALE	1.000000	1.000000	0.000000	0.000000	True	1905000	457200
Employment-Based_I-485.ppt	GROUPSCALE	1.000000	1.000000	0.000000	0.000000	True	7793037	1462087
Employment-Based_I-485.ppt	GROUPSCALE	1.000000	1.000000	0.000000	0.000000	True	7772400	4114800
Employment-Based_I-485.ppt	GROUPSCALE	1.000000	1.000000	0.000000	0.000000	True	1905000	457200
Employment-Based_I-485.ppt	GROUPSCALE	1.000000	1.000000	0.000000	0.000000	True	7793037	1462087
Employment-Based_I-485.ppt	GROUPSCALE	1.000000	1.000000	0.000000	0.000000	True	7772400	4114800
Employment-Based_I-485.ppt	GROUPSCALE	1.000000	1.000000	0.000000	0.000000	True	1905000	457200
Employment-Based_I-485.ppt	GROUPSCALE	1.000000	1.000000	0.000000	0.000000	True	7793037	1462087
Employment-Based_I-485.ppt	GROUPSCALE	1.000000	1.000000	0.000000	0.000000	True	7772400	4114800
Employment-Based_I-485.ppt	GROUPSCALE	1.000000	1.000000	0.000000	0.000000	True	1905000	457200
Employment-Based_I-485.ppt	GROUPSCALE	1.000000	1.000000	0.000000	0.000000	True	6697662	1538287
Employment-Based_I-485.ppt	GROUPSCALE	1.000000	1.000000	0.000000	0.000000	True	7772400	4114800
Employment-Based_I-485.ppt	GROUPSCALE	1.000000	1.000000	0.000000	0.000000	True	1905000	457200
Employment-Based_I-485.ppt	GROUPSCALE	1.000000	1.000000	0.000000	0.000000	True	7772400	4114800
Employment-Based_I-485.ppt	GROUPSCALE	1.000000	1.000000	0.000000	0.000000	True	7793037	1462087
Employment-Based_I-485.ppt	GROUPSCALE	1.000000	1.000000	0.000000	0.000000	True	1905000	457200
Employment-Based_I-485.ppt	GROUPSCALE	1.000000	1.000000	0.000000	0.000000	True	7793037	1462087
Employment-Based_I-485.ppt	GROUPSCALE	1.000000	1.000000	0.000000	0.000000	True	7772400	4687887
Employment-Based_I-485.ppt	GROUPSCALE	1.000000	1.000000	0.000000	0.000000	True	1905000	457200
Employment-Based_I-485.ppt	GROUPSCALE	1.000000	1.000000	0.000000	0.000000	True	7793037	1462087
Employment-Based_I-485.ppt	GROUPSCALE	1.000000	1.000000	0.000000	0.000000	True	7772400	4535487
Employment-Based_I-485.ppt	GROUPSCALE	1.000000	1.000000	0.000000	0.000000	True	1905000	457200
Employment-Based_I-485.ppt	GROUPSCALE	1.000000	1.000000	0.000000	0.000000	True	7793037	1462087
Employment-Based_I-485.ppt	GROUPSCALE	1.000000	1.000000	0.000000	0.000000	True	7772400	4114800
Employment-Based_I-485.ppt	GROUPSCALE	1.000000	1.000000	0.000000	0.000000	True	1905000	457200
Employment-Based_I-485.ppt	GROUPSCALE	1.000000	1.000000	0.000000	0.000000	True	7793037	1462087
Employment-Based_I-485.ppt	GROUPSCALE	1.000000	1.000000	0.000000	0.000000	True	7772400	4114800
Employment-Based_I-485.ppt	GROUPSCALE	1.000000	1.000000	0.000000	0.000000	True	1905000	457200
Employment-Based_I-485.ppt	GROUPSCALE	1.000000	1.000000	0.000000	0.000000	True	7793037	1462087
Employment-Based_I-485.ppt	GROUPSCALE	1.000000	1.000000	0.000000	0.000000	True	7772400	4114800
Employment-Based_I-485.ppt	GROUPSCALE	1.000000	1.000000	0.000000	0.000000	True	1905000	457200
Employment-Based_I-485.ppt	GROUPSCALE	1.000000	1.000000	0.000000	0.000000	True	7793037	1462087
Employment-Based_I-485.ppt	GROUPSCALE	1.000000	1.000000	0.000000	0.000000	True	7772400	4114800
Employment-Based_I-485.ppt	GROUPSCALE	1.000000	1.000000	0.000000	0.000000	True	1905000	457200
Employment-Based_I-485.ppt	GROUPSCALE	1.000000	1.000000	0.000000	0.000000	True	7793037	1462087
Employment-Based_I-485.ppt	GROUPSCALE	1.000000	1.000000	0.000000	0.000000	True	7772400	4114800
Employment-Based_I-485.ppt	GROUPSCALE	1.000000	1.000000	0.000000	0.000000	True	1905000	457200
Employment-Based_I-485.ppt	GROUPSCALE	1.000000	1.000000	0.000000	0.000000	True	7793037	1462087
Employment-Based_I-485.ppt	GROUPSCALE	1.000000	1.000000	0.000000	0.000000	True	7772400	4114800
Employment-Based_I-485.ppt	GROUPSCALE	1.000000	1.000000	0.000000	0.000000	True	6324600	304800
Employment-Based_I-485.ppt	GROUPSCALE	1.000000	1.000000	0.000000	0.000000	True	1905000	457200
Employment-Based_I-485.ppt	GROUPSCALE	1.000000	1.000000	0.000000	0.000000	True	7793037	1462087
Employment-Based_I-485.ppt	GROUPSCALE	1.000000	1.000000	0.000000	0.000000	True	7772400	4114800
Employment-Based_I-485.ppt	GROUPSCALE	1.000000	1.000000	0.000000	0.000000	True	1905000	457200
Employment-Based_I-485.ppt	GROUPSCALE	1.000000	1.000000	0.000000	0.000000	True	7793037	1462087
Employment-Based_I-485.ppt	GROUPSCALE	1.000000	1.000000	0.000000	0.000000	True	7772400	4114800
Employment-Based_I-485.ppt	GROUPSCALE	1.000000	1.000000	0.000000	0.000000	True	1905000	457200
Employment-Based_I-485.ppt	GROUPSCALE	1.000000	1.000000	0.000000	0.000000	True	7793037	1462087
Employment-Based_I-485.ppt	GROUPSCALE	1.000000	1.000000	0.000000	0.000000	True	7772400	4114800
Employment-Based_I-485.ppt	GROUPSCALE	1.000000	1.000000	0.000000	0.000000	True	1905000	457200
Employment-Based_I-485.ppt	GROUPSCALE	1.000000	1.000000	0.000000	0.000000	True	7793037	1462087
Employment-Based_I-485.ppt	GROUPSCALE	1.000000	1.000000	0.000000	0.000000	True	7772400	4114800
Employment-Based_I-485.ppt	GROUPSCALE	1.000000	1.000000	0.000000	0.000000	True	1905000	457200
Employment-Based_I-485.ppt	GROUPSCALE	1.000000	1.000000	0.000000	0.000000	True	7793037	1462087
Employment-Based_I-485.ppt	GROUPSCALE	1.000000	1.000000	0.000000	0.000000	True	7772400	4114800
Employment-Based_I-485.ppt	GROUPSCALE	1.000000	1.000000	0.000000	0.000000	True	1905000	457200
Employment-Based_I-485.ppt	GROUPSCALE	1.000000	1.000000	0.000000	0.000000	True	7793037	1462087
Employment-Based_I-485.ppt	GROUPSCALE	1.000000	1.000000	0.000000	0.000000	True	7772400	4114800
Employment-Based_I-485.ppt	GROUPSCALE	1.000000	1.000000	0.000000	0.000000	True	1905000	457200
Employment-Based_I-485.ppt	GROUPSCALE	1.000000	1.000000	0.000000	0.000000	True	7793037	1462087
Employment-Based_I-485.ppt	GROUPSCALE	1.000000	1.000000	0.000000	0.000000	True	7772400	4114800
Employment-Based_I-485.ppt	GROUPSCALE	1.000000	1.000000	0.000000	0.000000	True	1905000	457200
Employment-Based_I-485.ppt	GROUPSCALE	1.000000	1.000000	0.000000	0.000000	True	7793037	1462087
Employment-Based_I-485.ppt	GROUPSCALE	1.000000	1.000000	0.000000	0.000000	True	7772400	4114800
Employment-Based_I-485.ppt	GROUPSCALE	1.000000	1.000000	0.000000	0.000000	True	1905000	457200
Employment-Based_I-485.ppt	GROUPSCALE	1.000000	1.000000	0.000000	0.000000	True	7793037	1462087
Employment-Based_I-485.ppt	GROUPSCALE	1.000000	1.000000	0.000000	0.000000	True	7772400	4114800
Employment-Based_I-485.ppt	GROUPSCALE	1.000000	1.000000	0.000000	0.000000	True	1905000	457200
Employment-Based_I-485.ppt	GROUPSCALE	1.000000	1.000000	0.000000	0.000000	True	7793037	1462087
Employment-Based_I-485.ppt	GROUPSCALE	1.000000	1.000000	0.000000	0.000000	True	7772400	4114800
Employment-Based_I-485.ppt	GROUPSCALE	1.000000	1.000000	0.000000	0.000000	True	7010400	366712
Employment-Based_I-485.ppt	GROUPSCALE	1.000000	1.000000	0.000000	0.000000	True	1905000	457200
Employment-Based_I-485.ppt	GROUPSCALE	1.000000	1.000000	0.000000	0.000000	True	7793037	1462087
Employment-Based_I-485.ppt	GROUPSCALE	1.000000	1.000000	0.000000	0.000000	True	7772400	4383087
Employment-Based_I-485.ppt	GROUPSCALE	1.000000	1.000000	0.000000	0.000000	True	1905000	457200
Employment-Based_I-485.ppt	GROUPSCALE	1.000000	1.000000	0.000000	0.000000	True	7793037	1462087
Employment-Based_I-485.ppt	GROUPSCALE	1.000000	1.000000	0.000000	0.000000	True	7772400	4114800
Employment-Based_I-485.ppt	GROUPSCALE	1.000000	1.000000	0.000000	0.000000	True	1905000	457200
Employment-Based_I-485.ppt	GROUPSCALE	1.000000	1.000000	0.000000	0.000000	True	7793037	1462087
Employment-Based_I-485.ppt	GROUPSCALE	1.000000	1.000000	0.000000	0.000000	True	7772400	4114800
Employment-Based_I-485.ppt	GROUPSCALE	1.000000	1.000000	0.000000	0.000000	True	6858000	366712
Employment-Based_I-485.ppt	GROUPSCALE	1.000000	1.000000	0.000000	0.000000	True	1905000	457200
Employment-Based_I-485.ppt	GROUPSCALE	1.000000	1.000000	0.000000	0.000000	True	7793037	1462087
Employment-Based_I-485.ppt	GROUPSCALE	1.000000	1.000000	0.000000	0.000000	True	7888287	4114800
Employment-Based_I-485.ppt	GROUPSCALE	1.000000	1.000000	0.000000	0.000000	True	1905000	457200
Employment-Based_I-485.ppt	GROUPSCALE	1.000000	1.000000	0.000000	0.000000	True	7793037	1462087
Employment-Based_I-485.ppt	GROUPSCALE	1.000000	1.000000	0.000000	0.000000	True	7772400	4114800
Employment-Based_I-485.ppt	GROUPSCALE	1.000000	1.000000	0.000000	0.000000	True	1905000	457200
Employment-Based_I-485.ppt	GROUPSCALE	1.000000	1.000000	0.000000	0.000000	True	7793037	1462087
Employment-Based_I-485.ppt	GROUPSCALE	1.000000	1.000000	0.000000	0.000000	True	7772400	4114800
Employment-Based_I-485.ppt	GROUPSCALE	1.000000	1.000000	0.000000	0.000000	True	5730875	366712
Fundamentals_Module_1_basics.ppt	GROUPSCALE	1.000000	1.000000	0.000000	0.000000	True	1370012	403225
Fundamentals_Module_1_basics.ppt	GROUPSCALE	1.000000	1.000000	0.000000	0.000000	True	1905000	457200
Fundamentals_Module_1_basics.ppt	GROUPSCALE	1.000000	1.000000	0.000000	0.000000	True	1962150	558800
Fundamentals_Module_1_basics.ppt	GROUPSCALE	1.000000	1.000000	0.000000	0.000000	True	4983162	2049462
Fundamentals_Module_1_basics.ppt	GROUPSCALE	1.000000	1.000000	0.000000	0.000000	True	4951412	1752600
Fundamentals_Module_1_basics.ppt	GROUPSCALE	1.000000	1.000000	0.000000	0.000000	True	4822825	703262
Fundamentals_Module_1_basics.ppt	GROUPSCALE	1.000000	1.000000	0.000000	0.000000	True	1370012	403225
Fundamentals_Module_1_basics.ppt	GROUPSCALE	1.000000	1.000000	0.000000	0.000000	True	1905000	457200
Fundamentals_Module_1_basics.ppt	GROUPSCALE	1.000000	1.000000	0.000000	0.000000	True	4524375	609600
Fundamentals_Module_1_basics.ppt	GROUPSCALE	1.000000	1.000000	0.000000	0.000000	True	6804025	4787900
Fundamentals_Module_1_basics.ppt	GROUPSCALE	1.000000	1.000000	0.000000	0.000000	True	1370012	403225
Fundamentals_Module_1_basics.ppt	GROUPSCALE	1.000000	1.000000	0.000000	0.000000	True	1905000	457200
Fundamentals_Module_1_basics.ppt	GROUPSCALE	1.000000	1.000000	0.000000	0.000000	True	8472487	609600
Fundamentals_Module_1_basics.ppt	GROUPSCALE	1.000000	1.000000	0.000000	0.000000	True	2457450	457200
Fundamentals_Module_1_basics.ppt	GROUPSCALE	1.000000	1.000000	0.000000	0.000000	True	2457450	822325
Fundamentals_Module_1_basics.ppt	GROUPSCALE	1.000000	1.000000	0.000000	0.000000	True	2628900	822325
Fundamentals_Module_1_basics.ppt	GROUPSCALE	1.000000	1.000000	0.000000	0.000000	True	2952750	822325
Fundamentals_Module_1_basics.ppt	GROUPSCALE	1.000000	1.000000	0.000000	0.000000	True	2990850	822325
Fundamentals_Module_1_basics.ppt	GROUPSCALE	1.000000	1.000000	0.000000	0.000000	True	2457450	457200
Fundamentals_Module_1_basics.ppt	GROUPSCALE	1.000000	1.000000	0.000000	0.000000	True	3714750	822325
Fundamentals_Module_1_basics.ppt	GROUPSCALE	1.000000	1.000000	0.000000	0.000000	True	3886200	822325
Fundamentals_Module_1_basics.ppt	GROUPSCALE	1.000000	1.000000	0.000000	0.000000	True	3638550	822325
Fundamentals_Module_1_basics.ppt	GROUPSCALE	1.000000	1.000000	0.000000	0.000000	True	3962400	1187450
Fundamentals_Module_1_basics.ppt	GROUPSCALE	1.000000	1.000000	0.000000	0.000000	True	1370012	403225
Fundamentals_Module_1_basics.ppt	GROUPSCALE	1.000000	1.000000	0.000000	0.000000	True	1905000	457200
Fundamentals_Module_1_basics.ppt	GROUPSCALE	1.000000	1.000000	0.000000	0.000000	True	3948112	1522412
Fundamentals_Module_1_basics.ppt	GROUPSCALE	1.000000	1.000000	0.000000	0.000000	True	8472487	609600
Fundamentals_Module_1_basics.ppt	GROUPSCALE	1.000000	1.000000	0.000000	0.000000	True	3949700	4391025
Fundamentals_Module_1_basics.ppt	GROUPSCALE	1.000000	1.000000	0.000000	0.000000	True	3643312	1387475
Fundamentals_Module_1_basics.ppt	GROUPSCALE	1.000000	1.000000	0.000000	0.000000	True	4037012	1717675
Fundamentals_Module_1_basics.ppt	GROUPSCALE	1.000000	1.000000	0.000000	0.000000	True	1370012	403225
Fundamentals_Module_1_basics.ppt	GROUPSCALE	1.000000	1.000000	0.000000	0.000000	True	1905000	457200
Fundamentals_Module_1_basics.ppt	GROUPSCALE	1.000000	1.000000	0.000000	0.000000	True	4908550	701675
Fundamentals_Module_1_basics.ppt	GROUPSCALE	1.000000	1.000000	0.000000	0.000000	True	1962150	558800
Fundamentals_Module_1_basics.ppt	GROUPSCALE	1.000000	1.000000	0.000000	0.000000	True	1370012	403225
Fundamentals_Module_1_basics.ppt	GROUPSCALE	1.000000	1.000000	0.000000	0.000000	True	1905000	457200
Fundamentals_Module_1_basics.ppt	GROUPSCALE	1.000000	1.000000	0.000000	0.000000	True	5789612	1831975
Fundamentals_Module_1_basics.ppt	GROUPSCALE	1.000000	1.000000	0.000000	0.000000	True	4711700	579437
Fundamentals_Module_1_basics.ppt	GROUPSCALE	1.000000	1.000000	0.000000	0.000000	True	5051425	701675
Fundamentals_Module_1_basics.ppt	GROUPSCALE	1.000000	1.000000	0.000000	0.000000	True	1370012	403225
Fundamentals_Module_1_basics.ppt	GROUPSCALE	1.000000	1.000000	0.000000	0.000000	True	1905000	457200
Fundamentals_Module_1_basics.ppt	GROUPSCALE	1.000000	1.000000	0.000000	0.000000	True	8472487	609600
Fundamentals_Module_1_basics.ppt	GROUPSCALE	1.000000	1.000000	0.000000	0.000000	True	3317875	1066800
Fundamentals_Module_1_basics.ppt	GROUPSCALE	1.000000	1.000000	0.000000	0.000000	True	3517900	1066800
Fundamentals_Module_1_basics.ppt	GROUPSCALE	1.000000	1.000000	0.000000	0.000000	True	1370012	403225
Fundamentals_Module_1_basics.ppt	GROUPSCALE	1.000000	1.000000	0.000000	0.000000	True	1905000	457200
Fundamentals_Module_1_basics.ppt	GROUPSCALE	1.000000	1.000000	0.000000	0.000000	True	8472487	609600
Fundamentals_Module_1_basics.ppt	GROUPSCALE	1.000000	1.000000	0.000000	0.000000	True	8050212	4725987
Fundamentals_Module_1_basics.ppt	GROUPSCALE	1.000000	1.000000	0.000000	0.000000	True	1370012	403225
Fundamentals_Module_1_basics.ppt	GROUPSCALE	1.000000	1.000000	0.000000	0.000000	True	1905000	457200
Fundamentals_Module_1_basics.ppt	GROUPSCALE	1.000000	1.000000	0.000000	0.000000	True	8472487	609600
Fundamentals_Module_1_basics.ppt	GROUPSCALE	1.000000	1.000000	0.000000	0.000000	True	8053387	3803650
Fundamentals_Module_1_basics.ppt	GROUPSCALE	1.000000	1.000000	0.000000	0.000000	True	1370012	403225
Fundamentals_Module_1_basics.ppt	GROUPSCALE	1.000000	1.000000	0.000000	0.000000	True	1905000	457200
Fundamentals_Module_1_basics.ppt	GROUPSCALE	1.000000	1.000000	0.000000	0.000000	True	7751762	2062162
Fundamentals_Module_1_basics.ppt	GROUPSCALE	1.000000	1.000000	0.000000	0.000000	True	7188200	701675
Fundamentals_Module_1_basics.ppt	GROUPSCALE	1.000000	1.000000	0.000000	0.000000	True	2284412	366712
Fundamentals_Module_1_basics.ppt	GROUPSCALE	1.000000	1.000000	0.000000	0.000000	True	1370012	403225
Fundamentals_Module_1_basics.ppt	GROUPSCALE	1.000000	1.000000	0.000000	0.000000	True	1905000	457200
Fundamentals_Module_1_basics.ppt	GROUPSCALE	1.000000	1.000000	0.000000	0.000000	True	8472487	609600
Fundamentals_Module_1_basics.ppt	GROUPSCALE	1.000000	1.000000	0.000000	0.000000	True	8202612	3900487
Fundamentals_Module_1_basics.ppt	GROUPSCALE	1.000000	1.000000	0.000000	0.000000	True	1370012	403225
Fundamentals_Module_1_basics.ppt	GROUPSCALE	1.000000	1.000000	0.000000	0.000000	True	1905000	457200
Fundamentals_Module_1_basics.ppt	GROUPSCALE	1.000000	1.000000	0.000000	0.000000	True	8472487	609600
Fundamentals_Module_1_basics.ppt	GROUPSCALE	1.000000	1.000000	0.000000	0.000000	True	8050212	4391025
Fundamentals_Module_1_basics.ppt	GROUPSCALE	1.000000	1.000000	0.000000	0.000000	True	1370012	403225
Fundamentals_Module_1_basics.ppt	GROUPSCALE	1.000000	1.000000	0.000000	0.000000	True	1905000	457200
Fundamentals_Module_1_basics.ppt	GROUPSCALE	1.000000	1.000000	0.000000	0.000000	True	8472487	1122362
Fundamentals_Module_1_basics.ppt	GROUPSCALE	1.000000	1.000000	0.000000	0.000000	True	4913312	4891087
Fundamentals_Module_1_basics.ppt	GROUPSCALE	1.000000	1.000000	0.000000	0.000000	True	1370012	403225
Fundamentals_Module_1_basics.ppt	GROUPSCALE	1.000000	1.000000	0.000000	0.000000	True	1905000	457200
Fundamentals_Module_1_basics.ppt	GROUPSCALE	1.000000	1.000000	0.000000	0.000000	True	8472487	609600
Fundamentals_Module_1_basics.ppt	GROUPSCALE	1.000000	1.000000	0.000000	0.000000	True	5272087	5138737
Fundamentals_Module_1_basics.ppt	GROUPSCALE	1.000000	1.000000	0.000000	0.000000	True	1370012	403225
Fundamentals_Module_1_basics.ppt	GROUPSCALE	1.000000	1.000000	0.000000	0.000000	True	1905000	457200
Fundamentals_Module_1_basics.ppt	GROUPSCALE	1.000000	1.000000	0.000000	0.000000	True	8472487	1058862
Fundamentals_Module_1_basics.ppt	GROUPSCALE	1.000000	1.000000	0.000000	0.000000	True	5862637	4703762
Fundamentals_Module_1_basics.ppt	GROUPSCALE	1.000000	1.000000	0.000000	0.000000	True	1370012	403225
Fundamentals_Module_1_basics.ppt	GROUPSCALE	1.000000	1.000000	0.000000	0.000000	True	1905000	457200
Fundamentals_Module_1_basics.ppt	GROUPSCALE	0.000630	0.000630	0.000000	0.000000	True	4049890300	1572577500
Fundamentals_Module_1_basics.ppt	GROUPSCALE	0.000630	0.000630	0.000000	0.000000	True	7817524687	1018143125
Fundamentals_Module_1_basics.ppt	GROUPSCALE	0.000630	0.000630	0.000000	0.000000	True	3135074375	1572577500
Fundamentals_Module_1_basics.ppt	GROUPSCALE	0.000630	0.000630	0.000000	0.000000	True	6103818437	1018143125
Fundamentals_Module_1_basics.ppt	GROUPSCALE	0.000630	0.000630	0.000000	0.000000	True	1784270625	657759987
Fundamentals_Module_1_basics.ppt	GROUPSCALE	0.000630	0.000630	0.000000	0.000000	True	3755032812	1088707500
Fundamentals_Module_1_basics.ppt	GROUPSCALE	0.000630	0.000630	0.000000	0.000000	True	7603310612	1465786375
Fundamentals_Module_1_basics.ppt	GROUPSCALE	0.000630	0.000630	0.000000	0.000000	True	3755032812	1088707500
Fundamentals_Module_1_basics.ppt	GROUPSCALE	0.000630	0.000630	0.000000	0.000000	True	5670351562	582155300
Fundamentals_Module_1_basics.ppt	GROUPSCALE	1.000000	1.000000	0.000000	0.000000	True	1370012	403225
Fundamentals_Module_1_basics.ppt	GROUPSCALE	1.000000	1.000000	0.000000	0.000000	True	1905000	457200
Fundamentals_Module_1_basics.ppt	GROUPSCALE	1.000000	1.000000	0.000000	0.000000	True	8472487	609600
Fundamentals_Module_1_basics.ppt	GROUPSCALE	1.000000	1.000000	0.000000	0.000000	True	5132387	990600
Fundamentals_Module_1_basics.ppt	GROUPSCALE	1.000000	1.055990	0.000000	0.000000	True	1684337	892175
Fundamentals_Module_1_basics.ppt	GROUPSCALE	1.000000	1.000000	0.000000	0.000000	True	1131887	738187
Fundamentals_Module_1_basics.ppt	GROUPSCALE	1.000000	1.000000	0.000000	0.000000	True	1684337	942975
Fundamentals_Module_1_basics.ppt	GROUPSCALE	1.000000	1.000000	0.000000	0.000000	True	2765425	914400
Fundamentals_Module_1_basics.ppt	GROUPSCALE	1.000000	1.000000	0.000000	0.000000	True	1684337	730250
Fundamentals_Module_1_basics.ppt	GROUPSCALE	1.000000	1.000000	0.000000	0.000000	True	1370012	403225
Fundamentals_Module_1_basics.ppt	GROUPSCALE	1.000000	1.000000	0.000000	0.000000	True	1905000	457200
Fundamentals_Module_1_basics.ppt	GROUPSCALE	1.000000	1.000000	0.000000	0.000000	True	4908550	2349500
Fundamentals_Module_1_basics.ppt	GROUPSCALE	1.000000	1.000000	0.000000	0.000000	True	1962150	558800
Fundamentals_Module_1_basics.ppt	GROUPSCALE	1.000000	1.000000	0.000000	0.000000	True	1370012	403225
Fundamentals_Module_1_basics.ppt	GROUPSCALE	1.000000	1.000000	0.000000	0.000000	True	1905000	457200
Fundamentals_Module_1_basics.ppt	GROUPSCALE	1.000000	1.000000	0.000000	0.000000	True	8472487	876300
Fundamentals_Module_1_basics.ppt	GROUPSCALE	1.000000	1.000000	0.000000	0.000000	True	8702675	1371600
Fundamentals_Module_1_basics.ppt	GROUPSCALE	1.000000	1.000000	0.000000	0.000000	True	1370012	403225
Fundamentals_Module_1_basics.ppt	GROUPSCALE	1.000000	1.000000	0.000000	0.000000	True	1905000	457200
Fundamentals_Module_1_basics.ppt	GROUPSCALE	1.000000	1.000000	0.000000	0.000000	True	8472487	609600
Fundamentals_Module_1_basics.ppt	GROUPSCALE	1.000000	1.000000	0.000000	0.000000	True	8385175	4325937
Fundamentals_Module_1_basics.ppt	GROUPSCALE	1.000000	1.000000	0.000000	0.000000	True	1370012	403225
Fundamentals_Module_1_basics.ppt	GROUPSCALE	1.000000	1.000000	0.000000	0.000000	True	1905000	457200
Fundamentals_Module_1_basics.ppt	GROUPSCALE	1.000000	1.000000	0.000000	0.000000	True	8472487	609600
Fundamentals_Module_1_basics.ppt	GROUPSCALE	1.000000	1.000000	0.000000	0.000000	True	8053387	4706937
Fundamentals_Module_1_basics.ppt	GROUPSCALE	1.000000	1.001236	0.000000	0.000000	True	2520950	406400
Fundamentals_Module_1_basics.ppt	GROUPSCALE	1.000000	1.001236	0.000000	0.000000	True	1314450	366712
Fundamentals_Module_1_basics.ppt	GROUPSCALE	1.000000	1.001236	0.000000	0.000000	True	1390650	366712
Fundamentals_Module_1_basics.ppt	GROUPSCALE	1.000000	1.000000	0.000000	0.000000	True	1370012	403225
Fundamentals_Module_1_basics.ppt	GROUPSCALE	1.000000	1.000000	0.000000	0.000000	True	1905000	457200
Fundamentals_Module_1_basics.ppt	GROUPSCALE	1.000000	1.000000	0.000000	0.000000	True	1016000	1370012
Fundamentals_Module_1_basics.ppt	GROUPSCALE	1.000000	1.000000	0.000000	0.000000	True	457200	274637
Fundamentals_Module_1_basics.ppt	GROUPSCALE	1.000000	1.000000	0.000000	0.000000	True	457200	274637
Fundamentals_Module_1_basics.ppt	GROUPSCALE	1.000000	1.000000	0.000000	0.000000	True	457200	274637
Fundamentals_Module_1_basics.ppt	GROUPSCALE	1.000000	1.000000	0.000000	0.000000	True	457200	274637
Fundamentals_Module_1_basics.ppt	GROUPSCALE	1.000000	1.000000	0.000000	0.000000	True	457200	274637
Fundamentals_Module_1_basics.ppt	GROUPSCALE	1.000000	1.000000	0.000000	0.000000	True	457200	274637
Fundamentals_Module_1_basics.ppt	GROUPSCALE	1.000000	1.000000	0.000000	0.000000	True	457200	274637
Fundamentals_Module_1_basics.ppt	GROUPSCALE	1.000000	1.000000	0.000000	0.000000	True	457200	274637
Fundamentals_Module_1_basics.ppt	GROUPSCALE	1.000000	1.000000	0.000000	0.000000	True	457200	274637
Fundamentals_Module_1_basics.ppt	GROUPSCALE	1.000000	1.000000	0.000000	0.000000	True	457200	274637
Fundamentals_Module_1_basics.ppt	GROUPSCALE	1.000000	1.000000	0.000000	0.000000	True	457200	274637
Fundamentals_Module_1_basics.ppt	GROUPSCALE	1.000000	1.000000	0.000000	0.000000	True	457200	274637
Fundamentals_Module_1_basics.ppt	GROUPSCALE	1.000000	1.000000	0.000000	0.000000	True	457200	274637
Fundamentals_Module_1_basics.ppt	GROUPSCALE	1.000000	1.000000	0.000000	0.000000	True	457200	274637
Fundamentals_Module_1_basics.ppt	GROUPSCALE	1.000000	1.000000	0.000000	0.000000	True	457200	274637
Fundamentals_Module_1_basics.ppt	GROUPSCALE	1.000000	1.000000	0.000000	0.000000	True	457200	274637
Fundamentals_Module_1_basics.ppt	GROUPSCALE	1.000000	1.000000	0.000000	0.000000	True	457200	274637
Fundamentals_Module_1_basics.ppt	GROUPSCALE	1.000000	1.000000	0.000000	0.000000	True	457200	274637
Fundamentals_Module_1_basics.ppt	GROUPSCALE	1.000000	1.000000	0.000000	0.000000	True	457200	274637
Fundamentals_Module_1_basics.ppt	GROUPSCALE	1.000000	1.000000	0.000000	0.000000	True	457200	274637
Fundamentals_Module_1_basics.ppt	GROUPSCALE	1.000000	1.000000	0.000000	0.000000	True	457200	274637
Fundamentals_Module_1_basics.ppt	GROUPSCALE	1.000000	1.000000	0.000000	0.000000	True	457200	274637
Fundamentals_Module_1_basics.ppt	GROUPSCALE	1.000000	1.000000	0.000000	0.000000	True	457200	274637
Fundamentals_Module_1_basics.ppt	GROUPSCALE	1.000000	1.000000	0.000000	0.000000	True	457200	274637
Fundamentals_Module_1_basics.ppt	GROUPSCALE	1.000000	1.000000	0.000000	0.000000	True	457200	274637
Fundamentals_Module_1_basics.ppt	GROUPSCALE	1.000000	1.000000	0.000000	0.000000	True	457200	274637
Fundamentals_Module_1_basics.ppt	GROUPSCALE	1.000000	1.000000	0.000000	0.000000	True	457200	274637
Fundamentals_Module_1_basics.ppt	GROUPSCALE	1.000000	1.000000	0.000000	0.000000	True	457200	274637
Fundamentals_Module_1_basics.ppt	GROUPSCALE	1.000000	1.000000	0.000000	0.000000	True	457200	274637
Fundamentals_Module_1_basics.ppt	GROUPSCALE	1.000000	1.000000	0.000000	0.000000	True	457200	274637
Fundamentals_Module_1_basics.ppt	GROUPSCALE	1.000000	1.000000	0.000000	0.000000	True	457200	274637
Fundamentals_Module_1_basics.ppt	GROUPSCALE	1.000000	1.000000	0.000000	0.000000	True	457200	274637
Fundamentals_Module_1_basics.ppt	GROUPSCALE	1.000000	1.000000	0.000000	0.000000	True	927100	274637
Fundamentals_Module_1_basics.ppt	GROUPSCALE	1.000000	1.000000	0.000000	0.000000	True	8178800	731837
Fundamentals_Module_1_basics.ppt	GROUPSCALE	1.000000	1.000000	0.000000	0.000000	True	2578100	244475
Fundamentals_Module_1_basics.ppt	GROUPSCALE	1.000000	1.000000	0.000000	0.000000	True	3657600	304800
Fundamentals_Module_1_basics.ppt	GROUPSCALE	1.000000	1.000000	0.000000	0.000000	True	3733800	304800
Fundamentals_Module_1_basics.ppt	GROUPSCALE	1.000000	1.000000	0.000000	0.000000	True	1516062	1098550
Fundamentals_Module_1_basics.ppt	GROUPSCALE	1.000000	1.000000	0.000000	0.000000	True	3005137	396875
Fundamentals_Module_1_basics.ppt	GROUPSCALE	1.000000	1.000000	0.000000	0.000000	True	2951162	396875
Fundamentals_Module_1_basics.ppt	GROUPSCALE	1.000000	1.000000	0.000000	0.000000	True	2978150	396875
Fundamentals_Module_1_basics.ppt	GROUPSCALE	1.000000	1.000000	0.000000	0.000000	True	1370012	403225
Fundamentals_Module_1_basics.ppt	GROUPSCALE	1.000000	1.000000	0.000000	0.000000	True	1905000	457200
Fundamentals_Module_1_basics.ppt	GROUPSCALE	1.000000	1.000000	0.000000	0.000000	True	8061325	609600
Fundamentals_Module_1_basics.ppt	GROUPSCALE	1.000000	1.000000	0.000000	0.000000	True	1728787	841375
Fundamentals_Module_1_basics.ppt	GROUPSCALE	1.000000	1.000000	0.000000	0.000000	True	1568450	841375
Fundamentals_Module_1_basics.ppt	GROUPSCALE	1.000000	1.000000	0.000000	0.000000	True	1568450	841375
Fundamentals_Module_1_basics.ppt	GROUPSCALE	0.000630	0.000630	0.000000	0.000000	True	3765113437	1454129362
Fundamentals_Module_1_basics.ppt	GROUPSCALE	0.000630	0.000630	0.000000	0.000000	True	3724790937	1454129362
Fundamentals_Module_1_basics.ppt	GROUPSCALE	0.000630	0.000630	0.000000	0.000000	True	3719750625	582155300
Fundamentals_Module_1_basics.ppt	GROUPSCALE	0.000630	0.000630	0.000000	0.000000	True	3094751875	582155300
Fundamentals_Module_1_basics.ppt	GROUPSCALE	0.000630	0.000630	0.000000	0.000000	True	1461690625	582156887
Fundamentals_Module_1_basics.ppt	GROUPSCALE	0.000630	0.000630	0.000000	0.000000	True	1905238125	582156887
Fundamentals_Module_1_basics.ppt	GROUPSCALE	0.000630	0.000630	0.000000	0.000000	True	3253520925	725805000
Fundamentals_Module_1_basics.ppt	GROUPSCALE	0.000630	0.000630	0.000000	0.000000	True	3224728437	586314550
Fundamentals_Module_1_basics.ppt	GROUPSCALE	1.000000	1.000000	0.000000	0.000000	True	1370012	403225
Fundamentals_Module_1_basics.ppt	GROUPSCALE	1.000000	1.000000	0.000000	0.000000	True	1905000	457200
Fundamentals_Module_1_basics.ppt	GROUPSCALE	1.000000	1.000000	0.000000	0.000000	True	9144000	457200
Fundamentals_Module_1_basics.ppt	GROUPSCALE	1.000000	1.000000	0.000000	0.000000	True	9144000	1149350
Fundamentals_Module_1_basics.ppt	GROUPSCALE	1.000000	1.000000	0.000000	0.000000	True	1511300	366712
Fundamentals_Module_1_basics.ppt	GROUPSCALE	1.000000	1.000000	0.000000	0.000000	True	8077200	822325
Fundamentals_Module_1_basics.ppt	GROUPSCALE	1.000000	1.000000	0.000000	0.000000	True	7886700	822325
Fundamentals_Module_1_basics.ppt	GROUPSCALE	1.000000	1.000000	0.000000	0.000000	True	7302500	822325
Fundamentals_Module_1_basics.ppt	GROUPSCALE	1.000000	1.000000	0.000000	0.000000	True	7118350	461962
Fundamentals_Module_1_basics.ppt	GROUPSCALE	1.000000	1.000000	0.000000	0.000000	True	1370012	403225
Fundamentals_Module_1_basics.ppt	GROUPSCALE	1.000000	1.000000	0.000000	0.000000	True	1905000	457200
Fundamentals_Module_1_basics.ppt	GROUPSCALE	1.000000	1.000000	0.000000	0.000000	True	9144000	609600
Fundamentals_Module_1_basics.ppt	GROUPSCALE	1.000000	1.000000	0.000000	0.000000	True	8050212	4800600
Fundamentals_Module_1_basics.ppt	GROUPSCALE	1.000000	1.000000	0.000000	0.000000	True	1370012	403225
Fundamentals_Module_1_basics.ppt	GROUPSCALE	1.000000	1.000000	0.000000	0.000000	True	1905000	457200
Fundamentals_Module_1_basics.ppt	GROUPSCALE	1.000000	1.000000	0.000000	0.000000	True	8472487	557212
Fundamentals_Module_1_basics.ppt	GROUPSCALE	1.000000	1.000000	0.000000	0.000000	True	2714625	857250
Fundamentals_Module_1_basics.ppt	GROUPSCALE	1.000000	1.000000	0.000000	0.000000	True	2714625	2251075
Fundamentals_Module_1_basics.ppt	GROUPSCALE	1.000000	1.000000	0.000000	0.000000	True	2714625	857250
Fundamentals_Module_1_basics.ppt	GROUPSCALE	1.000000	1.000000	0.000000	0.000000	True	2714625	2511425
Fundamentals_Module_1_basics.ppt	GROUPSCALE	1.000000	1.000000	0.000000	0.000000	True	2714625	857250
Fundamentals_Module_1_basics.ppt	GROUPSCALE	1.000000	1.000000	0.000000	0.000000	True	2714625	2530475
Fundamentals_Module_1_basics.ppt	GROUPSCALE	1.000000	1.000000	0.000000	0.000000	True	850900	461962
Fundamentals_Module_1_basics.ppt	GROUPSCALE	1.000000	1.000000	0.000000	0.000000	True	1370012	403225
Fundamentals_Module_1_basics.ppt	GROUPSCALE	1.000000	1.000000	0.000000	0.000000	True	1905000	457200
Fundamentals_Module_1_basics.ppt	GROUPSCALE	1.000000	1.000000	0.000000	0.000000	True	4908550	1311275
Fundamentals_Module_1_basics.ppt	GROUPSCALE	1.000000	1.000000	0.000000	0.000000	True	1962150	558800
W3_Case_Study_of_a_Tsunami_Warning_Simulation_Exercise_Ed.ppt	GROUPSCALE	1.000000	1.000000	0.000000	0.000000	True	2133600	476250
W3_Case_Study_of_a_Tsunami_Warning_Simulation_Exercise_Ed.ppt	GROUPSCALE	1.000000	1.000000	0.000000	0.000000	True	2895600	476250
W3_Case_Study_of_a_Tsunami_Warning_Simulation_Exercise_Ed.ppt	GROUPSCALE	1.000000	1.000000	0.000000	0.000000	True	7772400	1470025
W3_Case_Study_of_a_Tsunami_Warning_Simulation_Exercise_Ed.ppt	GROUPSCALE	1.000000	1.000000	0.000000	0.000000	True	6400800	1752600
W3_Case_Study_of_a_Tsunami_Warning_Simulation_Exercise_Ed.ppt	GROUPSCALE	1.000000	1.000000	0.000000	0.000000	True	2133600	476250
W3_Case_Study_of_a_Tsunami_Warning_Simulation_Exercise_Ed.ppt	GROUPSCALE	1.000000	1.000000	0.000000	0.000000	True	2895600	476250
W3_Case_Study_of_a_Tsunami_Warning_Simulation_Exercise_Ed.ppt	GROUPSCALE	1.000000	1.000000	0.000000	0.000000	True	8229600	1143000
W3_Case_Study_of_a_Tsunami_Warning_Simulation_Exercise_Ed.ppt	GROUPSCALE	1.000000	1.000000	0.000000	0.000000	True	8229600	4525962
W3_Case_Study_of_a_Tsunami_Warning_Simulation_Exercise_Ed.ppt	GROUPSCALE	1.000000	1.000000	0.000000	0.000000	True	2133600	476250
W3_Case_Study_of_a_Tsunami_Warning_Simulation_Exercise_Ed.ppt	GROUPSCALE	1.000000	1.000000	0.000000	0.000000	True	2895600	476250
W3_Case_Study_of_a_Tsunami_Warning_Simulation_Exercise_Ed.ppt	GROUPSCALE	1.000000	1.000000	0.000000	0.000000	True	8229600	1143000
W3_Case_Study_of_a_Tsunami_Warning_Simulation_Exercise_Ed.ppt	GROUPSCALE	1.000000	1.000000	0.000000	0.000000	True	8229600	4525962
W3_Case_Study_of_a_Tsunami_Warning_Simulation_Exercise_Ed.ppt	GROUPSCALE	1.000000	1.000000	0.000000	0.000000	True	2133600	476250
W3_Case_Study_of_a_Tsunami_Warning_Simulation_Exercise_Ed.ppt	GROUPSCALE	1.000000	1.000000	0.000000	0.000000	True	2895600	476250
W3_Case_Study_of_a_Tsunami_Warning_Simulation_Exercise_Ed.ppt	GROUPSCALE	1.000000	1.000000	0.000000	0.000000	True	8718550	4283075
W3_Case_Study_of_a_Tsunami_Warning_Simulation_Exercise_Ed.ppt	GROUPSCALE	1.000000	1.000000	0.000000	0.000000	True	2133600	476250
W3_Case_Study_of_a_Tsunami_Warning_Simulation_Exercise_Ed.ppt	GROUPSCALE	1.000000	1.000000	0.000000	0.000000	True	2895600	476250
W3_Case_Study_of_a_Tsunami_Warning_Simulation_Exercise_Ed.ppt	GROUPSCALE	1.000000	1.000000	0.000000	0.000000	True	5622925	4283075
W3_Case_Study_of_a_Tsunami_Warning_Simulation_Exercise_Ed.ppt	GROUPSCALE	1.000000	1.000000	0.000000	0.000000	True	2133600	476250
W3_Case_Study_of_a_Tsunami_Warning_Simulation_Exercise_Ed.ppt	GROUPSCALE	1.000000	1.000000	0.000000	0.000000	True	2895600	476250
W3_Case_Study_of_a_Tsunami_Warning_Simulation_Exercise_Ed.ppt	GROUPSCALE	1.000000	1.000000	0.000000	0.000000	True	8350250	641350
W3_Case_Study_of_a_Tsunami_Warning_Simulation_Exercise_Ed.ppt	GROUPSCALE	1.000000	1.000000	0.000000	0.000000	True	6013450	641350
W3_Case_Study_of_a_Tsunami_Warning_Simulation_Exercise_Ed.ppt	GROUPSCALE	1.000000	1.000000	0.000000	0.000000	True	1719262	1066800
W3_Case_Study_of_a_Tsunami_Warning_Simulation_Exercise_Ed.ppt	GROUPSCALE	1.000000	1.000000	0.000000	0.000000	True	2476500	946150
W3_Case_Study_of_a_Tsunami_Warning_Simulation_Exercise_Ed.ppt	GROUPSCALE	1.000000	1.000000	0.000000	0.000000	True	2266950	822325
W3_Case_Study_of_a_Tsunami_Warning_Simulation_Exercise_Ed.ppt	GROUPSCALE	1.000000	1.000000	0.000000	0.000000	True	4103687	457200
W3_Case_Study_of_a_Tsunami_Warning_Simulation_Exercise_Ed.ppt	GROUPSCALE	1.000000	1.000000	0.000000	0.000000	True	2573337	946150
W3_Case_Study_of_a_Tsunami_Warning_Simulation_Exercise_Ed.ppt	GROUPSCALE	1.000000	1.000000	0.000000	0.000000	True	2168525	946150
W3_Case_Study_of_a_Tsunami_Warning_Simulation_Exercise_Ed.ppt	GROUPSCALE	1.000000	1.000000	0.000000	0.000000	True	717550	519112
W3_Case_Study_of_a_Tsunami_Warning_Simulation_Exercise_Ed.ppt	GROUPSCALE	1.000000	1.000000	0.000000	0.000000	True	539750	519112
W3_Case_Study_of_a_Tsunami_Warning_Simulation_Exercise_Ed.ppt	GROUPSCALE	1.000000	1.000000	0.000000	0.000000	True	717550	519112
W3_Case_Study_of_a_Tsunami_Warning_Simulation_Exercise_Ed.ppt	GROUPSCALE	1.000000	1.000000	0.000000	0.000000	True	717550	519112
W3_Case_Study_of_a_Tsunami_Warning_Simulation_Exercise_Ed.ppt	GROUPSCALE	1.000000	1.000000	0.000000	0.000000	True	3028950	579437
W3_Case_Study_of_a_Tsunami_Warning_Simulation_Exercise_Ed.ppt	GROUPSCALE	1.000000	1.000000	0.000000	0.000000	True	361950	519112
W3_Case_Study_of_a_Tsunami_Warning_Simulation_Exercise_Ed.ppt	GROUPSCALE	1.000000	1.000000	0.000000	0.000000	True	2133600	476250
W3_Case_Study_of_a_Tsunami_Warning_Simulation_Exercise_Ed.ppt	GROUPSCALE	1.000000	1.000000	0.000000	0.000000	True	2895600	476250
W3_Case_Study_of_a_Tsunami_Warning_Simulation_Exercise_Ed.ppt	GROUPSCALE	1.000000	1.000000	0.000000	0.000000	True	6586537	822325
W3_Case_Study_of_a_Tsunami_Warning_Simulation_Exercise_Ed.ppt	GROUPSCALE	1.000000	1.000000	0.000000	0.000000	True	785812	304800
W3_Case_Study_of_a_Tsunami_Warning_Simulation_Exercise_Ed.ppt	GROUPSCALE	1.000000	1.000000	0.000000	0.000000	True	727075	304800
W3_Case_Study_of_a_Tsunami_Warning_Simulation_Exercise_Ed.ppt	GROUPSCALE	1.000000	1.000000	0.000000	0.000000	True	2614612	822325
W3_Case_Study_of_a_Tsunami_Warning_Simulation_Exercise_Ed.ppt	GROUPSCALE	1.000000	1.000000	0.000000	0.000000	True	2133600	476250
W3_Case_Study_of_a_Tsunami_Warning_Simulation_Exercise_Ed.ppt	GROUPSCALE	1.000000	1.000000	0.000000	0.000000	True	2895600	476250
W3_Case_Study_of_a_Tsunami_Warning_Simulation_Exercise_Ed.ppt	GROUPSCALE	1.000000	1.000000	0.000000	0.000000	True	6599237	822325
W3_Case_Study_of_a_Tsunami_Warning_Simulation_Exercise_Ed.ppt	GROUPSCALE	1.000000	1.000000	0.000000	0.000000	True	1308100	304800
W3_Case_Study_of_a_Tsunami_Warning_Simulation_Exercise_Ed.ppt	GROUPSCALE	1.000000	1.000000	0.000000	0.000000	True	2614612	822325
W3_Case_Study_of_a_Tsunami_Warning_Simulation_Exercise_Ed.ppt	GROUPSCALE	1.000000	1.000000	0.000000	0.000000	True	2133600	476250
W3_Case_Study_of_a_Tsunami_Warning_Simulation_Exercise_Ed.ppt	GROUPSCALE	1.000000	1.000000	0.000000	0.000000	True	2895600	476250
W3_Case_Study_of_a_Tsunami_Warning_Simulation_Exercise_Ed.ppt	GROUPSCALE	1.000000	1.000000	0.000000	0.000000	True	6711950	641350
W3_Case_Study_of_a_Tsunami_Warning_Simulation_Exercise_Ed.ppt	GROUPSCALE	1.000000	1.000000	0.000000	0.000000	True	7156450	641350
W3_Case_Study_of_a_Tsunami_Warning_Simulation_Exercise_Ed.ppt	GROUPSCALE	1.000000	1.000000	0.000000	0.000000	True	1719262	1066800
W3_Case_Study_of_a_Tsunami_Warning_Simulation_Exercise_Ed.ppt	GROUPSCALE	1.000000	1.000000	0.000000	0.000000	True	2476500	946150
W3_Case_Study_of_a_Tsunami_Warning_Simulation_Exercise_Ed.ppt	GROUPSCALE	1.000000	1.000000	0.000000	0.000000	True	2263775	701675
W3_Case_Study_of_a_Tsunami_Warning_Simulation_Exercise_Ed.ppt	GROUPSCALE	1.000000	1.000000	0.000000	0.000000	True	2168525	946150
W3_Case_Study_of_a_Tsunami_Warning_Simulation_Exercise_Ed.ppt	GROUPSCALE	1.000000	1.000000	0.000000	0.000000	True	361950	519112
W3_Case_Study_of_a_Tsunami_Warning_Simulation_Exercise_Ed.ppt	GROUPSCALE	1.000000	1.000000	0.000000	0.000000	True	3051175	579437
W3_Case_Study_of_a_Tsunami_Warning_Simulation_Exercise_Ed.ppt	GROUPSCALE	1.000000	1.000000	0.000000	0.000000	True	361950	519112
W3_Case_Study_of_a_Tsunami_Warning_Simulation_Exercise_Ed.ppt	GROUPSCALE	1.000000	1.000000	0.000000	0.000000	True	628650	519112
W3_Case_Study_of_a_Tsunami_Warning_Simulation_Exercise_Ed.ppt	GROUPSCALE	1.000000	1.000000	0.000000	0.000000	True	539750	519112
W3_Case_Study_of_a_Tsunami_Warning_Simulation_Exercise_Ed.ppt	GROUPSCALE	1.000000	1.000000	0.000000	0.000000	True	2133600	476250
W3_Case_Study_of_a_Tsunami_Warning_Simulation_Exercise_Ed.ppt	GROUPSCALE	1.000000	1.000000	0.000000	0.000000	True	2895600	476250
W3_Case_Study_of_a_Tsunami_Warning_Simulation_Exercise_Ed.ppt	GROUPSCALE	1.000000	1.000000	0.000000	0.000000	True	8101012	457200
W3_Case_Study_of_a_Tsunami_Warning_Simulation_Exercise_Ed.ppt	GROUPSCALE	1.000000	1.000000	0.000000	0.000000	True	2133600	476250
W3_Case_Study_of_a_Tsunami_Warning_Simulation_Exercise_Ed.ppt	GROUPSCALE	1.000000	1.000000	0.000000	0.000000	True	2895600	476250
W3_Case_Study_of_a_Tsunami_Warning_Simulation_Exercise_Ed.ppt	GROUPSCALE	1.000000	1.000000	0.000000	0.000000	True	8229600	1143000
W3_Case_Study_of_a_Tsunami_Warning_Simulation_Exercise_Ed.ppt	GROUPSCALE	1.000000	1.000000	0.000000	0.000000	True	8229600	4525962
W3_Case_Study_of_a_Tsunami_Warning_Simulation_Exercise_Ed.ppt	GROUPSCALE	1.000000	1.000000	0.000000	0.000000	True	2133600	476250
W3_Case_Study_of_a_Tsunami_Warning_Simulation_Exercise_Ed.ppt	GROUPSCALE	1.000000	1.000000	0.000000	0.000000	True	2895600	476250
W3_Case_Study_of_a_Tsunami_Warning_Simulation_Exercise_Ed.ppt	GROUPSCALE	1.000000	1.000000	0.000000	0.000000	True	8229600	1143000
W3_Case_Study_of_a_Tsunami_Warning_Simulation_Exercise_Ed.ppt	GROUPSCALE	1.000000	1.000000	0.000000	0.000000	True	8229600	4525962
W3_Case_Study_of_a_Tsunami_Warning_Simulation_Exercise_Ed.ppt	GROUPSCALE	1.000000	1.000000	0.000000	0.000000	True	2133600	476250
W3_Case_Study_of_a_Tsunami_Warning_Simulation_Exercise_Ed.ppt	GROUPSCALE	1.000000	1.000000	0.000000	0.000000	True	2895600	476250
W3_Case_Study_of_a_Tsunami_Warning_Simulation_Exercise_Ed.ppt	GROUPSCALE	1.000000	1.000000	0.000000	0.000000	True	8229600	1143000
W3_Case_Study_of_a_Tsunami_Warning_Simulation_Exercise_Ed.ppt	GROUPSCALE	1.000000	1.000000	0.000000	0.000000	True	8229600	4525962
W3_Case_Study_of_a_Tsunami_Warning_Simulation_Exercise_Ed.ppt	GROUPSCALE	1.000000	1.000000	0.000000	0.000000	True	2133600	476250
W3_Case_Study_of_a_Tsunami_Warning_Simulation_Exercise_Ed.ppt	GROUPSCALE	1.000000	1.000000	0.000000	0.000000	True	2895600	476250
W3_Case_Study_of_a_Tsunami_Warning_Simulation_Exercise_Ed.ppt	GROUPSCALE	1.000000	1.000000	0.000000	0.000000	True	8229600	4525962
W3_Case_Study_of_a_Tsunami_Warning_Simulation_Exercise_Ed.ppt	GROUPSCALE	1.000000	1.000000	0.000000	0.000000	True	2133600	476250
W3_Case_Study_of_a_Tsunami_Warning_Simulation_Exercise_Ed.ppt	GROUPSCALE	1.000000	1.000000	0.000000	0.000000	True	2895600	476250
W3_Case_Study_of_a_Tsunami_Warning_Simulation_Exercise_Ed.ppt	GROUPSCALE	1.000000	1.000000	0.000000	0.000000	True	8229600	4525962
W3_Case_Study_of_a_Tsunami_Warning_Simulation_Exercise_Ed.ppt	GROUPSCALE	1.000000	1.000000	0.000000	0.000000	True	2133600	476250
W3_Case_Study_of_a_Tsunami_Warning_Simulation_Exercise_Ed.ppt	GROUPSCALE	1.000000	1.000000	0.000000	0.000000	True	2895600	476250
W3_Case_Study_of_a_Tsunami_Warning_Simulation_Exercise_Ed.ppt	GROUPSCALE	1.000000	1.000000	0.000000	0.000000	True	8229600	1143000
W3_Case_Study_of_a_Tsunami_Warning_Simulation_Exercise_Ed.ppt	GROUPSCALE	1.000000	1.000000	0.000000	0.000000	True	8229600	4525962
W3_Case_Study_of_a_Tsunami_Warning_Simulation_Exercise_Ed.ppt	GROUPSCALE	1.000000	1.000000	0.000000	0.000000	True	2133600	476250
W3_Case_Study_of_a_Tsunami_Warning_Simulation_Exercise_Ed.ppt	GROUPSCALE	1.000000	1.000000	0.000000	0.000000	True	2895600	476250
W3_Case_Study_of_a_Tsunami_Warning_Simulation_Exercise_Ed.ppt	GROUPSCALE	1.000000	1.000000	0.000000	0.000000	True	8229600	1143000
W3_Case_Study_of_a_Tsunami_Warning_Simulation_Exercise_Ed.ppt	GROUPSCALE	1.000000	1.000000	0.000000	0.000000	True	8229600	4525962
W3_Case_Study_of_a_Tsunami_Warning_Simulation_Exercise_Ed.ppt	GROUPSCALE	1.000000	1.000000	0.000000	0.000000	True	2133600	476250
W3_Case_Study_of_a_Tsunami_Warning_Simulation_Exercise_Ed.ppt	GROUPSCALE	1.000000	1.000000	0.000000	0.000000	True	2895600	476250
W3_Case_Study_of_a_Tsunami_Warning_Simulation_Exercise_Ed.ppt	GROUPSCALE	1.000000	1.000000	0.000000	0.000000	True	8229600	1143000
W3_Case_Study_of_a_Tsunami_Warning_Simulation_Exercise_Ed.ppt	GROUPSCALE	1.000000	1.000000	0.000000	0.000000	True	8229600	4525962
W3_Case_Study_of_a_Tsunami_Warning_Simulation_Exercise_Ed.ppt	GROUPSCALE	1.000000	1.000000	0.000000	0.000000	True	2133600	476250
W3_Case_Study_of_a_Tsunami_Warning_Simulation_Exercise_Ed.ppt	GROUPSCALE	1.000000	1.000000	0.000000	0.000000	True	2895600	476250
W3_Case_Study_of_a_Tsunami_Warning_Simulation_Exercise_Ed.ppt	GROUPSCALE	1.000000	1.000000	0.000000	0.000000	True	2133600	476250
W3_Case_Study_of_a_Tsunami_Warning_Simulation_Exercise_Ed.ppt	GROUPSCALE	1.000000	1.000000	0.000000	0.000000	True	2895600	476250
W3_Case_Study_of_a_Tsunami_Warning_Simulation_Exercise_Ed.ppt	GROUPSCALE	1.000000	1.000000	0.000000	0.000000	True	8229600	1143000
W3_Case_Study_of_a_Tsunami_Warning_Simulation_Exercise_Ed.ppt	GROUPSCALE	1.000000	1.000000	0.000000	0.000000	True	8229600	4525962
iep-amount-frequency-for-webinar.ppt	GROUPSCALE	1.000000	1.000000	0.000000	0.000000	True	7772400	2432050
iep-amount-frequency-for-webinar.ppt	GROUPSCALE	1.000000	1.000000	0.000000	0.000000	True	8305800	2133600
iep-amount-frequency-for-webinar.ppt	GROUPSCALE	1.000000	1.000000	0.000000	0.000000	True	8621712	5029200
iep-amount-frequency-for-webinar.ppt	GROUPSCALE	1.000000	1.000000	0.000000	0.000000	True	8229600	1139825
iep-amount-frequency-for-webinar.ppt	GROUPSCALE	1.000000	1.000000	0.000000	0.000000	True	2133600	457200
iep-amount-frequency-for-webinar.ppt	GROUPSCALE	1.000000	1.000000	0.000000	0.000000	True	2133600	457200
iep-amount-frequency-for-webinar.ppt	GROUPSCALE	1.000000	1.000000	0.000000	0.000000	True	2133600	457200
iep-amount-frequency-for-webinar.ppt	GROUPSCALE	1.000000	1.000000	0.000000	0.000000	True	2133600	457200
iep-amount-frequency-for-webinar.ppt	GROUPSCALE	1.000000	1.000000	0.000000	0.000000	True	8229600	4530725
iep-amount-frequency-for-webinar.ppt	GROUPSCALE	1.000000	1.000000	0.000000	0.000000	True	8229600	1139825
iep-amount-frequency-for-webinar.ppt	GROUPSCALE	1.000000	1.000000	0.000000	0.000000	True	2133600	457200
iep-amount-frequency-for-webinar.ppt	GROUPSCALE	1.000000	1.000000	0.000000	0.000000	True	2133600	457200
iep-amount-frequency-for-webinar.ppt	GROUPSCALE	1.000000	1.000000	0.000000	0.000000	True	8229600	1139825
iep-amount-frequency-for-webinar.ppt	GROUPSCALE	1.000000	1.000000	0.000000	0.000000	True	8229600	4530725
iep-amount-frequency-for-webinar.ppt	GROUPSCALE	1.000000	1.000000	0.000000	0.000000	True	2133600	457200
iep-amount-frequency-for-webinar.ppt	GROUPSCALE	1.000000	1.000000	0.000000	0.000000	True	2133600	457200
iep-amount-frequency-for-webinar.ppt	GROUPSCALE	1.000000	1.000000	0.000000	0.000000	True	8077200	4530725
iep-amount-frequency-for-webinar.ppt	GROUPSCALE	1.000000	1.000000	0.000000	0.000000	True	8229600	1139825
iep-amount-frequency-for-webinar.ppt	GROUPSCALE	1.000000	1.000000	0.000000	0.000000	True	2133600	457200
iep-amount-frequency-for-webinar.ppt	GROUPSCALE	1.000000	1.000000	0.000000	0.000000	True	2133600	457200
iep-amount-frequency-for-webinar.ppt	GROUPSCALE	1.000000	1.000000	0.000000	0.000000	True	8229600	4530725
iep-amount-frequency-for-webinar.ppt	GROUPSCALE	1.000000	1.000000	0.000000	0.000000	True	8229600	1139825
iep-amount-frequency-for-webinar.ppt	GROUPSCALE	1.000000	1.000000	0.000000	0.000000	True	2133600	457200
iep-amount-frequency-for-webinar.ppt	GROUPSCALE	1.000000	1.000000	0.000000	0.000000	True	2133600	457200
iep-amount-frequency-for-webinar.ppt	GROUPSCALE	1.000000	1.000000	0.000000	0.000000	True	8229600	4530725
iep-amount-frequency-for-webinar.ppt	GROUPSCALE	1.000000	1.000000	0.000000	0.000000	True	8229600	1139825
iep-amount-frequency-for-webinar.ppt	GROUPSCALE	1.000000	1.000000	0.000000	0.000000	True	2133600	457200
iep-amount-frequency-for-webinar.ppt	GROUPSCALE	1.000000	1.000000	0.000000	0.000000	True	2133600	457200
iep-amount-frequency-for-webinar.ppt	GROUPSCALE	1.000000	1.000000	0.000000	0.000000	True	8229600	4530725
iep-amount-frequency-for-webinar.ppt	GROUPSCALE	1.000000	1.000000	0.000000	0.000000	True	8686800	1139825
iep-amount-frequency-for-webinar.ppt	GROUPSCALE	1.000000	1.000000	0.000000	0.000000	True	2133600	457200
iep-amount-frequency-for-webinar.ppt	GROUPSCALE	1.000000	1.000000	0.000000	0.000000	True	2133600	457200
iep-amount-frequency-for-webinar.ppt	GROUPSCALE	1.000000	1.000000	0.000000	0.000000	True	8229600	4530725
iep-amount-frequency-for-webinar.ppt	GROUPSCALE	1.000000	1.000000	0.000000	0.000000	True	8229600	1139825
iep-amount-frequency-for-webinar.ppt	GROUPSCALE	1.000000	1.000000	0.000000	0.000000	True	2133600	457200
iep-amount-frequency-for-webinar.ppt	GROUPSCALE	1.000000	1.000000	0.000000	0.000000	True	2133600	457200
iep-amount-frequency-for-webinar.ppt	GROUPSCALE	1.000000	1.000000	0.000000	0.000000	True	8229600	4530725
iep-amount-frequency-for-webinar.ppt	GROUPSCALE	1.000000	1.000000	0.000000	0.000000	True	8229600	1139825
iep-amount-frequency-for-webinar.ppt	GROUPSCALE	1.000000	1.000000	0.000000	0.000000	True	2133600	457200
iep-amount-frequency-for-webinar.ppt	GROUPSCALE	1.000000	1.000000	0.000000	0.000000	True	2133600	457200
iep-amount-frequency-for-webinar.ppt	GROUPSCALE	1.000000	1.000000	0.000000	0.000000	True	8229600	4530725
iep-amount-frequency-for-webinar.ppt	GROUPSCALE	1.000000	1.000000	0.000000	0.000000	True	8229600	1139825
iep-amount-frequency-for-webinar.ppt	GROUPSCALE	1.000000	1.000000	0.000000	0.000000	True	2133600	457200
iep-amount-frequency-for-webinar.ppt	GROUPSCALE	1.000000	1.000000	0.000000	0.000000	True	2133600	457200
iep-amount-frequency-for-webinar.ppt	GROUPSCALE	1.000000	1.000000	0.000000	0.000000	True	8229600	4530725
iep-amount-frequency-for-webinar.ppt	GROUPSCALE	1.000000	1.000000	0.000000	0.000000	True	8229600	1139825
iep-amount-frequency-for-webinar.ppt	GROUPSCALE	1.000000	1.000000	0.000000	0.000000	True	2133600	457200
iep-amount-frequency-for-webinar.ppt	GROUPSCALE	1.000000	1.000000	0.000000	0.000000	True	2133600	457200
iep-amount-frequency-for-webinar.ppt	GROUPSCALE	1.000000	1.000000	0.000000	0.000000	True	8229600	1139825
iep-amount-frequency-for-webinar.ppt	GROUPSCALE	1.000000	1.000000	0.000000	0.000000	True	2133600	457200
iep-amount-frequency-for-webinar.ppt	GROUPSCALE	1.000000	1.000000	0.000000	0.000000	True	2133600	457200
iep-amount-frequency-for-webinar.ppt	GROUPSCALE	1.000000	1.000000	0.000000	0.000000	True	2114550	673100
iep-amount-frequency-for-webinar.ppt	GROUPSCALE	1.000000	1.000000	0.000000	0.000000	True	2114550	673100
iep-amount-frequency-for-webinar.ppt	GROUPSCALE	1.000000	1.000000	0.000000	0.000000	True	2114550	673100
iep-amount-frequency-for-webinar.ppt	GROUPSCALE	1.000000	1.000000	0.000000	0.000000	True	2114550	673100
iep-amount-frequency-for-webinar.ppt	GROUPSCALE	1.000000	1.000000	0.000000	0.000000	True	2114550	1601787
iep-amount-frequency-for-webinar.ppt	GROUPSCALE	1.000000	1.000000	0.000000	0.000000	True	2114550	1601787
iep-amount-frequency-for-webinar.ppt	GROUPSCALE	1.000000	1.000000	0.000000	0.000000	True	2114550	1601787
iep-amount-frequency-for-webinar.ppt	GROUPSCALE	1.000000	1.000000	0.000000	0.000000	True	2114550	1601787
iep-amount-frequency-for-webinar.ppt	GROUPSCALE	1.000000	1.000000	0.000000	0.000000	True	2114550	1697037
iep-amount-frequency-for-webinar.ppt	GROUPSCALE	1.000000	1.000000	0.000000	0.000000	True	2114550	1697037
iep-amount-frequency-for-webinar.ppt	GROUPSCALE	1.000000	1.000000	0.000000	0.000000	True	2114550	1697037
iep-amount-frequency-for-webinar.ppt	GROUPSCALE	1.000000	1.000000	0.000000	0.000000	True	2114550	1697037
iep-amount-frequency-for-webinar.ppt	GROUPSCALE	1.000000	1.000000	0.000000	0.000000	True	2114550	736600
iep-amount-frequency-for-webinar.ppt	GROUPSCALE	1.000000	1.000000	0.000000	0.000000	True	2114550	736600
iep-amount-frequency-for-webinar.ppt	GROUPSCALE	1.000000	1.000000	0.000000	0.000000	True	2114550	736600
iep-amount-frequency-for-webinar.ppt	GROUPSCALE	1.000000	1.000000	0.000000	0.000000	True	2114550	736600
iep-amount-frequency-for-webinar.ppt	GROUPSCALE	1.000000	1.000000	0.000000	0.000000	True	8229600	1139825
iep-amount-frequency-for-webinar.ppt	GROUPSCALE	1.000000	1.000000	0.000000	0.000000	True	2133600	457200
iep-amount-frequency-for-webinar.ppt	GROUPSCALE	1.000000	1.000000	0.000000	0.000000	True	2133600	457200
iep-amount-frequency-for-webinar.ppt	GROUPSCALE	1.000000	1.000000	0.000000	0.000000	True	2095500	665162
iep-amount-frequency-for-webinar.ppt	GROUPSCALE	1.000000	1.000000	0.000000	0.000000	True	2095500	665162
iep-amount-frequency-for-webinar.ppt	GROUPSCALE	1.000000	1.000000	0.000000	0.000000	True	2095500	665162
iep-amount-frequency-for-webinar.ppt	GROUPSCALE	1.000000	1.000000	0.000000	0.000000	True	2095500	665162
iep-amount-frequency-for-webinar.ppt	GROUPSCALE	1.000000	1.000000	0.000000	0.000000	True	2095500	1189037
iep-amount-frequency-for-webinar.ppt	GROUPSCALE	1.000000	1.000000	0.000000	0.000000	True	2095500	1189037
iep-amount-frequency-for-webinar.ppt	GROUPSCALE	1.000000	1.000000	0.000000	0.000000	True	2095500	1189037
iep-amount-frequency-for-webinar.ppt	GROUPSCALE	1.000000	1.000000	0.000000	0.000000	True	2095500	1189037
iep-amount-frequency-for-webinar.ppt	GROUPSCALE	1.000000	1.000000	0.000000	0.000000	True	2095500	1766887
iep-amount-frequency-for-webinar.ppt	GROUPSCALE	1.000000	1.000000	0.000000	0.000000	True	2095500	1766887
iep-amount-frequency-for-webinar.ppt	GROUPSCALE	1.000000	1.000000	0.000000	0.000000	True	2095500	1766887
iep-amount-frequency-for-webinar.ppt	GROUPSCALE	1.000000	1.000000	0.000000	0.000000	True	2095500	1766887
iep-amount-frequency-for-webinar.ppt	GROUPSCALE	1.000000	1.000000	0.000000	0.000000	True	2095500	1362075
iep-amount-frequency-for-webinar.ppt	GROUPSCALE	1.000000	1.000000	0.000000	0.000000	True	2095500	1362075
iep-amount-frequency-for-webinar.ppt	GROUPSCALE	1.000000	1.000000	0.000000	0.000000	True	2095500	1362075
iep-amount-frequency-for-webinar.ppt	GROUPSCALE	1.000000	1.000000	0.000000	0.000000	True	2095500	1362075
iep-amount-frequency-for-webinar.ppt	GROUPSCALE	1.000000	1.000000	0.000000	0.000000	True	2438400	784225
iep-amount-frequency-for-webinar.ppt	GROUPSCALE	1.000000	1.000000	0.000000	0.000000	True	1714500	784225
iep-amount-frequency-for-webinar.ppt	GROUPSCALE	1.000000	1.000000	0.000000	0.000000	True	2076450	784225
iep-amount-frequency-for-webinar.ppt	GROUPSCALE	1.000000	1.000000	0.000000	0.000000	True	2076450	784225
iep-amount-frequency-for-webinar.ppt	GROUPSCALE	1.000000	1.000000	0.000000	0.000000	True	2438400	3787775
iep-amount-frequency-for-webinar.ppt	GROUPSCALE	1.000000	1.000000	0.000000	0.000000	True	1714500	3787775
iep-amount-frequency-for-webinar.ppt	GROUPSCALE	1.000000	1.000000	0.000000	0.000000	True	2076450	3787775
iep-amount-frequency-for-webinar.ppt	GROUPSCALE	1.000000	1.000000	0.000000	0.000000	True	2076450	3787775
iep-amount-frequency-for-webinar.ppt	GROUPSCALE	1.000000	1.000000	0.000000	0.000000	True	8610600	1139825
iep-amount-frequency-for-webinar.ppt	GROUPSCALE	1.000000	1.000000	0.000000	0.000000	True	2133600	457200
iep-amount-frequency-for-webinar.ppt	GROUPSCALE	1.000000	1.000000	0.000000	0.000000	True	2133600	457200
iep-amount-frequency-for-webinar.ppt	GROUPSCALE	1.000000	1.000000	0.000000	0.000000	True	8610600	1017587
iep-amount-frequency-for-webinar.ppt	GROUPSCALE	1.000000	1.000000	0.000000	0.000000	True	2133600	457200
iep-amount-frequency-for-webinar.ppt	GROUPSCALE	1.000000	1.000000	0.000000	0.000000	True	2133600	457200
iep-amount-frequency-for-webinar.ppt	GROUPSCALE	1.000000	1.000000	0.000000	0.000000	True	2362200	990600
iep-amount-frequency-for-webinar.ppt	GROUPSCALE	1.000000	1.000000	0.000000	0.000000	True	1714500	990600
iep-amount-frequency-for-webinar.ppt	GROUPSCALE	1.000000	1.000000	0.000000	0.000000	True	2038350	990600
iep-amount-frequency-for-webinar.ppt	GROUPSCALE	1.000000	1.000000	0.000000	0.000000	True	2038350	990600
iep-amount-frequency-for-webinar.ppt	GROUPSCALE	1.000000	1.000000	0.000000	0.000000	True	2362200	3148012
iep-amount-frequency-for-webinar.ppt	GROUPSCALE	1.000000	1.000000	0.000000	0.000000	True	1714500	3148012
iep-amount-frequency-for-webinar.ppt	GROUPSCALE	1.000000	1.000000	0.000000	0.000000	True	2038350	3148012
iep-amount-frequency-for-webinar.ppt	GROUPSCALE	1.000000	1.000000	0.000000	0.000000	True	2038350	3148012
iep-amount-frequency-for-webinar.ppt	GROUPSCALE	1.000000	1.000000	0.000000	0.000000	True	7543800	3844925
iep-amount-frequency-for-webinar.ppt	GROUPSCALE	1.000000	1.000000	0.000000	0.000000	True	8229600	1139825
iep-amount-frequency-for-webinar.ppt	GROUPSCALE	1.000000	1.000000	0.000000	0.000000	True	2133600	457200
iep-amount-frequency-for-webinar.ppt	GROUPSCALE	1.000000	1.000000	0.000000	0.000000	True	2133600	457200
iep-amount-frequency-for-webinar.ppt	GROUPSCALE	1.000000	1.000000	0.000000	0.000000	True	8229600	4530725
iep-amount-frequency-for-webinar.ppt	GROUPSCALE	1.000000	1.000000	0.000000	0.000000	True	8229600	1139825
iep-amount-frequency-for-webinar.ppt	GROUPSCALE	1.000000	1.000000	0.000000	0.000000	True	2133600	457200
iep-amount-frequency-for-webinar.ppt	GROUPSCALE	1.000000	1.000000	0.000000	0.000000	True	2133600	457200
iep-amount-frequency-for-webinar.ppt	GROUPSCALE	1.000000	1.000000	0.000000	0.000000	True	8229600	4530725
iep-amount-frequency-for-webinar.ppt	GROUPSCALE	1.000000	1.000000	0.000000	0.000000	True	8229600	1139825
iep-amount-frequency-for-webinar.ppt	GROUPSCALE	1.000000	1.000000	0.000000	0.000000	True	2133600	457200
iep-amount-frequency-for-webinar.ppt	GROUPSCALE	1.000000	1.000000	0.000000	0.000000	True	2133600	457200
iep-amount-frequency-for-webinar.ppt	GROUPSCALE	1.000000	1.000000	0.000000	0.000000	True	8229600	4530725
iep-amount-frequency-for-webinar.ppt	GROUPSCALE	1.000000	1.000000	0.000000	0.000000	True	8229600	1139825
iep-amount-frequency-for-webinar.ppt	GROUPSCALE	1.000000	1.000000	0.000000	0.000000	True	2133600	457200
iep-amount-frequency-for-webinar.ppt	GROUPSCALE	1.000000	1.000000	0.000000	0.000000	True	2133600	457200
iep-amount-frequency-for-webinar.ppt	GROUPSCALE	1.000000	1.000000	0.000000	0.000000	True	2114550	815975
iep-amount-frequency-for-webinar.ppt	GROUPSCALE	1.000000	1.000000	0.000000	0.000000	True	2741612	815975
iep-amount-frequency-for-webinar.ppt	GROUPSCALE	1.000000	1.000000	0.000000	0.000000	True	1487487	815975
iep-amount-frequency-for-webinar.ppt	GROUPSCALE	1.000000	1.000000	0.000000	0.000000	True	2114550	815975
iep-amount-frequency-for-webinar.ppt	GROUPSCALE	1.000000	1.000000	0.000000	0.000000	True	2114550	3883025
iep-amount-frequency-for-webinar.ppt	GROUPSCALE	1.000000	1.000000	0.000000	0.000000	True	2741612	3883025
iep-amount-frequency-for-webinar.ppt	GROUPSCALE	1.000000	1.000000	0.000000	0.000000	True	1487487	3883025
iep-amount-frequency-for-webinar.ppt	GROUPSCALE	1.000000	1.000000	0.000000	0.000000	True	2114550	3883025
iep-amount-frequency-for-webinar.ppt	GROUPSCALE	1.000000	1.000000	0.000000	0.000000	True	8229600	1139825
iep-amount-frequency-for-webinar.ppt	GROUPSCALE	1.000000	1.000000	0.000000	0.000000	True	2133600	457200
iep-amount-frequency-for-webinar.ppt	GROUPSCALE	1.000000	1.000000	0.000000	0.000000	True	2133600	457200
iep-amount-frequency-for-webinar.ppt	GROUPSCALE	1.000000	1.000000	0.000000	0.000000	True	8504237	4530725
iep-amount-frequency-for-webinar.ppt	GROUPSCALE	1.000000	1.000000	0.000000	0.000000	True	8229600	1139825
iep-amount-frequency-for-webinar.ppt	GROUPSCALE	1.000000	1.000000	0.000000	0.000000	True	2133600	457200
iep-amount-frequency-for-webinar.ppt	GROUPSCALE	1.000000	1.000000	0.000000	0.000000	True	2133600	457200
iep-amount-frequency-for-webinar.ppt	GROUPSCALE	1.000000	1.000000	0.000000	0.000000	True	8229600	1139825
iep-amount-frequency-for-webinar.ppt	GROUPSCALE	1.000000	1.000000	0.000000	0.000000	True	2133600	457200
iep-amount-frequency-for-webinar.ppt	GROUPSCALE	1.000000	1.000000	0.000000	0.000000	True	2133600	457200
iep-amount-frequency-for-webinar.ppt	GROUPSCALE	1.000000	1.000000	0.000000	0.000000	True	2819400	701675
iep-amount-frequency-for-webinar.ppt	GROUPSCALE	1.000000	1.000000	0.000000	0.000000	True	2057400	701675
iep-amount-frequency-for-webinar.ppt	GROUPSCALE	1.000000	1.000000	0.000000	0.000000	True	2286000	701675
iep-amount-frequency-for-webinar.ppt	GROUPSCALE	1.000000	1.000000	0.000000	0.000000	True	1371600	701675
iep-amount-frequency-for-webinar.ppt	GROUPSCALE	1.000000	1.000000	0.000000	0.000000	True	2819400	3597275
iep-amount-frequency-for-webinar.ppt	GROUPSCALE	1.000000	1.000000	0.000000	0.000000	True	2057400	3597275
iep-amount-frequency-for-webinar.ppt	GROUPSCALE	1.000000	1.000000	0.000000	0.000000	True	2286000	3597275
iep-amount-frequency-for-webinar.ppt	GROUPSCALE	1.000000	1.000000	0.000000	0.000000	True	1371600	3597275
iep-amount-frequency-for-webinar.ppt	GROUPSCALE	1.000000	1.000000	0.000000	0.000000	True	8229600	1139825
iep-amount-frequency-for-webinar.ppt	GROUPSCALE	1.000000	1.000000	0.000000	0.000000	True	2133600	457200
iep-amount-frequency-for-webinar.ppt	GROUPSCALE	1.000000	1.000000	0.000000	0.000000	True	2133600	457200
iep-amount-frequency-for-webinar.ppt	GROUPSCALE	1.000000	1.000000	0.000000	0.000000	True	2133600	914400
iep-amount-frequency-for-webinar.ppt	GROUPSCALE	1.000000	1.000000	0.000000	0.000000	True	2133600	914400
iep-amount-frequency-for-webinar.ppt	GROUPSCALE	1.000000	1.000000	0.000000	0.000000	True	2133600	914400
iep-amount-frequency-for-webinar.ppt	GROUPSCALE	1.000000	1.000000	0.000000	0.000000	True	2133600	914400
iep-amount-frequency-for-webinar.ppt	GROUPSCALE	1.000000	1.000000	0.000000	0.000000	True	2133600	3078162
iep-amount-frequency-for-webinar.ppt	GROUPSCALE	1.000000	1.000000	0.000000	0.000000	True	2133600	3078162
iep-amount-frequency-for-webinar.ppt	GROUPSCALE	1.000000	1.000000	0.000000	0.000000	True	2133600	3078162
iep-amount-frequency-for-webinar.ppt	GROUPSCALE	1.000000	1.000000	0.000000	0.000000	True	2133600	3078162
iep-amount-frequency-for-webinar.ppt	GROUPSCALE	1.000000	1.000000	0.000000	0.000000	True	8229600	1139825
iep-amount-frequency-for-webinar.ppt	GROUPSCALE	1.000000	1.000000	0.000000	0.000000	True	2133600	457200
iep-amount-frequency-for-webinar.ppt	GROUPSCALE	1.000000	1.000000	0.000000	0.000000	True	2133600	457200
iep-amount-frequency-for-webinar.ppt	GROUPSCALE	1.000000	1.000000	0.000000	0.000000	True	2095500	658812
iep-amount-frequency-for-webinar.ppt	GROUPSCALE	1.000000	1.000000	0.000000	0.000000	True	2552700	658812
iep-amount-frequency-for-webinar.ppt	GROUPSCALE	1.000000	1.000000	0.000000	0.000000	True	1981200	658812
iep-amount-frequency-for-webinar.ppt	GROUPSCALE	1.000000	1.000000	0.000000	0.000000	True	1752600	658812
iep-amount-frequency-for-webinar.ppt	GROUPSCALE	1.000000	1.000000	0.000000	0.000000	True	2095500	3811587
iep-amount-frequency-for-webinar.ppt	GROUPSCALE	1.000000	1.000000	0.000000	0.000000	True	2552700	3811587
iep-amount-frequency-for-webinar.ppt	GROUPSCALE	1.000000	1.000000	0.000000	0.000000	True	1981200	3811587
iep-amount-frequency-for-webinar.ppt	GROUPSCALE	1.000000	1.000000	0.000000	0.000000	True	1752600	3811587
iep-amount-frequency-for-webinar.ppt	GROUPSCALE	1.000000	1.000000	0.000000	0.000000	True	8229600	1139825
iep-amount-frequency-for-webinar.ppt	GROUPSCALE	1.000000	1.000000	0.000000	0.000000	True	2133600	457200
iep-amount-frequency-for-webinar.ppt	GROUPSCALE	1.000000	1.000000	0.000000	0.000000	True	2514600	660400
iep-amount-frequency-for-webinar.ppt	GROUPSCALE	1.000000	1.000000	0.000000	0.000000	True	2057400	660400
iep-amount-frequency-for-webinar.ppt	GROUPSCALE	1.000000	1.000000	0.000000	0.000000	True	1657350	660400
iep-amount-frequency-for-webinar.ppt	GROUPSCALE	1.000000	1.000000	0.000000	0.000000	True	2076450	660400
iep-amount-frequency-for-webinar.ppt	GROUPSCALE	1.000000	1.000000	0.000000	0.000000	True	2514600	2651125
iep-amount-frequency-for-webinar.ppt	GROUPSCALE	1.000000	1.000000	0.000000	0.000000	True	2057400	2651125
iep-amount-frequency-for-webinar.ppt	GROUPSCALE	1.000000	1.000000	0.000000	0.000000	True	1657350	2651125
iep-amount-frequency-for-webinar.ppt	GROUPSCALE	1.000000	1.000000	0.000000	0.000000	True	2076450	2651125
iep-amount-frequency-for-webinar.ppt	GROUPSCALE	1.000000	1.000000	0.000000	0.000000	True	2514600	1920875
iep-amount-frequency-for-webinar.ppt	GROUPSCALE	1.000000	1.000000	0.000000	0.000000	True	2057400	1920875
iep-amount-frequency-for-webinar.ppt	GROUPSCALE	1.000000	1.000000	0.000000	0.000000	True	1657350	1920875
iep-amount-frequency-for-webinar.ppt	GROUPSCALE	1.000000	1.000000	0.000000	0.000000	True	2076450	1920875
iep-amount-frequency-for-webinar.ppt	GROUPSCALE	1.000000	1.000000	0.000000	0.000000	True	2133600	457200
iep-amount-frequency-for-webinar.ppt	GROUPSCALE	1.000000	1.000000	0.000000	0.000000	True	8229600	4530725
iep-amount-frequency-for-webinar.ppt	GROUPSCALE	1.000000	1.000000	0.000000	0.000000	True	8229600	1139825
iep-amount-frequency-for-webinar.ppt	GROUPSCALE	1.000000	1.000000	0.000000	0.000000	True	2133600	457200
iep-amount-frequency-for-webinar.ppt	GROUPSCALE	1.000000	1.000000	0.000000	0.000000	True	2133600	457200
iep-amount-frequency-for-webinar.ppt	GROUPSCALE	1.000000	1.000000	0.000000	0.000000	True	8229600	4530725
iep-amount-frequency-for-webinar.ppt	GROUPSCALE	1.000000	1.000000	0.000000	0.000000	True	8229600	1139825
iep-amount-frequency-for-webinar.ppt	GROUPSCALE	1.000000	1.000000	0.000000	0.000000	True	2133600	457200
iep-amount-frequency-for-webinar.ppt	GROUPSCALE	1.000000	1.000000	0.000000	0.000000	True	2133600	457200
iep-amount-frequency-for-webinar.ppt	GROUPSCALE	1.000000	1.000000	0.000000	0.000000	True	2133600	815975
iep-amount-frequency-for-webinar.ppt	GROUPSCALE	1.000000	1.000000	0.000000	0.000000	True	2598737	815975
iep-amount-frequency-for-webinar.ppt	GROUPSCALE	1.000000	1.000000	0.000000	0.000000	True	2017712	815975
iep-amount-frequency-for-webinar.ppt	GROUPSCALE	1.000000	1.000000	0.000000	0.000000	True	1784350	815975
iep-amount-frequency-for-webinar.ppt	GROUPSCALE	1.000000	1.000000	0.000000	0.000000	True	2133600	1165225
iep-amount-frequency-for-webinar.ppt	GROUPSCALE	1.000000	1.000000	0.000000	0.000000	True	2598737	1165225
iep-amount-frequency-for-webinar.ppt	GROUPSCALE	1.000000	1.000000	0.000000	0.000000	True	2017712	1165225
iep-amount-frequency-for-webinar.ppt	GROUPSCALE	1.000000	1.000000	0.000000	0.000000	True	1784350	1165225
iep-amount-frequency-for-webinar.ppt	GROUPSCALE	1.000000	1.000000	0.000000	0.000000	True	8229600	4530725
iep-amount-frequency-for-webinar.ppt	GROUPSCALE	1.000000	1.000000	0.000000	0.000000	True	8229600	1139825
iep-amount-frequency-for-webinar.ppt	GROUPSCALE	1.000000	1.000000	0.000000	0.000000	True	2133600	457200
iep-amount-frequency-for-webinar.ppt	GROUPSCALE	1.000000	1.000000	0.000000	0.000000	True	2133600	457200
iep-amount-frequency-for-webinar.ppt	GROUPSCALE	1.000000	1.000000	0.000000	0.000000	True	8229600	4530725
iep-amount-frequency-for-webinar.ppt	GROUPSCALE	1.000000	1.000000	0.000000	0.000000	True	8229600	1139825
iep-amount-frequency-for-webinar.ppt	GROUPSCALE	1.000000	1.000000	0.000000	0.000000	True	2133600	457200
iep-amount-frequency-for-webinar.ppt	GROUPSCALE	1.000000	1.000000	0.000000	0.000000	True	2133600	457200
iep-amount-frequency-for-webinar.ppt	GROUPSCALE	1.000000	1.000000	0.000000	0.000000	True	8229600	865187
iep-amount-frequency-for-webinar.ppt	GROUPSCALE	1.000000	1.000000	0.000000	0.000000	True	2133600	457200
iep-amount-frequency-for-webinar.ppt	GROUPSCALE	1.000000	1.000000	0.000000	0.000000	True	2133600	457200
iep-amount-frequency-for-webinar.ppt	GROUPSCALE	1.000000	1.000000	0.000000	0.000000	True	8229600	865187
iep-amount-frequency-for-webinar.ppt	GROUPSCALE	1.000000	1.000000	0.000000	0.000000	True	2133600	457200
iep-amount-frequency-for-webinar.ppt	GROUPSCALE	1.000000	1.000000	0.000000	0.000000	True	2133600	457200
iep-amount-frequency-for-webinar.ppt	GROUPSCALE	0.961894	0.961894	-0.273422	0.273422	False	1790700	1817687
iep-amount-frequency-for-webinar.ppt	GROUPSCALE	0.987075	0.987075	0.160258	-0.160258	False	2119312	1557337
iep-amount-frequency-for-webinar.ppt	GROUPSCALE	1.000000	1.000000	0.000000	0.000000	True	2335212	1471612
iep-amount-frequency-for-webinar.ppt	GROUPSCALE	1.000000	1.000000	0.000000	0.000000	True	8229600	941387
iep-amount-frequency-for-webinar.ppt	GROUPSCALE	1.000000	1.000000	0.000000	0.000000	True	2133600	457200
iep-amount-frequency-for-webinar.ppt	GROUPSCALE	1.000000	1.000000	0.000000	0.000000	True	2133600	457200
iep-amount-frequency-for-webinar.ppt	GROUPSCALE	1.000000	1.000000	0.000000	0.000000	True	8229600	1139825
iep-amount-frequency-for-webinar.ppt	GROUPSCALE	1.000000	1.000000	0.000000	0.000000	True	2133600	457200
iep-amount-frequency-for-webinar.ppt	GROUPSCALE	1.000000	1.000000	0.000000	0.000000	True	2133600	457200
iep-amount-frequency-for-webinar.ppt	GROUPSCALE	0.987075	0.987075	0.160258	-0.160258	False	2357437	1947862
iep-amount-frequency-for-webinar.ppt	GROUPSCALE	0.998631	0.998631	0.052299	-0.052299	False	2638425	1371600
iep-amount-frequency-for-webinar.ppt	GROUPSCALE	0.998631	0.998631	0.052299	-0.052299	False	2638425	1371600
iep-amount-frequency-for-webinar.ppt	GROUPSCALE	1.000000	1.000000	0.000000	0.000000	True	8229600	1139825
iep-amount-frequency-for-webinar.ppt	GROUPSCALE	1.000000	1.000000	0.000000	0.000000	True	2133600	457200
iep-amount-frequency-for-webinar.ppt	GROUPSCALE	1.000000	1.000000	0.000000	0.000000	True	2133600	457200
iep-amount-frequency-for-webinar.ppt	GROUPSCALE	1.000000	1.000000	0.000000	0.000000	True	8229600	1139825
iep-amount-frequency-for-webinar.ppt	GROUPSCALE	1.000000	1.000000	0.000000	0.000000	True	2133600	457200
iep-amount-frequency-for-webinar.ppt	GROUPSCALE	1.000000	1.000000	0.000000	0.000000	True	2133600	457200
iep-amount-frequency-for-webinar.ppt	GROUPSCALE	0.996167	0.996167	0.087477	-0.087477	False	2814637	1557337
iep-amount-frequency-for-webinar.ppt	GROUPSCALE	0.997603	0.997603	0.069192	-0.069192	False	2725737	2206625
iep-amount-frequency-for-webinar.ppt	GROUPSCALE	1.000000	1.000000	0.000000	0.000000	True	8229600	4530725
iep-amount-frequency-for-webinar.ppt	GROUPSCALE	1.000000	1.000000	0.000000	0.000000	True	8229600	1139825
iep-amount-frequency-for-webinar.ppt	GROUPSCALE	1.000000	1.000000	0.000000	0.000000	True	2133600	457200
iep-amount-frequency-for-webinar.ppt	GROUPSCALE	1.000000	1.000000	0.000000	0.000000	True	2133600	457200
iep-amount-frequency-for-webinar.ppt	GROUPSCALE	1.000000	1.000000	0.000000	0.000000	True	8458200	4530725
iep-amount-frequency-for-webinar.ppt	GROUPSCALE	1.000000	1.000000	0.000000	0.000000	True	8229600	1139825
iep-amount-frequency-for-webinar.ppt	GROUPSCALE	1.000000	1.000000	0.000000	0.000000	True	2133600	457200
iep-amount-frequency-for-webinar.ppt	GROUPSCALE	1.000000	1.000000	0.000000	0.000000	True	2133600	457200
BUS-Chapter 05.ppt	GROUPSCALE	1.000000	1.000000	0.000000	0.000000	True	7185025	1465262
BUS-Chapter 05.ppt	GROUPSCALE	1.000000	1.000000	0.000000	0.000000	True	6705600	2014537
BUS-Chapter 05.ppt	GROUPSCALE	1.000000	1.000000	0.000000	0.000000	True	1887537	396875
BUS-Chapter 05.ppt	GROUPSCALE	1.000000	1.000000	0.000000	0.000000	True	1887537	396875
BUS-Chapter 05.ppt	GROUPSCALE	1.000000	1.000000	0.000000	0.000000	True	1887537	396875
BUS-Chapter 05.ppt	GROUPSCALE	1.000000	1.000000	0.000000	0.000000	True	1887537	396875
BUS-Chapter 05.ppt	GROUPSCALE	1.000000	1.000000	0.000000	0.000000	True	8418512	1243012
BUS-Chapter 05.ppt	GROUPSCALE	1.000000	1.000000	0.000000	0.000000	True	7470775	4835525
BUS-Chapter 05.ppt	GROUPSCALE	1.000000	1.000000	0.000000	0.000000	True	1887537	396875
BUS-Chapter 05.ppt	GROUPSCALE	1.000000	1.000000	0.000000	0.000000	True	1887537	396875
BUS-Chapter 05.ppt	GROUPSCALE	1.000000	1.000000	0.000000	0.000000	True	1887537	396875
BUS-Chapter 05.ppt	GROUPSCALE	1.000000	1.000000	0.000000	0.000000	True	1887537	396875
BUS-Chapter 05.ppt	GROUPSCALE	1.000000	1.000000	0.000000	0.000000	True	8418512	1243012
BUS-Chapter 05.ppt	GROUPSCALE	1.000000	1.000000	0.000000	0.000000	True	7472362	4559300
BUS-Chapter 05.ppt	GROUPSCALE	1.000000	1.000000	0.000000	0.000000	True	1887537	396875
BUS-Chapter 05.ppt	GROUPSCALE	1.000000	1.000000	0.000000	0.000000	True	1887537	396875
BUS-Chapter 05.ppt	GROUPSCALE	1.000000	1.000000	0.000000	0.000000	True	1887537	396875
BUS-Chapter 05.ppt	GROUPSCALE	1.000000	1.000000	0.000000	0.000000	True	1887537	396875
BUS-Chapter 05.ppt	GROUPSCALE	1.000000	1.000000	0.000000	0.000000	True	8418512	1243012
BUS-Chapter 05.ppt	GROUPSCALE	1.000000	1.000000	0.000000	0.000000	True	7688262	4559300
BUS-Chapter 05.ppt	GROUPSCALE	1.000000	1.000000	0.000000	0.000000	True	1887537	396875
BUS-Chapter 05.ppt	GROUPSCALE	1.000000	1.000000	0.000000	0.000000	True	1887537	396875
BUS-Chapter 05.ppt	GROUPSCALE	1.000000	1.000000	0.000000	0.000000	True	1887537	396875
BUS-Chapter 05.ppt	GROUPSCALE	1.000000	1.000000	0.000000	0.000000	True	1887537	396875
BUS-Chapter 05.ppt	GROUPSCALE	1.000000	1.000000	0.000000	0.000000	True	8418512	1243012
BUS-Chapter 05.ppt	GROUPSCALE	1.000000	1.000000	0.000000	0.000000	True	7688262	4559300
BUS-Chapter 05.ppt	GROUPSCALE	1.000000	1.000000	0.000000	0.000000	True	1887537	396875
BUS-Chapter 05.ppt	GROUPSCALE	1.000000	1.000000	0.000000	0.000000	True	1887537	396875
BUS-Chapter 05.ppt	GROUPSCALE	1.000000	1.000000	0.000000	0.000000	True	1887537	396875
BUS-Chapter 05.ppt	GROUPSCALE	1.000000	1.000000	0.000000	0.000000	True	1887537	396875
BUS-Chapter 05.ppt	GROUPSCALE	1.000000	1.000000	0.000000	0.000000	True	8418512	1243012
BUS-Chapter 05.ppt	GROUPSCALE	1.000000	1.000000	0.000000	0.000000	True	7688262	4559300
BUS-Chapter 05.ppt	GROUPSCALE	1.000000	1.000000	0.000000	0.000000	True	1887537	396875
BUS-Chapter 05.ppt	GROUPSCALE	1.000000	1.000000	0.000000	0.000000	True	1887537	396875
BUS-Chapter 05.ppt	GROUPSCALE	1.000000	1.000000	0.000000	0.000000	True	1887537	396875
BUS-Chapter 05.ppt	GROUPSCALE	1.000000	1.000000	0.000000	0.000000	True	1887537	396875
BUS-Chapter 05.ppt	GROUPSCALE	1.000000	1.000000	0.000000	0.000000	True	8418512	1243012
BUS-Chapter 05.ppt	GROUPSCALE	1.000000	1.000000	0.000000	0.000000	True	7688262	4559300
BUS-Chapter 05.ppt	GROUPSCALE	1.000000	1.000000	0.000000	0.000000	True	1887537	396875
BUS-Chapter 05.ppt	GROUPSCALE	1.000000	1.000000	0.000000	0.000000	True	1887537	396875
BUS-Chapter 05.ppt	GROUPSCALE	1.000000	1.000000	0.000000	0.000000	True	1887537	396875
BUS-Chapter 05.ppt	GROUPSCALE	1.000000	1.000000	0.000000	0.000000	True	1887537	396875
BUS-Chapter 05.ppt	GROUPSCALE	1.000000	1.000000	0.000000	0.000000	True	8418512	1243012
BUS-Chapter 05.ppt	GROUPSCALE	1.000000	1.000000	0.000000	0.000000	True	7688262	4559300
BUS-Chapter 05.ppt	GROUPSCALE	1.000000	1.000000	0.000000	0.000000	True	1887537	396875
BUS-Chapter 05.ppt	GROUPSCALE	1.000000	1.000000	0.000000	0.000000	True	1887537	396875
BUS-Chapter 05.ppt	GROUPSCALE	1.000000	1.000000	0.000000	0.000000	True	1887537	396875
BUS-Chapter 05.ppt	GROUPSCALE	1.000000	1.000000	0.000000	0.000000	True	1887537	396875
BUS-Chapter 05.ppt	GROUPSCALE	1.000000	1.000000	0.000000	0.000000	True	8418512	1243012
BUS-Chapter 05.ppt	GROUPSCALE	1.000000	1.000000	0.000000	0.000000	True	7688262	4559300
BUS-Chapter 05.ppt	GROUPSCALE	1.000000	1.000000	0.000000	0.000000	True	1887537	396875
BUS-Chapter 05.ppt	GROUPSCALE	1.000000	1.000000	0.000000	0.000000	True	1887537	396875
BUS-Chapter 05.ppt	GROUPSCALE	1.000000	1.000000	0.000000	0.000000	True	1887537	396875
BUS-Chapter 05.ppt	GROUPSCALE	1.000000	1.000000	0.000000	0.000000	True	1887537	396875
BUS-Chapter 05.ppt	GROUPSCALE	1.000000	1.000000	0.000000	0.000000	True	8418512	1243012
BUS-Chapter 05.ppt	GROUPSCALE	1.000000	1.000000	0.000000	0.000000	True	7688262	4559300
BUS-Chapter 05.ppt	GROUPSCALE	1.000000	1.000000	0.000000	0.000000	True	1887537	396875
BUS-Chapter 05.ppt	GROUPSCALE	1.000000	1.000000	0.000000	0.000000	True	1887537	396875
BUS-Chapter 05.ppt	GROUPSCALE	1.000000	1.000000	0.000000	0.000000	True	1887537	396875
BUS-Chapter 05.ppt	GROUPSCALE	1.000000	1.000000	0.000000	0.000000	True	1887537	396875
BUS-Chapter 05.ppt	GROUPSCALE	1.000000	1.000000	0.000000	0.000000	True	8418512	1243012
BUS-Chapter 05.ppt	GROUPSCALE	1.000000	1.000000	0.000000	0.000000	True	7499350	4559300
BUS-Chapter 05.ppt	GROUPSCALE	1.000000	1.000000	0.000000	0.000000	True	1887537	396875
BUS-Chapter 05.ppt	GROUPSCALE	1.000000	1.000000	0.000000	0.000000	True	1887537	396875
BUS-Chapter 05.ppt	GROUPSCALE	1.000000	1.000000	0.000000	0.000000	True	1887537	396875
BUS-Chapter 05.ppt	GROUPSCALE	1.000000	1.000000	0.000000	0.000000	True	1887537	396875
BUS-Chapter 05.ppt	GROUPSCALE	1.000000	1.000000	0.000000	0.000000	True	8418512	1243012
BUS-Chapter 05.ppt	GROUPSCALE	1.000000	1.000000	0.000000	0.000000	True	7324725	4559300
BUS-Chapter 05.ppt	GROUPSCALE	1.000000	1.000000	0.000000	0.000000	True	1887537	396875
BUS-Chapter 05.ppt	GROUPSCALE	1.000000	1.000000	0.000000	0.000000	True	1887537	396875
BUS-Chapter 05.ppt	GROUPSCALE	1.000000	1.000000	0.000000	0.000000	True	1887537	396875
BUS-Chapter 05.ppt	GROUPSCALE	1.000000	1.000000	0.000000	0.000000	True	1887537	396875
BUS-Chapter 05.ppt	GROUPSCALE	1.000000	1.000000	0.000000	0.000000	True	8418512	1243012
BUS-Chapter 05.ppt	GROUPSCALE	1.000000	1.000000	0.000000	0.000000	True	7470775	4559300
BUS-Chapter 05.ppt	GROUPSCALE	1.000000	1.000000	0.000000	0.000000	True	1887537	396875
BUS-Chapter 05.ppt	GROUPSCALE	1.000000	1.000000	0.000000	0.000000	True	1887537	396875
BUS-Chapter 05.ppt	GROUPSCALE	1.000000	1.000000	0.000000	0.000000	True	1887537	396875
BUS-Chapter 05.ppt	GROUPSCALE	1.000000	1.000000	0.000000	0.000000	True	1887537	396875
BUS-Chapter 05.ppt	GROUPSCALE	1.000000	1.000000	0.000000	0.000000	True	8418512	1243012
BUS-Chapter 05.ppt	GROUPSCALE	1.000000	1.000000	0.000000	0.000000	True	7688262	4559300
BUS-Chapter 05.ppt	GROUPSCALE	1.000000	1.000000	0.000000	0.000000	True	1887537	396875
BUS-Chapter 05.ppt	GROUPSCALE	1.000000	1.000000	0.000000	0.000000	True	1887537	396875
BUS-Chapter 05.ppt	GROUPSCALE	1.000000	1.000000	0.000000	0.000000	True	1887537	396875
BUS-Chapter 05.ppt	GROUPSCALE	1.000000	1.000000	0.000000	0.000000	True	1887537	396875
BUS-Chapter 05.ppt	GROUPSCALE	1.000000	1.000000	0.000000	0.000000	True	8418512	1243012
BUS-Chapter 05.ppt	GROUPSCALE	1.000000	1.000000	0.000000	0.000000	True	7688262	4559300
BUS-Chapter 05.ppt	GROUPSCALE	1.000000	1.000000	0.000000	0.000000	True	1887537	396875
BUS-Chapter 05.ppt	GROUPSCALE	1.000000	1.000000	0.000000	0.000000	True	1887537	396875
BUS-Chapter 05.ppt	GROUPSCALE	1.000000	1.000000	0.000000	0.000000	True	1887537	396875
BUS-Chapter 05.ppt	GROUPSCALE	1.000000	1.000000	0.000000	0.000000	True	1887537	396875
BUS-Chapter 05.ppt	GROUPSCALE	1.000000	1.000000	0.000000	0.000000	True	8418512	1243012
BUS-Chapter 05.ppt	GROUPSCALE	1.000000	1.000000	0.000000	0.000000	True	7358062	4559300
BUS-Chapter 05.ppt	GROUPSCALE	1.000000	1.000000	0.000000	0.000000	True	1887537	396875
BUS-Chapter 05.ppt	GROUPSCALE	1.000000	1.000000	0.000000	0.000000	True	1887537	396875
BUS-Chapter 05.ppt	GROUPSCALE	1.000000	1.000000	0.000000	0.000000	True	1887537	396875
BUS-Chapter 05.ppt	GROUPSCALE	1.000000	1.000000	0.000000	0.000000	True	1887537	396875
BUS-Chapter 05.ppt	GROUPSCALE	1.000000	1.000000	0.000000	0.000000	True	8418512	1243012
BUS-Chapter 05.ppt	GROUPSCALE	1.000000	1.000000	0.000000	0.000000	True	7688262	4559300
BUS-Chapter 05.ppt	GROUPSCALE	1.000000	1.000000	0.000000	0.000000	True	1887537	396875
BUS-Chapter 05.ppt	GROUPSCALE	1.000000	1.000000	0.000000	0.000000	True	1887537	396875
BUS-Chapter 05.ppt	GROUPSCALE	1.000000	1.000000	0.000000	0.000000	True	1887537	396875
BUS-Chapter 05.ppt	GROUPSCALE	1.000000	1.000000	0.000000	0.000000	True	1887537	396875
BUS-Chapter 05.ppt	GROUPSCALE	1.000000	1.000000	0.000000	0.000000	True	8418512	1243012
BUS-Chapter 05.ppt	GROUPSCALE	1.000000	1.000000	0.000000	0.000000	True	7688262	4559300
BUS-Chapter 05.ppt	GROUPSCALE	1.000000	1.000000	0.000000	0.000000	True	1887537	396875
BUS-Chapter 05.ppt	GROUPSCALE	1.000000	1.000000	0.000000	0.000000	True	1887537	396875
BUS-Chapter 05.ppt	GROUPSCALE	1.000000	1.000000	0.000000	0.000000	True	1887537	396875
BUS-Chapter 05.ppt	GROUPSCALE	1.000000	1.000000	0.000000	0.000000	True	1887537	396875
BUS-Chapter 05.ppt	GROUPSCALE	1.000000	1.000000	0.000000	0.000000	True	8418512	1243012
BUS-Chapter 05.ppt	GROUPSCALE	1.000000	1.000000	0.000000	0.000000	True	7440612	4559300
BUS-Chapter 05.ppt	GROUPSCALE	1.000000	1.000000	0.000000	0.000000	True	1887537	396875
BUS-Chapter 05.ppt	GROUPSCALE	1.000000	1.000000	0.000000	0.000000	True	1887537	396875
BUS-Chapter 05.ppt	GROUPSCALE	1.000000	1.000000	0.000000	0.000000	True	1887537	396875
BUS-Chapter 05.ppt	GROUPSCALE	1.000000	1.000000	0.000000	0.000000	True	1887537	396875
BUS-Chapter 05.ppt	GROUPSCALE	1.000000	1.000000	0.000000	0.000000	True	8418512	1243012
BUS-Chapter 05.ppt	GROUPSCALE	1.000000	1.000000	0.000000	0.000000	True	7688262	4559300
BUS-Chapter 05.ppt	GROUPSCALE	1.000000	1.000000	0.000000	0.000000	True	1887537	396875
BUS-Chapter 05.ppt	GROUPSCALE	1.000000	1.000000	0.000000	0.000000	True	1887537	396875
BUS-Chapter 05.ppt	GROUPSCALE	1.000000	1.000000	0.000000	0.000000	True	1887537	396875
BUS-Chapter 05.ppt	GROUPSCALE	1.000000	1.000000	0.000000	0.000000	True	1887537	396875
BUS-Chapter 05.ppt	GROUPSCALE	1.000000	1.000000	0.000000	0.000000	True	8418512	1243012
BUS-Chapter 05.ppt	GROUPSCALE	1.000000	1.000000	0.000000	0.000000	True	7688262	4559300
BUS-Chapter 05.ppt	GROUPSCALE	1.000000	1.000000	0.000000	0.000000	True	1887537	396875
BUS-Chapter 05.ppt	GROUPSCALE	1.000000	1.000000	0.000000	0.000000	True	1887537	396875
BUS-Chapter 05.ppt	GROUPSCALE	1.000000	1.000000	0.000000	0.000000	True	1887537	396875
BUS-Chapter 05.ppt	GROUPSCALE	1.000000	1.000000	0.000000	0.000000	True	1887537	396875
BUS-Chapter 05.ppt	GROUPSCALE	1.000000	1.000000	0.000000	0.000000	True	8418512	1243012
BUS-Chapter 05.ppt	GROUPSCALE	1.000000	1.000000	0.000000	0.000000	True	7688262	4559300
BUS-Chapter 05.ppt	GROUPSCALE	1.000000	1.000000	0.000000	0.000000	True	1887537	396875
BUS-Chapter 05.ppt	GROUPSCALE	1.000000	1.000000	0.000000	0.000000	True	1887537	396875
BUS-Chapter 05.ppt	GROUPSCALE	1.000000	1.000000	0.000000	0.000000	True	1887537	396875
BUS-Chapter 05.ppt	GROUPSCALE	1.000000	1.000000	0.000000	0.000000	True	1887537	396875
BUS-Chapter 05.ppt	GROUPSCALE	1.000000	1.000000	0.000000	0.000000	True	8418512	1243012
BUS-Chapter 05.ppt	GROUPSCALE	1.000000	1.000000	0.000000	0.000000	True	7324725	4587875
BUS-Chapter 05.ppt	GROUPSCALE	1.000000	1.000000	0.000000	0.000000	True	1887537	396875
BUS-Chapter 05.ppt	GROUPSCALE	1.000000	1.000000	0.000000	0.000000	True	1887537	396875
BUS-Chapter 05.ppt	GROUPSCALE	1.000000	1.000000	0.000000	0.000000	True	1887537	396875
BUS-Chapter 05.ppt	GROUPSCALE	1.000000	1.000000	0.000000	0.000000	True	1887537	396875
BUS-Chapter 05.ppt	GROUPSCALE	1.000000	1.000000	0.000000	0.000000	True	8418512	1243012
BUS-Chapter 05.ppt	GROUPSCALE	1.000000	1.000000	0.000000	0.000000	True	7688262	4559300
BUS-Chapter 05.ppt	GROUPSCALE	1.000000	1.000000	0.000000	0.000000	True	1887537	396875
BUS-Chapter 05.ppt	GROUPSCALE	1.000000	1.000000	0.000000	0.000000	True	1887537	396875
BUS-Chapter 05.ppt	GROUPSCALE	1.000000	1.000000	0.000000	0.000000	True	1887537	396875
BUS-Chapter 05.ppt	GROUPSCALE	1.000000	1.000000	0.000000	0.000000	True	1887537	396875
BUS-Chapter 05.ppt	GROUPSCALE	1.000000	1.000000	0.000000	0.000000	True	8418512	1243012
BUS-Chapter 05.ppt	GROUPSCALE	1.000000	1.000000	0.000000	0.000000	True	7470775	4892675
BUS-Chapter 05.ppt	GROUPSCALE	1.000000	1.000000	0.000000	0.000000	True	1887537	396875
BUS-Chapter 05.ppt	GROUPSCALE	1.000000	1.000000	0.000000	0.000000	True	1887537	396875
BUS-Chapter 05.ppt	GROUPSCALE	1.000000	1.000000	0.000000	0.000000	True	1887537	396875
BUS-Chapter 05.ppt	GROUPSCALE	1.000000	1.000000	0.000000	0.000000	True	1887537	396875
BUS-Chapter 05.ppt	GROUPSCALE	1.000000	1.000000	0.000000	0.000000	True	8418512	1243012
BUS-Chapter 05.ppt	GROUPSCALE	1.000000	1.000000	0.000000	0.000000	True	7688262	4559300
BUS-Chapter 05.ppt	GROUPSCALE	1.000000	1.000000	0.000000	0.000000	True	1887537	396875
BUS-Chapter 05.ppt	GROUPSCALE	1.000000	1.000000	0.000000	0.000000	True	1887537	396875
BUS-Chapter 05.ppt	GROUPSCALE	1.000000	1.000000	0.000000	0.000000	True	1887537	396875
BUS-Chapter 05.ppt	GROUPSCALE	1.000000	1.000000	0.000000	0.000000	True	1887537	396875
BUS-Chapter 05.ppt	GROUPSCALE	1.000000	1.000000	0.000000	0.000000	True	8418512	1243012
BUS-Chapter 05.ppt	GROUPSCALE	1.000000	1.000000	0.000000	0.000000	True	7632700	4921250
BUS-Chapter 05.ppt	GROUPSCALE	1.000000	1.000000	0.000000	0.000000	True	1887537	396875
BUS-Chapter 05.ppt	GROUPSCALE	1.000000	1.000000	0.000000	0.000000	True	1887537	396875
BUS-Chapter 05.ppt	GROUPSCALE	1.000000	1.000000	0.000000	0.000000	True	1887537	396875
BUS-Chapter 05.ppt	GROUPSCALE	1.000000	1.000000	0.000000	0.000000	True	1887537	396875
BUS-Chapter 05.ppt	GROUPSCALE	1.000000	1.000000	0.000000	0.000000	True	8418512	1243012
BUS-Chapter 05.ppt	GROUPSCALE	1.000000	1.000000	0.000000	0.000000	True	7688262	4559300
BUS-Chapter 05.ppt	GROUPSCALE	1.000000	1.000000	0.000000	0.000000	True	1887537	396875
BUS-Chapter 05.ppt	GROUPSCALE	1.000000	1.000000	0.000000	0.000000	True	1887537	396875
BUS-Chapter 05.ppt	GROUPSCALE	1.000000	1.000000	0.000000	0.000000	True	1887537	396875
BUS-Chapter 05.ppt	GROUPSCALE	1.000000	1.000000	0.000000	0.000000	True	1887537	396875
BUS-Chapter 05.ppt	GROUPSCALE	1.000000	1.000000	0.000000	0.000000	True	8418512	1243012
BUS-Chapter 05.ppt	GROUPSCALE	1.000000	1.000000	0.000000	0.000000	True	7688262	4559300
BUS-Chapter 05.ppt	GROUPSCALE	1.000000	1.000000	0.000000	0.000000	True	1887537	396875
BUS-Chapter 05.ppt	GROUPSCALE	1.000000	1.000000	0.000000	0.000000	True	1887537	396875
BUS-Chapter 05.ppt	GROUPSCALE	1.000000	1.000000	0.000000	0.000000	True	1887537	396875
BUS-Chapter 05.ppt	GROUPSCALE	1.000000	1.000000	0.000000	0.000000	True	1887537	396875
BUS-Chapter 05.ppt	GROUPSCALE	1.000000	1.000000	0.000000	0.000000	True	8418512	1243012
BUS-Chapter 05.ppt	GROUPSCALE	1.000000	1.000000	0.000000	0.000000	True	7688262	4559300
BUS-Chapter 05.ppt	GROUPSCALE	1.000000	1.000000	0.000000	0.000000	True	1887537	396875
BUS-Chapter 05.ppt	GROUPSCALE	1.000000	1.000000	0.000000	0.000000	True	1887537	396875
BUS-Chapter 05.ppt	GROUPSCALE	1.000000	1.000000	0.000000	0.000000	True	1887537	396875
BUS-Chapter 05.ppt	GROUPSCALE	1.000000	1.000000	0.000000	0.000000	True	1887537	396875
BUS-Chapter 05.ppt	GROUPSCALE	1.000000	1.000000	0.000000	0.000000	True	8418512	1243012
BUS-Chapter 05.ppt	GROUPSCALE	1.000000	1.000000	0.000000	0.000000	True	7688262	4559300
BUS-Chapter 05.ppt	GROUPSCALE	1.000000	1.000000	0.000000	0.000000	True	1887537	396875
BUS-Chapter 05.ppt	GROUPSCALE	1.000000	1.000000	0.000000	0.000000	True	1887537	396875
BUS-Chapter 05.ppt	GROUPSCALE	1.000000	1.000000	0.000000	0.000000	True	1887537	396875
BUS-Chapter 05.ppt	GROUPSCALE	1.000000	1.000000	0.000000	0.000000	True	1887537	396875
BUS-Chapter 05.ppt	GROUPSCALE	1.000000	1.000000	0.000000	0.000000	True	8418512	1243012
BUS-Chapter 05.ppt	GROUPSCALE	1.000000	1.000000	0.000000	0.000000	True	7688262	4559300
BUS-Chapter 05.ppt	GROUPSCALE	1.000000	1.000000	0.000000	0.000000	True	1887537	396875
BUS-Chapter 05.ppt	GROUPSCALE	1.000000	1.000000	0.000000	0.000000	True	1887537	396875
BUS-Chapter 05.ppt	GROUPSCALE	1.000000	1.000000	0.000000	0.000000	True	1887537	396875
BUS-Chapter 05.ppt	GROUPSCALE	1.000000	1.000000	0.000000	0.000000	True	1887537	396875
BUS-Chapter 05.ppt	GROUPSCALE	1.000000	1.000000	0.000000	0.000000	True	8418512	1243012
BUS-Chapter 05.ppt	GROUPSCALE	1.000000	1.000000	0.000000	0.000000	True	7688262	4559300
BUS-Chapter 05.ppt	GROUPSCALE	1.000000	1.000000	0.000000	0.000000	True	1887537	396875
BUS-Chapter 05.ppt	GROUPSCALE	1.000000	1.000000	0.000000	0.000000	True	1887537	396875
BUS-Chapter 05.ppt	GROUPSCALE	1.000000	1.000000	0.000000	0.000000	True	1887537	396875
BUS-Chapter 05.ppt	GROUPSCALE	1.000000	1.000000	0.000000	0.000000	True	1887537	396875
BUS-Chapter 05.ppt	GROUPSCALE	1.000000	1.000000	0.000000	0.000000	True	8418512	1243012
BUS-Chapter 05.ppt	GROUPSCALE	1.000000	1.000000	0.000000	0.000000	True	7092950	4559300
BUS-Chapter 05.ppt	GROUPSCALE	1.000000	1.000000	0.000000	0.000000	True	1887537	396875
BUS-Chapter 05.ppt	GROUPSCALE	1.000000	1.000000	0.000000	0.000000	True	1887537	396875
BUS-Chapter 05.ppt	GROUPSCALE	1.000000	1.000000	0.000000	0.000000	True	1887537	396875
BUS-Chapter 05.ppt	GROUPSCALE	1.000000	1.000000	0.000000	0.000000	True	1887537	396875
BUS-Chapter 05.ppt	GROUPSCALE	1.000000	1.000000	0.000000	0.000000	True	8418512	1243012
BUS-Chapter 05.ppt	GROUPSCALE	1.000000	1.000000	0.000000	0.000000	True	7688262	4559300
BUS-Chapter 05.ppt	GROUPSCALE	1.000000	1.000000	0.000000	0.000000	True	1887537	396875
BUS-Chapter 05.ppt	GROUPSCALE	1.000000	1.000000	0.000000	0.000000	True	1887537	396875
BUS-Chapter 05.ppt	GROUPSCALE	1.000000	1.000000	0.000000	0.000000	True	1887537	396875
BUS-Chapter 05.ppt	GROUPSCALE	1.000000	1.000000	0.000000	0.000000	True	1887537	396875
BUS-Chapter 05.ppt	GROUPSCALE	1.000000	1.000000	0.000000	0.000000	True	8418512	1243012
BUS-Chapter 05.ppt	GROUPSCALE	1.000000	1.000000	0.000000	0.000000	True	7688262	4559300
BUS-Chapter 05.ppt	GROUPSCALE	1.000000	1.000000	0.000000	0.000000	True	1887537	396875
BUS-Chapter 05.ppt	GROUPSCALE	1.000000	1.000000	0.000000	0.000000	True	1887537	396875
BUS-Chapter 05.ppt	GROUPSCALE	1.000000	1.000000	0.000000	0.000000	True	1887537	396875
BUS-Chapter 05.ppt	GROUPSCALE	1.000000	1.000000	0.000000	0.000000	True	1887537	396875
BUS-Chapter 05.ppt	GROUPSCALE	1.000000	1.000000	0.000000	0.000000	True	8418512	1243012
BUS-Chapter 05.ppt	GROUPSCALE	1.000000	1.000000	0.000000	0.000000	True	7688262	4559300
BUS-Chapter 05.ppt	GROUPSCALE	1.000000	1.000000	0.000000	0.000000	True	1887537	396875
BUS-Chapter 05.ppt	GROUPSCALE	1.000000	1.000000	0.000000	0.000000	True	1887537	396875
BUS-Chapter 05.ppt	GROUPSCALE	1.000000	1.000000	0.000000	0.000000	True	1887537	396875
BUS-Chapter 05.ppt	GROUPSCALE	1.000000	1.000000	0.000000	0.000000	True	1887537	396875
BUS-Chapter 05.ppt	GROUPSCALE	1.000000	1.000000	0.000000	0.000000	True	8418512	1243012
BUS-Chapter 05.ppt	GROUPSCALE	1.000000	1.000000	0.000000	0.000000	True	7688262	4559300
BUS-Chapter 05.ppt	GROUPSCALE	1.000000	1.000000	0.000000	0.000000	True	1887537	396875
BUS-Chapter 05.ppt	GROUPSCALE	1.000000	1.000000	0.000000	0.000000	True	1887537	396875
BUS-Chapter 05.ppt	GROUPSCALE	1.000000	1.000000	0.000000	0.000000	True	1887537	396875
BUS-Chapter 05.ppt	GROUPSCALE	1.000000	1.000000	0.000000	0.000000	True	1887537	396875
BUS-Chapter 05.ppt	GROUPSCALE	1.000000	1.000000	0.000000	0.000000	True	8418512	1243012
BUS-Chapter 05.ppt	GROUPSCALE	1.000000	1.000000	0.000000	0.000000	True	7688262	4559300
BUS-Chapter 05.ppt	GROUPSCALE	1.000000	1.000000	0.000000	0.000000	True	1887537	396875
BUS-Chapter 05.ppt	GROUPSCALE	1.000000	1.000000	0.000000	0.000000	True	1887537	396875
BUS-Chapter 05.ppt	GROUPSCALE	1.000000	1.000000	0.000000	0.000000	True	1887537	396875
BUS-Chapter 05.ppt	GROUPSCALE	1.000000	1.000000	0.000000	0.000000	True	1887537	396875
BUS-Chapter 05.ppt	GROUPSCALE	1.000000	1.000000	0.000000	0.000000	True	8418512	1243012
BUS-Chapter 05.ppt	GROUPSCALE	1.000000	1.000000	0.000000	0.000000	True	7688262	4559300
BUS-Chapter 05.ppt	GROUPSCALE	1.000000	1.000000	0.000000	0.000000	True	1887537	396875
BUS-Chapter 05.ppt	GROUPSCALE	1.000000	1.000000	0.000000	0.000000	True	1887537	396875
BUS-Chapter 05.ppt	GROUPSCALE	1.000000	1.000000	0.000000	0.000000	True	1887537	396875
BUS-Chapter 05.ppt	GROUPSCALE	1.000000	1.000000	0.000000	0.000000	True	1887537	396875
BUS-Chapter 05.ppt	GROUPSCALE	1.000000	1.000000	0.000000	0.000000	True	8418512	1243012
BUS-Chapter 05.ppt	GROUPSCALE	1.000000	1.000000	0.000000	0.000000	True	7688262	4559300
BUS-Chapter 05.ppt	GROUPSCALE	1.000000	1.000000	0.000000	0.000000	True	1887537	396875
BUS-Chapter 05.ppt	GROUPSCALE	1.000000	1.000000	0.000000	0.000000	True	1887537	396875
BUS-Chapter 05.ppt	GROUPSCALE	1.000000	1.000000	0.000000	0.000000	True	1887537	396875
BUS-Chapter 05.ppt	GROUPSCALE	1.000000	1.000000	0.000000	0.000000	True	1887537	396875
BUS-Chapter 05.ppt	GROUPSCALE	1.000000	1.000000	0.000000	0.000000	True	8418512	1243012
BUS-Chapter 05.ppt	GROUPSCALE	1.000000	1.000000	0.000000	0.000000	True	7937500	4776787
BUS-Chapter 05.ppt	GROUPSCALE	1.000000	1.000000	0.000000	0.000000	True	1887537	396875
BUS-Chapter 05.ppt	GROUPSCALE	1.000000	1.000000	0.000000	0.000000	True	1887537	396875
BUS-Chapter 05.ppt	GROUPSCALE	1.000000	1.000000	0.000000	0.000000	True	1887537	396875
BUS-Chapter 05.ppt	GROUPSCALE	1.000000	1.000000	0.000000	0.000000	True	1887537	396875
BUS-Chapter 05.ppt	GROUPSCALE	1.000000	1.000000	0.000000	0.000000	True	8418512	1243012
BUS-Chapter 05.ppt	GROUPSCALE	1.000000	1.000000	0.000000	0.000000	True	7688262	4559300
BUS-Chapter 05.ppt	GROUPSCALE	1.000000	1.000000	0.000000	0.000000	True	1887537	396875
BUS-Chapter 05.ppt	GROUPSCALE	1.000000	1.000000	0.000000	0.000000	True	1887537	396875
BUS-Chapter 05.ppt	GROUPSCALE	1.000000	1.000000	0.000000	0.000000	True	1887537	396875
BUS-Chapter 05.ppt	GROUPSCALE	1.000000	1.000000	0.000000	0.000000	True	1887537	396875
BUS-Chapter 05.ppt	GROUPSCALE	1.000000	1.000000	0.000000	0.000000	True	8418512	1243012
BUS-Chapter 05.ppt	GROUPSCALE	1.000000	1.000000	0.000000	0.000000	True	7688262	4559300
BUS-Chapter 05.ppt	GROUPSCALE	1.000000	1.000000	0.000000	0.000000	True	1887537	396875
BUS-Chapter 05.ppt	GROUPSCALE	1.000000	1.000000	0.000000	0.000000	True	1887537	396875
BUS-Chapter 05.ppt	GROUPSCALE	1.000000	1.000000	0.000000	0.000000	True	1887537	396875
BUS-Chapter 05.ppt	GROUPSCALE	1.000000	1.000000	0.000000	0.000000	True	1887537	396875
BUS-Chapter 05.ppt	GROUPSCALE	1.000000	1.000000	0.000000	0.000000	True	8418512	1243012
BUS-Chapter 05.ppt	GROUPSCALE	1.000000	1.000000	0.000000	0.000000	True	7688262	4559300
BUS-Chapter 05.ppt	GROUPSCALE	1.000000	1.000000	0.000000	0.000000	True	1887537	396875
BUS-Chapter 05.ppt	GROUPSCALE	1.000000	1.000000	0.000000	0.000000	True	1887537	396875
BUS-Chapter 05.ppt	GROUPSCALE	1.000000	1.000000	0.000000	0.000000	True	1887537	396875
BUS-Chapter 05.ppt	GROUPSCALE	1.000000	1.000000	0.000000	0.000000	True	1887537	396875
BUS-Chapter 05.ppt	GROUPSCALE	1.000000	1.000000	0.000000	0.000000	True	8418512	1243012
BUS-Chapter 05.ppt	GROUPSCALE	1.000000	1.000000	0.000000	0.000000	True	7688262	4559300
BUS-Chapter 05.ppt	GROUPSCALE	1.000000	1.000000	0.000000	0.000000	True	1887537	396875
BUS-Chapter 05.ppt	GROUPSCALE	1.000000	1.000000	0.000000	0.000000	True	1887537	396875
BUS-Chapter 05.ppt	GROUPSCALE	1.000000	1.000000	0.000000	0.000000	True	1887537	396875
BUS-Chapter 05.ppt	GROUPSCALE	1.000000	1.000000	0.000000	0.000000	True	1887537	396875
BUS-Chapter 05.ppt	GROUPSCALE	1.000000	1.000000	0.000000	0.000000	True	8418512	1243012
BUS-Chapter 05.ppt	GROUPSCALE	1.000000	1.000000	0.000000	0.000000	True	7688262	4559300
BUS-Chapter 05.ppt	GROUPSCALE	1.000000	1.000000	0.000000	0.000000	True	1887537	396875
BUS-Chapter 05.ppt	GROUPSCALE	1.000000	1.000000	0.000000	0.000000	True	1887537	396875
BUS-Chapter 05.ppt	GROUPSCALE	1.000000	1.000000	0.000000	0.000000	True	1887537	396875
BUS-Chapter 05.ppt	GROUPSCALE	1.000000	1.000000	0.000000	0.000000	True	1887537	396875
BUS-Chapter 05.ppt	GROUPSCALE	1.000000	1.000000	0.000000	0.000000	True	8418512	1243012
BUS-Chapter 05.ppt	GROUPSCALE	1.000000	1.000000	0.000000	0.000000	True	7688262	4559300
BUS-Chapter 05.ppt	GROUPSCALE	1.000000	1.000000	0.000000	0.000000	True	1887537	396875
BUS-Chapter 05.ppt	GROUPSCALE	1.000000	1.000000	0.000000	0.000000	True	1887537	396875
BUS-Chapter 05.ppt	GROUPSCALE	1.000000	1.000000	0.000000	0.000000	True	1887537	396875
BUS-Chapter 05.ppt	GROUPSCALE	1.000000	1.000000	0.000000	0.000000	True	1887537	396875
BUS-Chapter 05.ppt	GROUPSCALE	1.000000	1.000000	0.000000	0.000000	True	8418512	1243012
BUS-Chapter 05.ppt	GROUPSCALE	1.000000	1.000000	0.000000	0.000000	True	7820025	4703762
BUS-Chapter 05.ppt	GROUPSCALE	1.000000	1.000000	0.000000	0.000000	True	1887537	396875
BUS-Chapter 05.ppt	GROUPSCALE	1.000000	1.000000	0.000000	0.000000	True	1887537	396875
BUS-Chapter 05.ppt	GROUPSCALE	1.000000	1.000000	0.000000	0.000000	True	1887537	396875
BUS-Chapter 05.ppt	GROUPSCALE	1.000000	1.000000	0.000000	0.000000	True	1887537	396875
BUS-Chapter 05.ppt	GROUPSCALE	1.000000	1.000000	0.000000	0.000000	True	8418512	1243012
BUS-Chapter 05.ppt	GROUPSCALE	1.000000	1.000000	0.000000	0.000000	True	7615237	4892675
JesuitAssocOfStudentPersonnel.ppt	GROUPSCALE	1.000000	1.000000	0.000000	0.000000	True	2133600	476250
JesuitAssocOfStudentPersonnel.ppt	GROUPSCALE	1.000000	1.000000	0.000000	0.000000	True	2895600	476250
JesuitAssocOfStudentPersonnel.ppt	GROUPSCALE	1.000000	1.000000	0.000000	0.000000	True	7772400	2457450
JesuitAssocOfStudentPersonnel.ppt	GROUPSCALE	1.000000	1.000000	0.000000	0.000000	True	6324600	2819400
JesuitAssocOfStudentPersonnel.ppt	GROUPSCALE	1.000000	1.000000	0.000000	0.000000	True	2133600	476250
JesuitAssocOfStudentPersonnel.ppt	GROUPSCALE	1.000000	1.000000	0.000000	0.000000	True	2895600	476250
JesuitAssocOfStudentPersonnel.ppt	GROUPSCALE	1.000000	1.000000	0.000000	0.000000	True	8229600	1143000
JesuitAssocOfStudentPersonnel.ppt	GROUPSCALE	1.000000	1.000000	0.000000	0.000000	True	4038600	4525962
JesuitAssocOfStudentPersonnel.ppt	GROUPSCALE	1.000000	1.000000	0.000000	0.000000	True	2133600	476250
JesuitAssocOfStudentPersonnel.ppt	GROUPSCALE	1.000000	1.000000	0.000000	0.000000	True	2895600	476250
JesuitAssocOfStudentPersonnel.ppt	GROUPSCALE	1.000000	1.000000	0.000000	0.000000	True	8229600	1143000
JesuitAssocOfStudentPersonnel.ppt	GROUPSCALE	1.000000	1.000000	0.000000	0.000000	True	8229600	4525962
JesuitAssocOfStudentPersonnel.ppt	GROUPSCALE	1.000000	1.000000	0.000000	0.000000	True	2133600	476250
JesuitAssocOfStudentPersonnel.ppt	GROUPSCALE	1.000000	1.000000	0.000000	0.000000	True	2895600	476250
JesuitAssocOfStudentPersonnel.ppt	GROUPSCALE	1.000000	1.000000	0.000000	0.000000	True	8229600	1143000
JesuitAssocOfStudentPersonnel.ppt	GROUPSCALE	1.000000	1.000000	0.000000	0.000000	True	4038600	4373562
JesuitAssocOfStudentPersonnel.ppt	GROUPSCALE	1.000000	1.000000	0.000000	0.000000	True	4038600	4373562
JesuitAssocOfStudentPersonnel.ppt	GROUPSCALE	1.000000	1.000000	0.000000	0.000000	True	2133600	476250
JesuitAssocOfStudentPersonnel.ppt	GROUPSCALE	1.000000	1.000000	0.000000	0.000000	True	2895600	476250
JesuitAssocOfStudentPersonnel.ppt	GROUPSCALE	1.000000	1.000000	0.000000	0.000000	True	8229600	1143000
JesuitAssocOfStudentPersonnel.ppt	GROUPSCALE	1.000000	1.000000	0.000000	0.000000	True	4267200	4373562
JesuitAssocOfStudentPersonnel.ppt	GROUPSCALE	1.000000	1.000000	0.000000	0.000000	True	4038600	4373562
JesuitAssocOfStudentPersonnel.ppt	GROUPSCALE	1.000000	1.000000	0.000000	0.000000	True	2133600	476250
JesuitAssocOfStudentPersonnel.ppt	GROUPSCALE	1.000000	1.000000	0.000000	0.000000	True	2895600	476250
JesuitAssocOfStudentPersonnel.ppt	GROUPSCALE	1.000000	1.000000	0.000000	0.000000	True	8229600	884237
JesuitAssocOfStudentPersonnel.ppt	GROUPSCALE	1.000000	1.000000	0.000000	0.000000	True	8229600	4525962
JesuitAssocOfStudentPersonnel.ppt	GROUPSCALE	1.000000	1.000000	0.000000	0.000000	True	2133600	476250
JesuitAssocOfStudentPersonnel.ppt	GROUPSCALE	1.000000	1.000000	0.000000	0.000000	True	2895600	476250
JesuitAssocOfStudentPersonnel.ppt	GROUPSCALE	1.000000	1.000000	0.000000	0.000000	True	8229600	1143000
JesuitAssocOfStudentPersonnel.ppt	GROUPSCALE	1.000000	1.000000	0.000000	0.000000	True	8229600	4525962
JesuitAssocOfStudentPersonnel.ppt	GROUPSCALE	1.000000	1.000000	0.000000	0.000000	True	2133600	476250
JesuitAssocOfStudentPersonnel.ppt	GROUPSCALE	1.000000	1.000000	0.000000	0.000000	True	2895600	476250
JesuitAssocOfStudentPersonnel.ppt	GROUPSCALE	1.000000	1.000000	0.000000	0.000000	True	8229600	1143000
JesuitAssocOfStudentPersonnel.ppt	GROUPSCALE	1.000000	1.000000	0.000000	0.000000	True	8229600	4754562
JesuitAssocOfStudentPersonnel.ppt	GROUPSCALE	1.000000	1.000000	0.000000	0.000000	True	2133600	476250
JesuitAssocOfStudentPersonnel.ppt	GROUPSCALE	1.000000	1.000000	0.000000	0.000000	True	2895600	476250
JesuitAssocOfStudentPersonnel.ppt	GROUPSCALE	1.000000	1.000000	0.000000	0.000000	True	7810500	1219200
JesuitAssocOfStudentPersonnel.ppt	GROUPSCALE	1.000000	1.127124	0.000000	0.000000	True	2767012	433387
JesuitAssocOfStudentPersonnel.ppt	GROUPSCALE	1.000000	1.127124	0.000000	0.000000	True	2159000	433387
JesuitAssocOfStudentPersonnel.ppt	GROUPSCALE	1.000000	1.127124	0.000000	0.000000	True	5461000	433387
JesuitAssocOfStudentPersonnel.ppt	GROUPSCALE	1.000000	1.127124	0.000000	0.000000	True	2605087	433387
JesuitAssocOfStudentPersonnel.ppt	GROUPSCALE	1.000000	1.000000	0.000000	0.000000	True	5181600	1160462
JesuitAssocOfStudentPersonnel.ppt	GROUPSCALE	1.000000	1.000000	0.000000	0.000000	True	2133600	476250
JesuitAssocOfStudentPersonnel.ppt	GROUPSCALE	1.000000	1.000000	0.000000	0.000000	True	2895600	476250
JesuitAssocOfStudentPersonnel.ppt	GROUPSCALE	1.000000	1.000000	0.000000	0.000000	True	7810500	914400
JesuitAssocOfStudentPersonnel.ppt	GROUPSCALE	1.000000	1.000000	0.000000	0.000000	True	5715000	4960937
JesuitAssocOfStudentPersonnel.ppt	GROUPSCALE	1.000000	1.000000	0.000000	0.000000	True	2133600	476250
JesuitAssocOfStudentPersonnel.ppt	GROUPSCALE	1.000000	1.000000	0.000000	0.000000	True	2895600	476250
JesuitAssocOfStudentPersonnel.ppt	GROUPSCALE	1.000000	1.000000	0.000000	0.000000	True	8229600	1143000
JesuitAssocOfStudentPersonnel.ppt	GROUPSCALE	1.000000	1.000000	0.000000	0.000000	True	4191000	5203825
JesuitAssocOfStudentPersonnel.ppt	GROUPSCALE	1.000000	1.000000	0.000000	0.000000	True	2133600	476250
JesuitAssocOfStudentPersonnel.ppt	GROUPSCALE	1.000000	1.000000	0.000000	0.000000	True	2895600	476250
JesuitAssocOfStudentPersonnel.ppt	GROUPSCALE	1.000000	1.000000	0.000000	0.000000	True	8229600	4525962
JesuitAssocOfStudentPersonnel.ppt	GROUPSCALE	1.000000	1.000000	0.000000	0.000000	True	2133600	476250
JesuitAssocOfStudentPersonnel.ppt	GROUPSCALE	1.000000	1.000000	0.000000	0.000000	True	2895600	476250
JesuitAssocOfStudentPersonnel.ppt	GROUPSCALE	1.000000	1.000000	0.000000	0.000000	True	8229600	1143000
JesuitAssocOfStudentPersonnel.ppt	GROUPSCALE	1.000000	1.000000	0.000000	0.000000	True	8229600	4525962
JesuitAssocOfStudentPersonnel.ppt	GROUPSCALE	1.000000	1.000000	0.000000	0.000000	True	2133600	476250
JesuitAssocOfStudentPersonnel.ppt	GROUPSCALE	1.000000	1.000000	0.000000	0.000000	True	2895600	476250
JesuitAssocOfStudentPersonnel.ppt	GROUPSCALE	1.000000	1.000000	0.000000	0.000000	True	8229600	1143000
JesuitAssocOfStudentPersonnel.ppt	GROUPSCALE	1.000000	1.000000	0.000000	0.000000	True	4038600	4525962
JesuitAssocOfStudentPersonnel.ppt	GROUPSCALE	1.000000	1.000000	0.000000	0.000000	True	4038600	4525962
JesuitAssocOfStudentPersonnel.ppt	GROUPSCALE	1.000000	1.000000	0.000000	0.000000	True	2133600	476250
JesuitAssocOfStudentPersonnel.ppt	GROUPSCALE	1.000000	1.000000	0.000000	0.000000	True	2895600	476250
JesuitAssocOfStudentPersonnel.ppt	GROUPSCALE	1.000000	1.000000	0.000000	0.000000	True	8229600	1143000
JesuitAssocOfStudentPersonnel.ppt	GROUPSCALE	1.000000	1.000000	0.000000	0.000000	True	8229600	4525962
JesuitAssocOfStudentPersonnel.ppt	GROUPSCALE	1.000000	1.000000	0.000000	0.000000	True	2133600	476250
JesuitAssocOfStudentPersonnel.ppt	GROUPSCALE	1.000000	1.000000	0.000000	0.000000	True	2895600	476250
JesuitAssocOfStudentPersonnel.ppt	GROUPSCALE	1.000000	1.000000	0.000000	0.000000	True	8229600	1143000
JesuitAssocOfStudentPersonnel.ppt	GROUPSCALE	1.000000	1.000000	0.000000	0.000000	True	8229600	4525962
JesuitAssocOfStudentPersonnel.ppt	GROUPSCALE	1.000000	1.000000	0.000000	0.000000	True	2133600	476250
JesuitAssocOfStudentPersonnel.ppt	GROUPSCALE	1.000000	1.000000	0.000000	0.000000	True	2895600	476250
JesuitAssocOfStudentPersonnel.ppt	GROUPSCALE	1.000000	1.000000	0.000000	0.000000	True	8229600	1143000
JesuitAssocOfStudentPersonnel.ppt	GROUPSCALE	1.000000	1.000000	0.000000	0.000000	True	8229600	4525962
JesuitAssocOfStudentPersonnel.ppt	GROUPSCALE	1.000000	1.000000	0.000000	0.000000	True	2133600	476250
JesuitAssocOfStudentPersonnel.ppt	GROUPSCALE	1.000000	1.000000	0.000000	0.000000	True	2895600	476250
JesuitAssocOfStudentPersonnel.ppt	GROUPSCALE	1.000000	1.000000	0.000000	0.000000	True	8229600	1143000
JesuitAssocOfStudentPersonnel.ppt	GROUPSCALE	1.000000	1.000000	0.000000	0.000000	True	8229600	4830762
JesuitAssocOfStudentPersonnel.ppt	GROUPSCALE	1.000000	1.000000	0.000000	0.000000	True	2133600	476250
JesuitAssocOfStudentPersonnel.ppt	GROUPSCALE	1.000000	1.000000	0.000000	0.000000	True	2895600	476250
JesuitAssocOfStudentPersonnel.ppt	GROUPSCALE	1.000000	1.000000	0.000000	0.000000	True	8229600	1143000
JesuitAssocOfStudentPersonnel.ppt	GROUPSCALE	1.000000	1.000000	0.000000	0.000000	True	8229600	4830762
JesuitAssocOfStudentPersonnel.ppt	GROUPSCALE	1.000000	1.000000	0.000000	0.000000	True	2133600	476250
JesuitAssocOfStudentPersonnel.ppt	GROUPSCALE	1.000000	1.000000	0.000000	0.000000	True	2895600	476250
JesuitAssocOfStudentPersonnel.ppt	GROUPSCALE	1.000000	1.000000	0.000000	0.000000	True	8229600	1143000
JesuitAssocOfStudentPersonnel.ppt	GROUPSCALE	1.000000	1.000000	0.000000	0.000000	True	8229600	4525962
JesuitAssocOfStudentPersonnel.ppt	GROUPSCALE	1.000000	1.000000	0.000000	0.000000	True	2133600	476250
JesuitAssocOfStudentPersonnel.ppt	GROUPSCALE	1.000000	1.000000	0.000000	0.000000	True	2895600	476250
JesuitAssocOfStudentPersonnel.ppt	GROUPSCALE	1.000000	1.000000	0.000000	0.000000	True	8229600	1143000
JesuitAssocOfStudentPersonnel.ppt	GROUPSCALE	1.000000	1.000000	0.000000	0.000000	True	8229600	4754562
JesuitAssocOfStudentPersonnel.ppt	GROUPSCALE	1.000000	1.000000	0.000000	0.000000	True	2133600	476250
JesuitAssocOfStudentPersonnel.ppt	GROUPSCALE	1.000000	1.000000	0.000000	0.000000	True	2895600	476250
JesuitAssocOfStudentPersonnel.ppt	GROUPSCALE	1.000000	1.000000	0.000000	0.000000	True	8229600	1143000
JesuitAssocOfStudentPersonnel.ppt	GROUPSCALE	1.000000	1.000000	0.000000	0.000000	True	8229600	4525962
JesuitAssocOfStudentPersonnel.ppt	GROUPSCALE	1.000000	1.000000	0.000000	0.000000	True	2133600	476250
JesuitAssocOfStudentPersonnel.ppt	GROUPSCALE	1.000000	1.000000	0.000000	0.000000	True	2895600	476250
JesuitAssocOfStudentPersonnel.ppt	GROUPSCALE	1.000000	1.000000	0.000000	0.000000	True	8229600	1143000
JesuitAssocOfStudentPersonnel.ppt	GROUPSCALE	1.000000	1.000000	0.000000	0.000000	True	8229600	4525962
JesuitAssocOfStudentPersonnel.ppt	GROUPSCALE	1.000000	1.000000	0.000000	0.000000	True	2133600	476250
JesuitAssocOfStudentPersonnel.ppt	GROUPSCALE	1.000000	1.000000	0.000000	0.000000	True	2895600	476250
JesuitAssocOfStudentPersonnel.ppt	GROUPSCALE	1.000000	1.000000	0.000000	0.000000	True	8229600	1905000
JesuitAssocOfStudentPersonnel.ppt	GROUPSCALE	1.000000	1.000000	0.000000	0.000000	True	8229600	2925762
JesuitAssocOfStudentPersonnel.ppt	GROUPSCALE	1.000000	1.000000	0.000000	0.000000	True	2133600	476250
JesuitAssocOfStudentPersonnel.ppt	GROUPSCALE	1.000000	1.000000	0.000000	0.000000	True	2895600	476250
JesuitAssocOfStudentPersonnel.ppt	GROUPSCALE	1.000000	1.000000	0.000000	0.000000	True	8229600	1143000
JesuitAssocOfStudentPersonnel.ppt	GROUPSCALE	1.000000	1.000000	0.000000	0.000000	True	5029200	3840162
JesuitAssocOfStudentPersonnel.ppt	GROUPSCALE	1.000000	1.000000	0.000000	0.000000	True	8458200	641350
JesuitAssocOfStudentPersonnel.ppt	GROUPSCALE	1.000000	1.000000	0.000000	0.000000	True	2133600	476250
JesuitAssocOfStudentPersonnel.ppt	GROUPSCALE	1.000000	1.000000	0.000000	0.000000	True	2895600	476250
JesuitAssocOfStudentPersonnel.ppt	GROUPSCALE	1.000000	1.000000	0.000000	0.000000	True	8229600	1143000
JesuitAssocOfStudentPersonnel.ppt	GROUPSCALE	1.000000	1.000000	0.000000	0.000000	True	5334000	4525962
JesuitAssocOfStudentPersonnel.ppt	GROUPSCALE	1.000000	1.000000	0.000000	0.000000	True	2133600	476250
JesuitAssocOfStudentPersonnel.ppt	GROUPSCALE	1.000000	1.000000	0.000000	0.000000	True	2895600	476250
JesuitAssocOfStudentPersonnel.ppt	GROUPSCALE	1.000000	1.000000	0.000000	0.000000	True	7772400	1143000
JesuitAssocOfStudentPersonnel.ppt	GROUPSCALE	1.000000	1.000000	0.000000	0.000000	True	3810000	3962400
JesuitAssocOfStudentPersonnel.ppt	GROUPSCALE	1.000000	1.000000	0.000000	0.000000	True	2133600	476250
JesuitAssocOfStudentPersonnel.ppt	GROUPSCALE	1.000000	1.000000	0.000000	0.000000	True	2895600	476250
JesuitAssocOfStudentPersonnel.ppt	GROUPSCALE	1.000000	1.000000	0.000000	0.000000	True	8229600	1143000
JesuitAssocOfStudentPersonnel.ppt	GROUPSCALE	1.000000	1.000000	0.000000	0.000000	True	4038600	4525962
JesuitAssocOfStudentPersonnel.ppt	GROUPSCALE	1.000000	1.000000	0.000000	0.000000	True	2133600	476250
JesuitAssocOfStudentPersonnel.ppt	GROUPSCALE	1.000000	1.000000	0.000000	0.000000	True	2895600	476250
JesuitAssocOfStudentPersonnel.ppt	GROUPSCALE	1.000000	1.000000	0.000000	0.000000	True	8229600	1143000
JesuitAssocOfStudentPersonnel.ppt	GROUPSCALE	1.000000	1.000000	0.000000	0.000000	True	4038600	4525962
JesuitAssocOfStudentPersonnel.ppt	GROUPSCALE	1.000000	1.000000	0.000000	0.000000	True	2133600	476250
JesuitAssocOfStudentPersonnel.ppt	GROUPSCALE	1.000000	1.000000	0.000000	0.000000	True	2895600	476250
JesuitAssocOfStudentPersonnel.ppt	GROUPSCALE	1.000000	1.000000	0.000000	0.000000	True	8229600	792162
JesuitAssocOfStudentPersonnel.ppt	GROUPSCALE	1.000000	1.000000	0.000000	0.000000	True	4953000	4724400
JesuitAssocOfStudentPersonnel.ppt	GROUPSCALE	1.000000	1.000000	0.000000	0.000000	True	2133600	476250
JesuitAssocOfStudentPersonnel.ppt	GROUPSCALE	1.000000	1.000000	0.000000	0.000000	True	2895600	476250
JesuitAssocOfStudentPersonnel.ppt	GROUPSCALE	1.000000	1.000000	0.000000	0.000000	True	8229600	1219200
JesuitAssocOfStudentPersonnel.ppt	GROUPSCALE	1.000000	1.000000	0.000000	0.000000	True	8229600	4876800
RRM-training-syllabus-Chapter-3-Teamwork-TC-Towing-Incident-Analysis-Dec-2009.ppt	GROUPSCALE	1.000000	1.000000	0.000000	0.000000	True	9144000	1143000
RRM-training-syllabus-Chapter-3-Teamwork-TC-Towing-Incident-Analysis-Dec-2009.ppt	GROUPSCALE	1.000000	1.000000	0.000000	0.000000	True	5786437	1347787
RRM-training-syllabus-Chapter-3-Teamwork-TC-Towing-Incident-Analysis-Dec-2009.ppt	GROUPSCALE	1.000000	1.000000	0.000000	0.000000	True	7739062	4211637
RRM-training-syllabus-Chapter-3-Teamwork-TC-Towing-Incident-Analysis-Dec-2009.ppt	GROUPSCALE	1.000000	1.000000	0.000000	0.000000	True	8715375	5257800
RRM-training-syllabus-Chapter-3-Teamwork-TC-Towing-Incident-Analysis-Dec-2009.ppt	GROUPSCALE	1.000000	1.000000	0.000000	0.000000	True	9144000	1143000
RRM-training-syllabus-Chapter-3-Teamwork-TC-Towing-Incident-Analysis-Dec-2009.ppt	GROUPSCALE	1.000000	1.000000	0.000000	0.000000	True	1752600	623887
RRM-training-syllabus-Chapter-3-Teamwork-TC-Towing-Incident-Analysis-Dec-2009.ppt	GROUPSCALE	1.000000	1.000000	0.000000	0.000000	True	457200	304800
RRM-training-syllabus-Chapter-3-Teamwork-TC-Towing-Incident-Analysis-Dec-2009.ppt	GROUPSCALE	1.000000	1.000000	0.000000	0.000000	True	1295400	304800
RRM-training-syllabus-Chapter-3-Teamwork-TC-Towing-Incident-Analysis-Dec-2009.ppt	GROUPSCALE	1.000000	1.000000	0.000000	0.000000	True	1752600	730250
RRM-training-syllabus-Chapter-3-Teamwork-TC-Towing-Incident-Analysis-Dec-2009.ppt	GROUPSCALE	1.000000	1.000000	0.000000	0.000000	True	990600	244475
RRM-training-syllabus-Chapter-3-Teamwork-TC-Towing-Incident-Analysis-Dec-2009.ppt	GROUPSCALE	1.000000	1.000000	0.000000	0.000000	True	990600	625475
RRM-training-syllabus-Chapter-3-Teamwork-TC-Towing-Incident-Analysis-Dec-2009.ppt	GROUPSCALE	1.000000	1.000000	0.000000	0.000000	True	990600	244475
RRM-training-syllabus-Chapter-3-Teamwork-TC-Towing-Incident-Analysis-Dec-2009.ppt	GROUPSCALE	1.000000	1.000000	0.000000	0.000000	True	8229600	639762
RRM-training-syllabus-Chapter-3-Teamwork-TC-Towing-Incident-Analysis-Dec-2009.ppt	GROUPSCALE	1.000000	1.000000	0.000000	0.000000	True	4191000	5059362
RRM-training-syllabus-Chapter-3-Teamwork-TC-Towing-Incident-Analysis-Dec-2009.ppt	GROUPSCALE	1.000000	1.000000	0.000000	0.000000	True	8153400	396875
RRM-training-syllabus-Chapter-3-Teamwork-TC-Towing-Incident-Analysis-Dec-2009.ppt	GROUPSCALE	0.400180	0.399763	0.000000	0.000000	True	2155825	1338262
RRM-training-syllabus-Chapter-3-Teamwork-TC-Towing-Incident-Analysis-Dec-2009.ppt	GROUPSCALE	1.000000	1.000000	0.000000	0.000000	True	8229600	639762
RRM-training-syllabus-Chapter-3-Teamwork-TC-Towing-Incident-Analysis-Dec-2009.ppt	GROUPSCALE	1.000000	1.000000	0.000000	0.000000	True	4191000	5059362
RRM-training-syllabus-Chapter-3-Teamwork-TC-Towing-Incident-Analysis-Dec-2009.ppt	GROUPSCALE	1.000000	1.000000	0.000000	0.000000	True	8153400	396875
RRM-training-syllabus-Chapter-3-Teamwork-TC-Towing-Incident-Analysis-Dec-2009.ppt	GROUPSCALE	1.000000	1.000000	0.000000	0.000000	True	3392487	366712
RRM-training-syllabus-Chapter-3-Teamwork-TC-Towing-Incident-Analysis-Dec-2009.ppt	GROUPSCALE	1.000000	1.000000	0.000000	0.000000	True	8229600	639762
RRM-training-syllabus-Chapter-3-Teamwork-TC-Towing-Incident-Analysis-Dec-2009.ppt	GROUPSCALE	1.000000	1.000000	0.000000	0.000000	True	4362450	5202237
RRM-training-syllabus-Chapter-3-Teamwork-TC-Towing-Incident-Analysis-Dec-2009.ppt	GROUPSCALE	1.000000	1.000000	0.000000	0.000000	True	8153400	396875
RRM-training-syllabus-Chapter-3-Teamwork-TC-Towing-Incident-Analysis-Dec-2009.ppt	GROUPSCALE	1.000000	1.000000	0.000000	0.000000	True	8229600	639762
RRM-training-syllabus-Chapter-3-Teamwork-TC-Towing-Incident-Analysis-Dec-2009.ppt	GROUPSCALE	1.000000	1.000000	0.000000	0.000000	True	4286250	5084762
RRM-training-syllabus-Chapter-3-Teamwork-TC-Towing-Incident-Analysis-Dec-2009.ppt	GROUPSCALE	1.000000	1.000000	0.000000	0.000000	True	8153400	396875
RRM-training-syllabus-Chapter-3-Teamwork-TC-Towing-Incident-Analysis-Dec-2009.ppt	GROUPSCALE	1.000000	1.000000	0.000000	0.000000	True	8593137	639762
RRM-training-syllabus-Chapter-3-Teamwork-TC-Towing-Incident-Analysis-Dec-2009.ppt	GROUPSCALE	1.000000	1.000000	0.000000	0.000000	True	8432800	6435725
RRM-training-syllabus-Chapter-3-Teamwork-TC-Towing-Incident-Analysis-Dec-2009.ppt	GROUPSCALE	1.000000	1.000000	0.000000	0.000000	True	8153400	396875
RRM-training-syllabus-Chapter-3-Teamwork-TC-Towing-Incident-Analysis-Dec-2009.ppt	GROUPSCALE	1.000000	1.000000	0.000000	0.000000	True	8229600	639762
RRM-training-syllabus-Chapter-3-Teamwork-TC-Towing-Incident-Analysis-Dec-2009.ppt	GROUPSCALE	1.000000	1.000000	0.000000	0.000000	True	4806950	5646737
RRM-training-syllabus-Chapter-3-Teamwork-TC-Towing-Incident-Analysis-Dec-2009.ppt	GROUPSCALE	1.000000	1.000000	0.000000	0.000000	True	8153400	396875
RRM-training-syllabus-Chapter-3-Teamwork-TC-Towing-Incident-Analysis-Dec-2009.ppt	GROUPSCALE	1.000000	1.000000	0.000000	0.000000	True	1533525	801687
RRM-training-syllabus-Chapter-3-Teamwork-TC-Towing-Incident-Analysis-Dec-2009.ppt	GROUPSCALE	1.000000	1.000000	0.000000	0.000000	True	817562	304800
RRM-training-syllabus-Chapter-3-Teamwork-TC-Towing-Incident-Analysis-Dec-2009.ppt	GROUPSCALE	1.000000	1.000000	0.000000	0.000000	True	8229600	639762
RRM-training-syllabus-Chapter-3-Teamwork-TC-Towing-Incident-Analysis-Dec-2009.ppt	GROUPSCALE	1.000000	1.000000	0.000000	0.000000	True	5394325	5643562
RRM-training-syllabus-Chapter-3-Teamwork-TC-Towing-Incident-Analysis-Dec-2009.ppt	GROUPSCALE	1.000000	1.000000	0.000000	0.000000	True	8153400	396875
RRM-training-syllabus-Chapter-3-Teamwork-TC-Towing-Incident-Analysis-Dec-2009.ppt	GROUPSCALE	1.000000	1.000000	0.000000	0.000000	True	1171575	544512
RRM-training-syllabus-Chapter-3-Teamwork-TC-Towing-Incident-Analysis-Dec-2009.ppt	GROUPSCALE	1.000000	1.000000	0.000000	0.000000	True	777875	776287
RRM-training-syllabus-Chapter-3-Teamwork-TC-Towing-Incident-Analysis-Dec-2009.ppt	GROUPSCALE	1.000000	1.000000	0.000000	0.000000	True	8229600	639762
RRM-training-syllabus-Chapter-3-Teamwork-TC-Towing-Incident-Analysis-Dec-2009.ppt	GROUPSCALE	1.000000	1.000000	0.000000	0.000000	True	4962525	5475287
RRM-training-syllabus-Chapter-3-Teamwork-TC-Towing-Incident-Analysis-Dec-2009.ppt	GROUPSCALE	1.000000	1.000000	0.000000	0.000000	True	8153400	396875
RRM-training-syllabus-Chapter-3-Teamwork-TC-Towing-Incident-Analysis-Dec-2009.ppt	GROUPSCALE	1.000000	1.000000	0.000000	0.000000	True	1025525	803275
RRM-training-syllabus-Chapter-3-Teamwork-TC-Towing-Incident-Analysis-Dec-2009.ppt	GROUPSCALE	1.000000	1.000000	0.000000	0.000000	True	1162050	457200
RRM-training-syllabus-Chapter-3-Teamwork-TC-Towing-Incident-Analysis-Dec-2009.ppt	GROUPSCALE	1.000000	1.000000	0.000000	0.000000	True	8229600	639762
RRM-training-syllabus-Chapter-3-Teamwork-TC-Towing-Incident-Analysis-Dec-2009.ppt	GROUPSCALE	1.000000	1.000000	0.000000	0.000000	True	4873625	4441825
RRM-training-syllabus-Chapter-3-Teamwork-TC-Towing-Incident-Analysis-Dec-2009.ppt	GROUPSCALE	1.000000	1.000000	0.000000	0.000000	True	8153400	396875
RRM-training-syllabus-Chapter-3-Teamwork-TC-Towing-Incident-Analysis-Dec-2009.ppt	GROUPSCALE	1.000000	1.000000	0.000000	0.000000	True	781050	274637
RRM-training-syllabus-Chapter-3-Teamwork-TC-Towing-Incident-Analysis-Dec-2009.ppt	GROUPSCALE	1.000000	1.000000	0.000000	0.000000	True	781050	274637
RRM-training-syllabus-Chapter-3-Teamwork-TC-Towing-Incident-Analysis-Dec-2009.ppt	GROUPSCALE	1.000000	1.000000	0.000000	0.000000	True	8229600	639762
RRM-training-syllabus-Chapter-3-Teamwork-TC-Towing-Incident-Analysis-Dec-2009.ppt	GROUPSCALE	1.000000	1.000000	0.000000	0.000000	True	4932362	5689600
RRM-training-syllabus-Chapter-3-Teamwork-TC-Towing-Incident-Analysis-Dec-2009.ppt	GROUPSCALE	1.000000	1.000000	0.000000	0.000000	True	8153400	396875
RRM-training-syllabus-Chapter-3-Teamwork-TC-Towing-Incident-Analysis-Dec-2009.ppt	GROUPSCALE	1.000000	1.000000	0.000000	0.000000	True	8229600	639762
RRM-training-syllabus-Chapter-3-Teamwork-TC-Towing-Incident-Analysis-Dec-2009.ppt	GROUPSCALE	1.000000	1.000000	0.000000	0.000000	True	4314825	5608637
RRM-training-syllabus-Chapter-3-Teamwork-TC-Towing-Incident-Analysis-Dec-2009.ppt	GROUPSCALE	1.000000	1.000000	0.000000	0.000000	True	8153400	396875
RRM-training-syllabus-Chapter-3-Teamwork-TC-Towing-Incident-Analysis-Dec-2009.ppt	GROUPSCALE	1.000000	1.000000	0.000000	0.000000	True	8229600	939800
RRM-training-syllabus-Chapter-3-Teamwork-TC-Towing-Incident-Analysis-Dec-2009.ppt	GROUPSCALE	1.000000	1.000000	0.000000	0.000000	True	8229600	4899025
RRM-training-syllabus-Chapter-3-Teamwork-TC-Towing-Incident-Analysis-Dec-2009.ppt	GROUPSCALE	1.000000	1.000000	0.000000	0.000000	True	8153400	396875
RRM-training-syllabus-Chapter-3-Teamwork-TC-Towing-Incident-Analysis-Dec-2009.ppt	GROUPSCALE	1.000000	1.000000	0.000000	0.000000	True	8593137	639762
RRM-training-syllabus-Chapter-3-Teamwork-TC-Towing-Incident-Analysis-Dec-2009.ppt	GROUPSCALE	1.000000	1.000000	0.000000	0.000000	True	9144000	5607050
RRM-training-syllabus-Chapter-3-Teamwork-TC-Towing-Incident-Analysis-Dec-2009.ppt	GROUPSCALE	1.000000	1.000000	0.000000	0.000000	True	8153400	396875
RRM-training-syllabus-Chapter-3-Teamwork-TC-Towing-Incident-Analysis-Dec-2009.ppt	GROUPSCALE	1.000000	1.000000	0.000000	0.000000	True	8593137	639762
RRM-training-syllabus-Chapter-3-Teamwork-TC-Towing-Incident-Analysis-Dec-2009.ppt	GROUPSCALE	1.000000	1.000000	0.000000	0.000000	True	8689975	2189162
RRM-training-syllabus-Chapter-3-Teamwork-TC-Towing-Incident-Analysis-Dec-2009.ppt	GROUPSCALE	1.000000	1.000000	0.000000	0.000000	True	8153400	396875
RRM-training-syllabus-Chapter-3-Teamwork-TC-Towing-Incident-Analysis-Dec-2009.ppt	GROUPSCALE	1.000000	1.000000	0.000000	0.000000	True	8593137	639762
RRM-training-syllabus-Chapter-3-Teamwork-TC-Towing-Incident-Analysis-Dec-2009.ppt	GROUPSCALE	1.000000	1.000000	0.000000	0.000000	True	4456112	5265737
RRM-training-syllabus-Chapter-3-Teamwork-TC-Towing-Incident-Analysis-Dec-2009.ppt	GROUPSCALE	1.000000	1.000000	0.000000	0.000000	True	8153400	396875
RRM-training-syllabus-Chapter-3-Teamwork-TC-Towing-Incident-Analysis-Dec-2009.ppt	GROUPSCALE	1.000000	1.000000	0.000000	0.000000	True	8229600	639762
RRM-training-syllabus-Chapter-3-Teamwork-TC-Towing-Incident-Analysis-Dec-2009.ppt	GROUPSCALE	1.000000	1.000000	0.000000	0.000000	True	8843962	5705475
RRM-training-syllabus-Chapter-3-Teamwork-TC-Towing-Incident-Analysis-Dec-2009.ppt	GROUPSCALE	1.000000	1.000000	0.000000	0.000000	True	8153400	396875
RRM-training-syllabus-Chapter-3-Teamwork-TC-Towing-Incident-Analysis-Dec-2009.ppt	GROUPSCALE	1.000000	1.000000	0.000000	0.000000	True	8593137	517525
RRM-training-syllabus-Chapter-3-Teamwork-TC-Towing-Incident-Analysis-Dec-2009.ppt	GROUPSCALE	1.000000	1.000000	0.000000	0.000000	True	9144000	6315075
RRM-training-syllabus-Chapter-3-Teamwork-TC-Towing-Incident-Analysis-Dec-2009.ppt	GROUPSCALE	1.000000	1.000000	0.000000	0.000000	True	8153400	396875
RRM-training-syllabus-Chapter-3-Teamwork-TC-Towing-Incident-Analysis-Dec-2009.ppt	GROUPSCALE	1.000000	1.000000	0.000000	0.000000	True	8593137	639762
RRM-training-syllabus-Chapter-3-Teamwork-TC-Towing-Incident-Analysis-Dec-2009.ppt	GROUPSCALE	1.000000	1.000000	0.000000	0.000000	True	9144000	5851525
RRM-training-syllabus-Chapter-3-Teamwork-TC-Towing-Incident-Analysis-Dec-2009.ppt	GROUPSCALE	1.000000	1.000000	0.000000	0.000000	True	8153400	396875
RRM-training-syllabus-Chapter-3-Teamwork-TC-Towing-Incident-Analysis-Dec-2009.ppt	GROUPSCALE	1.000000	1.000000	0.000000	0.000000	True	8229600	939800
RRM-training-syllabus-Chapter-3-Teamwork-TC-Towing-Incident-Analysis-Dec-2009.ppt	GROUPSCALE	1.000000	1.000000	0.000000	0.000000	True	8229600	4899025
RRM-training-syllabus-Chapter-3-Teamwork-TC-Towing-Incident-Analysis-Dec-2009.ppt	GROUPSCALE	1.000000	1.000000	0.000000	0.000000	True	8153400	396875
RRM-training-syllabus-Chapter-3-Teamwork-TC-Towing-Incident-Analysis-Dec-2009.ppt	GROUPSCALE	1.000000	1.000000	0.000000	0.000000	True	8593137	639762
RRM-training-syllabus-Chapter-3-Teamwork-TC-Towing-Incident-Analysis-Dec-2009.ppt	GROUPSCALE	1.000000	1.000000	0.000000	0.000000	True	8664575	5741987
RRM-training-syllabus-Chapter-3-Teamwork-TC-Towing-Incident-Analysis-Dec-2009.ppt	GROUPSCALE	1.000000	1.000000	0.000000	0.000000	True	8153400	396875
RRM-training-syllabus-Chapter-3-Teamwork-TC-Towing-Incident-Analysis-Dec-2009.ppt	GROUPSCALE	1.000000	1.000000	0.000000	0.000000	True	8593137	639762
RRM-training-syllabus-Chapter-3-Teamwork-TC-Towing-Incident-Analysis-Dec-2009.ppt	GROUPSCALE	1.000000	1.000000	0.000000	0.000000	True	9144000	5595937
RRM-training-syllabus-Chapter-3-Teamwork-TC-Towing-Incident-Analysis-Dec-2009.ppt	GROUPSCALE	1.000000	1.000000	0.000000	0.000000	True	8153400	396875
RRM-training-syllabus-Chapter-3-Teamwork-TC-Towing-Incident-Analysis-Dec-2009.ppt	GROUPSCALE	1.000000	1.000000	0.000000	0.000000	True	8593137	639762
RRM-training-syllabus-Chapter-3-Teamwork-TC-Towing-Incident-Analysis-Dec-2009.ppt	GROUPSCALE	1.000000	1.000000	0.000000	0.000000	True	9144000	5702300
RRM-training-syllabus-Chapter-3-Teamwork-TC-Towing-Incident-Analysis-Dec-2009.ppt	GROUPSCALE	1.000000	1.000000	0.000000	0.000000	True	8153400	396875
RRM-training-syllabus-Chapter-3-Teamwork-TC-Towing-Incident-Analysis-Dec-2009.ppt	GROUPSCALE	1.000000	1.000000	0.000000	0.000000	True	8593137	639762
RRM-training-syllabus-Chapter-3-Teamwork-TC-Towing-Incident-Analysis-Dec-2009.ppt	GROUPSCALE	1.000000	1.000000	0.000000	0.000000	True	8664575	5702300
RRM-training-syllabus-Chapter-3-Teamwork-TC-Towing-Incident-Analysis-Dec-2009.ppt	GROUPSCALE	1.000000	1.000000	0.000000	0.000000	True	8153400	396875
RRM-training-syllabus-Chapter-3-Teamwork-TC-Towing-Incident-Analysis-Dec-2009.ppt	GROUPSCALE	1.000000	1.000000	0.000000	0.000000	True	8229600	939800
RRM-training-syllabus-Chapter-3-Teamwork-TC-Towing-Incident-Analysis-Dec-2009.ppt	GROUPSCALE	1.000000	1.000000	0.000000	0.000000	True	8229600	4899025
RRM-training-syllabus-Chapter-3-Teamwork-TC-Towing-Incident-Analysis-Dec-2009.ppt	GROUPSCALE	1.000000	1.000000	0.000000	0.000000	True	8153400	396875
gillikin_online_user_mtg_2010.ppt	GROUPSCALE	1.000000	1.000000	0.000000	0.000000	True	7772400	1736725
gillikin_online_user_mtg_2010.ppt	GROUPSCALE	1.000000	1.000000	0.000000	0.000000	True	7543800	2743200
gillikin_online_user_mtg_2010.ppt	GROUPSCALE	1.000000	1.000000	0.000000	0.000000	True	8229600	1139825
gillikin_online_user_mtg_2010.ppt	GROUPSCALE	1.000000	1.000000	0.000000	0.000000	True	7848600	4114800
gillikin_online_user_mtg_2010.ppt	GROUPSCALE	1.000000	1.000000	0.000000	0.000000	True	2133600	457200
gillikin_online_user_mtg_2010.ppt	GROUPSCALE	1.000000	1.000000	0.000000	0.000000	True	8229600	1139825
gillikin_online_user_mtg_2010.ppt	GROUPSCALE	1.000000	1.000000	0.000000	0.000000	True	8534400	4495800
gillikin_online_user_mtg_2010.ppt	GROUPSCALE	1.000000	1.000000	0.000000	0.000000	True	2133600	457200
gillikin_online_user_mtg_2010.ppt	GROUPSCALE	1.000000	1.000000	0.000000	0.000000	True	8229600	1139825
gillikin_online_user_mtg_2010.ppt	GROUPSCALE	1.000000	1.000000	0.000000	0.000000	True	8229600	4073525
gillikin_online_user_mtg_2010.ppt	GROUPSCALE	1.000000	1.000000	0.000000	0.000000	True	2133600	457200
gillikin_online_user_mtg_2010.ppt	GROUPSCALE	1.000000	1.000000	0.000000	0.000000	True	8229600	1139825
gillikin_online_user_mtg_2010.ppt	GROUPSCALE	1.000000	1.000000	0.000000	0.000000	True	8229600	4530725
gillikin_online_user_mtg_2010.ppt	GROUPSCALE	1.000000	1.000000	0.000000	0.000000	True	2133600	457200
gillikin_online_user_mtg_2010.ppt	GROUPSCALE	1.000000	1.000000	0.000000	0.000000	True	8229600	1139825
gillikin_online_user_mtg_2010.ppt	GROUPSCALE	1.000000	1.000000	0.000000	0.000000	True	8229600	4530725
gillikin_online_user_mtg_2010.ppt	GROUPSCALE	1.000000	1.000000	0.000000	0.000000	True	2133600	457200
gillikin_online_user_mtg_2010.ppt	GROUPSCALE	1.000000	1.000000	0.000000	0.000000	True	8229600	1139825
gillikin_online_user_mtg_2010.ppt	GROUPSCALE	1.000000	1.000000	0.000000	0.000000	True	2133600	457200
gillikin_online_user_mtg_2010.ppt	GROUPSCALE	1.000000	1.000000	0.000000	0.000000	True	8229600	1139825
gillikin_online_user_mtg_2010.ppt	GROUPSCALE	1.000000	1.000000	0.000000	0.000000	True	2133600	457200
gillikin_online_user_mtg_2010.ppt	GROUPSCALE	1.000000	1.000000	0.000000	0.000000	True	8229600	1139825
gillikin_online_user_mtg_2010.ppt	GROUPSCALE	1.000000	1.000000	0.000000	0.000000	True	2133600	457200
gillikin_online_user_mtg_2010.ppt	GROUPSCALE	1.000000	1.000000	0.000000	0.000000	True	8229600	1139825
gillikin_online_user_mtg_2010.ppt	GROUPSCALE	1.000000	1.000000	0.000000	0.000000	True	2133600	457200
gillikin_online_user_mtg_2010.ppt	GROUPSCALE	1.000000	1.000000	0.000000	0.000000	True	8229600	1139825
gillikin_online_user_mtg_2010.ppt	GROUPSCALE	1.000000	1.000000	0.000000	0.000000	True	8229600	4530725
gillikin_online_user_mtg_2010.ppt	GROUPSCALE	1.000000	1.000000	0.000000	0.000000	True	2133600	457200
gillikin_online_user_mtg_2010.ppt	GROUPSCALE	1.000000	1.000000	0.000000	0.000000	True	8229600	1139825
gillikin_online_user_mtg_2010.ppt	GROUPSCALE	1.000000	1.000000	0.000000	0.000000	True	8229600	4530725
gillikin_online_user_mtg_2010.ppt	GROUPSCALE	1.000000	1.000000	0.000000	0.000000	True	2133600	457200
gillikin_online_user_mtg_2010.ppt	GROUPSCALE	1.000000	1.000000	0.000000	0.000000	True	8229600	1139825
gillikin_online_user_mtg_2010.ppt	GROUPSCALE	1.000000	1.000000	0.000000	0.000000	True	2133600	457200
gillikin_online_user_mtg_2010.ppt	GROUPSCALE	1.000000	1.000000	0.000000	0.000000	True	8229600	1139825
gillikin_online_user_mtg_2010.ppt	GROUPSCALE	1.000000	1.000000	0.000000	0.000000	True	8229600	4530725
gillikin_online_user_mtg_2010.ppt	GROUPSCALE	1.000000	1.000000	0.000000	0.000000	True	2133600	457200
gillikin_online_user_mtg_2010.ppt	GROUPSCALE	1.000000	1.000000	0.000000	0.000000	True	8229600	1139825
gillikin_online_user_mtg_2010.ppt	GROUPSCALE	1.000000	1.000000	0.000000	0.000000	True	8229600	4530725
gillikin_online_user_mtg_2010.ppt	GROUPSCALE	1.000000	1.000000	0.000000	0.000000	True	8229600	1139825
gillikin_online_user_mtg_2010.ppt	GROUPSCALE	1.000000	1.000000	0.000000	0.000000	True	8229600	4530725
gillikin_online_user_mtg_2010.ppt	GROUPSCALE	1.000000	1.000000	0.000000	0.000000	True	8229600	1139825
gillikin_online_user_mtg_2010.ppt	GROUPSCALE	1.000000	1.000000	0.000000	0.000000	True	8458200	4530725
gillikin_online_user_mtg_2010.ppt	GROUPSCALE	1.000000	1.000000	0.000000	0.000000	True	8229600	1139825
gillikin_online_user_mtg_2010.ppt	GROUPSCALE	1.000000	1.000000	0.000000	0.000000	True	8229600	1139825
gillikin_online_user_mtg_2010.ppt	GROUPSCALE	1.000000	1.000000	0.000000	0.000000	True	8229600	4530725
gillikin_online_user_mtg_2010.ppt	GROUPSCALE	1.000000	1.000000	0.000000	0.000000	True	2133600	457200
gillikin_online_user_mtg_2010.ppt	GROUPSCALE	1.000000	1.000000	0.000000	0.000000	True	8229600	1139825
gillikin_online_user_mtg_2010.ppt	GROUPSCALE	1.000000	1.000000	0.000000	0.000000	True	8229600	4648200
gillikin_online_user_mtg_2010.ppt	GROUPSCALE	1.000000	1.000000	0.000000	0.000000	True	2133600	457200
gillikin_online_user_mtg_2010.ppt	GROUPSCALE	1.000000	1.000000	0.000000	0.000000	True	8229600	1139825
gillikin_online_user_mtg_2010.ppt	GROUPSCALE	1.000000	1.000000	0.000000	0.000000	True	8229600	4800600
gillikin_online_user_mtg_2010.ppt	GROUPSCALE	1.000000	1.000000	0.000000	0.000000	True	2133600	457200
gillikin_online_user_mtg_2010.ppt	GROUPSCALE	1.000000	1.000000	0.000000	0.000000	True	8229600	1139825
gillikin_online_user_mtg_2010.ppt	GROUPSCALE	1.000000	1.000000	0.000000	0.000000	True	8229600	4530725
gillikin_online_user_mtg_2010.ppt	GROUPSCALE	1.000000	1.000000	0.000000	0.000000	True	2133600	457200
gillikin_online_user_mtg_2010.ppt	GROUPSCALE	1.000000	1.000000	0.000000	0.000000	True	8229600	1139825
gillikin_online_user_mtg_2010.ppt	GROUPSCALE	1.000000	1.000000	0.000000	0.000000	True	2133600	457200
gillikin_online_user_mtg_2010.ppt	GROUPSCALE	1.000000	1.000000	0.000000	0.000000	True	8229600	1139825
gillikin_online_user_mtg_2010.ppt	GROUPSCALE	1.000000	1.000000	0.000000	0.000000	True	2133600	457200
gillikin_online_user_mtg_2010.ppt	GROUPSCALE	1.000000	1.000000	0.000000	0.000000	True	8229600	1139825
gillikin_online_user_mtg_2010.ppt	GROUPSCALE	1.000000	1.000000	0.000000	0.000000	True	8229600	4530725
gillikin_online_user_mtg_2010.ppt	GROUPSCALE	1.000000	1.000000	0.000000	0.000000	True	2133600	457200
gillikin_online_user_mtg_2010.ppt	GROUPSCALE	1.000000	1.000000	0.000000	0.000000	True	8229600	1139825
gillikin_online_user_mtg_2010.ppt	GROUPSCALE	1.000000	1.000000	0.000000	0.000000	True	8229600	4530725
gillikin_online_user_mtg_2010.ppt	GROUPSCALE	1.000000	1.000000	0.000000	0.000000	True	2133600	457200
gillikin_online_user_mtg_2010.ppt	GROUPSCALE	1.000000	1.000000	0.000000	0.000000	True	8229600	1139825
gillikin_online_user_mtg_2010.ppt	GROUPSCALE	1.000000	1.000000	0.000000	0.000000	True	8229600	4530725
gillikin_online_user_mtg_2010.ppt	GROUPSCALE	1.000000	1.000000	0.000000	0.000000	True	2133600	457200
gillikin_online_user_mtg_2010.ppt	GROUPSCALE	1.000000	1.000000	0.000000	0.000000	True	8229600	1139825
gillikin_online_user_mtg_2010.ppt	GROUPSCALE	1.000000	1.000000	0.000000	0.000000	True	8458200	4267200
gillikin_online_user_mtg_2010.ppt	GROUPSCALE	1.000000	1.000000	0.000000	0.000000	True	2133600	457200
gillikin_online_user_mtg_2010.ppt	GROUPSCALE	1.000000	1.000000	0.000000	0.000000	True	8229600	1139825
gillikin_online_user_mtg_2010.ppt	GROUPSCALE	1.000000	1.000000	0.000000	0.000000	True	8229600	4530725
gillikin_online_user_mtg_2010.ppt	GROUPSCALE	1.000000	1.000000	0.000000	0.000000	True	2133600	457200
gillikin_online_user_mtg_2010.ppt	GROUPSCALE	1.000000	1.000000	0.000000	0.000000	True	8229600	1139825
gillikin_online_user_mtg_2010.ppt	GROUPSCALE	1.000000	1.000000	0.000000	0.000000	True	8229600	4530725
gillikin_online_user_mtg_2010.ppt	GROUPSCALE	1.000000	1.000000	0.000000	0.000000	True	2133600	457200
gillikin_online_user_mtg_2010.ppt	GROUPSCALE	1.000000	1.000000	0.000000	0.000000	True	8686800	1139825
gillikin_online_user_mtg_2010.ppt	GROUPSCALE	1.000000	1.000000	0.000000	0.000000	True	8229600	4191000
gillikin_online_user_mtg_2010.ppt	GROUPSCALE	1.000000	1.000000	0.000000	0.000000	True	2133600	457200
gillikin_online_user_mtg_2010.ppt	GROUPSCALE	1.000000	1.000000	0.000000	0.000000	True	8458200	1139825
gillikin_online_user_mtg_2010.ppt	GROUPSCALE	1.000000	1.000000	0.000000	0.000000	True	8229600	4378325
gillikin_online_user_mtg_2010.ppt	GROUPSCALE	1.000000	1.000000	0.000000	0.000000	True	2133600	457200
gillikin_online_user_mtg_2010.ppt	GROUPSCALE	1.000000	1.000000	0.000000	0.000000	True	8229600	1139825
gillikin_online_user_mtg_2010.ppt	GROUPSCALE	1.000000	1.000000	0.000000	0.000000	True	2133600	457200
gillikin_online_user_mtg_2010.ppt	GROUPSCALE	1.000000	1.000000	0.000000	0.000000	True	8686800	1139825
gillikin_online_user_mtg_2010.ppt	GROUPSCALE	1.000000	1.000000	0.000000	0.000000	True	8229600	4724400
gillikin_online_user_mtg_2010.ppt	GROUPSCALE	1.000000	1.000000	0.000000	0.000000	True	2133600	457200
gillikin_online_user_mtg_2010.ppt	GROUPSCALE	1.000000	1.000000	0.000000	0.000000	True	8686800	1139825
gillikin_online_user_mtg_2010.ppt	GROUPSCALE	1.000000	1.000000	0.000000	0.000000	True	8229600	4191000
gillikin_online_user_mtg_2010.ppt	GROUPSCALE	1.000000	1.000000	0.000000	0.000000	True	2133600	457200
gillikin_online_user_mtg_2010.ppt	GROUPSCALE	1.000000	1.000000	0.000000	0.000000	True	8229600	1139825
gillikin_online_user_mtg_2010.ppt	GROUPSCALE	1.000000	1.000000	0.000000	0.000000	True	8229600	4530725
gillikin_online_user_mtg_2010.ppt	GROUPSCALE	1.000000	1.000000	0.000000	0.000000	True	2133600	457200
gillikin_online_user_mtg_2010.ppt	GROUPSCALE	1.000000	1.000000	0.000000	0.000000	True	8229600	1139825
gillikin_online_user_mtg_2010.ppt	GROUPSCALE	1.000000	1.000000	0.000000	0.000000	True	2133600	457200
gillikin_online_user_mtg_2010.ppt	GROUPSCALE	1.000000	1.000000	0.000000	0.000000	True	8229600	4530725
gillikin_online_user_mtg_2010.ppt	GROUPSCALE	1.000000	1.000000	0.000000	0.000000	True	8229600	1139825
gillikin_online_user_mtg_2010.ppt	GROUPSCALE	1.000000	1.000000	0.000000	0.000000	True	8382000	4530725
gillikin_online_user_mtg_2010.ppt	GROUPSCALE	1.000000	1.000000	0.000000	0.000000	True	2133600	457200
gillikin_online_user_mtg_2010.ppt	GROUPSCALE	1.000000	1.000000	0.000000	0.000000	True	8229600	1139825
gillikin_online_user_mtg_2010.ppt	GROUPSCALE	1.000000	1.000000	0.000000	0.000000	True	2133600	457200
gillikin_online_user_mtg_2010.ppt	GROUPSCALE	1.000000	1.000000	0.000000	0.000000	True	8229600	1139825
gillikin_online_user_mtg_2010.ppt	GROUPSCALE	1.000000	1.000000	0.000000	0.000000	True	8229600	4530725
gillikin_online_user_mtg_2010.ppt	GROUPSCALE	1.000000	1.000000	0.000000	0.000000	True	2133600	457200
Thailand17.ppt	GROUPSCALE	1.000000	1.000000	0.000000	0.000000	True	8750300	6486525
Thailand17.ppt	GROUPSCALE	1.000000	1.000000	0.000000	0.000000	True	2819400	822325
Thailand17.ppt	GROUPSCALE	1.000000	1.000000	0.000000	0.000000	True	7772400	6138862
Thailand17.ppt	GROUPSCALE	1.000000	1.000000	0.000000	0.000000	True	8718550	3551237
Thailand17.ppt	GROUPSCALE	1.000000	1.000000	0.000000	0.000000	True	5791200	4237037
Thailand17.ppt	GROUPSCALE	1.000000	1.000000	0.000000	0.000000	True	8724900	5360987
Thailand17.ppt	GROUPSCALE	1.000000	1.000000	0.000000	0.000000	True	3429000	1016000
Thailand17.ppt	GROUPSCALE	1.000000	1.000000	0.000000	0.000000	True	3352800	1016000
Thailand17.ppt	GROUPSCALE	1.000000	1.000000	0.000000	0.000000	True	3429000	1016000
Thailand17.ppt	GROUPSCALE	1.000000	1.000000	0.000000	0.000000	True	3352800	1016000
Thailand17.ppt	GROUPSCALE	1.000000	1.000000	0.000000	0.000000	True	3429000	1185862
Thailand17.ppt	GROUPSCALE	1.000000	1.000000	0.000000	0.000000	True	3352800	1185862
Thailand17.ppt	GROUPSCALE	1.000000	1.000000	0.000000	0.000000	True	3429000	1016000
Thailand17.ppt	GROUPSCALE	1.000000	1.000000	0.000000	0.000000	True	3352800	1016000
Thailand17.ppt	GROUPSCALE	1.000000	1.000000	0.000000	0.000000	True	3429000	1016000
Thailand17.ppt	GROUPSCALE	1.000000	1.000000	0.000000	0.000000	True	3352800	1016000
Thailand17.ppt	GROUPSCALE	1.000000	1.000000	0.000000	0.000000	True	8718550	579437
Thailand17.ppt	GROUPSCALE	1.000000	1.000000	0.000000	0.000000	True	8101012	457200
Thailand17.ppt	GROUPSCALE	1.000000	1.000000	0.000000	0.000000	True	3048000	812800
Thailand17.ppt	GROUPSCALE	1.000000	1.000000	0.000000	0.000000	True	3048000	812800
Thailand17.ppt	GROUPSCALE	1.000000	1.000000	0.000000	0.000000	True	3048000	812800
Thailand17.ppt	GROUPSCALE	1.000000	1.000000	0.000000	0.000000	True	3048000	812800
Thailand17.ppt	GROUPSCALE	1.000000	1.000000	0.000000	0.000000	True	3048000	812800
Thailand17.ppt	GROUPSCALE	1.000000	1.000000	0.000000	0.000000	True	3048000	812800
Thailand17.ppt	GROUPSCALE	1.000000	1.000000	0.000000	0.000000	True	3048000	1065212
Thailand17.ppt	GROUPSCALE	1.000000	1.000000	0.000000	0.000000	True	3048000	1065212
Thailand17.ppt	GROUPSCALE	1.000000	1.000000	0.000000	0.000000	True	3048000	512762
Thailand17.ppt	GROUPSCALE	1.000000	1.000000	0.000000	0.000000	True	3048000	512762
Thailand17.ppt	GROUPSCALE	1.000000	1.000000	0.000000	0.000000	True	5781675	822325
Thailand17.ppt	GROUPSCALE	1.000000	1.000000	0.000000	0.000000	True	7562850	6294437
Thailand17.ppt	GROUPSCALE	1.000000	1.000000	0.000000	0.000000	True	1343025	455612
Thailand17.ppt	GROUPSCALE	1.000000	1.000000	0.000000	0.000000	True	1343025	455612
Thailand17.ppt	GROUPSCALE	1.000000	1.000000	0.000000	0.000000	True	1344612	455612
Thailand17.ppt	GROUPSCALE	1.000000	1.000000	0.000000	0.000000	True	1343025	455612
Thailand17.ppt	GROUPSCALE	1.000000	1.000000	0.000000	0.000000	True	1344612	455612
Thailand17.ppt	GROUPSCALE	1.000000	1.000000	0.000000	0.000000	True	1343025	455612
Thailand17.ppt	GROUPSCALE	1.000000	1.000000	0.000000	0.000000	True	1343025	455612
Thailand17.ppt	GROUPSCALE	1.000000	1.000000	0.000000	0.000000	True	1343025	455612
Thailand17.ppt	GROUPSCALE	1.000000	1.000000	0.000000	0.000000	True	1343025	455612
Thailand17.ppt	GROUPSCALE	1.000000	1.000000	0.000000	0.000000	True	1343025	455612
Thailand17.ppt	GROUPSCALE	1.000000	1.000000	0.000000	0.000000	True	1343025	455612
Thailand17.ppt	GROUPSCALE	1.000000	1.000000	0.000000	0.000000	True	1343025	455612
Thailand17.ppt	GROUPSCALE	1.000000	1.000000	0.000000	0.000000	True	1343025	455612
Thailand17.ppt	GROUPSCALE	1.000000	1.000000	0.000000	0.000000	True	1343025	492125
Thailand17.ppt	GROUPSCALE	1.000000	1.000000	0.000000	0.000000	True	1343025	455612
Thailand17.ppt	GROUPSCALE	1.000000	1.000000	0.000000	0.000000	True	1344612	455612
Thailand17.ppt	GROUPSCALE	1.000000	1.000000	0.000000	0.000000	True	1343025	455612
Thailand17.ppt	GROUPSCALE	1.000000	1.000000	0.000000	0.000000	True	1344612	455612
Thailand17.ppt	GROUPSCALE	1.000000	1.000000	0.000000	0.000000	True	1343025	455612
Thailand17.ppt	GROUPSCALE	1.000000	1.000000	0.000000	0.000000	True	1343025	455612
Thailand17.ppt	GROUPSCALE	1.000000	1.000000	0.000000	0.000000	True	1344612	455612
Thailand17.ppt	GROUPSCALE	1.000000	1.000000	0.000000	0.000000	True	1343025	455612
Thailand17.ppt	GROUPSCALE	1.000000	1.000000	0.000000	0.000000	True	1344612	455612
Thailand17.ppt	GROUPSCALE	1.000000	1.000000	0.000000	0.000000	True	1343025	455612
Thailand17.ppt	GROUPSCALE	1.000000	1.000000	0.000000	0.000000	True	1343025	455612
Thailand17.ppt	GROUPSCALE	1.000000	1.000000	0.000000	0.000000	True	1344612	455612
Thailand17.ppt	GROUPSCALE	1.000000	1.000000	0.000000	0.000000	True	1343025	455612
Thailand17.ppt	GROUPSCALE	1.000000	1.000000	0.000000	0.000000	True	1344612	455612
Thailand17.ppt	GROUPSCALE	1.000000	1.000000	0.000000	0.000000	True	1343025	455612
Thailand17.ppt	GROUPSCALE	1.000000	1.000000	0.000000	0.000000	True	1343025	455612
Thailand17.ppt	GROUPSCALE	1.000000	1.000000	0.000000	0.000000	True	1344612	455612
Thailand17.ppt	GROUPSCALE	1.000000	1.000000	0.000000	0.000000	True	1343025	455612
Thailand17.ppt	GROUPSCALE	1.000000	1.000000	0.000000	0.000000	True	1344612	455612
Thailand17.ppt	GROUPSCALE	1.000000	1.000000	0.000000	0.000000	True	1343025	455612
Thailand17.ppt	GROUPSCALE	1.000000	1.000000	0.000000	0.000000	True	1343025	455612
Thailand17.ppt	GROUPSCALE	1.000000	1.000000	0.000000	0.000000	True	1344612	455612
Thailand17.ppt	GROUPSCALE	1.000000	1.000000	0.000000	0.000000	True	1343025	455612
Thailand17.ppt	GROUPSCALE	1.000000	1.000000	0.000000	0.000000	True	1344612	455612
Thailand17.ppt	GROUPSCALE	1.000000	1.000000	0.000000	0.000000	True	1343025	455612
Thailand17.ppt	GROUPSCALE	1.000000	1.000000	0.000000	0.000000	True	1343025	455612
Thailand17.ppt	GROUPSCALE	1.000000	1.000000	0.000000	0.000000	True	1344612	455612
Thailand17.ppt	GROUPSCALE	1.000000	1.000000	0.000000	0.000000	True	1343025	455612
Thailand17.ppt	GROUPSCALE	1.000000	1.000000	0.000000	0.000000	True	1344612	455612
Thailand17.ppt	GROUPSCALE	1.000000	1.000000	0.000000	0.000000	True	1343025	455612
Thailand17.ppt	GROUPSCALE	1.000000	1.000000	0.000000	0.000000	True	1343025	455612
Thailand17.ppt	GROUPSCALE	1.000000	1.000000	0.000000	0.000000	True	1344612	455612
Thailand17.ppt	GROUPSCALE	1.000000	1.000000	0.000000	0.000000	True	1343025	455612
Thailand17.ppt	GROUPSCALE	1.000000	1.000000	0.000000	0.000000	True	1344612	455612
Thailand17.ppt	GROUPSCALE	1.000000	1.000000	0.000000	0.000000	True	1343025	455612
Thailand17.ppt	GROUPSCALE	1.000000	1.000000	0.000000	0.000000	True	1343025	492125
Thailand17.ppt	GROUPSCALE	1.000000	1.000000	0.000000	0.000000	True	1344612	492125
Thailand17.ppt	GROUPSCALE	1.000000	1.000000	0.000000	0.000000	True	1343025	492125
Thailand17.ppt	GROUPSCALE	1.000000	1.000000	0.000000	0.000000	True	1344612	492125
Thailand17.ppt	GROUPSCALE	1.000000	1.000000	0.000000	0.000000	True	1343025	492125
Thailand17.ppt	GROUPSCALE	1.000000	1.000000	0.000000	0.000000	True	8077200	457200
Thailand17.ppt	GROUPSCALE	1.000000	1.000000	0.000000	0.000000	True	3286125	812800
Thailand17.ppt	GROUPSCALE	1.000000	1.000000	0.000000	0.000000	True	2828925	812800
Thailand17.ppt	GROUPSCALE	1.000000	1.000000	0.000000	0.000000	True	2295525	812800
Thailand17.ppt	GROUPSCALE	1.000000	1.000000	0.000000	0.000000	True	2828925	812800
Thailand17.ppt	GROUPSCALE	1.000000	1.000000	0.000000	0.000000	True	2828925	812800
Thailand17.ppt	GROUPSCALE	1.000000	1.000000	0.000000	0.000000	True	2828925	812800
Thailand17.ppt	GROUPSCALE	1.000000	1.000000	0.000000	0.000000	True	2828925	812800
Thailand17.ppt	GROUPSCALE	1.000000	1.000000	0.000000	0.000000	True	2828925	512762
Thailand17.ppt	GROUPSCALE	1.000000	1.000000	0.000000	0.000000	True	3286125	812800
Thailand17.ppt	GROUPSCALE	1.000000	1.000000	0.000000	0.000000	True	2295525	812800
Thailand17.ppt	GROUPSCALE	1.000000	1.000000	0.000000	0.000000	True	3286125	812800
Thailand17.ppt	GROUPSCALE	1.000000	1.000000	0.000000	0.000000	True	2295525	812800
Thailand17.ppt	GROUPSCALE	1.000000	1.000000	0.000000	0.000000	True	3286125	812800
Thailand17.ppt	GROUPSCALE	1.000000	1.000000	0.000000	0.000000	True	2295525	812800
Thailand17.ppt	GROUPSCALE	1.000000	1.000000	0.000000	0.000000	True	3286125	812800
Thailand17.ppt	GROUPSCALE	1.000000	1.000000	0.000000	0.000000	True	2295525	812800
Thailand17.ppt	GROUPSCALE	1.000000	1.000000	0.000000	0.000000	True	3286125	512762
Thailand17.ppt	GROUPSCALE	1.000000	1.000000	0.000000	0.000000	True	2295525	512762
Thailand17.ppt	GROUPSCALE	1.000000	1.000000	0.000000	0.000000	True	8334375	1004887
Thailand17.ppt	GROUPSCALE	1.000000	1.000000	0.000000	0.000000	True	8667750	5326062
Thailand17.ppt	GROUPSCALE	1.000000	1.000000	0.000000	0.000000	True	8667750	3135312
Thailand17.ppt	GROUPSCALE	1.000000	1.000000	0.000000	0.000000	True	8667750	5691187
Thailand17.ppt	GROUPSCALE	1.000000	1.000000	0.000000	0.000000	True	8667750	4778375
Thailand17.ppt	GROUPSCALE	1.000000	1.000000	0.000000	0.000000	True	6565900	3708400
Thailand17.ppt	GROUPSCALE	1.000000	1.000000	0.000000	0.000000	True	7624762	457200
Thailand17.ppt	GROUPSCALE	1.000000	1.000000	0.000000	0.000000	True	7523162	3708400
Thailand17.ppt	GROUPSCALE	1.000000	1.000000	0.000000	0.000000	True	7624762	457200
Thailand17.ppt	GROUPSCALE	1.000000	1.000000	0.000000	0.000000	True	6778625	4772025
Thailand17.ppt	GROUPSCALE	1.000000	1.000000	0.000000	0.000000	True	7624762	457200
Thailand17.ppt	GROUPSCALE	1.000000	1.000000	0.000000	0.000000	True	7523162	6048375
Thailand17.ppt	GROUPSCALE	1.000000	1.000000	0.000000	0.000000	True	7624762	457200
Thailand17.ppt	GROUPSCALE	1.000000	1.000000	0.000000	0.000000	True	7924800	5303837
Thailand17.ppt	GROUPSCALE	1.000000	1.000000	0.000000	0.000000	True	7624762	457200
Thailand17.ppt	GROUPSCALE	1.000000	1.000000	0.000000	0.000000	True	4127500	415925
Thailand17.ppt	GROUPSCALE	1.000000	1.000000	0.000000	0.000000	True	8718550	5143500
Thailand17.ppt	GROUPSCALE	1.000000	1.000000	0.000000	0.000000	True	6140450	5410200
Thailand17.ppt	GROUPSCALE	1.000000	1.000000	0.000000	0.000000	True	7624762	457200
Thailand17.ppt	GROUPSCALE	1.000000	1.000000	0.000000	0.000000	True	6565900	4346575
Thailand17.ppt	GROUPSCALE	1.000000	1.000000	0.000000	0.000000	True	7624762	457200
Thailand17.ppt	GROUPSCALE	1.000000	1.000000	0.000000	0.000000	True	2781300	581025
Thailand17.ppt	GROUPSCALE	1.000000	1.000000	0.000000	0.000000	True	1339850	1747837
Thailand17.ppt	GROUPSCALE	0.000000	0.000000	-1.000000	1.000000	False	4868862	366712
Thailand17.ppt	GROUPSCALE	1.000000	1.000000	0.000000	0.000000	True	2762250	366712
Thailand17.ppt	GROUPSCALE	1.000000	1.000000	0.000000	0.000000	True	1533525	730250
Thailand17.ppt	GROUPSCALE	1.000000	1.000000	0.000000	0.000000	True	2019300	730250
Thailand17.ppt	GROUPSCALE	1.000000	1.000000	0.000000	0.000000	True	4076700	730250
Thailand17.ppt	GROUPSCALE	1.000000	1.000000	0.000000	0.000000	True	1339850	1747837
Thailand17.ppt	GROUPSCALE	1.000000	1.000000	0.000000	0.000000	True	1339850	2630487
Thailand17.ppt	GROUPSCALE	1.000000	1.000000	0.000000	0.000000	True	5791200	579437
Thailand17.ppt	GROUPSCALE	1.000000	1.000000	0.000000	0.000000	True	1820862	2270125
Thailand17.ppt	GROUPSCALE	1.000000	1.000000	0.000000	0.000000	True	1820862	2270125
Thailand17.ppt	GROUPSCALE	1.000000	1.000000	0.000000	0.000000	True	1820862	2270125
Thailand17.ppt	GROUPSCALE	1.000000	1.000000	0.000000	0.000000	True	1600200	641350
Thailand17.ppt	GROUPSCALE	1.000000	1.000000	0.000000	0.000000	True	1676400	641350
Thailand17.ppt	GROUPSCALE	1.000000	1.000000	0.000000	0.000000	True	990600	274637
Thailand17.ppt	GROUPSCALE	1.000000	1.000000	0.000000	0.000000	True	990600	274637
Thailand17.ppt	GROUPSCALE	1.000000	1.000000	0.000000	0.000000	True	990600	274637
Thailand17.ppt	GROUPSCALE	1.000000	1.000000	0.000000	0.000000	True	1371600	641350
Thailand17.ppt	GROUPSCALE	1.000000	1.000000	0.000000	0.000000	True	5791200	579437
Thailand17.ppt	GROUPSCALE	1.000000	1.000000	0.000000	0.000000	True	8382000	5038725
Thailand17.ppt	GROUPSCALE	1.000000	1.000000	0.000000	0.000000	True	5791200	579437
Thailand17.ppt	GROUPSCALE	1.000000	1.000000	0.000000	0.000000	True	2032000	838200
Thailand17.ppt	GROUPSCALE	1.000000	1.000000	0.000000	0.000000	True	2032000	838200
Thailand17.ppt	GROUPSCALE	1.000000	1.000000	0.000000	0.000000	True	2032000	838200
Thailand17.ppt	GROUPSCALE	1.000000	1.000000	0.000000	0.000000	True	2032000	838200
Thailand17.ppt	GROUPSCALE	1.000000	1.000000	0.000000	0.000000	True	2032000	838200
Thailand17.ppt	GROUPSCALE	1.000000	1.000000	0.000000	0.000000	True	2032000	838200
Thailand17.ppt	GROUPSCALE	1.000000	1.000000	0.000000	0.000000	True	2032000	838200
Thailand17.ppt	GROUPSCALE	1.000000	1.000000	0.000000	0.000000	True	2032000	838200
Thailand17.ppt	GROUPSCALE	1.000000	1.000000	0.000000	0.000000	True	2032000	838200
Thailand17.ppt	GROUPSCALE	1.000000	1.000000	0.000000	0.000000	True	2032000	838200
Thailand17.ppt	GROUPSCALE	1.000000	1.000000	0.000000	0.000000	True	2032000	838200
Thailand17.ppt	GROUPSCALE	1.000000	1.000000	0.000000	0.000000	True	2032000	838200
Thailand17.ppt	GROUPSCALE	1.000000	1.000000	0.000000	0.000000	True	2032000	831850
Thailand17.ppt	GROUPSCALE	1.000000	1.000000	0.000000	0.000000	True	2032000	831850
Thailand17.ppt	GROUPSCALE	1.000000	1.000000	0.000000	0.000000	True	2032000	831850
Thailand17.ppt	GROUPSCALE	1.000000	1.000000	0.000000	0.000000	True	2032000	820737
Thailand17.ppt	GROUPSCALE	1.000000	1.000000	0.000000	0.000000	True	2032000	820737
Thailand17.ppt	GROUPSCALE	1.000000	1.000000	0.000000	0.000000	True	2032000	820737
Thailand17.ppt	GROUPSCALE	1.000000	1.000000	0.000000	0.000000	True	2032000	455612
Thailand17.ppt	GROUPSCALE	1.000000	1.000000	0.000000	0.000000	True	2032000	455612
Thailand17.ppt	GROUPSCALE	1.000000	1.000000	0.000000	0.000000	True	2032000	455612
Thailand17.ppt	GROUPSCALE	1.000000	1.000000	0.000000	0.000000	True	501650	2362200
Thailand17.ppt	GROUPSCALE	1.000000	1.000000	0.000000	0.000000	True	501650	2362200
Thailand17.ppt	GROUPSCALE	1.000000	1.000000	0.000000	0.000000	True	838200	1206500
Thailand17.ppt	GROUPSCALE	1.000000	1.000000	0.000000	0.000000	True	1066800	476250
Thailand17.ppt	GROUPSCALE	1.000000	1.000000	0.000000	0.000000	True	1066800	476250
Thailand17.ppt	GROUPSCALE	1.000000	1.000000	0.000000	0.000000	True	1066800	476250
Thailand17.ppt	GROUPSCALE	1.000000	1.000000	0.000000	0.000000	True	1066800	476250
Thailand17.ppt	GROUPSCALE	1.000000	1.000000	0.000000	0.000000	True	1066800	476250
Thailand17.ppt	GROUPSCALE	1.000000	1.000000	0.000000	0.000000	True	8305800	1571625
Thailand17.ppt	GROUPSCALE	1.000000	1.000000	0.000000	0.000000	True	8077200	579437
Thailand17.ppt	GROUPSCALE	1.000000	1.000000	0.000000	0.000000	True	8718550	4945062
Thailand17.ppt	GROUPSCALE	1.000000	1.000000	0.000000	0.000000	True	3429000	1016000
Thailand17.ppt	GROUPSCALE	1.000000	1.000000	0.000000	0.000000	True	3352800	1016000
Thailand17.ppt	GROUPSCALE	1.000000	1.000000	0.000000	0.000000	True	3429000	1016000
Thailand17.ppt	GROUPSCALE	1.000000	1.000000	0.000000	0.000000	True	3352800	1016000
Thailand17.ppt	GROUPSCALE	1.000000	1.000000	0.000000	0.000000	True	3429000	1041400
Thailand17.ppt	GROUPSCALE	1.000000	1.000000	0.000000	0.000000	True	3352800	1041400
Thailand17.ppt	GROUPSCALE	1.000000	1.000000	0.000000	0.000000	True	3429000	1371600
Thailand17.ppt	GROUPSCALE	1.000000	1.000000	0.000000	0.000000	True	3352800	1371600
Thailand17.ppt	GROUPSCALE	1.000000	1.000000	0.000000	0.000000	True	3429000	1016000
Thailand17.ppt	GROUPSCALE	1.000000	1.000000	0.000000	0.000000	True	3352800	1016000
Thailand17.ppt	GROUPSCALE	1.000000	1.000000	0.000000	0.000000	True	8718550	579437
Thailand17.ppt	GROUPSCALE	1.000000	1.000000	0.000000	0.000000	True	8718550	579437
Thailand17.ppt	GROUPSCALE	1.000000	1.000000	0.000000	0.000000	True	1820862	4648200
Thailand17.ppt	GROUPSCALE	1.000000	1.000000	0.000000	0.000000	True	914400	385762
Thailand17.ppt	GROUPSCALE	1.000000	1.000000	0.000000	0.000000	True	990600	274637
Thailand17.ppt	GROUPSCALE	1.000000	1.000000	0.000000	0.000000	True	990600	274637
Thailand17.ppt	GROUPSCALE	1.000000	1.000000	0.000000	0.000000	True	914400	385762
Thailand17.ppt	GROUPSCALE	1.000000	1.000000	0.000000	0.000000	True	1820862	1143000
Thailand17.ppt	GROUPSCALE	1.000000	1.000000	0.000000	0.000000	True	1820862	1143000
Thailand17.ppt	GROUPSCALE	1.000000	1.000000	0.000000	0.000000	True	1820862	1143000
Thailand17.ppt	GROUPSCALE	1.307692	1.000000	0.000000	0.000000	True	990600	274637
Thailand17.ppt	GROUPSCALE	1.384615	1.000000	0.000000	0.000000	True	990600	274637
Thailand17.ppt	GROUPSCALE	1.384615	1.000000	0.000000	0.000000	True	990600	274637
Thailand17.ppt	GROUPSCALE	1.384615	1.000000	0.000000	0.000000	True	990600	274637
Thailand17.ppt	GROUPSCALE	1.000000	1.000000	0.000000	0.000000	True	1820862	4648200
Thailand17.ppt	GROUPSCALE	1.000000	1.000000	0.000000	0.000000	True	5791200	4497387
Thailand17.ppt	GROUPSCALE	1.000000	1.000000	0.000000	0.000000	True	5791200	579437
Thailand17.ppt	GROUPSCALE	1.000000	1.000000	0.000000	0.000000	True	2032000	838200
Thailand17.ppt	GROUPSCALE	1.000000	1.000000	0.000000	0.000000	True	2032000	838200
Thailand17.ppt	GROUPSCALE	1.000000	1.000000	0.000000	0.000000	True	2032000	838200
Thailand17.ppt	GROUPSCALE	1.000000	1.000000	0.000000	0.000000	True	2032000	838200
Thailand17.ppt	GROUPSCALE	1.000000	1.000000	0.000000	0.000000	True	2032000	838200
Thailand17.ppt	GROUPSCALE	1.000000	1.000000	0.000000	0.000000	True	2032000	838200
Thailand17.ppt	GROUPSCALE	1.000000	1.000000	0.000000	0.000000	True	2032000	838200
Thailand17.ppt	GROUPSCALE	1.000000	1.000000	0.000000	0.000000	True	2032000	838200
Thailand17.ppt	GROUPSCALE	1.000000	1.000000	0.000000	0.000000	True	2032000	838200
Thailand17.ppt	GROUPSCALE	1.000000	1.000000	0.000000	0.000000	True	2032000	831850
Thailand17.ppt	GROUPSCALE	1.000000	1.000000	0.000000	0.000000	True	2032000	831850
Thailand17.ppt	GROUPSCALE	1.000000	1.000000	0.000000	0.000000	True	2032000	831850
Thailand17.ppt	GROUPSCALE	1.000000	1.000000	0.000000	0.000000	True	2032000	820737
Thailand17.ppt	GROUPSCALE	1.000000	1.000000	0.000000	0.000000	True	2032000	820737
Thailand17.ppt	GROUPSCALE	1.000000	1.000000	0.000000	0.000000	True	2032000	820737
Thailand17.ppt	GROUPSCALE	1.000000	1.000000	0.000000	0.000000	True	2032000	455612
Thailand17.ppt	GROUPSCALE	1.000000	1.000000	0.000000	0.000000	True	2032000	455612
Thailand17.ppt	GROUPSCALE	1.000000	1.000000	0.000000	0.000000	True	2032000	455612
Thailand17.ppt	GROUPSCALE	1.000000	1.000000	0.000000	0.000000	True	501650	2362200
Thailand17.ppt	GROUPSCALE	1.000000	1.000000	0.000000	0.000000	True	501650	1676400
Thailand17.ppt	GROUPSCALE	1.000000	1.000000	0.000000	0.000000	True	3581400	457200
Thailand17.ppt	GROUPSCALE	1.000000	1.000000	0.000000	0.000000	True	838200	1206500
Thailand17.ppt	GROUPSCALE	1.000000	1.000000	0.000000	0.000000	True	1066800	476250
Thailand17.ppt	GROUPSCALE	1.000000	1.000000	0.000000	0.000000	True	1066800	476250
Thailand17.ppt	GROUPSCALE	1.000000	1.000000	0.000000	0.000000	True	1066800	476250
Thailand17.ppt	GROUPSCALE	1.000000	1.000000	0.000000	0.000000	True	1066800	476250
Thailand17.ppt	GROUPSCALE	1.000000	1.000000	0.000000	0.000000	True	1066800	476250
Thailand17.ppt	GROUPSCALE	1.000000	1.000000	0.000000	0.000000	True	8305800	1571625
Thailand17.ppt	GROUPSCALE	1.000000	1.000000	0.000000	0.000000	True	8077200	579437
Thailand17.ppt	GROUPSCALE	1.000000	1.000000	0.000000	0.000000	True	8718550	4349750
Thailand17.ppt	GROUPSCALE	1.000000	1.000000	0.000000	0.000000	True	3429000	1016000
Thailand17.ppt	GROUPSCALE	1.000000	1.000000	0.000000	0.000000	True	3352800	1016000
Thailand17.ppt	GROUPSCALE	1.000000	1.000000	0.000000	0.000000	True	3429000	1016000
Thailand17.ppt	GROUPSCALE	1.000000	1.000000	0.000000	0.000000	True	3352800	1016000
Thailand17.ppt	GROUPSCALE	1.000000	1.000000	0.000000	0.000000	True	3429000	1041400
Thailand17.ppt	GROUPSCALE	1.000000	1.000000	0.000000	0.000000	True	3352800	1041400
Thailand17.ppt	GROUPSCALE	1.000000	1.000000	0.000000	0.000000	True	3429000	1371600
Thailand17.ppt	GROUPSCALE	1.000000	1.000000	0.000000	0.000000	True	3352800	1371600
Thailand17.ppt	GROUPSCALE	1.000000	1.000000	0.000000	0.000000	True	3429000	1016000
Thailand17.ppt	GROUPSCALE	1.000000	1.000000	0.000000	0.000000	True	3352800	1016000
Thailand17.ppt	GROUPSCALE	1.000000	1.000000	0.000000	0.000000	True	8718550	579437
Thailand17.ppt	GROUPSCALE	1.000000	1.000000	0.000000	0.000000	True	8718550	579437
Thailand17.ppt	GROUPSCALE	1.000000	1.000000	0.000000	0.000000	True	4191000	3219450
Thailand17.ppt	GROUPSCALE	1.000000	1.000000	0.000000	0.000000	True	2819400	2305050
Thailand17.ppt	GROUPSCALE	1.000000	1.000000	0.000000	0.000000	True	8718550	579437
Thailand17.ppt	GROUPSCALE	1.000000	1.000000	0.000000	0.000000	True	1820862	4648200
Thailand17.ppt	GROUPSCALE	1.000000	1.000000	0.000000	0.000000	True	990600	274637
Thailand17.ppt	GROUPSCALE	1.000000	1.000000	0.000000	0.000000	True	914400	385762
Thailand17.ppt	GROUPSCALE	1.000000	1.000000	0.000000	0.000000	True	1820862	1143000
Thailand17.ppt	GROUPSCALE	1.000000	1.000000	0.000000	0.000000	True	1820862	1143000
Thailand17.ppt	GROUPSCALE	1.000000	1.000000	0.000000	0.000000	True	1820862	1143000
Thailand17.ppt	GROUPSCALE	1.000000	1.000000	0.000000	0.000000	True	990600	274637
Thailand17.ppt	GROUPSCALE	1.000000	1.000000	0.000000	0.000000	True	990600	274637
Thailand17.ppt	GROUPSCALE	1.000000	1.000000	0.000000	0.000000	True	990600	274637
Thailand17.ppt	GROUPSCALE	1.000000	1.000000	0.000000	0.000000	True	990600	274637
Thailand17.ppt	GROUPSCALE	1.000000	1.000000	0.000000	0.000000	True	1820862	4648200
Thailand17.ppt	GROUPSCALE	1.000000	1.000000	0.000000	0.000000	True	990600	274637
Thailand17.ppt	GROUPSCALE	1.000000	1.000000	0.000000	0.000000	True	990600	274637
Thailand17.ppt	GROUPSCALE	1.000000	1.000000	0.000000	0.000000	True	990600	274637
Thailand17.ppt	GROUPSCALE	1.000000	1.000000	0.000000	0.000000	True	990600	274637
Thailand17.ppt	GROUPSCALE	1.000000	1.000000	0.000000	0.000000	True	990600	274637
Thailand17.ppt	GROUPSCALE	1.000000	1.000000	0.000000	0.000000	True	5791200	5472112
Thailand17.ppt	GROUPSCALE	1.000000	1.000000	0.000000	0.000000	True	8718550	4475162
Thailand17.ppt	GROUPSCALE	1.000000	1.000000	0.000000	0.000000	True	8718550	4840287
Thailand17.ppt	GROUPSCALE	1.000000	1.000000	0.000000	0.000000	True	8718550	5570537
Thailand17.ppt	GROUPSCALE	1.000000	1.000000	0.000000	0.000000	True	8718550	5753100
Thailand17.ppt	GROUPSCALE	1.000000	1.000000	0.000000	0.000000	True	8718550	5753100
Thailand17.ppt	GROUPSCALE	1.000000	1.000000	0.000000	0.000000	True	9050337	974725
Thailand17.ppt	GROUPSCALE	1.000000	1.000000	0.000000	0.000000	True	7772400	1143000
Thailand17.ppt	GROUPSCALE	0.941667	0.983339	0.000000	0.000000	True	1212850	468312
Thailand17.ppt	GROUPSCALE	0.941667	0.983339	0.000000	0.000000	True	1311275	528637
Thailand17.ppt	GROUPSCALE	0.941667	0.983339	0.000000	0.000000	True	1825625	647700
Thailand17.ppt	GROUPSCALE	0.941667	0.983339	0.000000	0.000000	True	1046162	468312
Thailand17.ppt	GROUPSCALE	1.000000	1.000000	0.000000	0.000000	True	8718550	5410200
Thailand17.ppt	GROUPSCALE	1.000000	1.000000	0.000000	0.000000	True	8718550	4495800
Thailand17.ppt	GROUPSCALE	1.000000	1.000000	0.000000	0.000000	True	8718550	4495800
Thailand17.ppt	GROUPSCALE	1.000000	1.000000	0.000000	0.000000	True	8718550	5181600
Thailand17.ppt	GROUPSCALE	1.000000	1.000000	0.000000	0.000000	True	5791200	579437
ws_prod-g-doc-Events-2008-February-5-NATO-activities.ppt	GROUPSCALE	1.000000	1.000000	0.000000	0.000000	True	1905000	457200
ws_prod-g-doc-Events-2008-February-5-NATO-activities.ppt	GROUPSCALE	1.000000	1.000000	0.000000	0.000000	True	2895600	457200
ws_prod-g-doc-Events-2008-February-5-NATO-activities.ppt	GROUPSCALE	1.000000	1.000000	0.000000	0.000000	True	7772400	1143000
ws_prod-g-doc-Events-2008-February-5-NATO-activities.ppt	GROUPSCALE	1.000000	1.000000	0.000000	0.000000	True	6400800	2743200
ws_prod-g-doc-Events-2008-February-5-NATO-activities.ppt	GROUPSCALE	1.000000	1.000000	0.000000	0.000000	True	1905000	457200
ws_prod-g-doc-Events-2008-February-5-NATO-activities.ppt	GROUPSCALE	1.000000	1.000000	0.000000	0.000000	True	2895600	457200
ws_prod-g-doc-Events-2008-February-5-NATO-activities.ppt	GROUPSCALE	1.000000	1.000000	0.000000	0.000000	True	7772400	1143000
ws_prod-g-doc-Events-2008-February-5-NATO-activities.ppt	GROUPSCALE	1.000000	1.000000	0.000000	0.000000	True	8534400	1752600
ws_prod-g-doc-Events-2008-February-5-NATO-activities.ppt	GROUPSCALE	1.000000	1.000000	0.000000	0.000000	True	1905000	457200
ws_prod-g-doc-Events-2008-February-5-NATO-activities.ppt	GROUPSCALE	1.000000	1.000000	0.000000	0.000000	True	2895600	457200
ws_prod-g-doc-Events-2008-February-5-NATO-activities.ppt	GROUPSCALE	1.000000	1.000000	0.000000	0.000000	True	7772400	1143000
ws_prod-g-doc-Events-2008-February-5-NATO-activities.ppt	GROUPSCALE	1.000000	1.000000	0.000000	0.000000	True	1676400	952500
ws_prod-g-doc-Events-2008-February-5-NATO-activities.ppt	GROUPSCALE	1.000000	1.000000	0.000000	0.000000	True	1981200	952500
ws_prod-g-doc-Events-2008-February-5-NATO-activities.ppt	GROUPSCALE	1.000000	1.000000	0.000000	0.000000	True	1828800	952500
ws_prod-g-doc-Events-2008-February-5-NATO-activities.ppt	GROUPSCALE	1.000000	1.000000	0.000000	0.000000	True	4906962	588962
ws_prod-g-doc-Events-2008-February-5-NATO-activities.ppt	GROUPSCALE	1.000000	1.000000	0.000000	0.000000	True	1828800	952500
ws_prod-g-doc-Events-2008-February-5-NATO-activities.ppt	GROUPSCALE	1.000000	1.000000	0.000000	0.000000	True	1828800	527050
ws_prod-g-doc-Events-2008-February-5-NATO-activities.ppt	GROUPSCALE	1.000000	1.000000	0.000000	0.000000	True	4467225	831850
ws_prod-g-doc-Events-2008-February-5-NATO-activities.ppt	GROUPSCALE	1.000000	1.000000	0.000000	0.000000	True	1905000	457200
ws_prod-g-doc-Events-2008-February-5-NATO-activities.ppt	GROUPSCALE	1.000000	1.000000	0.000000	0.000000	True	2895600	457200
ws_prod-g-doc-Events-2008-February-5-NATO-activities.ppt	GROUPSCALE	0.909074	0.882316	0.000000	0.000000	True	177800	642937
ws_prod-g-doc-Events-2008-February-5-NATO-activities.ppt	GROUPSCALE	1.000000	1.000000	0.000000	0.000000	True	4937125	715962
ws_prod-g-doc-Events-2008-February-5-NATO-activities.ppt	GROUPSCALE	1.000000	1.000000	0.000000	0.000000	True	8085137	2667000
ws_prod-g-doc-Events-2008-February-5-NATO-activities.ppt	GROUPSCALE	1.000000	1.000000	0.000000	0.000000	True	1905000	457200
ws_prod-g-doc-Events-2008-February-5-NATO-activities.ppt	GROUPSCALE	1.000000	1.000000	0.000000	0.000000	True	2895600	457200
ws_prod-g-doc-Events-2008-February-5-NATO-activities.ppt	GROUPSCALE	1.000000	1.000000	0.000000	0.000000	True	6738937	579437
ws_prod-g-doc-Events-2008-February-5-NATO-activities.ppt	GROUPSCALE	1.000000	1.000000	0.000000	0.000000	True	685800	366712
ws_prod-g-doc-Events-2008-February-5-NATO-activities.ppt	GROUPSCALE	1.000000	1.000000	0.000000	0.000000	True	685800	366712
ws_prod-g-doc-Events-2008-February-5-NATO-activities.ppt	GROUPSCALE	1.000000	1.000000	0.000000	0.000000	True	685800	366712
ws_prod-g-doc-Events-2008-February-5-NATO-activities.ppt	GROUPSCALE	1.000000	1.000000	0.000000	0.000000	True	685800	366712
ws_prod-g-doc-Events-2008-February-5-NATO-activities.ppt	GROUPSCALE	1.000000	1.000000	0.000000	0.000000	True	685800	366712
ws_prod-g-doc-Events-2008-February-5-NATO-activities.ppt	GROUPSCALE	1.000000	1.000000	0.000000	0.000000	True	685800	366712
ws_prod-g-doc-Events-2008-February-5-NATO-activities.ppt	GROUPSCALE	1.000000	1.000000	0.000000	0.000000	True	685800	366712
ws_prod-g-doc-Events-2008-February-5-NATO-activities.ppt	GROUPSCALE	1.000000	1.000000	0.000000	0.000000	True	685800	366712
ws_prod-g-doc-Events-2008-February-5-NATO-activities.ppt	GROUPSCALE	1.000000	1.000000	0.000000	0.000000	True	1905000	641350
ws_prod-g-doc-Events-2008-February-5-NATO-activities.ppt	GROUPSCALE	1.000000	1.000000	0.000000	0.000000	True	1785937	457200
ws_prod-g-doc-Events-2008-February-5-NATO-activities.ppt	GROUPSCALE	1.000000	1.000000	0.000000	0.000000	True	685800	366712
ws_prod-g-doc-Events-2008-February-5-NATO-activities.ppt	GROUPSCALE	1.000000	1.000000	0.000000	0.000000	True	1905000	457200
ws_prod-g-doc-Events-2008-February-5-NATO-activities.ppt	GROUPSCALE	1.000000	1.000000	0.000000	0.000000	True	2895600	457200
ws_prod-g-doc-Events-2008-February-5-NATO-activities.ppt	GROUPSCALE	1.000000	1.000000	0.000000	0.000000	True	1143000	533400
ws_prod-g-doc-Events-2008-February-5-NATO-activities.ppt	GROUPSCALE	1.000000	1.000000	0.000000	0.000000	True	2590800	439737
ws_prod-g-doc-Events-2008-February-5-NATO-activities.ppt	GROUPSCALE	0.999991	0.999991	0.004345	-0.004345	False	2073275	703262
ws_prod-g-doc-Events-2008-February-5-NATO-activities.ppt	GROUPSCALE	1.000000	1.000000	0.000000	0.000000	True	1143000	304800
ws_prod-g-doc-Events-2008-February-5-NATO-activities.ppt	GROUPSCALE	0.544729	0.544729	0.838612	-0.838612	False	1981200	336550
ws_prod-g-doc-Events-2008-February-5-NATO-activities.ppt	GROUPSCALE	0.841373	0.841373	-0.540454	0.540454	False	1295400	703262
ws_prod-g-doc-Events-2008-February-5-NATO-activities.ppt	GROUPSCALE	0.115786	0.115786	-0.993274	0.993274	False	2203450	703262
ws_prod-g-doc-Events-2008-February-5-NATO-activities.ppt	GROUPSCALE	0.637692	0.637692	-0.770292	0.770292	False	1449387	703262
ws_prod-g-doc-Events-2008-February-5-NATO-activities.ppt	GROUPSCALE	1.000000	1.000000	0.000000	0.000000	True	1371600	304800
ws_prod-g-doc-Events-2008-February-5-NATO-activities.ppt	GROUPSCALE	1.000000	1.000000	0.000000	0.000000	True	1371600	304800
ws_prod-g-doc-Events-2008-February-5-NATO-activities.ppt	GROUPSCALE	1.000000	1.000000	0.000000	0.000000	True	1447800	304800
ws_prod-g-doc-Events-2008-February-5-NATO-activities.ppt	GROUPSCALE	1.000000	1.000000	0.000000	0.000000	True	1143000	304800
ws_prod-g-doc-Events-2008-February-5-NATO-activities.ppt	GROUPSCALE	0.816044	0.816044	0.577989	-0.577989	False	1765300	703262
ws_prod-g-doc-Events-2008-February-5-NATO-activities.ppt	GROUPSCALE	1.000000	1.000000	0.000000	0.000000	True	1371600	517525
ws_prod-g-doc-Events-2008-February-5-NATO-activities.ppt	GROUPSCALE	0.731064	0.731064	-0.682309	0.682309	False	2555875	703262
ws_prod-g-doc-Events-2008-February-5-NATO-activities.ppt	GROUPSCALE	1.000000	1.000000	0.000000	0.000000	True	1371600	517525
ws_prod-g-doc-Events-2008-February-5-NATO-activities.ppt	GROUPSCALE	0.188467	0.188467	0.982079	-0.982079	False	1676400	703262
ws_prod-g-doc-Events-2008-February-5-NATO-activities.ppt	GROUPSCALE	1.000000	1.000000	0.000000	0.000000	True	2590800	517525
ws_prod-g-doc-Events-2008-February-5-NATO-activities.ppt	GROUPSCALE	1.000000	1.000000	0.000000	0.000000	True	1905000	457200
ws_prod-g-doc-Events-2008-February-5-NATO-activities.ppt	GROUPSCALE	1.000000	1.000000	0.000000	0.000000	True	2895600	457200
ws_prod-g-doc-Events-2008-February-5-NATO-activities.ppt	GROUPSCALE	0.909074	0.882316	0.000000	0.000000	True	177800	642937
ws_prod-g-doc-Events-2008-February-5-NATO-activities.ppt	GROUPSCALE	1.000000	1.000000	0.000000	0.000000	True	7772400	1143000
ws_prod-g-doc-Events-2008-February-5-NATO-activities.ppt	GROUPSCALE	1.000000	1.000000	0.000000	0.000000	True	4648200	4724400
ws_prod-g-doc-Events-2008-February-5-NATO-activities.ppt	GROUPSCALE	1.000000	1.000000	0.000000	0.000000	True	1905000	457200
ws_prod-g-doc-Events-2008-February-5-NATO-activities.ppt	GROUPSCALE	1.000000	1.000000	0.000000	0.000000	True	2895600	457200
ws_prod-g-doc-Events-2008-February-5-NATO-activities.ppt	GROUPSCALE	0.909074	0.882316	0.000000	0.000000	True	177800	642937
ws_prod-g-doc-Events-2008-February-5-NATO-activities.ppt	GROUPSCALE	1.000000	1.000000	0.000000	0.000000	True	6659562	715962
ws_prod-g-doc-Events-2008-February-5-NATO-activities.ppt	GROUPSCALE	1.000000	1.000000	0.000000	0.000000	True	4495800	4114800
ws_prod-g-doc-Events-2008-February-5-NATO-activities.ppt	GROUPSCALE	1.000000	1.000000	0.000000	0.000000	True	1905000	457200
ws_prod-g-doc-Events-2008-February-5-NATO-activities.ppt	GROUPSCALE	1.000000	1.000000	0.000000	0.000000	True	2895600	457200
ws_prod-g-doc-Events-2008-February-5-NATO-activities.ppt	GROUPSCALE	0.909074	0.882316	0.000000	0.000000	True	177800	642937
ws_prod-g-doc-Events-2008-February-5-NATO-activities.ppt	GROUPSCALE	1.000000	1.000000	0.000000	0.000000	True	7772400	1143000
ws_prod-g-doc-Events-2008-February-5-NATO-activities.ppt	GROUPSCALE	1.000000	1.000000	0.000000	0.000000	True	4495800	3429000
ws_prod-g-doc-Events-2008-February-5-NATO-activities.ppt	GROUPSCALE	1.000000	1.000000	0.000000	0.000000	True	1905000	457200
ws_prod-g-doc-Events-2008-February-5-NATO-activities.ppt	GROUPSCALE	1.000000	1.000000	0.000000	0.000000	True	2895600	457200
ws_prod-g-doc-Events-2008-February-5-NATO-activities.ppt	GROUPSCALE	0.909074	0.882316	0.000000	0.000000	True	177800	642937
ws_prod-g-doc-Events-2008-February-5-NATO-activities.ppt	GROUPSCALE	1.000000	1.000000	0.000000	0.000000	True	7772400	1143000
ws_prod-g-doc-Events-2008-February-5-NATO-activities.ppt	GROUPSCALE	1.000000	1.000000	0.000000	0.000000	True	3810000	2590800
ws_prod-g-doc-Events-2008-February-5-NATO-activities.ppt	GROUPSCALE	1.000000	1.000000	0.000000	0.000000	True	1905000	457200
ws_prod-g-doc-Events-2008-February-5-NATO-activities.ppt	GROUPSCALE	1.000000	1.000000	0.000000	0.000000	True	2895600	457200
ws_prod-g-doc-Events-2008-February-5-NATO-activities.ppt	GROUPSCALE	0.909074	0.882316	0.000000	0.000000	True	177800	642937
ws_prod-g-doc-Events-2008-February-5-NATO-activities.ppt	GROUPSCALE	1.000000	1.000000	0.000000	0.000000	True	7772400	1143000
ws_prod-g-doc-Events-2008-February-5-NATO-activities.ppt	GROUPSCALE	1.000000	1.000000	0.000000	0.000000	True	4191000	4114800
ws_prod-g-doc-Events-2008-February-5-NATO-activities.ppt	GROUPSCALE	1.000000	1.000000	0.000000	0.000000	True	1905000	457200
ws_prod-g-doc-Events-2008-February-5-NATO-activities.ppt	GROUPSCALE	1.000000	1.000000	0.000000	0.000000	True	2895600	457200
ws_prod-g-doc-Events-2008-February-5-NATO-activities.ppt	GROUPSCALE	1.000000	1.000000	0.000000	0.000000	True	7772400	1143000
ws_prod-g-doc-Events-2008-February-5-NATO-activities.ppt	GROUPSCALE	1.000000	1.000000	0.000000	0.000000	True	7772400	4114800
ws_prod-g-doc-Events-2008-February-5-NATO-activities.ppt	GROUPSCALE	1.000000	1.000000	0.000000	0.000000	True	1905000	457200
ws_prod-g-doc-Events-2008-February-5-NATO-activities.ppt	GROUPSCALE	1.000000	1.000000	0.000000	0.000000	True	2895600	457200
ws_prod-g-doc-Events-2008-February-5-NATO-activities.ppt	GROUPSCALE	1.000000	1.000000	0.000000	0.000000	True	7772400	1143000
2015-Civil-Rights-Website-training.ppt	GROUPSCALE	1.000000	1.000000	0.000000	0.000000	True	1905000	457200
2015-Civil-Rights-Website-training.ppt	GROUPSCALE	1.000000	1.000000	0.000000	0.000000	True	7772400	1627187
2015-Civil-Rights-Website-training.ppt	GROUPSCALE	1.000000	1.000000	0.000000	0.000000	True	8763000	2819400
2015-Civil-Rights-Website-training.ppt	GROUPSCALE	1.000000	1.000000	0.000000	0.000000	True	7620000	822325
2015-Civil-Rights-Website-training.ppt	GROUPSCALE	1.000000	1.000000	0.000000	0.000000	True	3200400	641350
2015-Civil-Rights-Website-training.ppt	GROUPSCALE	1.000000	1.000000	0.000000	0.000000	True	1905000	457200
2015-Civil-Rights-Website-training.ppt	GROUPSCALE	1.000000	1.000000	0.000000	0.000000	True	7307262	1462087
2015-Civil-Rights-Website-training.ppt	GROUPSCALE	1.000000	1.000000	0.000000	0.000000	True	7848600	4724400
2015-Civil-Rights-Website-training.ppt	GROUPSCALE	1.000000	1.000000	0.000000	0.000000	True	1905000	457200
2015-Civil-Rights-Website-training.ppt	GROUPSCALE	1.000000	1.000000	0.000000	0.000000	True	7793037	1462087
2015-Civil-Rights-Website-training.ppt	GROUPSCALE	1.000000	1.000000	0.000000	0.000000	True	8116887	4495800
2015-Civil-Rights-Website-training.ppt	GROUPSCALE	1.000000	1.000000	0.000000	0.000000	True	1905000	457200
2015-Civil-Rights-Website-training.ppt	GROUPSCALE	1.000000	1.000000	0.000000	0.000000	True	8229600	2438400
2015-Civil-Rights-Website-training.ppt	GROUPSCALE	1.000000	1.000000	0.000000	0.000000	True	4724400	1282700
2015-Civil-Rights-Website-training.ppt	GROUPSCALE	1.000000	1.000000	0.000000	0.000000	True	4572000	3381375
2015-Civil-Rights-Website-training.ppt	GROUPSCALE	1.000000	1.000000	0.000000	0.000000	True	5810250	579437
2015-Civil-Rights-Website-training.ppt	GROUPSCALE	1.000000	1.000000	0.000000	0.000000	True	1244600	1373187
2015-Civil-Rights-Website-training.ppt	GROUPSCALE	1.000000	1.000000	0.000000	0.000000	True	1905000	457200
2015-Civil-Rights-Website-training.ppt	GROUPSCALE	1.000000	1.000000	0.000000	0.000000	True	6858000	1371600
2015-Civil-Rights-Website-training.ppt	GROUPSCALE	1.000000	1.000000	0.000000	0.000000	True	8458200	4876800
2015-Civil-Rights-Website-training.ppt	GROUPSCALE	1.000000	1.000000	0.000000	0.000000	True	1905000	457200
2015-Civil-Rights-Website-training.ppt	GROUPSCALE	1.000000	1.000000	0.000000	0.000000	True	5943600	1371600
2015-Civil-Rights-Website-training.ppt	GROUPSCALE	1.000000	1.000000	0.000000	0.000000	True	7467600	1800225
2015-Civil-Rights-Website-training.ppt	GROUPSCALE	1.000000	1.000000	0.000000	0.000000	True	1905000	457200
2015-Civil-Rights-Website-training.ppt	GROUPSCALE	1.000000	1.000000	0.000000	0.000000	True	8686800	1219200
2015-Civil-Rights-Website-training.ppt	GROUPSCALE	1.000000	1.000000	0.000000	0.000000	True	7680325	3663950
2015-Civil-Rights-Website-training.ppt	GROUPSCALE	1.000000	1.000000	0.000000	0.000000	True	1905000	457200
2015-Civil-Rights-Website-training.ppt	GROUPSCALE	1.000000	1.000000	0.000000	0.000000	True	7793037	1462087
2015-Civil-Rights-Website-training.ppt	GROUPSCALE	1.000000	1.000000	0.000000	0.000000	True	8534400	4114800
2015-Civil-Rights-Website-training.ppt	GROUPSCALE	1.000000	1.000000	0.000000	0.000000	True	1905000	457200
2015-Civil-Rights-Website-training.ppt	GROUPSCALE	1.000000	1.000000	0.000000	0.000000	True	3048000	1143000
2015-Civil-Rights-Website-training.ppt	GROUPSCALE	1.000000	1.000000	0.000000	0.000000	True	8534400	4800600
2015-Civil-Rights-Website-training.ppt	GROUPSCALE	1.000000	1.000000	0.000000	0.000000	True	1905000	457200
2015-Civil-Rights-Website-training.ppt	GROUPSCALE	1.000000	1.000000	0.000000	0.000000	True	7316787	914400
2015-Civil-Rights-Website-training.ppt	GROUPSCALE	1.000000	1.000000	0.000000	0.000000	True	1752600	457200
2015-Civil-Rights-Website-training.ppt	GROUPSCALE	1.000000	1.000000	0.000000	0.000000	True	6324600	5035550
2015-Civil-Rights-Website-training.ppt	GROUPSCALE	1.000000	1.000000	0.000000	0.000000	True	1758950	366712
2015-Civil-Rights-Website-training.ppt	GROUPSCALE	1.000000	1.000000	0.000000	0.000000	True	1905000	457200
2015-Civil-Rights-Website-training.ppt	GROUPSCALE	1.000000	1.000000	0.000000	0.000000	True	7924800	1143000
2015-Civil-Rights-Website-training.ppt	GROUPSCALE	1.000000	1.000000	0.000000	0.000000	True	4114800	3783012
2015-Civil-Rights-Website-training.ppt	GROUPSCALE	1.000000	1.000000	0.000000	0.000000	True	1752600	457200
2015-Civil-Rights-Website-training.ppt	GROUPSCALE	1.000000	1.000000	0.000000	0.000000	True	1524000	457200
2015-Civil-Rights-Website-training.ppt	GROUPSCALE	1.000000	1.000000	0.000000	0.000000	True	6572250	701675
2015-Civil-Rights-Website-training.ppt	GROUPSCALE	1.000000	1.000000	0.000000	0.000000	True	1905000	457200
2015-Civil-Rights-Website-training.ppt	GROUPSCALE	1.000000	1.000000	0.000000	0.000000	True	7793037	1462087
2015-Civil-Rights-Website-training.ppt	GROUPSCALE	1.000000	1.000000	0.000000	0.000000	True	7772400	4876800
2015-Civil-Rights-Website-training.ppt	GROUPSCALE	1.000000	1.000000	0.000000	0.000000	True	1905000	457200
2015-Civil-Rights-Website-training.ppt	GROUPSCALE	1.000000	1.000000	0.000000	0.000000	True	6213475	893762
2015-Civil-Rights-Website-training.ppt	GROUPSCALE	1.000000	1.000000	0.000000	0.000000	True	8686800	1905000
2015-Civil-Rights-Website-training.ppt	GROUPSCALE	1.000000	1.000000	0.000000	0.000000	True	1905000	457200
2015-Civil-Rights-Website-training.ppt	GROUPSCALE	1.000000	1.000000	0.000000	0.000000	True	7793037	1462087
2015-Civil-Rights-Website-training.ppt	GROUPSCALE	1.000000	1.000000	0.000000	0.000000	True	7772400	4611687
2015-Civil-Rights-Website-training.ppt	GROUPSCALE	1.000000	1.000000	0.000000	0.000000	True	1905000	457200
2015-Civil-Rights-Website-training.ppt	GROUPSCALE	1.000000	1.000000	0.000000	0.000000	True	7793037	1462087
2015-Civil-Rights-Website-training.ppt	GROUPSCALE	1.000000	1.000000	0.000000	0.000000	True	7772400	4114800
2015-Civil-Rights-Website-training.ppt	GROUPSCALE	1.000000	1.000000	0.000000	0.000000	True	1905000	457200
2015-Civil-Rights-Website-training.ppt	GROUPSCALE	1.000000	1.000000	0.000000	0.000000	True	7351712	1271587
2015-Civil-Rights-Website-training.ppt	GROUPSCALE	1.000000	1.000000	0.000000	0.000000	True	8686800	5029200
2015-Civil-Rights-Website-training.ppt	GROUPSCALE	1.000000	1.000000	0.000000	0.000000	True	1905000	457200
2015-Civil-Rights-Website-training.ppt	GROUPSCALE	1.000000	1.000000	0.000000	0.000000	True	8686800	1143000
2015-Civil-Rights-Website-training.ppt	GROUPSCALE	1.000000	1.000000	0.000000	0.000000	True	7316787	4421187
2015-Civil-Rights-Website-training.ppt	GROUPSCALE	1.000000	1.000000	0.000000	0.000000	True	1905000	457200
2015-Civil-Rights-Website-training.ppt	GROUPSCALE	1.000000	1.000000	0.000000	0.000000	True	7793037	1462087
2015-Civil-Rights-Website-training.ppt	GROUPSCALE	1.000000	1.000000	0.000000	0.000000	True	7772400	4114800
2015-Civil-Rights-Website-training.ppt	GROUPSCALE	1.000000	1.000000	0.000000	0.000000	True	1905000	457200
2015-Civil-Rights-Website-training.ppt	GROUPSCALE	1.000000	1.000000	0.000000	0.000000	True	7162800	2133600
2015-Civil-Rights-Website-training.ppt	GROUPSCALE	1.000000	1.000000	0.000000	0.000000	True	7086600	3508375
2015-Civil-Rights-Website-training.ppt	GROUPSCALE	1.000000	1.000000	0.000000	0.000000	True	1905000	457200
2015-Civil-Rights-Website-training.ppt	GROUPSCALE	1.000000	1.000000	0.000000	0.000000	True	7772400	1143000
2015-Civil-Rights-Website-training.ppt	GROUPSCALE	1.000000	1.000000	0.000000	0.000000	True	7772400	4114800
2015-Civil-Rights-Website-training.ppt	GROUPSCALE	1.000000	1.000000	0.000000	0.000000	True	1905000	457200
2015-Civil-Rights-Website-training.ppt	GROUPSCALE	1.000000	1.000000	0.000000	0.000000	True	7477125	1143000
2015-Civil-Rights-Website-training.ppt	GROUPSCALE	1.000000	1.000000	0.000000	0.000000	True	6705600	4648200
2015-Civil-Rights-Website-training.ppt	GROUPSCALE	1.000000	1.000000	0.000000	0.000000	True	1905000	457200
2015-Civil-Rights-Website-training.ppt	GROUPSCALE	1.000000	1.000000	0.000000	0.000000	True	7772400	1143000
2015-Civil-Rights-Website-training.ppt	GROUPSCALE	1.000000	1.000000	0.000000	0.000000	True	6921500	2974975
2015-Civil-Rights-Website-training.ppt	GROUPSCALE	1.000000	1.000000	0.000000	0.000000	True	1905000	457200
2015-Civil-Rights-Website-training.ppt	GROUPSCALE	1.000000	1.000000	0.000000	0.000000	True	7793037	1462087
2015-Civil-Rights-Website-training.ppt	GROUPSCALE	1.000000	1.000000	0.000000	0.000000	True	7772400	4114800
2015-Civil-Rights-Website-training.ppt	GROUPSCALE	1.000000	1.000000	0.000000	0.000000	True	1905000	457200
2015-Civil-Rights-Website-training.ppt	GROUPSCALE	1.000000	1.000000	0.000000	0.000000	True	7793037	1462087
2015-Civil-Rights-Website-training.ppt	GROUPSCALE	1.000000	1.000000	0.000000	0.000000	True	1905000	457200
2015-Civil-Rights-Website-training.ppt	GROUPSCALE	1.000000	1.000000	0.000000	0.000000	True	7359650	1363662
2015-Civil-Rights-Website-training.ppt	GROUPSCALE	1.000000	1.000000	0.000000	0.000000	True	7537450	3903662
2015-Civil-Rights-Website-training.ppt	GROUPSCALE	1.000000	1.000000	0.000000	0.000000	True	1905000	457200
2015-Civil-Rights-Website-training.ppt	GROUPSCALE	1.000000	1.000000	0.000000	0.000000	True	7256462	1338262
2015-Civil-Rights-Website-training.ppt	GROUPSCALE	1.000000	1.000000	0.000000	0.000000	True	7196137	3478212
2015-Civil-Rights-Website-training.ppt	GROUPSCALE	1.000000	1.000000	0.000000	0.000000	True	1905000	457200
2015-Civil-Rights-Website-training.ppt	GROUPSCALE	1.000000	1.000000	0.000000	0.000000	True	7419975	1462087
2015-Civil-Rights-Website-training.ppt	GROUPSCALE	1.000000	1.000000	0.000000	0.000000	True	7772400	4114800
2015-Civil-Rights-Website-training.ppt	GROUPSCALE	1.000000	1.000000	0.000000	0.000000	True	1905000	457200
2015-Civil-Rights-Website-training.ppt	GROUPSCALE	1.000000	1.000000	0.000000	0.000000	True	7793037	1462087
2015-Civil-Rights-Website-training.ppt	GROUPSCALE	1.000000	1.000000	0.000000	0.000000	True	7772400	4114800
2015-Civil-Rights-Website-training.ppt	GROUPSCALE	1.000000	1.000000	0.000000	0.000000	True	1905000	457200
2015-Civil-Rights-Website-training.ppt	GROUPSCALE	1.000000	1.000000	0.000000	0.000000	True	7793037	1462087
2015-Civil-Rights-Website-training.ppt	GROUPSCALE	1.000000	1.000000	0.000000	0.000000	True	7772400	4114800
2015-Civil-Rights-Website-training.ppt	GROUPSCALE	1.000000	1.000000	0.000000	0.000000	True	1905000	457200
2015-Civil-Rights-Website-training.ppt	GROUPSCALE	1.000000	1.000000	0.000000	0.000000	True	7793037	1462087
2015-Civil-Rights-Website-training.ppt	GROUPSCALE	1.000000	1.000000	0.000000	0.000000	True	7772400	4114800
2015-Civil-Rights-Website-training.ppt	GROUPSCALE	1.000000	1.000000	0.000000	0.000000	True	1905000	457200
2015-Civil-Rights-Website-training.ppt	GROUPSCALE	1.000000	1.000000	0.000000	0.000000	True	7477125	1143000
2015-Civil-Rights-Website-training.ppt	GROUPSCALE	1.000000	1.000000	0.000000	0.000000	True	7386637	4800600
2015-Civil-Rights-Website-training.ppt	GROUPSCALE	1.000000	1.000000	0.000000	0.000000	True	1905000	457200
2015-Civil-Rights-Website-training.ppt	GROUPSCALE	1.000000	1.000000	0.000000	0.000000	True	6267450	1270000
2015-Civil-Rights-Website-training.ppt	GROUPSCALE	1.000000	1.000000	0.000000	0.000000	True	8305800	5105400
2015-Civil-Rights-Website-training.ppt	GROUPSCALE	1.000000	1.000000	0.000000	0.000000	True	1905000	457200
2015-Civil-Rights-Website-training.ppt	GROUPSCALE	1.000000	1.000000	0.000000	0.000000	True	6194425	1079500
2015-Civil-Rights-Website-training.ppt	GROUPSCALE	1.000000	1.000000	0.000000	0.000000	True	7848600	5029200
2015-Civil-Rights-Website-training.ppt	GROUPSCALE	1.000000	1.000000	0.000000	0.000000	True	1905000	457200
2015-Civil-Rights-Website-training.ppt	GROUPSCALE	1.000000	1.000000	0.000000	0.000000	True	7053262	1074737
2015-Civil-Rights-Website-training.ppt	GROUPSCALE	1.000000	1.000000	0.000000	0.000000	True	7239000	4953000
2015-Civil-Rights-Website-training.ppt	GROUPSCALE	1.000000	1.000000	0.000000	0.000000	True	1905000	457200
2015-Civil-Rights-Website-training.ppt	GROUPSCALE	1.000000	1.000000	0.000000	0.000000	True	7351712	1355725
2015-Civil-Rights-Website-training.ppt	GROUPSCALE	1.000000	1.000000	0.000000	0.000000	True	7315200	4078287
2015-Civil-Rights-Website-training.ppt	GROUPSCALE	1.000000	1.000000	0.000000	0.000000	True	1905000	457200
2015-Civil-Rights-Website-training.ppt	GROUPSCALE	1.000000	1.000000	0.000000	0.000000	True	7793037	1462087
2015-Civil-Rights-Website-training.ppt	GROUPSCALE	1.000000	1.000000	0.000000	0.000000	True	2971800	5121275
2015-Civil-Rights-Website-training.ppt	GROUPSCALE	1.000000	1.000000	0.000000	0.000000	True	1905000	457200
2015-Civil-Rights-Website-training.ppt	GROUPSCALE	1.000000	1.000000	0.000000	0.000000	True	7351712	1271587
2015-Civil-Rights-Website-training.ppt	GROUPSCALE	1.000000	1.000000	0.000000	0.000000	True	7772400	4724400
2015-Civil-Rights-Website-training.ppt	GROUPSCALE	1.000000	1.000000	0.000000	0.000000	True	1905000	457200
2015-Civil-Rights-Website-training.ppt	GROUPSCALE	1.000000	1.000000	0.000000	0.000000	True	7793037	1462087
2015-Civil-Rights-Website-training.ppt	GROUPSCALE	1.000000	1.000000	0.000000	0.000000	True	609600	274637
2015-Civil-Rights-Website-training.ppt	GROUPSCALE	1.000000	1.000000	0.000000	0.000000	True	609600	274637
2015-Civil-Rights-Website-training.ppt	GROUPSCALE	1.000000	1.000000	0.000000	0.000000	True	827087	366712
2015-Civil-Rights-Website-training.ppt	GROUPSCALE	1.000000	1.000000	0.000000	0.000000	True	1905000	457200
2015-Civil-Rights-Website-training.ppt	GROUPSCALE	1.000000	1.000000	0.000000	0.000000	True	7127875	3856037
2015-Civil-Rights-Website-training.ppt	GROUPSCALE	1.000000	1.000000	0.000000	0.000000	True	5181600	579437
2015-Civil-Rights-Website-training.ppt	GROUPSCALE	1.000000	1.000000	0.000000	0.000000	True	1905000	457200
2015-Civil-Rights-Website-training.ppt	GROUPSCALE	1.000000	1.000000	0.000000	0.000000	True	7793037	1462087
2015-Civil-Rights-Website-training.ppt	GROUPSCALE	1.000000	1.000000	0.000000	0.000000	True	7772400	4114800
2015-Civil-Rights-Website-training.ppt	GROUPSCALE	1.000000	1.000000	0.000000	0.000000	True	1905000	457200
2015-Civil-Rights-Website-training.ppt	GROUPSCALE	1.000000	1.000000	0.000000	0.000000	True	7793037	1462087
2015-Civil-Rights-Website-training.ppt	GROUPSCALE	1.000000	1.000000	0.000000	0.000000	True	7772400	4459287
2015-Civil-Rights-Website-training.ppt	GROUPSCALE	1.000000	1.000000	0.000000	0.000000	True	1905000	457200
2015-Civil-Rights-Website-training.ppt	GROUPSCALE	1.000000	1.000000	0.000000	0.000000	True	7793037	1462087
2015-Civil-Rights-Website-training.ppt	GROUPSCALE	1.000000	1.000000	0.000000	0.000000	True	7275512	4497387
2015-Civil-Rights-Website-training.ppt	GROUPSCALE	1.000000	1.000000	0.000000	0.000000	True	1905000	457200
2015-Civil-Rights-Website-training.ppt	GROUPSCALE	1.000000	1.000000	0.000000	0.000000	True	6410325	1143000
2015-Civil-Rights-Website-training.ppt	GROUPSCALE	1.000000	1.000000	0.000000	0.000000	True	8229600	4497387
2015-Civil-Rights-Website-training.ppt	GROUPSCALE	1.000000	1.000000	0.000000	0.000000	True	1905000	457200
2015-Civil-Rights-Website-training.ppt	GROUPSCALE	1.000000	1.000000	0.000000	0.000000	True	7793037	1462087
2015-Civil-Rights-Website-training.ppt	GROUPSCALE	1.000000	1.000000	0.000000	0.000000	True	1905000	457200
2015-Civil-Rights-Website-training.ppt	GROUPSCALE	1.000000	1.000000	0.000000	0.000000	True	5321300	390525
2015-Civil-Rights-Website-training.ppt	GROUPSCALE	1.000000	1.000000	0.000000	0.000000	True	8610600	5029200
2015-Civil-Rights-Website-training.ppt	GROUPSCALE	1.000000	1.000000	0.000000	0.000000	True	1905000	457200
2015-Civil-Rights-Website-training.ppt	GROUPSCALE	1.000000	1.000000	0.000000	0.000000	True	7477125	1143000
2015-Civil-Rights-Website-training.ppt	GROUPSCALE	1.000000	1.000000	0.000000	0.000000	True	7843837	4497387
2015-Civil-Rights-Website-training.ppt	GROUPSCALE	1.000000	1.000000	0.000000	0.000000	True	1905000	457200
2015-Civil-Rights-Website-training.ppt	GROUPSCALE	1.000000	1.000000	0.000000	0.000000	True	8839200	2133600
2015-Civil-Rights-Website-training.ppt	GROUPSCALE	1.000000	1.000000	0.000000	0.000000	True	8839200	2209800
2015-Civil-Rights-Website-training.ppt	GROUPSCALE	1.000000	1.000000	0.000000	0.000000	True	8305800	1143000
2015-Civil-Rights-Website-training.ppt	GROUPSCALE	1.000000	1.000000	0.000000	0.000000	True	1905000	457200
2015-Civil-Rights-Website-training.ppt	GROUPSCALE	1.000000	1.000000	0.000000	0.000000	True	8686800	1219200
2015-Civil-Rights-Website-training.ppt	GROUPSCALE	1.000000	1.000000	0.000000	0.000000	True	2573337	457200
2015-Civil-Rights-Website-training.ppt	GROUPSCALE	1.000000	1.000000	0.000000	0.000000	True	4818062	457200
2015-Civil-Rights-Website-training.ppt	GROUPSCALE	1.000000	1.000000	0.000000	0.000000	True	2573337	396875
2015-Civil-Rights-Website-training.ppt	GROUPSCALE	1.000000	1.000000	0.000000	0.000000	True	4818062	396875
2015-Civil-Rights-Website-training.ppt	GROUPSCALE	1.000000	1.000000	0.000000	0.000000	True	2573337	395287
2015-Civil-Rights-Website-training.ppt	GROUPSCALE	1.000000	1.000000	0.000000	0.000000	True	4818062	395287
2015-Civil-Rights-Website-training.ppt	GROUPSCALE	1.000000	1.000000	0.000000	0.000000	True	2573337	733425
2015-Civil-Rights-Website-training.ppt	GROUPSCALE	1.000000	1.000000	0.000000	0.000000	True	4818062	733425
2015-Civil-Rights-Website-training.ppt	GROUPSCALE	1.000000	1.000000	0.000000	0.000000	True	2573337	1493837
2015-Civil-Rights-Website-training.ppt	GROUPSCALE	1.000000	1.000000	0.000000	0.000000	True	4818062	1493837
2015-Civil-Rights-Website-training.ppt	GROUPSCALE	1.000000	1.000000	0.000000	0.000000	True	1905000	457200
2015-Civil-Rights-Website-training.ppt	GROUPSCALE	1.000000	1.000000	0.000000	0.000000	True	7543800	5105400
2015-Civil-Rights-Website-training.ppt	GROUPSCALE	1.000000	1.000000	0.000000	0.000000	True	8642350	1219200
2015-Civil-Rights-Website-training.ppt	GROUPSCALE	1.000000	1.000000	0.000000	0.000000	True	1905000	457200
2015-Civil-Rights-Website-training.ppt	GROUPSCALE	1.000000	1.000000	0.000000	0.000000	True	7086600	4800600
2015-Civil-Rights-Website-training.ppt	GROUPSCALE	1.000000	1.000000	0.000000	0.000000	True	8642350	1219200
2015-Civil-Rights-Website-training.ppt	GROUPSCALE	1.000000	1.000000	0.000000	0.000000	True	1905000	457200
2015-Civil-Rights-Website-training.ppt	GROUPSCALE	1.000000	1.000000	0.000000	0.000000	True	7543800	4953000
2015-Civil-Rights-Website-training.ppt	GROUPSCALE	1.000000	1.000000	0.000000	0.000000	True	8642350	1219200
2015-Civil-Rights-Website-training.ppt	GROUPSCALE	1.000000	1.000000	0.000000	0.000000	True	1905000	457200
2015-Civil-Rights-Website-training.ppt	GROUPSCALE	1.000000	1.000000	0.000000	0.000000	True	7772400	1066800
2015-Civil-Rights-Website-training.ppt	GROUPSCALE	1.000000	1.000000	0.000000	0.000000	True	3505200	457200
2015-Civil-Rights-Website-training.ppt	GROUPSCALE	1.000000	1.000000	0.000000	0.000000	True	2895600	457200
2015-Civil-Rights-Website-training.ppt	GROUPSCALE	1.000000	1.000000	0.000000	0.000000	True	1905000	457200
2015-Civil-Rights-Website-training.ppt	GROUPSCALE	1.000000	1.000000	0.000000	0.000000	True	8642350	1219200
2015-Civil-Rights-Website-training.ppt	GROUPSCALE	1.000000	1.000000	0.000000	0.000000	True	5453062	457200
2015-Civil-Rights-Website-training.ppt	GROUPSCALE	1.000000	1.000000	0.000000	0.000000	True	1905000	457200
2015-Civil-Rights-Website-training.ppt	GROUPSCALE	1.000000	1.000000	0.000000	0.000000	True	7467600	1143000
2015-Civil-Rights-Website-training.ppt	GROUPSCALE	1.000000	1.000000	0.000000	0.000000	True	7467600	944562
2015-Civil-Rights-Website-training.ppt	GROUPSCALE	1.000000	1.000000	0.000000	0.000000	True	7467600	1006475
2015-Civil-Rights-Website-training.ppt	GROUPSCALE	1.000000	1.000000	0.000000	0.000000	True	1905000	457200
2015-Civil-Rights-Website-training.ppt	GROUPSCALE	1.000000	1.000000	0.000000	0.000000	True	7793037	1462087
2015-Civil-Rights-Website-training.ppt	GROUPSCALE	1.000000	1.000000	0.000000	0.000000	True	7772400	4114800
2015-Civil-Rights-Website-training.ppt	GROUPSCALE	1.000000	1.000000	0.000000	0.000000	True	1905000	457200
2015-Civil-Rights-Website-training.ppt	GROUPSCALE	1.000000	1.000000	0.000000	0.000000	True	7793037	1462087
2015-Civil-Rights-Website-training.ppt	GROUPSCALE	1.000000	1.000000	0.000000	0.000000	True	7772400	4611687
2015-Civil-Rights-Website-training.ppt	GROUPSCALE	1.000000	1.000000	0.000000	0.000000	True	1905000	457200
2015-Civil-Rights-Website-training.ppt	GROUPSCALE	1.000000	1.000000	0.000000	0.000000	True	7793037	1462087
2015-Civil-Rights-Website-training.ppt	GROUPSCALE	1.000000	1.000000	0.000000	0.000000	True	8193087	4383087
2015-Civil-Rights-Website-training.ppt	GROUPSCALE	1.000000	1.000000	0.000000	0.000000	True	1905000	457200
2015-Civil-Rights-Website-training.ppt	GROUPSCALE	1.000000	1.000000	0.000000	0.000000	True	7793037	1462087
2015-Civil-Rights-Website-training.ppt	GROUPSCALE	1.000000	1.000000	0.000000	0.000000	True	7772400	4611687
2015-Civil-Rights-Website-training.ppt	GROUPSCALE	1.000000	1.000000	0.000000	0.000000	True	1905000	457200
2015-Civil-Rights-Website-training.ppt	GROUPSCALE	1.000000	1.000000	0.000000	0.000000	True	5743575	1462087
2015-Civil-Rights-Website-training.ppt	GROUPSCALE	1.000000	1.000000	0.000000	0.000000	True	7772400	4114800
2015-Civil-Rights-Website-training.ppt	GROUPSCALE	1.000000	1.000000	0.000000	0.000000	True	7391400	3743325
2015-Civil-Rights-Website-training.ppt	GROUPSCALE	1.000000	1.000000	0.000000	0.000000	True	1905000	457200
2015-Civil-Rights-Website-training.ppt	GROUPSCALE	1.000000	1.000000	0.000000	0.000000	True	7543800	3378200
2015-Civil-Rights-Website-training.ppt	GROUPSCALE	1.000000	1.000000	0.000000	0.000000	True	8001000	1190625
2015-Civil-Rights-Website-training.ppt	GROUPSCALE	1.000000	1.000000	0.000000	0.000000	True	1905000	457200
2015-Civil-Rights-Website-training.ppt	GROUPSCALE	1.000000	1.000000	0.000000	0.000000	True	7772400	1676400
2015-Civil-Rights-Website-training.ppt	GROUPSCALE	1.000000	1.000000	0.000000	0.000000	True	7848600	4114800
2015-Civil-Rights-Website-training.ppt	GROUPSCALE	1.000000	1.000000	0.000000	0.000000	True	1905000	457200
2015-Civil-Rights-Website-training.ppt	GROUPSCALE	1.000000	1.000000	0.000000	0.000000	True	7010400	4959350
2015-Civil-Rights-Website-training.ppt	GROUPSCALE	1.000000	1.000000	0.000000	0.000000	True	8001000	641350
2015-Civil-Rights-Website-training.ppt	GROUPSCALE	1.000000	1.000000	0.000000	0.000000	True	1905000	457200
2015-Civil-Rights-Website-training.ppt	GROUPSCALE	1.000000	1.000000	0.000000	0.000000	True	7419975	1462087
2015-Civil-Rights-Website-training.ppt	GROUPSCALE	1.000000	1.000000	0.000000	0.000000	True	7772400	4114800
2015-Civil-Rights-Website-training.ppt	GROUPSCALE	1.000000	1.000000	0.000000	0.000000	True	1905000	457200
2015-Civil-Rights-Website-training.ppt	GROUPSCALE	1.000000	1.000000	0.000000	0.000000	True	7496175	1462087
2015-Civil-Rights-Website-training.ppt	GROUPSCALE	1.000000	1.000000	0.000000	0.000000	True	7772400	4114800
2015-Civil-Rights-Website-training.ppt	GROUPSCALE	1.000000	1.000000	0.000000	0.000000	True	1905000	457200
2015-Civil-Rights-Website-training.ppt	GROUPSCALE	1.000000	1.000000	0.000000	0.000000	True	7162800	1524000
2015-Civil-Rights-Website-training.ppt	GROUPSCALE	1.000000	1.000000	0.000000	0.000000	True	6991350	4267200
2015-Civil-Rights-Website-training.ppt	GROUPSCALE	1.000000	1.000000	0.000000	0.000000	True	1905000	457200
2015-Civil-Rights-Website-training.ppt	GROUPSCALE	1.000000	1.000000	0.000000	0.000000	True	7315200	1676400
2015-Civil-Rights-Website-training.ppt	GROUPSCALE	1.000000	1.000000	0.000000	0.000000	True	5522912	4114800
2015-Civil-Rights-Website-training.ppt	GROUPSCALE	1.000000	1.000000	0.000000	0.000000	True	1905000	457200
2015-Civil-Rights-Website-training.ppt	GROUPSCALE	1.000000	1.000000	0.000000	0.000000	True	7793037	1462087
2015-Civil-Rights-Website-training.ppt	GROUPSCALE	1.000000	1.000000	0.000000	0.000000	True	1905000	457200
2015-Civil-Rights-Website-training.ppt	GROUPSCALE	1.000000	1.000000	0.000000	0.000000	True	7793037	1462087
2015-Civil-Rights-Website-training.ppt	GROUPSCALE	1.000000	1.000000	0.000000	0.000000	True	7772400	4114800
2015-Civil-Rights-Website-training.ppt	GROUPSCALE	1.000000	1.000000	0.000000	0.000000	True	1905000	457200
2015-Civil-Rights-Website-training.ppt	GROUPSCALE	1.000000	1.000000	0.000000	0.000000	True	7572375	1462087
2015-Civil-Rights-Website-training.ppt	GROUPSCALE	1.000000	1.000000	0.000000	0.000000	True	7772400	4114800
2015-Civil-Rights-Website-training.ppt	GROUPSCALE	1.000000	1.000000	0.000000	0.000000	True	1905000	457200
2015-Civil-Rights-Website-training.ppt	GROUPSCALE	1.000000	1.000000	0.000000	0.000000	True	7496175	1462087
2015-Civil-Rights-Website-training.ppt	GROUPSCALE	1.000000	1.000000	0.000000	0.000000	True	7772400	4953000
2015-Civil-Rights-Website-training.ppt	GROUPSCALE	1.000000	1.000000	0.000000	0.000000	True	1905000	457200
2015-Civil-Rights-Website-training.ppt	GROUPSCALE	1.000000	1.000000	0.000000	0.000000	True	7793037	1614487
2015-Civil-Rights-Website-training.ppt	GROUPSCALE	1.000000	1.000000	0.000000	0.000000	True	7772400	4114800
2015-Civil-Rights-Website-training.ppt	GROUPSCALE	1.000000	1.000000	0.000000	0.000000	True	1905000	457200
2015-Civil-Rights-Website-training.ppt	GROUPSCALE	1.000000	1.000000	0.000000	0.000000	True	7572375	1462087
2015-Civil-Rights-Website-training.ppt	GROUPSCALE	1.000000	1.000000	0.000000	0.000000	True	7772400	4114800
2015-Civil-Rights-Website-training.ppt	GROUPSCALE	1.000000	1.000000	0.000000	0.000000	True	1905000	457200
2015-Civil-Rights-Website-training.ppt	GROUPSCALE	1.000000	1.000000	0.000000	0.000000	True	7793037	1462087
2015-Civil-Rights-Website-training.ppt	GROUPSCALE	1.000000	1.000000	0.000000	0.000000	True	7772400	4800600
2015-Civil-Rights-Website-training.ppt	GROUPSCALE	1.000000	1.000000	0.000000	0.000000	True	1905000	457200
2015-Civil-Rights-Website-training.ppt	GROUPSCALE	1.000000	1.000000	0.000000	0.000000	True	7793037	1462087
2015-Civil-Rights-Website-training.ppt	GROUPSCALE	1.000000	1.000000	0.000000	0.000000	True	7772400	4114800
2015-Civil-Rights-Website-training.ppt	GROUPSCALE	1.000000	1.000000	0.000000	0.000000	True	1905000	457200
2015-Civil-Rights-Website-training.ppt	GROUPSCALE	1.000000	1.000000	0.000000	0.000000	True	7793037	1462087
2015-Civil-Rights-Website-training.ppt	GROUPSCALE	1.000000	1.000000	0.000000	0.000000	True	7772400	4114800
2015-Civil-Rights-Website-training.ppt	GROUPSCALE	1.000000	1.000000	0.000000	0.000000	True	1905000	457200
2015-Civil-Rights-Website-training.ppt	GROUPSCALE	1.000000	1.000000	0.000000	0.000000	True	7572375	1462087
2015-Civil-Rights-Website-training.ppt	GROUPSCALE	1.000000	1.000000	0.000000	0.000000	True	7772400	4114800
2015-Civil-Rights-Website-training.ppt	GROUPSCALE	1.000000	1.000000	0.000000	0.000000	True	1905000	457200
2015-Civil-Rights-Website-training.ppt	GROUPSCALE	1.000000	1.000000	0.000000	0.000000	True	7793037	1462087
2015-Civil-Rights-Website-training.ppt	GROUPSCALE	1.000000	1.000000	0.000000	0.000000	True	8269287	4114800
2015-Civil-Rights-Website-training.ppt	GROUPSCALE	1.000000	1.000000	0.000000	0.000000	True	1905000	457200
2015-Civil-Rights-Website-training.ppt	GROUPSCALE	1.000000	1.000000	0.000000	0.000000	True	7793037	1462087
2015-Civil-Rights-Website-training.ppt	GROUPSCALE	1.000000	1.000000	0.000000	0.000000	True	7772400	4114800
2015-Civil-Rights-Website-training.ppt	GROUPSCALE	1.000000	1.000000	0.000000	0.000000	True	1905000	457200
2015-Civil-Rights-Website-training.ppt	GROUPSCALE	1.000000	1.000000	0.000000	0.000000	True	7793037	1462087
2015-Civil-Rights-Website-training.ppt	GROUPSCALE	1.000000	1.000000	0.000000	0.000000	True	7772400	4114800
2015-Civil-Rights-Website-training.ppt	GROUPSCALE	1.000000	1.000000	0.000000	0.000000	True	1905000	457200
2015-Civil-Rights-Website-training.ppt	GROUPSCALE	1.000000	1.000000	0.000000	0.000000	True	7793037	1462087
2015-Civil-Rights-Website-training.ppt	GROUPSCALE	1.000000	1.000000	0.000000	0.000000	True	7772400	4114800
2015-Civil-Rights-Website-training.ppt	GROUPSCALE	1.000000	1.000000	0.000000	0.000000	True	1905000	457200
2015-Civil-Rights-Website-training.ppt	GROUPSCALE	1.000000	1.000000	0.000000	0.000000	True	7793037	1462087
2015-Civil-Rights-Website-training.ppt	GROUPSCALE	1.000000	1.000000	0.000000	0.000000	True	7772400	4114800
2015-Civil-Rights-Website-training.ppt	GROUPSCALE	1.000000	1.000000	0.000000	0.000000	True	1905000	457200
2015-Civil-Rights-Website-training.ppt	GROUPSCALE	1.000000	1.000000	0.000000	0.000000	True	7793037	1462087
2015-Civil-Rights-Website-training.ppt	GROUPSCALE	1.000000	1.000000	0.000000	0.000000	True	1905000	457200
2015-Civil-Rights-Website-training.ppt	GROUPSCALE	1.000000	1.000000	0.000000	0.000000	True	7793037	1462087
2015-Civil-Rights-Website-training.ppt	GROUPSCALE	1.000000	1.000000	0.000000	0.000000	True	7772400	4114800
2015-Civil-Rights-Website-training.ppt	GROUPSCALE	1.000000	1.000000	0.000000	0.000000	True	1905000	457200
2015-Civil-Rights-Website-training.ppt	GROUPSCALE	1.000000	1.000000	0.000000	0.000000	True	7945437	1157287
2015-Civil-Rights-Website-training.ppt	GROUPSCALE	1.000000	1.000000	0.000000	0.000000	True	7772400	4114800
2015-Civil-Rights-Website-training.ppt	GROUPSCALE	1.000000	1.000000	0.000000	0.000000	True	1905000	457200
2015-Civil-Rights-Website-training.ppt	GROUPSCALE	1.000000	1.000000	0.000000	0.000000	True	7793037	1462087
2015-Civil-Rights-Website-training.ppt	GROUPSCALE	1.000000	1.000000	0.000000	0.000000	True	7772400	4114800
2015-Civil-Rights-Website-training.ppt	GROUPSCALE	1.000000	1.000000	0.000000	0.000000	True	1905000	457200
2015-Civil-Rights-Website-training.ppt	GROUPSCALE	1.000000	1.000000	0.000000	0.000000	True	7793037	1462087
2015-Civil-Rights-Website-training.ppt	GROUPSCALE	1.000000	1.000000	0.000000	0.000000	True	7772400	4114800
2015-Civil-Rights-Website-training.ppt	GROUPSCALE	1.000000	1.000000	0.000000	0.000000	True	1905000	457200
2015-Civil-Rights-Website-training.ppt	GROUPSCALE	1.000000	1.000000	0.000000	0.000000	True	7793037	1462087
2015-Civil-Rights-Website-training.ppt	GROUPSCALE	1.000000	1.000000	0.000000	0.000000	True	7772400	4535487
2015-Civil-Rights-Website-training.ppt	GROUPSCALE	1.000000	1.000000	0.000000	0.000000	True	1905000	457200
2015-Civil-Rights-Website-training.ppt	GROUPSCALE	1.000000	1.000000	0.000000	0.000000	True	7793037	1462087
2015-Civil-Rights-Website-training.ppt	GROUPSCALE	1.000000	1.000000	0.000000	0.000000	True	7772400	4114800
2015-Civil-Rights-Website-training.ppt	GROUPSCALE	1.000000	1.000000	0.000000	0.000000	True	1905000	457200
2015-Civil-Rights-Website-training.ppt	GROUPSCALE	1.000000	1.000000	0.000000	0.000000	True	7793037	1462087
2015-Civil-Rights-Website-training.ppt	GROUPSCALE	1.000000	1.000000	0.000000	0.000000	True	7772400	4114800
2015-Civil-Rights-Website-training.ppt	GROUPSCALE	1.000000	1.000000	0.000000	0.000000	True	1905000	457200
2015-Civil-Rights-Website-training.ppt	GROUPSCALE	1.000000	1.000000	0.000000	0.000000	True	7793037	1462087
2015-Civil-Rights-Website-training.ppt	GROUPSCALE	1.000000	1.000000	0.000000	0.000000	True	7772400	4114800
2015-Civil-Rights-Website-training.ppt	GROUPSCALE	1.000000	1.000000	0.000000	0.000000	True	1905000	457200
2015-Civil-Rights-Website-training.ppt	GROUPSCALE	1.000000	1.000000	0.000000	0.000000	True	7793037	1462087
2015-Civil-Rights-Website-training.ppt	GROUPSCALE	1.000000	1.000000	0.000000	0.000000	True	7772400	4114800
2015-Civil-Rights-Website-training.ppt	GROUPSCALE	1.000000	1.000000	0.000000	0.000000	True	1905000	457200
2015-Civil-Rights-Website-training.ppt	GROUPSCALE	1.000000	1.000000	0.000000	0.000000	True	7848600	685800
2015-Civil-Rights-Website-training.ppt	GROUPSCALE	1.000000	1.000000	0.000000	0.000000	True	7772400	4114800
2015-Civil-Rights-Website-training.ppt	GROUPSCALE	1.000000	1.000000	0.000000	0.000000	True	1905000	457200
2015-Civil-Rights-Website-training.ppt	GROUPSCALE	1.000000	1.000000	0.000000	0.000000	True	7620000	5562600
2015-Civil-Rights-Website-training.ppt	GROUPSCALE	1.000000	1.000000	0.000000	0.000000	True	7467600	914400
2015-Civil-Rights-Website-training.ppt	GROUPSCALE	1.000000	1.000000	0.000000	0.000000	True	1905000	457200
2015-Civil-Rights-Website-training.ppt	GROUPSCALE	1.000000	1.000000	0.000000	0.000000	True	7793037	1462087
2015-Civil-Rights-Website-training.ppt	GROUPSCALE	1.000000	1.000000	0.000000	0.000000	True	7772400	4114800
2015-Civil-Rights-Website-training.ppt	GROUPSCALE	1.000000	1.000000	0.000000	0.000000	True	1905000	457200
2015-Civil-Rights-Website-training.ppt	GROUPSCALE	1.000000	1.000000	0.000000	0.000000	True	7793037	1462087
2015-Civil-Rights-Website-training.ppt	GROUPSCALE	1.000000	1.000000	0.000000	0.000000	True	7772400	4611687
Aerospace_Journey_of_Flight_Chapter_BCB1637572DA6.ppt	GROUPSCALE	1.000000	1.000000	0.000000	0.000000	True	3748087	431800
Aerospace_Journey_of_Flight_Chapter_BCB1637572DA6.ppt	GROUPSCALE	1.000000	1.000000	0.000000	0.000000	True	8242300	735012
Aerospace_Journey_of_Flight_Chapter_BCB1637572DA6.ppt	GROUPSCALE	1.000000	1.000000	0.000000	0.000000	True	8080375	1130300
Aerospace_Journey_of_Flight_Chapter_BCB1637572DA6.ppt	GROUPSCALE	1.000000	1.000000	0.000000	0.000000	True	7924800	736600
Aerospace_Journey_of_Flight_Chapter_BCB1637572DA6.ppt	GROUPSCALE	1.000000	1.000000	0.000000	0.000000	True	2438400	1190625
Aerospace_Journey_of_Flight_Chapter_BCB1637572DA6.ppt	GROUPSCALE	1.000000	1.000000	0.000000	0.000000	True	3748087	431800
Aerospace_Journey_of_Flight_Chapter_BCB1637572DA6.ppt	GROUPSCALE	1.000000	1.000000	0.000000	0.000000	True	7761287	4984750
Aerospace_Journey_of_Flight_Chapter_BCB1637572DA6.ppt	GROUPSCALE	1.000000	1.000000	0.000000	0.000000	True	4721225	735012
Aerospace_Journey_of_Flight_Chapter_BCB1637572DA6.ppt	GROUPSCALE	1.000000	1.000000	0.000000	0.000000	True	3748087	431800
Aerospace_Journey_of_Flight_Chapter_BCB1637572DA6.ppt	GROUPSCALE	1.000000	1.000000	0.000000	0.000000	True	8458200	4710112
Aerospace_Journey_of_Flight_Chapter_BCB1637572DA6.ppt	GROUPSCALE	1.000000	1.000000	0.000000	0.000000	True	4721225	735012
Aerospace_Journey_of_Flight_Chapter_BCB1637572DA6.ppt	GROUPSCALE	1.000000	1.000000	0.000000	0.000000	True	3748087	431800
Aerospace_Journey_of_Flight_Chapter_BCB1637572DA6.ppt	GROUPSCALE	1.000000	1.000000	0.000000	0.000000	True	9280525	3105150
Aerospace_Journey_of_Flight_Chapter_BCB1637572DA6.ppt	GROUPSCALE	1.000000	1.000000	0.000000	0.000000	True	7842250	612775
Aerospace_Journey_of_Flight_Chapter_BCB1637572DA6.ppt	GROUPSCALE	1.000000	1.000000	0.000000	0.000000	True	3748087	431800
Aerospace_Journey_of_Flight_Chapter_BCB1637572DA6.ppt	GROUPSCALE	1.000000	1.000000	0.000000	0.000000	True	6880225	6167437
Aerospace_Journey_of_Flight_Chapter_BCB1637572DA6.ppt	GROUPSCALE	1.000000	1.000000	0.000000	0.000000	True	6881812	674687
Aerospace_Journey_of_Flight_Chapter_BCB1637572DA6.ppt	GROUPSCALE	1.000000	1.000000	0.000000	0.000000	True	3748087	431800
Aerospace_Journey_of_Flight_Chapter_BCB1637572DA6.ppt	GROUPSCALE	1.000000	1.000000	0.000000	0.000000	True	5200650	1755775
Aerospace_Journey_of_Flight_Chapter_BCB1637572DA6.ppt	GROUPSCALE	1.000000	1.000000	0.000000	0.000000	True	8321675	674687
Aerospace_Journey_of_Flight_Chapter_BCB1637572DA6.ppt	GROUPSCALE	1.000000	1.000000	0.000000	0.000000	True	6240462	4014787
Aerospace_Journey_of_Flight_Chapter_BCB1637572DA6.ppt	GROUPSCALE	1.000000	1.000000	0.000000	0.000000	True	3748087	431800
Aerospace_Journey_of_Flight_Chapter_BCB1637572DA6.ppt	GROUPSCALE	1.000000	1.000000	0.000000	0.000000	True	7761287	552450
Aerospace_Journey_of_Flight_Chapter_BCB1637572DA6.ppt	GROUPSCALE	1.000000	1.000000	0.000000	0.000000	True	4560887	2613025
Aerospace_Journey_of_Flight_Chapter_BCB1637572DA6.ppt	GROUPSCALE	1.000000	1.000000	0.000000	0.000000	True	1919287	328612
Aerospace_Journey_of_Flight_Chapter_BCB1637572DA6.ppt	GROUPSCALE	1.000000	1.000000	0.000000	0.000000	True	3519487	328612
Aerospace_Journey_of_Flight_Chapter_BCB1637572DA6.ppt	GROUPSCALE	1.000000	1.000000	0.000000	0.000000	True	1920875	328612
Aerospace_Journey_of_Flight_Chapter_BCB1637572DA6.ppt	GROUPSCALE	1.000000	1.000000	0.000000	0.000000	True	4559300	5260975
Aerospace_Journey_of_Flight_Chapter_BCB1637572DA6.ppt	GROUPSCALE	1.000000	1.000000	0.000000	0.000000	True	4560887	3079750
Aerospace_Journey_of_Flight_Chapter_BCB1637572DA6.ppt	GROUPSCALE	1.000000	1.000000	0.000000	0.000000	True	3748087	431800
Aerospace_Journey_of_Flight_Chapter_BCB1637572DA6.ppt	GROUPSCALE	1.000000	1.000000	0.000000	0.000000	True	7761287	552450
Aerospace_Journey_of_Flight_Chapter_BCB1637572DA6.ppt	GROUPSCALE	1.000000	1.000000	0.000000	0.000000	True	1919287	328612
Aerospace_Journey_of_Flight_Chapter_BCB1637572DA6.ppt	GROUPSCALE	1.000000	1.000000	0.000000	0.000000	True	2960687	328612
Aerospace_Journey_of_Flight_Chapter_BCB1637572DA6.ppt	GROUPSCALE	1.000000	1.000000	0.000000	0.000000	True	4240212	4610100
Aerospace_Journey_of_Flight_Chapter_BCB1637572DA6.ppt	GROUPSCALE	1.000000	1.000000	0.000000	0.000000	True	4319587	2119312
Aerospace_Journey_of_Flight_Chapter_BCB1637572DA6.ppt	GROUPSCALE	1.000000	1.000000	0.000000	0.000000	True	3748087	431800
Aerospace_Journey_of_Flight_Chapter_BCB1637572DA6.ppt	GROUPSCALE	1.000000	1.000000	0.000000	0.000000	True	9361487	5318125
Aerospace_Journey_of_Flight_Chapter_BCB1637572DA6.ppt	GROUPSCALE	1.000000	1.000000	0.000000	0.000000	True	6881812	735012
Aerospace_Journey_of_Flight_Chapter_BCB1637572DA6.ppt	GROUPSCALE	1.000000	1.000000	0.000000	0.000000	True	3748087	431800
Aerospace_Journey_of_Flight_Chapter_BCB1637572DA6.ppt	GROUPSCALE	1.000000	1.000000	0.000000	0.000000	True	6161087	6091237
Aerospace_Journey_of_Flight_Chapter_BCB1637572DA6.ppt	GROUPSCALE	1.000000	1.000000	0.000000	0.000000	True	8721725	735012
Aerospace_Journey_of_Flight_Chapter_BCB1637572DA6.ppt	GROUPSCALE	1.000000	1.000000	0.000000	0.000000	True	3748087	431800
Aerospace_Journey_of_Flight_Chapter_BCB1637572DA6.ppt	GROUPSCALE	1.000000	1.000000	0.000000	0.000000	True	7761287	674687
Aerospace_Journey_of_Flight_Chapter_BCB1637572DA6.ppt	GROUPSCALE	1.000000	1.000000	0.000000	0.000000	True	4560887	2409825
Aerospace_Journey_of_Flight_Chapter_BCB1637572DA6.ppt	GROUPSCALE	1.000000	1.000000	0.000000	0.000000	True	2879725	328612
Aerospace_Journey_of_Flight_Chapter_BCB1637572DA6.ppt	GROUPSCALE	1.000000	1.000000	0.000000	0.000000	True	2960687	328612
Aerospace_Journey_of_Flight_Chapter_BCB1637572DA6.ppt	GROUPSCALE	1.000000	1.000000	0.000000	0.000000	True	3840162	328612
Aerospace_Journey_of_Flight_Chapter_BCB1637572DA6.ppt	GROUPSCALE	1.000000	1.000000	0.000000	0.000000	True	4960937	1790700
Aerospace_Journey_of_Flight_Chapter_BCB1637572DA6.ppt	GROUPSCALE	1.000000	1.000000	0.000000	0.000000	True	4240212	2524125
Aerospace_Journey_of_Flight_Chapter_BCB1637572DA6.ppt	GROUPSCALE	1.000000	1.000000	0.000000	0.000000	True	3748087	431800
Aerospace_Journey_of_Flight_Chapter_BCB1637572DA6.ppt	GROUPSCALE	1.000000	1.000000	0.000000	0.000000	True	7761287	674687
Aerospace_Journey_of_Flight_Chapter_BCB1637572DA6.ppt	GROUPSCALE	1.000000	1.000000	0.000000	0.000000	True	3840162	2317750
Aerospace_Journey_of_Flight_Chapter_BCB1637572DA6.ppt	GROUPSCALE	1.000000	1.000000	0.000000	0.000000	True	2879725	328612
Aerospace_Journey_of_Flight_Chapter_BCB1637572DA6.ppt	GROUPSCALE	1.000000	1.000000	0.000000	0.000000	True	2800350	328612
Aerospace_Journey_of_Flight_Chapter_BCB1637572DA6.ppt	GROUPSCALE	1.000000	1.000000	0.000000	0.000000	True	4960937	3692525
Aerospace_Journey_of_Flight_Chapter_BCB1637572DA6.ppt	GROUPSCALE	1.000000	1.000000	0.000000	0.000000	True	3748087	431800
Aerospace_Journey_of_Flight_Chapter_BCB1637572DA6.ppt	GROUPSCALE	1.000000	1.000000	0.000000	0.000000	True	7761287	674687
Aerospace_Journey_of_Flight_Chapter_BCB1637572DA6.ppt	GROUPSCALE	1.000000	1.000000	0.000000	0.000000	True	5040312	2111375
Aerospace_Journey_of_Flight_Chapter_BCB1637572DA6.ppt	GROUPSCALE	1.000000	1.000000	0.000000	0.000000	True	4960937	3394075
Aerospace_Journey_of_Flight_Chapter_BCB1637572DA6.ppt	GROUPSCALE	1.000000	1.000000	0.000000	0.000000	True	4400550	2317750
Aerospace_Journey_of_Flight_Chapter_BCB1637572DA6.ppt	GROUPSCALE	1.000000	1.000000	0.000000	0.000000	True	1920875	328612
Aerospace_Journey_of_Flight_Chapter_BCB1637572DA6.ppt	GROUPSCALE	1.000000	1.000000	0.000000	0.000000	True	2800350	328612
Aerospace_Journey_of_Flight_Chapter_BCB1637572DA6.ppt	GROUPSCALE	1.000000	1.000000	0.000000	0.000000	True	1920875	328612
Aerospace_Journey_of_Flight_Chapter_BCB1637572DA6.ppt	GROUPSCALE	1.000000	1.000000	0.000000	0.000000	True	3748087	431800
Aerospace_Journey_of_Flight_Chapter_BCB1637572DA6.ppt	GROUPSCALE	1.000000	1.000000	0.000000	0.000000	True	7761287	1130300
Aerospace_Journey_of_Flight_Chapter_BCB1637572DA6.ppt	GROUPSCALE	1.000000	1.000000	0.000000	0.000000	True	4321175	2568575
Aerospace_Journey_of_Flight_Chapter_BCB1637572DA6.ppt	GROUPSCALE	1.000000	1.000000	0.000000	0.000000	True	2881312	328612
Aerospace_Journey_of_Flight_Chapter_BCB1637572DA6.ppt	GROUPSCALE	1.000000	1.000000	0.000000	0.000000	True	1920875	328612
Aerospace_Journey_of_Flight_Chapter_BCB1637572DA6.ppt	GROUPSCALE	1.000000	1.000000	0.000000	0.000000	True	4559300	1292225
Aerospace_Journey_of_Flight_Chapter_BCB1637572DA6.ppt	GROUPSCALE	1.000000	1.000000	0.000000	0.000000	True	3748087	431800
Aerospace_Journey_of_Flight_Chapter_BCB1637572DA6.ppt	GROUPSCALE	1.000000	1.000000	0.000000	0.000000	True	7761287	1130300
Aerospace_Journey_of_Flight_Chapter_BCB1637572DA6.ppt	GROUPSCALE	1.000000	1.000000	0.000000	0.000000	True	4479925	328612
Aerospace_Journey_of_Flight_Chapter_BCB1637572DA6.ppt	GROUPSCALE	1.000000	1.000000	0.000000	0.000000	True	2560637	828675
Aerospace_Journey_of_Flight_Chapter_BCB1637572DA6.ppt	GROUPSCALE	1.000000	1.000000	0.000000	0.000000	True	2560637	1355725
Aerospace_Journey_of_Flight_Chapter_BCB1637572DA6.ppt	GROUPSCALE	1.000000	1.000000	0.000000	0.000000	True	2319337	1768475
Aerospace_Journey_of_Flight_Chapter_BCB1637572DA6.ppt	GROUPSCALE	1.000000	1.000000	0.000000	0.000000	True	2560637	1149350
Aerospace_Journey_of_Flight_Chapter_BCB1637572DA6.ppt	GROUPSCALE	1.000000	1.000000	0.000000	0.000000	True	2560637	1470025
Aerospace_Journey_of_Flight_Chapter_BCB1637572DA6.ppt	GROUPSCALE	1.000000	1.000000	0.000000	0.000000	True	2560637	1149350
Aerospace_Journey_of_Flight_Chapter_BCB1637572DA6.ppt	GROUPSCALE	1.000000	1.000000	0.000000	0.000000	True	4800600	622300
Aerospace_Journey_of_Flight_Chapter_BCB1637572DA6.ppt	GROUPSCALE	1.000000	1.000000	0.000000	0.000000	True	3748087	431800
Aerospace_Journey_of_Flight_Chapter_BCB1637572DA6.ppt	GROUPSCALE	1.000000	1.000000	0.000000	0.000000	True	7761287	1130300
Aerospace_Journey_of_Flight_Chapter_BCB1637572DA6.ppt	GROUPSCALE	1.000000	1.000000	0.000000	0.000000	True	3359150	355600
Aerospace_Journey_of_Flight_Chapter_BCB1637572DA6.ppt	GROUPSCALE	1.000000	1.000000	0.000000	0.000000	True	4560887	5137150
Aerospace_Journey_of_Flight_Chapter_BCB1637572DA6.ppt	GROUPSCALE	1.000000	1.000000	0.000000	0.000000	True	3748087	431800
Aerospace_Journey_of_Flight_Chapter_BCB1637572DA6.ppt	GROUPSCALE	1.000000	1.000000	0.000000	0.000000	True	7761287	674687
Aerospace_Journey_of_Flight_Chapter_BCB1637572DA6.ppt	GROUPSCALE	1.000000	1.000000	0.000000	0.000000	True	4000500	328612
Aerospace_Journey_of_Flight_Chapter_BCB1637572DA6.ppt	GROUPSCALE	1.000000	1.000000	0.000000	0.000000	True	5280025	3227387
Aerospace_Journey_of_Flight_Chapter_BCB1637572DA6.ppt	GROUPSCALE	1.000000	1.000000	0.000000	0.000000	True	2879725	328612
Aerospace_Journey_of_Flight_Chapter_BCB1637572DA6.ppt	GROUPSCALE	1.000000	1.000000	0.000000	0.000000	True	3600450	1930400
Aerospace_Journey_of_Flight_Chapter_BCB1637572DA6.ppt	GROUPSCALE	1.000000	1.000000	0.000000	0.000000	True	3748087	431800
Aerospace_Journey_of_Flight_Chapter_BCB1637572DA6.ppt	GROUPSCALE	1.000000	1.000000	0.000000	0.000000	True	4240212	355600
Aerospace_Journey_of_Flight_Chapter_BCB1637572DA6.ppt	GROUPSCALE	1.000000	1.000000	0.000000	0.000000	True	7761287	674687
Aerospace_Journey_of_Flight_Chapter_BCB1637572DA6.ppt	GROUPSCALE	1.000000	1.000000	0.000000	0.000000	True	4321175	1289050
Aerospace_Journey_of_Flight_Chapter_BCB1637572DA6.ppt	GROUPSCALE	1.000000	1.000000	0.000000	0.000000	True	4319587	692150
Aerospace_Journey_of_Flight_Chapter_BCB1637572DA6.ppt	GROUPSCALE	1.000000	1.000000	0.000000	0.000000	True	3748087	431800
Aerospace_Journey_of_Flight_Chapter_BCB1637572DA6.ppt	GROUPSCALE	1.000000	1.000000	0.000000	0.000000	True	4241800	355600
Aerospace_Journey_of_Flight_Chapter_BCB1637572DA6.ppt	GROUPSCALE	1.000000	1.000000	0.000000	0.000000	True	7761287	674687
Aerospace_Journey_of_Flight_Chapter_BCB1637572DA6.ppt	GROUPSCALE	1.000000	1.000000	0.000000	0.000000	True	4321175	1885950
Aerospace_Journey_of_Flight_Chapter_BCB1637572DA6.ppt	GROUPSCALE	1.000000	1.000000	0.000000	0.000000	True	4321175	1885950
Aerospace_Journey_of_Flight_Chapter_BCB1637572DA6.ppt	GROUPSCALE	1.000000	1.000000	0.000000	0.000000	True	3748087	431800
Aerospace_Journey_of_Flight_Chapter_BCB1637572DA6.ppt	GROUPSCALE	1.000000	1.000000	0.000000	0.000000	True	6161087	355600
Aerospace_Journey_of_Flight_Chapter_BCB1637572DA6.ppt	GROUPSCALE	1.000000	1.000000	0.000000	0.000000	True	7761287	674687
Aerospace_Journey_of_Flight_Chapter_BCB1637572DA6.ppt	GROUPSCALE	1.000000	1.000000	0.000000	0.000000	True	4321175	1055687
Aerospace_Journey_of_Flight_Chapter_BCB1637572DA6.ppt	GROUPSCALE	1.000000	1.000000	0.000000	0.000000	True	3521075	355600
Aerospace_Journey_of_Flight_Chapter_BCB1637572DA6.ppt	GROUPSCALE	1.000000	1.000000	0.000000	0.000000	True	4321175	1055687
Aerospace_Journey_of_Flight_Chapter_BCB1637572DA6.ppt	GROUPSCALE	1.000000	1.000000	0.000000	0.000000	True	3748087	431800
Aerospace_Journey_of_Flight_Chapter_BCB1637572DA6.ppt	GROUPSCALE	1.000000	1.000000	0.000000	0.000000	True	8080375	612775
Aerospace_Journey_of_Flight_Chapter_BCB1637572DA6.ppt	GROUPSCALE	1.000000	1.000000	0.000000	0.000000	True	9280525	2425700
Aerospace_Journey_of_Flight_Chapter_BCB1637572DA6.ppt	GROUPSCALE	1.000000	1.000000	0.000000	0.000000	True	3748087	431800
Aerospace_Journey_of_Flight_Chapter_BCB1637572DA6.ppt	GROUPSCALE	1.000000	1.000000	0.000000	0.000000	True	3521075	355600
Aerospace_Journey_of_Flight_Chapter_BCB1637572DA6.ppt	GROUPSCALE	1.000000	1.000000	0.000000	0.000000	True	3521075	355600
Aerospace_Journey_of_Flight_Chapter_BCB1637572DA6.ppt	GROUPSCALE	1.000000	1.000000	0.000000	0.000000	True	3519487	355600
Aerospace_Journey_of_Flight_Chapter_BCB1637572DA6.ppt	GROUPSCALE	1.000000	1.000000	0.000000	0.000000	True	3521075	355600
Aerospace_Journey_of_Flight_Chapter_BCB1637572DA6.ppt	GROUPSCALE	1.000000	1.000000	0.000000	0.000000	True	8801100	612775
Aerospace_Journey_of_Flight_Chapter_BCB1637572DA6.ppt	GROUPSCALE	1.000000	1.000000	0.000000	0.000000	True	4319587	2119312
Aerospace_Journey_of_Flight_Chapter_BCB1637572DA6.ppt	GROUPSCALE	1.000000	1.000000	0.000000	0.000000	True	3748087	431800
Aerospace_Journey_of_Flight_Chapter_BCB1637572DA6.ppt	GROUPSCALE	1.000000	1.000000	0.000000	0.000000	True	5921375	447675
Aerospace_Journey_of_Flight_Chapter_BCB1637572DA6.ppt	GROUPSCALE	1.000000	1.000000	0.000000	0.000000	True	7761287	684212
Aerospace_Journey_of_Flight_Chapter_BCB1637572DA6.ppt	GROUPSCALE	1.000000	1.000000	0.000000	0.000000	True	3521075	355600
Aerospace_Journey_of_Flight_Chapter_BCB1637572DA6.ppt	GROUPSCALE	1.000000	1.000000	0.000000	0.000000	True	3521075	355600
Aerospace_Journey_of_Flight_Chapter_BCB1637572DA6.ppt	GROUPSCALE	1.000000	1.000000	0.000000	0.000000	True	3521075	355600
Aerospace_Journey_of_Flight_Chapter_BCB1637572DA6.ppt	GROUPSCALE	1.000000	1.000000	0.000000	0.000000	True	3748087	431800
Aerospace_Journey_of_Flight_Chapter_BCB1637572DA6.ppt	GROUPSCALE	1.000000	1.000000	0.000000	0.000000	True	5921375	438150
Aerospace_Journey_of_Flight_Chapter_BCB1637572DA6.ppt	GROUPSCALE	1.000000	1.000000	0.000000	0.000000	True	7761287	674687
Aerospace_Journey_of_Flight_Chapter_BCB1637572DA6.ppt	GROUPSCALE	1.000000	1.000000	0.000000	0.000000	True	2819400	1020762
Aerospace_Journey_of_Flight_Chapter_BCB1637572DA6.ppt	GROUPSCALE	1.000000	1.000000	0.000000	0.000000	True	3521075	1974850
Aerospace_Journey_of_Flight_Chapter_BCB1637572DA6.ppt	GROUPSCALE	1.000000	1.000000	0.000000	0.000000	True	3748087	431800
Aerospace_Journey_of_Flight_Chapter_BCB1637572DA6.ppt	GROUPSCALE	1.000000	1.000000	0.000000	0.000000	True	5921375	438150
Aerospace_Journey_of_Flight_Chapter_BCB1637572DA6.ppt	GROUPSCALE	1.000000	1.000000	0.000000	0.000000	True	7761287	674687
Aerospace_Journey_of_Flight_Chapter_BCB1637572DA6.ppt	GROUPSCALE	1.000000	1.000000	0.000000	0.000000	True	8839200	760412
Aerospace_Journey_of_Flight_Chapter_BCB1637572DA6.ppt	GROUPSCALE	1.000000	1.000000	0.000000	0.000000	True	3521075	355600
Aerospace_Journey_of_Flight_Chapter_BCB1637572DA6.ppt	GROUPSCALE	1.000000	1.000000	0.000000	0.000000	True	1920875	384175
Aerospace_Journey_of_Flight_Chapter_BCB1637572DA6.ppt	GROUPSCALE	1.000000	1.000000	0.000000	0.000000	True	1920875	384175
Aerospace_Journey_of_Flight_Chapter_BCB1637572DA6.ppt	GROUPSCALE	1.000000	1.000000	0.000000	0.000000	True	1920875	384175
Aerospace_Journey_of_Flight_Chapter_BCB1637572DA6.ppt	GROUPSCALE	1.000000	1.000000	0.000000	0.000000	True	2819400	2551112
Aerospace_Journey_of_Flight_Chapter_BCB1637572DA6.ppt	GROUPSCALE	1.000000	1.000000	0.000000	0.000000	True	2659062	2406650
Aerospace_Journey_of_Flight_Chapter_BCB1637572DA6.ppt	GROUPSCALE	1.000000	1.000000	0.000000	0.000000	True	1919287	1250950
Aerospace_Journey_of_Flight_Chapter_BCB1637572DA6.ppt	GROUPSCALE	1.000000	1.000000	0.000000	0.000000	True	3748087	431800
Aerospace_Journey_of_Flight_Chapter_BCB1637572DA6.ppt	GROUPSCALE	1.000000	1.000000	0.000000	0.000000	True	5921375	328612
Aerospace_Journey_of_Flight_Chapter_BCB1637572DA6.ppt	GROUPSCALE	1.000000	1.000000	0.000000	0.000000	True	7761287	674687
Aerospace_Journey_of_Flight_Chapter_BCB1637572DA6.ppt	GROUPSCALE	1.000000	1.000000	0.000000	0.000000	True	4038600	1905000
Aerospace_Journey_of_Flight_Chapter_BCB1637572DA6.ppt	GROUPSCALE	1.000000	1.000000	0.000000	0.000000	True	5105400	1149350
Aerospace_Journey_of_Flight_Chapter_BCB1637572DA6.ppt	GROUPSCALE	1.000000	1.000000	0.000000	0.000000	True	4038600	301625
FAA_Form_337.ppt	GROUPSCALE	1.000000	1.000000	0.000000	0.000000	True	236537	304800
FAA_Form_337.ppt	GROUPSCALE	1.000000	1.000000	0.000000	0.000000	True	6357937	1006475
FAA_Form_337.ppt	GROUPSCALE	1.000000	1.000000	0.000000	0.000000	True	6705600	1524000
FAA_Form_337.ppt	GROUPSCALE	1.000000	1.000000	0.000000	0.000000	True	6937375	2105025
FAA_Form_337.ppt	GROUPSCALE	1.000000	1.000000	0.000000	0.000000	True	7924800	2133600
FAA_Form_337.ppt	GROUPSCALE	1.000000	1.000000	0.000000	0.000000	True	6477000	2667000
FAA_Form_337.ppt	GROUPSCALE	1.000000	1.000000	0.000000	0.000000	True	395287	1006475
FAA_Form_337.ppt	GROUPSCALE	1.000000	1.000000	0.000000	0.000000	True	260350	457200
FAA_Form_337.ppt	GROUPSCALE	1.000000	1.000000	0.000000	0.000000	True	1905000	457200
FAA_Form_337.ppt	GROUPSCALE	1.000000	1.000000	0.000000	0.000000	True	7848600	1143000
FAA_Form_337.ppt	GROUPSCALE	1.000000	1.000000	0.000000	0.000000	True	8153400	4800600
FAA_Form_337.ppt	GROUPSCALE	1.000000	1.000000	0.000000	0.000000	True	1905000	457200
FAA_Form_337.ppt	GROUPSCALE	1.000000	1.000000	0.000000	0.000000	True	7848600	1143000
FAA_Form_337.ppt	GROUPSCALE	1.000000	1.000000	0.000000	0.000000	True	7848600	4114800
FAA_Form_337.ppt	GROUPSCALE	1.000000	1.000000	0.000000	0.000000	True	1905000	457200
FAA_Form_337.ppt	GROUPSCALE	1.000000	1.000000	0.000000	0.000000	True	7848600	1143000
FAA_Form_337.ppt	GROUPSCALE	1.000000	1.000000	0.000000	0.000000	True	7924800	4572000
FAA_Form_337.ppt	GROUPSCALE	1.000000	1.000000	0.000000	0.000000	True	7772400	1371600
FAA_Form_337.ppt	GROUPSCALE	1.000000	1.000000	0.000000	0.000000	True	9055100	519112
FAA_Form_337.ppt	GROUPSCALE	1.000000	1.000000	0.000000	0.000000	True	9142412	3048000
FAA_Form_337.ppt	GROUPSCALE	1.000000	1.000000	0.000000	0.000000	True	7848600	1143000
FAA_Form_337.ppt	GROUPSCALE	1.000000	1.000000	0.000000	0.000000	True	3340100	1968500
FAA_Form_337.ppt	GROUPSCALE	1.000000	1.000000	0.000000	0.000000	True	3886200	2654300
FAA_Form_337.ppt	GROUPSCALE	1.000000	1.000000	0.000000	0.000000	True	596900	1874837
FAA_Form_337.ppt	GROUPSCALE	1.000000	1.000000	0.000000	0.000000	True	1905000	457200
FAA_Form_337.ppt	GROUPSCALE	1.000000	1.000000	0.000000	0.000000	True	9142412	1524000
FAA_Form_337.ppt	GROUPSCALE	1.000000	1.000000	0.000000	0.000000	True	7848600	4114800
FAA_Form_337.ppt	GROUPSCALE	1.000000	1.000000	0.000000	0.000000	True	3048000	1752600
FAA_Form_337.ppt	GROUPSCALE	1.000000	1.000000	0.000000	0.000000	True	3046412	1371600
FAA_Form_337.ppt	GROUPSCALE	1.000000	1.000000	0.000000	0.000000	True	3124200	3657600
FAA_Form_337.ppt	GROUPSCALE	1.000000	1.000000	0.000000	0.000000	True	311150	641350
FAA_Form_337.ppt	GROUPSCALE	1.000000	1.000000	0.000000	0.000000	True	325437	396875
FAA_Form_337.ppt	GROUPSCALE	1.000000	1.000000	0.000000	0.000000	True	311150	366712
FAA_Form_337.ppt	GROUPSCALE	1.000000	1.000000	0.000000	0.000000	True	819150	274637
FAA_Form_337.ppt	GROUPSCALE	1.000000	1.000000	0.000000	0.000000	True	642937	366712
FAA_Form_337.ppt	GROUPSCALE	1.000000	1.000000	0.000000	0.000000	True	677862	304800
FAA_Form_337.ppt	GROUPSCALE	1.000000	1.000000	0.000000	0.000000	True	642937	244475
FAA_Form_337.ppt	GROUPSCALE	1.000000	1.000000	0.000000	0.000000	True	3117850	304800
FAA_Form_337.ppt	GROUPSCALE	1.000000	1.000000	0.000000	0.000000	True	1555750	365125
FAA_Form_337.ppt	GROUPSCALE	1.000000	1.000000	0.000000	0.000000	True	6732587	793750
FAA_Form_337.ppt	GROUPSCALE	1.000000	1.000000	0.000000	0.000000	True	1571625	639762
FAA_Form_337.ppt	GROUPSCALE	1.000000	1.000000	0.000000	0.000000	True	1592262	396875
FAA_Form_337.ppt	GROUPSCALE	1.000000	1.000000	0.000000	0.000000	True	368300	396875
FAA_Form_337.ppt	GROUPSCALE	1.000000	1.000000	0.000000	0.000000	True	876300	396875
FAA_Form_337.ppt	GROUPSCALE	1.000000	1.000000	0.000000	0.000000	True	1014412	457200
FAA_Form_337.ppt	GROUPSCALE	1.000000	1.000000	0.000000	0.000000	True	819150	396875
FAA_Form_337.ppt	GROUPSCALE	1.000000	1.000000	0.000000	0.000000	True	5345112	274637
FAA_Form_337.ppt	GROUPSCALE	1.000000	1.000000	0.000000	0.000000	True	6313487	823912
FAA_Form_337.ppt	GROUPSCALE	1.000000	1.000000	0.000000	0.000000	True	312737	2006600
FAA_Form_337.ppt	GROUPSCALE	1.000000	1.000000	0.000000	0.000000	True	1693862	396875
FAA_Form_337.ppt	GROUPSCALE	1.000000	1.000000	0.000000	0.000000	True	896937	244475
FAA_Form_337.ppt	GROUPSCALE	1.000000	1.000000	0.000000	0.000000	True	1468437	304800
FAA_Form_337.ppt	GROUPSCALE	1.000000	1.000000	0.000000	0.000000	True	2314575	396875
FAA_Form_337.ppt	GROUPSCALE	1.000000	1.000000	0.000000	0.000000	True	1581150	2432050
FAA_Form_337.ppt	GROUPSCALE	1.000000	1.000000	0.000000	0.000000	True	6105525	822325
FAA_Form_337.ppt	GROUPSCALE	1.000000	1.000000	0.000000	0.000000	True	2133600	519112
FAA_Form_337.ppt	GROUPSCALE	1.000000	1.000000	0.000000	0.000000	True	3408362	1311275
FAA_Form_337.ppt	GROUPSCALE	1.000000	1.000000	0.000000	0.000000	True	1408112	244475
FAA_Form_337.ppt	GROUPSCALE	1.000000	1.000000	0.000000	0.000000	True	3048000	1676400
FAA_Form_337.ppt	GROUPSCALE	1.000000	1.000000	0.000000	0.000000	True	2317750	1739900
FAA_Form_337.ppt	GROUPSCALE	1.000000	1.000000	0.000000	0.000000	True	3048000	4191000
FAA_Form_337.ppt	GROUPSCALE	1.000000	1.000000	0.000000	0.000000	True	268287	457200
FAA_Form_337.ppt	GROUPSCALE	1.000000	1.000000	0.000000	0.000000	True	311150	366712
FAA_Form_337.ppt	GROUPSCALE	1.000000	1.000000	0.000000	0.000000	True	2189162	396875
FAA_Form_337.ppt	GROUPSCALE	1.000000	1.000000	0.000000	0.000000	True	1905000	457200
FAA_Form_337.ppt	GROUPSCALE	1.000000	1.000000	0.000000	0.000000	True	9067800	1524000
FAA_Form_337.ppt	GROUPSCALE	1.000000	1.000000	0.000000	0.000000	True	8763000	4114800
FAA_Form_337.ppt	GROUPSCALE	1.000000	1.000000	0.000000	0.000000	True	438150	641350
FAA_Form_337.ppt	GROUPSCALE	1.000000	1.000000	0.000000	0.000000	True	1905000	457200
FAA_Form_337.ppt	GROUPSCALE	1.000000	1.000000	0.000000	0.000000	True	9067800	1524000
FAA_Form_337.ppt	GROUPSCALE	1.000000	1.000000	0.000000	0.000000	True	8839200	914400
FAA_Form_337.ppt	GROUPSCALE	1.000000	1.000000	0.000000	0.000000	True	3300412	457200
FAA_Form_337.ppt	GROUPSCALE	1.000000	1.000000	0.000000	0.000000	True	8891587	2770187
FAA_Form_337.ppt	GROUPSCALE	1.000000	1.000000	0.000000	0.000000	True	2724150	457200
FAA_Form_337.ppt	GROUPSCALE	1.000000	1.000000	0.000000	0.000000	True	635000	579437
FAA_Form_337.ppt	GROUPSCALE	1.000000	1.000000	0.000000	0.000000	True	8991600	946150
FAA_Form_337.ppt	GROUPSCALE	1.000000	1.000000	0.000000	0.000000	True	355600	579437
FAA_Form_337.ppt	GROUPSCALE	1.000000	1.000000	0.000000	0.000000	True	3300412	457200
FAA_Form_337.ppt	GROUPSCALE	1.000000	1.000000	0.000000	0.000000	True	8967787	2405062
FAA_Form_337.ppt	GROUPSCALE	1.000000	1.000000	0.000000	0.000000	True	2724150	457200
FAA_Form_337.ppt	GROUPSCALE	1.000000	1.000000	0.000000	0.000000	True	1092200	579437
FAA_Form_337.ppt	GROUPSCALE	1.000000	1.000000	0.000000	0.000000	True	5637212	946150
FAA_Form_337.ppt	GROUPSCALE	1.000000	1.000000	0.000000	0.000000	True	4394200	946150
FAA_Form_337.ppt	GROUPSCALE	1.000000	1.000000	0.000000	0.000000	True	3463925	519112
FAA_Form_337.ppt	GROUPSCALE	1.000000	1.000000	0.000000	0.000000	True	3300412	457200
FAA_Form_337.ppt	GROUPSCALE	1.000000	1.000000	0.000000	0.000000	True	8891587	2770187
FAA_Form_337.ppt	GROUPSCALE	1.000000	1.000000	0.000000	0.000000	True	2724150	457200
FAA_Form_337.ppt	GROUPSCALE	1.000000	1.000000	0.000000	0.000000	True	635000	579437
FAA_Form_337.ppt	GROUPSCALE	1.000000	1.000000	0.000000	0.000000	True	7569200	579437
FAA_Form_337.ppt	GROUPSCALE	1.000000	1.000000	0.000000	0.000000	True	5557837	946150
FAA_Form_337.ppt	GROUPSCALE	1.000000	1.000000	0.000000	0.000000	True	4095750	519112
FAA_Form_337.ppt	GROUPSCALE	1.000000	1.000000	0.000000	0.000000	True	3429000	4875212
FAA_Form_337.ppt	GROUPSCALE	1.000000	1.000000	0.000000	0.000000	True	336550	392112
FAA_Form_337.ppt	GROUPSCALE	1.000000	1.000000	0.000000	0.000000	True	3302000	1554162
FAA_Form_337.ppt	GROUPSCALE	1.000000	1.000000	0.000000	0.000000	True	1905000	457200
FAA_Form_337.ppt	GROUPSCALE	1.000000	1.000000	0.000000	0.000000	True	7848600	1143000
FAA_Form_337.ppt	GROUPSCALE	1.000000	1.000000	0.000000	0.000000	True	7848600	4114800
FAA_Form_337.ppt	GROUPSCALE	1.000000	1.000000	0.000000	0.000000	True	1905000	457200
FAA_Form_337.ppt	GROUPSCALE	1.000000	1.000000	0.000000	0.000000	True	7848600	4114800
FAA_Form_337.ppt	GROUPSCALE	1.000000	1.000000	0.000000	0.000000	True	7848600	1143000
FAA_Form_337.ppt	GROUPSCALE	1.000000	1.000000	0.000000	0.000000	True	477837	579437
FAA_Form_337.ppt	GROUPSCALE	1.000000	1.000000	0.000000	0.000000	True	1905000	457200
FAA_Form_337.ppt	GROUPSCALE	1.000000	1.000000	0.000000	0.000000	True	7848600	1143000
FAA_Form_337.ppt	GROUPSCALE	1.000000	1.000000	0.000000	0.000000	True	7848600	1066800
FAA_Form_337.ppt	GROUPSCALE	1.000000	1.000000	0.000000	0.000000	True	477837	579437
FAA_Form_337.ppt	GROUPSCALE	1.000000	1.000000	0.000000	0.000000	True	1905000	457200
FAA_Form_337.ppt	GROUPSCALE	1.000000	1.000000	0.000000	0.000000	True	7848600	1143000
FAA_Form_337.ppt	GROUPSCALE	1.000000	1.000000	0.000000	0.000000	True	9142412	4038600
FAA_Form_337.ppt	GROUPSCALE	1.000000	1.000000	0.000000	0.000000	True	3048000	1676400
FAA_Form_337.ppt	GROUPSCALE	1.000000	1.000000	0.000000	0.000000	True	3048000	4191000
FAA_Form_337.ppt	GROUPSCALE	1.000000	1.000000	0.000000	0.000000	True	311150	366712
FAA_Form_337.ppt	GROUPSCALE	1.000000	1.000000	0.000000	0.000000	True	2819400	2405062
FAA_Form_337.ppt	GROUPSCALE	1.000000	1.000000	0.000000	0.000000	True	3124200	5103812
FAA_Form_337.ppt	GROUPSCALE	1.000000	1.000000	0.000000	0.000000	True	311150	366712
FAA_Form_337.ppt	GROUPSCALE	1.000000	1.000000	0.000000	0.000000	True	349250	366712
FAA_Form_337.ppt	GROUPSCALE	1.000000	1.000000	0.000000	0.000000	True	2081212	1800225
FAA_Form_337.ppt	GROUPSCALE	1.000000	1.000000	0.000000	0.000000	True	247650	366712
FAA_Form_337.ppt	GROUPSCALE	1.000000	1.000000	0.000000	0.000000	True	2514600	473075
FAA_Form_337.ppt	GROUPSCALE	1.000000	1.000000	0.000000	0.000000	True	1052512	244475
FAA_Form_337.ppt	GROUPSCALE	1.000000	1.000000	0.000000	0.000000	True	1847850	274637
FAA_Form_337.ppt	GROUPSCALE	1.000000	1.000000	0.000000	0.000000	True	2759075	366712
FAA_Form_337.ppt	GROUPSCALE	1.000000	1.000000	0.000000	0.000000	True	3124200	5103812
FAA_Form_337.ppt	GROUPSCALE	1.000000	1.000000	0.000000	0.000000	True	311150	366712
FAA_Form_337.ppt	GROUPSCALE	1.000000	1.000000	0.000000	0.000000	True	293687	274637
FAA_Form_337.ppt	GROUPSCALE	1.000000	1.000000	0.000000	0.000000	True	1809750	1797050
FAA_Form_337.ppt	GROUPSCALE	1.000000	1.000000	0.000000	0.000000	True	1828800	396875
FAA_Form_337.ppt	GROUPSCALE	1.000000	1.000000	0.000000	0.000000	True	1109662	244475
FAA_Form_337.ppt	GROUPSCALE	1.000000	1.000000	0.000000	0.000000	True	3124200	5103812
FAA_Form_337.ppt	GROUPSCALE	1.000000	1.000000	0.000000	0.000000	True	311150	366712
FAA_Form_337.ppt	GROUPSCALE	1.000000	1.000000	0.000000	0.000000	True	349250	366712
FAA_Form_337.ppt	GROUPSCALE	1.000000	1.000000	0.000000	0.000000	True	1809750	1858962
FAA_Form_337.ppt	GROUPSCALE	1.000000	1.000000	0.000000	0.000000	True	1123950	244475
FAA_Form_337.ppt	GROUPSCALE	1.000000	1.000000	0.000000	0.000000	True	1301750	457200
FAA_Form_337.ppt	GROUPSCALE	1.000000	1.000000	0.000000	0.000000	True	3124200	5256212
FAA_Form_337.ppt	GROUPSCALE	1.000000	1.000000	0.000000	0.000000	True	311150	366712
FAA_Form_337.ppt	GROUPSCALE	1.000000	1.000000	0.000000	0.000000	True	1809750	1858962
FAA_Form_337.ppt	GROUPSCALE	1.000000	1.000000	0.000000	0.000000	True	349250	366712
FAA_Form_337.ppt	GROUPSCALE	1.000000	1.000000	0.000000	0.000000	True	4057650	336550
FAA_Form_337.ppt	GROUPSCALE	1.000000	1.000000	0.000000	0.000000	True	735012	396875
FAA_Form_337.ppt	GROUPSCALE	1.000000	1.000000	0.000000	0.000000	True	1109662	244475
FAA_Form_337.ppt	GROUPSCALE	1.000000	1.000000	0.000000	0.000000	True	1905000	457200
FAA_Form_337.ppt	GROUPSCALE	1.000000	1.000000	0.000000	0.000000	True	9067800	1371600
FAA_Form_337.ppt	GROUPSCALE	1.000000	1.000000	0.000000	0.000000	True	7848600	4114800
FAA_Form_337.ppt	GROUPSCALE	1.000000	1.000000	0.000000	0.000000	True	2171700	762000
FAA_Form_337.ppt	GROUPSCALE	1.000000	1.000000	0.000000	0.000000	True	3352800	914400
FAA_Form_337.ppt	GROUPSCALE	1.000000	1.000000	0.000000	0.000000	True	311150	366712
FAA_Form_337.ppt	GROUPSCALE	1.000000	1.000000	0.000000	0.000000	True	1995487	1736725
FAA_Form_337.ppt	GROUPSCALE	1.000000	1.000000	0.000000	0.000000	True	1116012	274637
FAA_Form_337.ppt	GROUPSCALE	1.000000	1.000000	0.000000	0.000000	True	933450	228600
FAA_Form_337.ppt	GROUPSCALE	1.000000	1.000000	0.000000	0.000000	True	2414587	336550
FAA_Form_337.ppt	GROUPSCALE	1.000000	1.000000	0.000000	0.000000	True	2927350	1771650
FAA_Form_337.ppt	GROUPSCALE	1.000000	1.000000	0.000000	0.000000	True	3367087	1917700
FAA_Form_337.ppt	GROUPSCALE	1.000000	1.000000	0.000000	0.000000	True	7848600	1143000
FAA_Form_337.ppt	GROUPSCALE	1.000000	1.000000	0.000000	0.000000	True	5181600	1408112
FAA_Form_337.ppt	GROUPSCALE	1.000000	1.000000	0.000000	0.000000	True	5257800	1382712
FAA_Form_337.ppt	GROUPSCALE	1.000000	1.000000	0.000000	0.000000	True	5194300	2041525
FAA_Form_337.ppt	GROUPSCALE	1.000000	1.000000	0.000000	0.000000	True	438150	457200
FAA_Form_337.ppt	GROUPSCALE	1.000000	1.000000	0.000000	0.000000	True	438150	457200
FAA_Form_337.ppt	GROUPSCALE	1.000000	1.000000	0.000000	0.000000	True	438150	457200
FAA_Form_337.ppt	GROUPSCALE	1.000000	1.000000	0.000000	0.000000	True	3733800	1736725
FAA_Form_337.ppt	GROUPSCALE	1.000000	1.000000	0.000000	0.000000	True	1905000	457200
FAA_Form_337.ppt	GROUPSCALE	1.000000	1.000000	0.000000	0.000000	True	5619750	1189037
FAA_Form_337.ppt	GROUPSCALE	1.000000	1.000000	0.000000	0.000000	True	2192337	1066800
FAA_Form_337.ppt	GROUPSCALE	1.000000	1.000000	0.000000	0.000000	True	1905000	457200
FAA_Form_337.ppt	GROUPSCALE	1.000000	1.000000	0.000000	0.000000	True	8001000	1066800
FAA_Form_337.ppt	GROUPSCALE	1.000000	1.000000	0.000000	0.000000	True	8534400	3429000
FAA_Form_337.ppt	GROUPSCALE	1.000000	1.000000	0.000000	0.000000	True	1905000	457200
FAA_Form_337.ppt	GROUPSCALE	1.000000	1.000000	0.000000	0.000000	True	8991600	4953000
FAA_Form_337.ppt	GROUPSCALE	1.000000	1.000000	0.000000	0.000000	True	1905000	457200
FAA_Form_337.ppt	GROUPSCALE	1.000000	1.000000	0.000000	0.000000	True	7848600	1143000
FAA_Form_337.ppt	GROUPSCALE	1.000000	1.000000	0.000000	0.000000	True	7848600	2819400
FAA_Form_337.ppt	GROUPSCALE	1.000000	1.000000	0.000000	0.000000	True	1905000	457200
FAA_Form_337.ppt	GROUPSCALE	1.000000	1.000000	0.000000	0.000000	True	7848600	2362200
FAA_Form_337.ppt	GROUPSCALE	1.000000	1.000000	0.000000	0.000000	True	9144000	1373187
FAA_Form_337.ppt	GROUPSCALE	1.000000	1.000000	0.000000	0.000000	True	3048000	1905000
FAA_Form_337.ppt	GROUPSCALE	1.000000	1.000000	0.000000	0.000000	True	903287	274637
FAA_Form_337.ppt	GROUPSCALE	1.000000	1.000000	0.000000	0.000000	True	742950	274637
FAA_Form_337.ppt	GROUPSCALE	1.000000	1.000000	0.000000	0.000000	True	438150	274637
FAA_Form_337.ppt	GROUPSCALE	1.000000	1.000000	0.000000	0.000000	True	700087	244475
FAA_Form_337.ppt	GROUPSCALE	1.000000	1.000000	0.000000	0.000000	True	336550	366712
FAA_Form_337.ppt	GROUPSCALE	1.000000	1.000000	0.000000	0.000000	True	1844675	457200
FAA_Form_337.ppt	GROUPSCALE	1.000000	1.000000	0.000000	0.000000	True	285750	274637
FAA_Form_337.ppt	GROUPSCALE	1.000000	1.000000	0.000000	0.000000	True	1235075	396875
FAA_Form_337.ppt	GROUPSCALE	1.000000	1.000000	0.000000	0.000000	True	1116012	274637
FAA_Form_337.ppt	GROUPSCALE	1.000000	1.000000	0.000000	0.000000	True	2692400	366712
FAA_Form_337.ppt	GROUPSCALE	1.000000	1.000000	0.000000	0.000000	True	282575	304800
FAA_Form_337.ppt	GROUPSCALE	1.000000	1.000000	0.000000	0.000000	True	311150	366712
FAA_Form_337.ppt	GROUPSCALE	1.000000	1.000000	0.000000	0.000000	True	925512	244475
FAA_Form_337.ppt	GROUPSCALE	1.000000	1.000000	0.000000	0.000000	True	895350	304800
FAA_Form_337.ppt	GROUPSCALE	1.000000	1.000000	0.000000	0.000000	True	2052637	366712
FAA_Form_337.ppt	GROUPSCALE	1.000000	1.000000	0.000000	0.000000	True	379412	336550
FAA_Form_337.ppt	GROUPSCALE	1.000000	1.000000	0.000000	0.000000	True	268287	457200
FAA_Form_337.ppt	GROUPSCALE	1.000000	1.000000	0.000000	0.000000	True	311150	366712
FAA_Form_337.ppt	GROUPSCALE	1.000000	1.000000	0.000000	0.000000	True	311150	366712
FAA_Form_337.ppt	GROUPSCALE	1.000000	1.000000	0.000000	0.000000	True	3200400	1524000
FAA_Form_337.ppt	GROUPSCALE	1.000000	1.000000	0.000000	0.000000	True	2960687	1917700
FAA_Form_337.ppt	GROUPSCALE	1.000000	1.000000	0.000000	0.000000	True	1905000	457200
FAA_Form_337.ppt	GROUPSCALE	1.000000	1.000000	0.000000	0.000000	True	7772400	1371600
FAA_Form_337.ppt	GROUPSCALE	1.000000	1.000000	0.000000	0.000000	True	7772400	990600
FAA_Form_337.ppt	GROUPSCALE	1.000000	1.000000	0.000000	0.000000	True	7772400	1554162
FAA_Form_337.ppt	GROUPSCALE	1.000000	1.000000	0.000000	0.000000	True	8915400	1860550
FAA_Form_337.ppt	GROUPSCALE	1.000000	1.000000	0.000000	0.000000	True	1905000	457200
FAA_Form_337.ppt	GROUPSCALE	1.000000	1.000000	0.000000	0.000000	True	8991600	1143000
FAA_Form_337.ppt	GROUPSCALE	1.000000	1.000000	0.000000	0.000000	True	9066212	4800600
FAA_Form_337.ppt	GROUPSCALE	1.000000	1.000000	0.000000	0.000000	True	1905000	457200
FAA_Form_337.ppt	GROUPSCALE	1.000000	1.000000	0.000000	0.000000	True	8077200	1524000
FAA_Form_337.ppt	GROUPSCALE	1.000000	1.000000	0.000000	0.000000	True	9066212	4114800
FAA_Form_337.ppt	GROUPSCALE	1.000000	1.000000	0.000000	0.000000	True	1905000	457200
FAA_Form_337.ppt	GROUPSCALE	1.000000	1.000000	0.000000	0.000000	True	9142412	1524000
FAA_Form_337.ppt	GROUPSCALE	1.000000	1.000000	0.000000	0.000000	True	9067800	2971800
FAA_Form_337.ppt	GROUPSCALE	1.000000	1.000000	0.000000	0.000000	True	1905000	457200
FAA_Form_337.ppt	GROUPSCALE	1.000000	1.000000	0.000000	0.000000	True	7448550	1098550
FAA_Form_337.ppt	GROUPSCALE	1.000000	1.000000	0.000000	0.000000	True	1905000	457200
FAA_Form_337.ppt	GROUPSCALE	1.000000	1.000000	0.000000	0.000000	True	7848600	1143000
FAA_Form_337.ppt	GROUPSCALE	1.000000	1.000000	0.000000	0.000000	True	4038600	4724400
FAA_Form_337.ppt	GROUPSCALE	1.000000	1.000000	0.000000	0.000000	True	3848100	4114800
FAA_Form_337.ppt	GROUPSCALE	1.000000	1.000000	0.000000	0.000000	True	1905000	457200
FAA_Form_337.ppt	GROUPSCALE	1.000000	1.000000	0.000000	0.000000	True	7848600	4114800
FAA_Form_337.ppt	GROUPSCALE	1.000000	1.000000	0.000000	0.000000	True	7848600	1143000
FAA_Form_337.ppt	GROUPSCALE	1.000000	1.000000	0.000000	0.000000	True	9066212	1066800
FAA_Form_337.ppt	GROUPSCALE	1.000000	1.000000	0.000000	0.000000	True	9142412	4514850
FAA_Form_337.ppt	GROUPSCALE	1.000000	1.000000	0.000000	0.000000	True	1905000	457200
FAA_Form_337.ppt	GROUPSCALE	1.000000	1.000000	0.000000	0.000000	True	7720012	1006475
FAA_Form_337.ppt	GROUPSCALE	1.000000	1.000000	0.000000	0.000000	True	1905000	457200
FAA_Form_337.ppt	GROUPSCALE	1.000000	1.000000	0.000000	0.000000	True	9067800	1295400
FAA_Form_337.ppt	GROUPSCALE	1.000000	1.000000	0.000000	0.000000	True	7848600	4114800
FAA_Form_337.ppt	GROUPSCALE	1.000000	1.000000	0.000000	0.000000	True	9144000	701675
FAA_Form_337.ppt	GROUPSCALE	1.000000	1.000000	0.000000	0.000000	True	9144000	1311275
FAA_Form_337.ppt	GROUPSCALE	1.000000	1.000000	0.000000	0.000000	True	8001000	2209800
FAA_Form_337.ppt	GROUPSCALE	1.000000	1.000000	0.000000	0.000000	True	8990012	4037012
FAA_Form_337.ppt	GROUPSCALE	1.000000	1.000000	0.000000	0.000000	True	1905000	457200
FAA_Form_337.ppt	GROUPSCALE	1.000000	1.000000	0.000000	0.000000	True	7848600	1143000
FAA_Form_337.ppt	GROUPSCALE	1.000000	1.000000	0.000000	0.000000	True	7848600	4114800
FAA_Form_337.ppt	GROUPSCALE	1.000000	1.000000	0.000000	0.000000	True	1905000	457200
FAA_Form_337.ppt	GROUPSCALE	1.000000	1.000000	0.000000	0.000000	True	7848600	1143000
FAA_Form_337.ppt	GROUPSCALE	1.000000	1.000000	0.000000	0.000000	True	7848600	4114800
FAA_Form_337.ppt	GROUPSCALE	1.000000	1.000000	0.000000	0.000000	True	1905000	457200
FAA_Form_337.ppt	GROUPSCALE	1.000000	1.000000	0.000000	0.000000	True	7848600	1143000
FAA_Form_337.ppt	GROUPSCALE	1.000000	1.000000	0.000000	0.000000	True	7848600	4114800
FAA_Form_337.ppt	GROUPSCALE	1.000000	1.000000	0.000000	0.000000	True	1905000	457200
FAA_Form_337.ppt	GROUPSCALE	1.000000	1.000000	0.000000	0.000000	True	5300662	762000
FAA_Form_337.ppt	GROUPSCALE	1.000000	1.000000	0.000000	0.000000	True	3163887	762000
FAA_Form_337.ppt	GROUPSCALE	1.000000	1.000000	0.000000	0.000000	True	8235950	641350
FAA_Form_337.ppt	GROUPSCALE	1.000000	1.000000	0.000000	0.000000	True	1905000	457200
FAA_Form_337.ppt	GROUPSCALE	1.000000	1.000000	0.000000	0.000000	True	7848600	1143000
FAA_Form_337.ppt	GROUPSCALE	1.000000	1.000000	0.000000	0.000000	True	8534400	5027612
FAA_Form_337.ppt	GROUPSCALE	1.000000	1.000000	0.000000	0.000000	True	1905000	457200
FAA_Form_337.ppt	GROUPSCALE	1.000000	1.000000	0.000000	0.000000	True	7848600	1143000
FAA_Form_337.ppt	GROUPSCALE	1.000000	1.000000	0.000000	0.000000	True	7848600	4114800
FAA_Form_337.ppt	GROUPSCALE	1.000000	1.000000	0.000000	0.000000	True	3708400	579437
FAA_Form_337.ppt	GROUPSCALE	1.000000	1.000000	0.000000	0.000000	True	1905000	457200
FAA_Form_337.ppt	GROUPSCALE	1.000000	1.000000	0.000000	0.000000	True	9066212	1600200
FAA_Form_337.ppt	GROUPSCALE	1.000000	1.000000	0.000000	0.000000	True	8001000	4648200
FAA_Form_337.ppt	GROUPSCALE	1.000000	1.000000	0.000000	0.000000	True	1905000	457200
FAA_Form_337.ppt	GROUPSCALE	1.000000	1.000000	0.000000	0.000000	True	7848600	1143000
FAA_Form_337.ppt	GROUPSCALE	1.000000	1.000000	0.000000	0.000000	True	7848600	4114800
FAA_Form_337.ppt	GROUPSCALE	1.000000	1.000000	0.000000	0.000000	True	1905000	457200
FAA_Form_337.ppt	GROUPSCALE	1.000000	1.000000	0.000000	0.000000	True	7848600	1143000
FAA_Form_337.ppt	GROUPSCALE	1.000000	1.000000	0.000000	0.000000	True	9067800	4267200
FAA_Form_337.ppt	GROUPSCALE	1.000000	1.000000	0.000000	0.000000	True	1905000	457200
FAA_Form_337.ppt	GROUPSCALE	1.000000	1.000000	0.000000	0.000000	True	7848600	1371600
FAA_Form_337.ppt	GROUPSCALE	1.000000	1.000000	0.000000	0.000000	True	9142412	4267200
FAA_Form_337.ppt	GROUPSCALE	1.000000	1.000000	0.000000	0.000000	True	1905000	457200
FAA_Form_337.ppt	GROUPSCALE	1.000000	1.000000	0.000000	0.000000	True	7848600	1143000
FAA_Form_337.ppt	GROUPSCALE	1.000000	1.000000	0.000000	0.000000	True	9142412	4572000
FAA_Form_337.ppt	GROUPSCALE	1.000000	1.000000	0.000000	0.000000	True	234950	214312
FAA_Form_337.ppt	GROUPSCALE	1.000000	1.000000	0.000000	0.000000	True	2652712	274637
FAA_Form_337.ppt	GROUPSCALE	1.000000	1.000000	0.000000	0.000000	True	865187	244475
FAA_Form_337.ppt	GROUPSCALE	1.000000	1.000000	0.000000	0.000000	True	1206500	244475
FAA_Form_337.ppt	GROUPSCALE	1.000000	1.000000	0.000000	0.000000	True	738187	290512
FAA_Form_337.ppt	GROUPSCALE	1.000000	1.000000	0.000000	0.000000	True	1439862	290512
FAA_Form_337.ppt	GROUPSCALE	1.000000	1.000000	0.000000	0.000000	True	692150	260350
FAA_Form_337.ppt	GROUPSCALE	1.000000	1.000000	0.000000	0.000000	True	1014412	260350
FAA_Form_337.ppt	GROUPSCALE	1.000000	1.000000	0.000000	0.000000	True	704850	260350
FAA_Form_337.ppt	GROUPSCALE	1.000000	1.000000	0.000000	0.000000	True	1177925	260350
FAA_Form_337.ppt	GROUPSCALE	1.000000	1.000000	0.000000	0.000000	True	882650	260350
FAA_Form_337.ppt	GROUPSCALE	1.000000	1.000000	0.000000	0.000000	True	855662	260350
FAA_Form_337.ppt	GROUPSCALE	1.000000	1.000000	0.000000	0.000000	True	758825	260350
FAA_Form_337.ppt	GROUPSCALE	1.000000	1.000000	0.000000	0.000000	True	796925	260350
FAA_Form_337.ppt	GROUPSCALE	1.000000	1.000000	0.000000	0.000000	True	490537	244475
FAA_Form_337.ppt	GROUPSCALE	1.000000	1.000000	0.000000	0.000000	True	698500	244475
FAA_Form_337.ppt	GROUPSCALE	1.000000	1.000000	0.000000	0.000000	True	862012	244475
FAA_Form_337.ppt	GROUPSCALE	1.000000	1.000000	0.000000	0.000000	True	247650	244475
FAA_Form_337.ppt	GROUPSCALE	1.000000	1.000000	0.000000	0.000000	True	1289050	290512
FAA_Form_337.ppt	GROUPSCALE	1.000000	1.000000	0.000000	0.000000	True	798512	290512
FAA_Form_337.ppt	GROUPSCALE	1.000000	1.000000	0.000000	0.000000	True	701675	290512
FAA_Form_337.ppt	GROUPSCALE	1.000000	1.000000	0.000000	0.000000	True	1060450	290512
FAA_Form_337.ppt	GROUPSCALE	1.000000	1.000000	0.000000	0.000000	True	1041400	290512
FAA_Form_337.ppt	GROUPSCALE	1.000000	1.000000	0.000000	0.000000	True	1146175	260350
FAA_Form_337.ppt	GROUPSCALE	1.000000	1.000000	0.000000	0.000000	True	1054100	260350
FAA_Form_337.ppt	GROUPSCALE	1.000000	1.000000	0.000000	0.000000	True	1308100	290512
FAA_Form_337.ppt	GROUPSCALE	1.000000	1.000000	0.000000	0.000000	True	1004887	290512
FAA_Form_337.ppt	GROUPSCALE	1.000000	1.000000	0.000000	0.000000	True	985837	290512
FAA_Form_337.ppt	GROUPSCALE	1.000000	1.000000	0.000000	0.000000	True	1041400	290512
FAA_Form_337.ppt	GROUPSCALE	1.000000	1.000000	0.000000	0.000000	True	449262	290512
FAA_Form_337.ppt	GROUPSCALE	1.000000	1.000000	0.000000	0.000000	True	1403350	290512
FAA_Form_337.ppt	GROUPSCALE	1.000000	1.000000	0.000000	0.000000	True	317500	304800
FAA_Form_337.ppt	GROUPSCALE	1.000000	1.000000	0.000000	0.000000	True	490537	260350
FAA_Form_337.ppt	GROUPSCALE	1.000000	1.000000	0.000000	0.000000	True	712787	244475
FAA_Form_337.ppt	GROUPSCALE	1.000000	1.000000	0.000000	0.000000	True	466725	244475
FAA_Form_337.ppt	GROUPSCALE	1.000000	1.000000	0.000000	0.000000	True	749300	244475
FAA_Form_337.ppt	GROUPSCALE	1.000000	1.000000	0.000000	0.000000	True	547687	244475
FAA_Form_337.ppt	GROUPSCALE	1.000000	1.000000	0.000000	0.000000	True	247650	244475
FAA_Form_337.ppt	GROUPSCALE	1.000000	1.000000	0.000000	0.000000	True	484187	244475
FAA_Form_337.ppt	GROUPSCALE	1.000000	1.000000	0.000000	0.000000	True	798512	244475
FAA_Form_337.ppt	GROUPSCALE	1.000000	1.000000	0.000000	0.000000	True	865187	244475
FAA_Form_337.ppt	GROUPSCALE	1.000000	1.000000	0.000000	0.000000	True	241300	244475
FAA_Form_337.ppt	GROUPSCALE	1.000000	1.000000	0.000000	0.000000	True	374650	244475
FAA_Form_337.ppt	GROUPSCALE	1.000000	1.000000	0.000000	0.000000	True	225425	290512
FAA_Form_337.ppt	GROUPSCALE	1.000000	1.000000	0.000000	0.000000	True	374650	244475
FAA_Form_337.ppt	GROUPSCALE	1.000000	1.000000	0.000000	0.000000	True	431800	244475
FAA_Form_337.ppt	GROUPSCALE	1.000000	1.000000	0.000000	0.000000	True	431800	244475
FAA_Form_337.ppt	GROUPSCALE	1.000000	1.000000	0.000000	0.000000	True	423862	244475
FAA_Form_337.ppt	GROUPSCALE	1.000000	1.000000	0.000000	0.000000	True	374650	244475
FAA_Form_337.ppt	GROUPSCALE	1.000000	1.000000	0.000000	0.000000	True	487362	244475
FAA_Form_337.ppt	GROUPSCALE	1.000000	1.000000	0.000000	0.000000	True	847725	244475
FAA_Form_337.ppt	GROUPSCALE	1.000000	1.000000	0.000000	0.000000	True	769937	244475
FAA_Form_337.ppt	GROUPSCALE	1.000000	1.000000	0.000000	0.000000	True	881062	290512
FAA_Form_337.ppt	GROUPSCALE	1.000000	1.000000	0.000000	0.000000	True	358775	260350
FAA_Form_337.ppt	GROUPSCALE	1.000000	1.000000	0.000000	0.000000	True	225425	290512
FAA_Form_337.ppt	GROUPSCALE	1.000000	1.000000	0.000000	0.000000	True	623887	290512
FAA_Form_337.ppt	GROUPSCALE	1.000000	1.000000	0.000000	0.000000	True	358775	260350
FAA_Form_337.ppt	GROUPSCALE	1.000000	1.000000	0.000000	0.000000	True	985837	290512
FAA_Form_337.ppt	GROUPSCALE	1.000000	1.000000	0.000000	0.000000	True	463550	260350
FAA_Form_337.ppt	GROUPSCALE	1.000000	1.000000	0.000000	0.000000	True	1289050	290512
FAA_Form_337.ppt	GROUPSCALE	1.000000	1.000000	0.000000	0.000000	True	463550	260350
FAA_Form_337.ppt	GROUPSCALE	1.000000	1.000000	0.000000	0.000000	True	550862	290512
FAA_Form_337.ppt	GROUPSCALE	1.000000	1.000000	0.000000	0.000000	True	358775	260350
FAA_Form_337.ppt	GROUPSCALE	1.000000	1.000000	0.000000	0.000000	True	285750	260350
FAA_Form_337.ppt	GROUPSCALE	1.000000	1.000000	0.000000	0.000000	True	277812	260350
FAA_Form_337.ppt	GROUPSCALE	1.000000	1.000000	0.000000	0.000000	True	285750	260350
FAA_Form_337.ppt	GROUPSCALE	1.000000	1.000000	0.000000	0.000000	True	285750	260350
FAA_Form_337.ppt	GROUPSCALE	1.000000	1.000000	0.000000	0.000000	True	277812	260350
FAA_Form_337.ppt	GROUPSCALE	1.000000	1.000000	0.000000	0.000000	True	269875	260350
FAA_Form_337.ppt	GROUPSCALE	1.000000	1.000000	0.000000	0.000000	True	292100	260350
FAA_Form_337.ppt	GROUPSCALE	1.000000	1.000000	0.000000	0.000000	True	247650	290512
FAA_Form_337.ppt	GROUPSCALE	1.000000	1.000000	0.000000	0.000000	True	254000	260350
FAA_Form_337.ppt	GROUPSCALE	1.000000	1.000000	0.000000	0.000000	True	292100	260350
FAA_Form_337.ppt	GROUPSCALE	1.000000	1.000000	0.000000	0.000000	True	315912	260350
FAA_Form_337.ppt	GROUPSCALE	1.000000	1.000000	0.000000	0.000000	True	285750	260350
FAA_Form_337.ppt	GROUPSCALE	1.000000	1.000000	0.000000	0.000000	True	292100	260350
FAA_Form_337.ppt	GROUPSCALE	1.000000	1.000000	0.000000	0.000000	True	269875	260350
FAA_Form_337.ppt	GROUPSCALE	1.000000	1.000000	0.000000	0.000000	True	277812	260350
FAA_Form_337.ppt	GROUPSCALE	1.000000	1.000000	0.000000	0.000000	True	292100	260350
FAA_Form_337.ppt	GROUPSCALE	1.000000	1.000000	0.000000	0.000000	True	617537	244475
FAA_Form_337.ppt	GROUPSCALE	1.000000	1.000000	0.000000	0.000000	True	762000	244475
FAA_Form_337.ppt	GROUPSCALE	1.000000	1.000000	0.000000	0.000000	True	671512	244475
FAA_Form_337.ppt	GROUPSCALE	1.000000	1.000000	0.000000	0.000000	True	790575	244475
FAA_Form_337.ppt	GROUPSCALE	1.000000	1.000000	0.000000	0.000000	True	374650	244475
FAA_Form_337.ppt	GROUPSCALE	1.000000	1.000000	0.000000	0.000000	True	431800	244475
FAA_Form_337.ppt	GROUPSCALE	1.000000	1.000000	0.000000	0.000000	True	431800	244475
FAA_Form_337.ppt	GROUPSCALE	1.000000	1.000000	0.000000	0.000000	True	374650	244475
FAA_Form_337.ppt	GROUPSCALE	1.000000	1.000000	0.000000	0.000000	True	292100	260350
FAA_Form_337.ppt	GROUPSCALE	1.000000	1.000000	0.000000	0.000000	True	1905000	457200
FAA_Form_337.ppt	GROUPSCALE	1.000000	1.000000	0.000000	0.000000	True	4832350	914400
FAA_Form_337.ppt	GROUPSCALE	1.000000	1.000000	0.000000	0.000000	True	9029700	3446462
FAA_Form_337.ppt	GROUPSCALE	1.000000	1.000000	0.000000	0.000000	True	6032500	1066800
FAA_Form_337.ppt	GROUPSCALE	1.000000	1.000000	0.000000	0.000000	True	1905000	457200
FAA_Form_337.ppt	GROUPSCALE	1.000000	1.000000	0.000000	0.000000	True	7848600	1143000
FAA_Form_337.ppt	GROUPSCALE	1.000000	1.000000	0.000000	0.000000	True	8915400	4343400
FAA_Form_337.ppt	GROUPSCALE	1.000000	1.000000	0.000000	0.000000	True	1905000	457200
FAA_Form_337.ppt	GROUPSCALE	1.000000	1.000000	0.000000	0.000000	True	3335337	762000
FAA_Form_337.ppt	GROUPSCALE	1.000000	1.000000	0.000000	0.000000	True	9069387	4141787
FAA_Form_337.ppt	GROUPSCALE	1.000000	1.000000	0.000000	0.000000	True	6494462	641350
FAA_Form_337.ppt	GROUPSCALE	1.000000	1.000000	0.000000	0.000000	True	1905000	457200
FAA_Form_337.ppt	GROUPSCALE	1.000000	1.000000	0.000000	0.000000	True	3335337	762000
FAA_Form_337.ppt	GROUPSCALE	1.000000	1.000000	0.000000	0.000000	True	9069387	2386012
FAA_Form_337.ppt	GROUPSCALE	1.000000	1.000000	0.000000	0.000000	True	9117012	1311275
FAA_Form_337.ppt	GROUPSCALE	1.000000	1.000000	0.000000	0.000000	True	1905000	457200
FAA_Form_337.ppt	GROUPSCALE	1.000000	1.000000	0.000000	0.000000	True	7848600	1143000
FAA_Form_337.ppt	GROUPSCALE	1.000000	1.000000	0.000000	0.000000	True	9066212	4114800
FAA_Form_337.ppt	GROUPSCALE	1.000000	1.000000	0.000000	0.000000	True	6705600	1524000
FAA_Form_337.ppt	GROUPSCALE	1.000000	1.000000	0.000000	0.000000	True	6937375	2105025
hofman.ppt	GROUPSCALE	1.000000	1.000000	0.000000	0.000000	True	1905000	457200
hofman.ppt	GROUPSCALE	1.000000	1.000000	0.000000	0.000000	True	9144000	914400
hofman.ppt	GROUPSCALE	1.000000	1.000000	0.000000	0.000000	True	7772400	1143000
hofman.ppt	GROUPSCALE	1.000000	1.000000	0.000000	0.000000	True	6934200	1219200
hofman.ppt	GROUPSCALE	1.000000	1.000000	0.000000	0.000000	True	1905000	457200
hofman.ppt	GROUPSCALE	1.000000	1.000000	0.000000	0.000000	True	5105400	1143000
hofman.ppt	GROUPSCALE	1.000000	1.000000	0.000000	0.000000	True	7772400	3429000
hofman.ppt	GROUPSCALE	1.000000	1.000000	0.000000	0.000000	True	1905000	457200
hofman.ppt	GROUPSCALE	1.000000	1.000000	0.000000	0.000000	True	7772400	4114800
hofman.ppt	GROUPSCALE	1.000000	1.000000	0.000000	0.000000	True	7772400	1143000
hofman.ppt	GROUPSCALE	1.000000	1.000000	0.000000	0.000000	True	1905000	457200
hofman.ppt	GROUPSCALE	1.000000	1.000000	0.000000	0.000000	True	7772400	4114800
hofman.ppt	GROUPSCALE	1.000000	1.000000	0.000000	0.000000	True	7010400	1143000
hofman.ppt	GROUPSCALE	1.000000	1.000000	0.000000	0.000000	True	1905000	457200
hofman.ppt	GROUPSCALE	1.000000	1.000000	0.000000	0.000000	True	7772400	1143000
hofman.ppt	GROUPSCALE	1.000000	1.000000	0.000000	0.000000	True	7772400	4114800
hofman.ppt	GROUPSCALE	1.000000	1.000000	0.000000	0.000000	True	1905000	457200
hofman.ppt	GROUPSCALE	1.000000	1.000000	0.000000	0.000000	True	7772400	4114800
hofman.ppt	GROUPSCALE	1.000000	1.000000	0.000000	0.000000	True	7772400	1143000
hofman.ppt	GROUPSCALE	1.000000	1.000000	0.000000	0.000000	True	1905000	457200
hofman.ppt	GROUPSCALE	1.000000	1.000000	0.000000	0.000000	True	7772400	1143000
hofman.ppt	GROUPSCALE	1.000000	1.000000	0.000000	0.000000	True	7772400	4114800
hofman.ppt	GROUPSCALE	1.000000	1.000000	0.000000	0.000000	True	1905000	457200
hofman.ppt	GROUPSCALE	1.000000	1.000000	0.000000	0.000000	True	5715000	838200
hofman.ppt	GROUPSCALE	1.000000	1.000000	0.000000	0.000000	True	1939735	1306627
hofman.ppt	GROUPSCALE	1.000000	1.000000	0.000000	0.000000	True	1993617	695970
hofman.ppt	GROUPSCALE	1.000000	1.000000	0.000000	0.000000	True	1939735	695970
hofman.ppt	GROUPSCALE	1.000000	1.000000	0.000000	0.000000	True	2316906	1185394
hofman.ppt	GROUPSCALE	1.000000	1.000000	0.000000	0.000000	True	2424669	635353
hofman.ppt	GROUPSCALE	1.000000	0.749398	0.000000	0.000000	True	1736725	565150
hofman.ppt	GROUPSCALE	1.000000	0.749398	0.000000	0.000000	True	1620837	565150
hofman.ppt	GROUPSCALE	1.000000	0.749398	0.000000	0.000000	True	1544637	565150
hofman.ppt	GROUPSCALE	1.000000	0.749398	0.000000	0.000000	True	1736725	563562
hofman.ppt	GROUPSCALE	1.000000	0.749398	0.000000	0.000000	True	1620837	563562
hofman.ppt	GROUPSCALE	1.000000	0.749398	0.000000	0.000000	True	1544637	563562
hofman.ppt	GROUPSCALE	1.000000	0.749398	0.000000	0.000000	True	1736725	565150
hofman.ppt	GROUPSCALE	1.000000	0.749398	0.000000	0.000000	True	1620837	565150
hofman.ppt	GROUPSCALE	1.000000	0.749398	0.000000	0.000000	True	1544637	565150
hofman.ppt	GROUPSCALE	1.000000	0.749398	0.000000	0.000000	True	1736725	565150
hofman.ppt	GROUPSCALE	1.000000	0.749398	0.000000	0.000000	True	1620837	565150
hofman.ppt	GROUPSCALE	1.000000	0.749398	0.000000	0.000000	True	1544637	565150
hofman.ppt	GROUPSCALE	1.000000	0.749398	0.000000	0.000000	True	1736725	565150
hofman.ppt	GROUPSCALE	1.000000	0.749398	0.000000	0.000000	True	1620837	565150
hofman.ppt	GROUPSCALE	1.000000	0.749398	0.000000	0.000000	True	1544637	565150
hofman.ppt	GROUPSCALE	1.000000	0.749398	0.000000	0.000000	True	1736725	563562
hofman.ppt	GROUPSCALE	1.000000	0.749398	0.000000	0.000000	True	1620837	563562
hofman.ppt	GROUPSCALE	1.000000	0.749398	0.000000	0.000000	True	1544637	563562
hofman.ppt	GROUPSCALE	1.000000	0.749398	0.000000	0.000000	True	1736725	565150
hofman.ppt	GROUPSCALE	1.000000	0.749398	0.000000	0.000000	True	1620837	565150
hofman.ppt	GROUPSCALE	1.000000	0.749398	0.000000	0.000000	True	1544637	565150
hofman.ppt	GROUPSCALE	0.006420	0.006420	-0.999979	0.999979	False	793750	1905000
hofman.ppt	GROUPSCALE	1.000000	1.000000	0.000000	0.000000	True	1905000	457200
hofman.ppt	GROUPSCALE	1.000000	1.000000	0.000000	0.000000	True	7772400	1143000
hofman.ppt	GROUPSCALE	1.000000	1.000000	0.000000	0.000000	True	7772400	4114800
hofman.ppt	GROUPSCALE	1.000000	1.000000	0.000000	0.000000	True	1905000	457200
hofman.ppt	GROUPSCALE	1.000000	1.000000	0.000000	0.000000	True	6858000	1143000
hofman.ppt	GROUPSCALE	1.000000	1.000000	0.000000	0.000000	True	7772400	4114800
hofman.ppt	GROUPSCALE	1.000000	1.000000	0.000000	0.000000	True	1905000	457200
hofman.ppt	GROUPSCALE	1.116279	1.031465	0.000000	0.000000	True	3149600	427037
hofman.ppt	GROUPSCALE	1.116279	1.031465	0.000000	0.000000	True	3149600	700087
hofman.ppt	GROUPSCALE	1.116279	1.031465	0.000000	0.000000	True	3149600	736600
hofman.ppt	GROUPSCALE	1.116279	1.031465	0.000000	0.000000	True	3149600	493712
hofman.ppt	GROUPSCALE	1.116279	1.031465	0.000000	0.000000	True	3149600	700087
hofman.ppt	GROUPSCALE	1.116279	1.031465	0.000000	0.000000	True	3149600	506412
hofman.ppt	GROUPSCALE	1.116279	1.031465	0.000000	0.000000	True	3149600	427037
hofman.ppt	GROUPSCALE	1.116279	1.031465	0.000000	0.000000	True	749300	427037
hofman.ppt	GROUPSCALE	1.116279	1.031465	0.000000	0.000000	True	1355725	427037
hofman.ppt	GROUPSCALE	1.116279	1.031465	0.000000	0.000000	True	1639887	427037
hofman.ppt	GROUPSCALE	1.116279	1.031465	0.000000	0.000000	True	749300	427037
hofman.ppt	GROUPSCALE	1.116279	1.031465	0.000000	0.000000	True	1355725	427037
hofman.ppt	GROUPSCALE	1.116279	1.031465	0.000000	0.000000	True	1639887	427037
hofman.ppt	GROUPSCALE	1.116279	1.031465	0.000000	0.000000	True	749300	425450
hofman.ppt	GROUPSCALE	1.116279	1.031465	0.000000	0.000000	True	1355725	425450
hofman.ppt	GROUPSCALE	1.116279	1.031465	0.000000	0.000000	True	1639887	425450
hofman.ppt	GROUPSCALE	1.116279	1.031465	0.000000	0.000000	True	749300	700087
hofman.ppt	GROUPSCALE	1.116279	1.031465	0.000000	0.000000	True	1355725	700087
hofman.ppt	GROUPSCALE	1.116279	1.031465	0.000000	0.000000	True	1639887	700087
hofman.ppt	GROUPSCALE	1.116279	1.031465	0.000000	0.000000	True	749300	736600
hofman.ppt	GROUPSCALE	1.116279	1.031465	0.000000	0.000000	True	1355725	736600
hofman.ppt	GROUPSCALE	1.116279	1.031465	0.000000	0.000000	True	1639887	736600
hofman.ppt	GROUPSCALE	1.116279	1.031465	0.000000	0.000000	True	749300	493712
hofman.ppt	GROUPSCALE	1.116279	1.031465	0.000000	0.000000	True	1355725	493712
hofman.ppt	GROUPSCALE	1.116279	1.031465	0.000000	0.000000	True	1639887	493712
hofman.ppt	GROUPSCALE	1.116279	1.031465	0.000000	0.000000	True	749300	700087
hofman.ppt	GROUPSCALE	1.116279	1.031465	0.000000	0.000000	True	1355725	700087
hofman.ppt	GROUPSCALE	1.116279	1.031465	0.000000	0.000000	True	1639887	700087
hofman.ppt	GROUPSCALE	1.116279	1.031465	0.000000	0.000000	True	749300	506412
hofman.ppt	GROUPSCALE	1.116279	1.031465	0.000000	0.000000	True	1355725	506412
hofman.ppt	GROUPSCALE	1.116279	1.031465	0.000000	0.000000	True	1639887	506412
hofman.ppt	GROUPSCALE	1.116279	1.031465	0.000000	0.000000	True	749300	427037
hofman.ppt	GROUPSCALE	1.116279	1.031465	0.000000	0.000000	True	1355725	427037
hofman.ppt	GROUPSCALE	1.116279	1.031465	0.000000	0.000000	True	1639887	427037
hofman.ppt	GROUPSCALE	1.000000	1.000000	0.000000	0.000000	True	5029200	762000
hofman.ppt	GROUPSCALE	1.000000	1.000000	0.000000	0.000000	True	1905000	457200
hofman.ppt	GROUPSCALE	1.000000	1.000000	0.000000	0.000000	True	7772400	1143000
hofman.ppt	GROUPSCALE	1.000000	1.000000	0.000000	0.000000	True	7772400	4114800
hofman.ppt	GROUPSCALE	1.000000	1.000000	0.000000	0.000000	True	1905000	457200
hofman.ppt	GROUPSCALE	1.000000	1.000000	0.000000	0.000000	True	7772400	1143000
hofman.ppt	GROUPSCALE	1.000000	1.000000	0.000000	0.000000	True	7772400	4114800
pres_ioc_phuket.ppt	GROUPSCALE	1.000000	1.000000	0.000000	0.000000	True	1752600	457200
pres_ioc_phuket.ppt	GROUPSCALE	1.000000	1.000000	0.000000	0.000000	True	3200400	457200
pres_ioc_phuket.ppt	GROUPSCALE	1.000000	1.000000	0.000000	0.000000	True	7467600	1752600
pres_ioc_phuket.ppt	GROUPSCALE	1.000000	1.000000	0.000000	0.000000	True	6400800	685800
pres_ioc_phuket.ppt	GROUPSCALE	1.000000	1.000000	0.000000	0.000000	True	1828800	457200
pres_ioc_phuket.ppt	GROUPSCALE	1.000000	1.000000	0.000000	0.000000	True	3048000	457200
pres_ioc_phuket.ppt	GROUPSCALE	1.000000	1.000000	0.000000	0.000000	True	7391400	1143000
pres_ioc_phuket.ppt	GROUPSCALE	1.000000	1.000000	0.000000	0.000000	True	7391400	4572000
pres_ioc_phuket.ppt	GROUPSCALE	1.000000	1.000000	0.000000	0.000000	True	1828800	457200
pres_ioc_phuket.ppt	GROUPSCALE	1.000000	1.000000	0.000000	0.000000	True	3048000	457200
pres_ioc_phuket.ppt	GROUPSCALE	1.000000	1.000000	0.000000	0.000000	True	7391400	1143000
pres_ioc_phuket.ppt	GROUPSCALE	1.000000	1.000000	0.000000	0.000000	True	7391400	4572000
pres_ioc_phuket.ppt	GROUPSCALE	1.000000	1.000000	0.000000	0.000000	True	1828800	457200
pres_ioc_phuket.ppt	GROUPSCALE	1.000000	1.000000	0.000000	0.000000	True	3048000	457200
pres_ioc_phuket.ppt	GROUPSCALE	1.000000	1.000000	0.000000	0.000000	True	7848600	1143000
pres_ioc_phuket.ppt	GROUPSCALE	1.000000	1.000000	0.000000	0.000000	True	7391400	4572000
pres_ioc_phuket.ppt	GROUPSCALE	1.000000	1.000000	0.000000	0.000000	True	1828800	457200
pres_ioc_phuket.ppt	GROUPSCALE	1.000000	1.000000	0.000000	0.000000	True	3048000	457200
pres_ioc_phuket.ppt	GROUPSCALE	1.000000	1.000000	0.000000	0.000000	True	7391400	1143000
pres_ioc_phuket.ppt	GROUPSCALE	1.000000	1.000000	0.000000	0.000000	True	969868	862105
pres_ioc_phuket.ppt	GROUPSCALE	1.000000	1.000000	0.000000	0.000000	True	969868	862105
pres_ioc_phuket.ppt	GROUPSCALE	1.000000	1.000000	0.000000	0.000000	True	969868	862105
pres_ioc_phuket.ppt	GROUPSCALE	1.000000	1.000000	0.000000	0.000000	True	969868	862105
pres_ioc_phuket.ppt	GROUPSCALE	1.000000	1.000000	0.000000	0.000000	True	969868	862105
pres_ioc_phuket.ppt	GROUPSCALE	1.000000	1.000000	0.000000	0.000000	True	969868	862105
pres_ioc_phuket.ppt	GROUPSCALE	1.000000	1.000000	0.000000	0.000000	True	969868	862105
pres_ioc_phuket.ppt	GROUPSCALE	1.000000	1.000000	0.000000	0.000000	True	1447800	990600
pres_ioc_phuket.ppt	GROUPSCALE	1.000000	1.000000	0.000000	0.000000	True	1447800	990600
pres_ioc_phuket.ppt	GROUPSCALE	1.000000	1.000000	0.000000	0.000000	True	1447800	990600
pres_ioc_phuket.ppt	GROUPSCALE	1.000000	1.000000	0.000000	0.000000	True	1447800	990600
pres_ioc_phuket.ppt	GROUPSCALE	1.000000	1.000000	0.000000	0.000000	True	1945807	1031407
pres_ioc_phuket.ppt	GROUPSCALE	1.000000	1.000000	0.000000	0.000000	True	6413500	457200
pres_ioc_phuket.ppt	GROUPSCALE	1.000000	1.000000	0.000000	0.000000	True	1828800	457200
pres_ioc_phuket.ppt	GROUPSCALE	1.000000	1.000000	0.000000	0.000000	True	3048000	457200
pres_ioc_phuket.ppt	GROUPSCALE	1.000000	1.000000	0.000000	0.000000	True	7391400	1143000
pres_ioc_phuket.ppt	GROUPSCALE	1.000000	1.000000	0.000000	0.000000	True	6172200	4267200
pres_ioc_phuket.ppt	GROUPSCALE	1.000000	1.000000	0.000000	0.000000	True	2590800	879475
pres_ioc_phuket.ppt	GROUPSCALE	1.000000	1.000000	0.000000	0.000000	True	2146300	519112
pres_ioc_phuket.ppt	GROUPSCALE	1.000000	1.000000	0.000000	0.000000	True	2895600	1828800
pres_ioc_phuket.ppt	GROUPSCALE	1.000000	1.000000	0.000000	0.000000	True	2462212	879475
pres_ioc_phuket.ppt	GROUPSCALE	1.000000	1.000000	0.000000	0.000000	True	2852737	758825
pres_ioc_phuket.ppt	GROUPSCALE	1.000000	1.000000	0.000000	0.000000	True	1447800	762000
pres_ioc_phuket.ppt	GROUPSCALE	1.000000	1.000000	0.000000	0.000000	True	1447800	762000
pres_ioc_phuket.ppt	GROUPSCALE	1.000000	1.000000	0.000000	0.000000	True	2732087	531812
pres_ioc_phuket.ppt	GROUPSCALE	1.000000	1.000000	0.000000	0.000000	True	1447800	762000
pres_ioc_phuket.ppt	GROUPSCALE	1.000000	1.000000	0.000000	0.000000	True	4879975	946150
pres_ioc_phuket.ppt	GROUPSCALE	1.000000	1.000000	0.000000	0.000000	True	1981200	990600
pres_ioc_phuket.ppt	GROUPSCALE	1.000000	1.000000	0.000000	0.000000	True	2127250	1006475
pres_ioc_phuket.ppt	GROUPSCALE	1.000000	1.000000	0.000000	0.000000	True	1828800	457200
pres_ioc_phuket.ppt	GROUPSCALE	1.000000	1.000000	0.000000	0.000000	True	3048000	457200
pres_ioc_phuket.ppt	GROUPSCALE	1.000000	1.000000	0.000000	0.000000	True	7391400	1143000
pres_ioc_phuket.ppt	GROUPSCALE	1.000000	1.000000	0.000000	0.000000	True	7391400	4572000
pres_ioc_phuket.ppt	GROUPSCALE	1.000000	1.000000	0.000000	0.000000	True	1828800	457200
pres_ioc_phuket.ppt	GROUPSCALE	1.000000	1.000000	0.000000	0.000000	True	3048000	457200
pres_ioc_phuket.ppt	GROUPSCALE	1.000000	1.000000	0.000000	0.000000	True	7391400	1143000
pres_ioc_phuket.ppt	GROUPSCALE	1.000000	1.000000	0.000000	0.000000	True	1828800	457200
pres_ioc_phuket.ppt	GROUPSCALE	1.000000	1.000000	0.000000	0.000000	True	3048000	457200
pres_ioc_phuket.ppt	GROUPSCALE	1.000000	1.000000	0.000000	0.000000	True	7391400	1143000
pres_ioc_phuket.ppt	GROUPSCALE	1.000000	1.000000	0.000000	0.000000	True	5715000	3429000
pres_ioc_phuket.ppt	GROUPSCALE	1.000000	1.000000	0.000000	0.000000	True	1828800	457200
pres_ioc_phuket.ppt	GROUPSCALE	1.000000	1.000000	0.000000	0.000000	True	3048000	457200
pres_ioc_phuket.ppt	GROUPSCALE	1.000000	1.000000	0.000000	0.000000	True	7391400	1143000
pres_ioc_phuket.ppt	GROUPSCALE	1.000000	1.000000	0.000000	0.000000	True	7391400	4572000
pres_ioc_phuket.ppt	GROUPSCALE	1.000000	1.000000	0.000000	0.000000	True	1828800	457200
pres_ioc_phuket.ppt	GROUPSCALE	1.000000	1.000000	0.000000	0.000000	True	3048000	457200
pres_ioc_phuket.ppt	GROUPSCALE	1.000000	1.000000	0.000000	0.000000	True	7620000	1143000
pres_ioc_phuket.ppt	GROUPSCALE	1.000000	1.000000	0.000000	0.000000	True	7696200	5334000
pres_ioc_phuket.ppt	GROUPSCALE	1.000000	1.000000	0.000000	0.000000	True	1828800	457200
pres_ioc_phuket.ppt	GROUPSCALE	1.000000	1.000000	0.000000	0.000000	True	3048000	457200
pres_ioc_phuket.ppt	GROUPSCALE	1.000000	1.000000	0.000000	0.000000	True	7391400	1143000
pres_ioc_phuket.ppt	GROUPSCALE	1.000000	1.000000	0.000000	0.000000	True	7391400	4572000
pres_ioc_phuket.ppt	GROUPSCALE	1.000000	1.000000	0.000000	0.000000	True	1828800	457200
pres_ioc_phuket.ppt	GROUPSCALE	1.000000	1.000000	0.000000	0.000000	True	3048000	457200
pres_ioc_phuket.ppt	GROUPSCALE	1.000000	1.000000	0.000000	0.000000	True	7391400	1143000
pres_ioc_phuket.ppt	GROUPSCALE	1.000000	1.000000	0.000000	0.000000	True	7391400	4572000
pres_ioc_phuket.ppt	GROUPSCALE	1.000000	1.000000	0.000000	0.000000	True	1828800	457200
pres_ioc_phuket.ppt	GROUPSCALE	1.000000	1.000000	0.000000	0.000000	True	3048000	457200
pres_ioc_phuket.ppt	GROUPSCALE	1.000000	1.000000	0.000000	0.000000	True	7391400	1143000
pres_ioc_phuket.ppt	GROUPSCALE	1.000000	1.000000	0.000000	0.000000	True	7391400	4572000
pres_ioc_phuket.ppt	GROUPSCALE	1.000000	1.000000	0.000000	0.000000	True	1828800	457200
pres_ioc_phuket.ppt	GROUPSCALE	1.000000	1.000000	0.000000	0.000000	True	3048000	457200
pres_ioc_phuket.ppt	GROUPSCALE	1.000000	1.000000	0.000000	0.000000	True	7391400	1143000
pres_ioc_phuket.ppt	GROUPSCALE	1.000000	1.000000	0.000000	0.000000	True	7391400	4572000
pres_ioc_phuket.ppt	GROUPSCALE	1.000000	1.000000	0.000000	0.000000	True	1828800	457200
pres_ioc_phuket.ppt	GROUPSCALE	1.000000	1.000000	0.000000	0.000000	True	3048000	457200
pres_ioc_phuket.ppt	GROUPSCALE	1.000000	1.000000	0.000000	0.000000	True	7391400	1143000
pres_ioc_phuket.ppt	GROUPSCALE	1.000000	1.000000	0.000000	0.000000	True	8077200	5562600
pres_ioc_phuket.ppt	GROUPSCALE	1.000000	1.000000	0.000000	0.000000	True	1828800	457200
pres_ioc_phuket.ppt	GROUPSCALE	1.000000	1.000000	0.000000	0.000000	True	3048000	457200
pres_ioc_phuket.ppt	GROUPSCALE	1.000000	1.000000	0.000000	0.000000	True	8229600	1143000
pres_ioc_phuket.ppt	GROUPSCALE	1.000000	1.000000	0.000000	0.000000	True	7620000	4267200
pres_ioc_phuket.ppt	GROUPSCALE	1.000000	1.000000	0.000000	0.000000	True	1828800	457200
pres_ioc_phuket.ppt	GROUPSCALE	1.000000	1.000000	0.000000	0.000000	True	3048000	457200
pres_ioc_phuket.ppt	GROUPSCALE	1.000000	1.000000	0.000000	0.000000	True	7391400	1143000
pres_ioc_phuket.ppt	GROUPSCALE	1.000000	1.000000	0.000000	0.000000	True	7391400	5029200
pres_ioc_phuket.ppt	GROUPSCALE	1.000000	1.000000	0.000000	0.000000	True	1828800	457200
pres_ioc_phuket.ppt	GROUPSCALE	1.000000	1.000000	0.000000	0.000000	True	3048000	457200
pres_ioc_phuket.ppt	GROUPSCALE	1.000000	1.000000	0.000000	0.000000	True	7391400	1143000
pres_ioc_phuket.ppt	GROUPSCALE	1.000000	1.000000	0.000000	0.000000	True	7239000	3352800
pres_ioc_phuket.ppt	GROUPSCALE	1.000000	1.000000	0.000000	0.000000	True	1828800	457200
pres_ioc_phuket.ppt	GROUPSCALE	1.000000	1.000000	0.000000	0.000000	True	3048000	457200
pres_ioc_phuket.ppt	GROUPSCALE	1.000000	1.000000	0.000000	0.000000	True	7391400	1143000
pres_ioc_phuket.ppt	GROUPSCALE	1.000000	1.000000	0.000000	0.000000	True	7391400	4572000
pres_ioc_phuket.ppt	GROUPSCALE	1.000000	1.000000	0.000000	0.000000	True	1828800	457200
pres_ioc_phuket.ppt	GROUPSCALE	1.000000	1.000000	0.000000	0.000000	True	3048000	457200
pres_ioc_phuket.ppt	GROUPSCALE	1.000000	1.000000	0.000000	0.000000	True	7620000	1143000
pres_ioc_phuket.ppt	GROUPSCALE	1.000000	1.000000	0.000000	0.000000	True	7391400	4572000
pres_ioc_phuket.ppt	GROUPSCALE	1.000000	1.000000	0.000000	0.000000	True	1828800	457200
pres_ioc_phuket.ppt	GROUPSCALE	1.000000	1.000000	0.000000	0.000000	True	3048000	457200
pres_ioc_phuket.ppt	GROUPSCALE	1.000000	1.000000	0.000000	0.000000	True	8382000	1143000
pres_ioc_phuket.ppt	GROUPSCALE	1.000000	1.000000	0.000000	0.000000	True	7696200	5334000
pres_ioc_phuket.ppt	GROUPSCALE	1.000000	1.000000	0.000000	0.000000	True	1828800	457200
pres_ioc_phuket.ppt	GROUPSCALE	1.000000	1.000000	0.000000	0.000000	True	3048000	457200
pres_ioc_phuket.ppt	GROUPSCALE	1.000000	1.000000	0.000000	0.000000	True	7391400	1143000
pres_ioc_phuket.ppt	GROUPSCALE	1.000000	1.000000	0.000000	0.000000	True	1016000	762000
pres_ioc_phuket.ppt	GROUPSCALE	1.000000	1.000000	0.000000	0.000000	True	1016000	762000
pres_ioc_phuket.ppt	GROUPSCALE	1.000000	1.000000	0.000000	0.000000	True	1016000	762000
pres_ioc_phuket.ppt	GROUPSCALE	1.000000	1.000000	0.000000	0.000000	True	1016000	762000
pres_ioc_phuket.ppt	GROUPSCALE	1.000000	1.000000	0.000000	0.000000	True	1016000	762000
pres_ioc_phuket.ppt	GROUPSCALE	1.000000	1.000000	0.000000	0.000000	True	1016000	762000
pres_ioc_phuket.ppt	GROUPSCALE	1.000000	1.000000	0.000000	0.000000	True	1301750	762000
pres_ioc_phuket.ppt	GROUPSCALE	0.602527	0.602527	-0.798098	0.798098	False	3567112	822325
pres_ioc_phuket.ppt	GROUPSCALE	0.602527	0.602527	-0.798098	0.798098	False	2728912	822325
pres_ioc_phuket.ppt	GROUPSCALE	0.602527	0.602527	-0.798098	0.798098	False	2095500	396875
pres_ioc_phuket.ppt	GROUPSCALE	0.602527	0.602527	-0.798098	0.798098	False	2833687	822325
pres_ioc_phuket.ppt	GROUPSCALE	1.000000	1.000000	0.000000	0.000000	True	2459037	457200
pres_ioc_phuket.ppt	GROUPSCALE	1.000000	1.000000	0.000000	0.000000	True	2276475	466725
pres_ioc_phuket.ppt	GROUPSCALE	1.000000	1.000000	0.000000	0.000000	True	1828800	457200
pres_ioc_phuket.ppt	GROUPSCALE	1.000000	1.000000	0.000000	0.000000	True	3048000	457200
pres_ioc_phuket.ppt	GROUPSCALE	1.000000	1.000000	0.000000	0.000000	True	7391400	914400
pres_ioc_phuket.ppt	GROUPSCALE	1.000000	1.000000	0.000000	0.000000	True	1016000	762000
pres_ioc_phuket.ppt	GROUPSCALE	1.000000	1.000000	0.000000	0.000000	True	1016000	762000
pres_ioc_phuket.ppt	GROUPSCALE	1.000000	1.000000	0.000000	0.000000	True	1016000	762000
pres_ioc_phuket.ppt	GROUPSCALE	1.000000	1.000000	0.000000	0.000000	True	1016000	762000
pres_ioc_phuket.ppt	GROUPSCALE	1.000000	1.000000	0.000000	0.000000	True	1016000	762000
pres_ioc_phuket.ppt	GROUPSCALE	1.000000	1.000000	0.000000	0.000000	True	1016000	762000
pres_ioc_phuket.ppt	GROUPSCALE	1.000000	1.000000	0.000000	0.000000	True	1016000	762000
pres_ioc_phuket.ppt	GROUPSCALE	1.000000	1.000000	0.000000	0.000000	True	1301750	762000
pres_ioc_phuket.ppt	GROUPSCALE	1.000000	1.000000	0.000000	0.000000	True	6734175	4114800
pres_ioc_phuket.ppt	GROUPSCALE	1.000000	1.000000	0.000000	0.000000	True	1828800	457200
pres_ioc_phuket.ppt	GROUPSCALE	1.000000	1.000000	0.000000	0.000000	True	3048000	457200
pres_ioc_phuket.ppt	GROUPSCALE	1.000000	1.000000	0.000000	0.000000	True	7696200	990600
pres_ioc_phuket.ppt	GROUPSCALE	1.000000	1.000000	0.000000	0.000000	True	7620000	5562600
pres_ioc_phuket.ppt	GROUPSCALE	1.000000	1.000000	0.000000	0.000000	True	1828800	457200
pres_ioc_phuket.ppt	GROUPSCALE	1.000000	1.000000	0.000000	0.000000	True	3048000	457200
pres_ioc_phuket.ppt	GROUPSCALE	1.000000	1.000000	0.000000	0.000000	True	9372600	823912
pres_ioc_phuket.ppt	GROUPSCALE	1.000000	1.000000	0.000000	0.000000	True	9296400	1495425
pres_ioc_phuket.ppt	GROUPSCALE	1.000000	1.000000	0.000000	0.000000	True	7239000	1173162
pres_ioc_phuket.ppt	GROUPSCALE	1.000000	1.000000	0.000000	0.000000	True	2514600	1538287
pres_ioc_phuket.ppt	GROUPSCALE	1.000000	1.000000	0.000000	0.000000	True	1981200	1158875
pres_ioc_phuket.ppt	GROUPSCALE	1.000000	1.000000	0.000000	0.000000	True	2590800	1400175
Architecture.ppt	GROUPSCALE	1.000000	1.000000	0.000000	0.000000	True	5486400	838200
Architecture.ppt	GROUPSCALE	1.000000	1.000000	0.000000	0.000000	True	5106987	1066800
Architecture.ppt	GROUPSCALE	1.000000	1.000000	0.000000	0.000000	True	5486400	838200
Architecture.ppt	GROUPSCALE	1.000000	1.000000	0.000000	0.000000	True	5486400	838200
Architecture.ppt	GROUPSCALE	1.000000	1.000000	0.000000	0.000000	True	3762375	304800
Architecture.ppt	GROUPSCALE	1.000000	1.000000	0.000000	0.000000	True	5791200	1570037
Architecture.ppt	GROUPSCALE	1.000000	1.000000	0.000000	0.000000	True	6705600	609600
Architecture.ppt	GROUPSCALE	1.000000	1.000000	0.000000	0.000000	True	3762375	304800
Architecture.ppt	GROUPSCALE	1.000000	1.000000	0.000000	0.000000	True	6705600	609600
Architecture.ppt	GROUPSCALE	1.000000	1.000000	0.000000	0.000000	True	4770437	609600
Architecture.ppt	GROUPSCALE	1.000000	1.000000	0.000000	0.000000	True	5486400	838200
Architecture.ppt	GROUPSCALE	1.000000	1.000000	0.000000	0.000000	True	5791200	460375
Architecture.ppt	GROUPSCALE	1.000000	1.000000	0.000000	0.000000	True	5715000	2308225
Architecture.ppt	GROUPSCALE	1.000000	1.000000	0.000000	0.000000	True	5486400	838200
Architecture.ppt	GROUPSCALE	1.000000	1.000000	0.000000	0.000000	True	7239000	1384300
Architecture.ppt	GROUPSCALE	1.000000	1.000000	0.000000	0.000000	True	5486400	838200
Architecture.ppt	GROUPSCALE	1.000000	1.000000	0.000000	0.000000	True	4038600	1200150
Architecture.ppt	GROUPSCALE	1.000000	1.000000	0.000000	0.000000	True	5486400	838200
Architecture.ppt	GROUPSCALE	1.000000	1.000000	0.000000	0.000000	True	5486400	838200
Architecture.ppt	GROUPSCALE	1.000000	1.000000	0.000000	0.000000	True	6934200	4324350
Architecture.ppt	GROUPSCALE	1.000000	1.000000	0.000000	0.000000	True	1905000	381000
Architecture.ppt	GROUPSCALE	1.000000	1.000000	0.000000	0.000000	True	1257300	381000
Architecture.ppt	GROUPSCALE	1.000000	1.000000	0.000000	0.000000	True	5486400	838200
Architecture.ppt	GROUPSCALE	1.000000	1.000000	0.000000	0.000000	True	5486400	838200
Architecture.ppt	GROUPSCALE	1.000000	1.000000	0.000000	0.000000	True	2076450	368300
Architecture.ppt	GROUPSCALE	1.000000	1.000000	0.000000	0.000000	True	1462087	381000
Architecture.ppt	GROUPSCALE	1.000000	1.000000	0.000000	0.000000	True	4191000	838200
Architecture.ppt	GROUPSCALE	1.000000	1.000000	0.000000	0.000000	True	6934200	1446212
Architecture.ppt	GROUPSCALE	1.000000	1.000000	0.000000	0.000000	True	6934200	769937
Architecture.ppt	GROUPSCALE	1.000000	1.000000	0.000000	0.000000	True	6858000	1200150
Architecture.ppt	GROUPSCALE	1.000000	1.000000	0.000000	0.000000	True	4191000	838200
Architecture.ppt	GROUPSCALE	1.000000	1.000000	0.000000	0.000000	True	4191000	838200
Architecture.ppt	GROUPSCALE	1.000000	1.000000	0.000000	0.000000	True	6858000	1200150
Architecture.ppt	GROUPSCALE	1.000000	1.000000	0.000000	0.000000	True	7239000	2554287
Architecture.ppt	GROUPSCALE	1.000000	1.000000	0.000000	0.000000	True	4076700	838200
Architecture.ppt	GROUPSCALE	1.000000	1.000000	0.000000	0.000000	True	4076700	838200
Architecture.ppt	GROUPSCALE	1.000000	1.000000	0.000000	0.000000	True	6248400	838200
Architecture.ppt	GROUPSCALE	1.000000	1.000000	0.000000	0.000000	True	6934200	2554287
Architecture.ppt	GROUPSCALE	1.000000	1.000000	0.000000	0.000000	True	6248400	838200
Architecture.ppt	GROUPSCALE	1.000000	1.000000	0.000000	0.000000	True	6248400	838200
Architecture.ppt	GROUPSCALE	1.000000	1.000000	0.000000	0.000000	True	6781800	838200
Architecture.ppt	GROUPSCALE	1.000000	1.000000	0.000000	0.000000	True	6934200	2492375
Architecture.ppt	GROUPSCALE	1.000000	1.000000	0.000000	0.000000	True	4419600	838200
Architecture.ppt	GROUPSCALE	1.000000	1.000000	0.000000	0.000000	True	4419600	838200
Architecture.ppt	GROUPSCALE	1.000000	1.000000	0.000000	0.000000	True	3886200	838200
Architecture.ppt	GROUPSCALE	1.000000	1.000000	0.000000	0.000000	True	2286000	522287
Architecture.ppt	GROUPSCALE	1.000000	1.000000	0.000000	0.000000	True	6248400	838200
Architecture.ppt	GROUPSCALE	1.000000	1.000000	0.000000	0.000000	True	6934200	3138487
Architecture.ppt	GROUPSCALE	1.000000	1.000000	0.000000	0.000000	True	5486400	838200
Architecture.ppt	GROUPSCALE	1.000000	1.000000	0.000000	0.000000	True	6705600	801687
Architecture.ppt	GROUPSCALE	1.000000	1.000000	0.000000	0.000000	True	4114800	838200
Architecture.ppt	GROUPSCALE	1.000000	1.000000	0.000000	0.000000	True	6705600	830262
Architecture.ppt	GROUPSCALE	1.000000	1.000000	0.000000	0.000000	True	5486400	838200
Architecture.ppt	GROUPSCALE	1.000000	1.000000	0.000000	0.000000	True	4191000	838200
Architecture.ppt	GROUPSCALE	1.000000	1.000000	0.000000	0.000000	True	2667000	838200
Architecture.ppt	GROUPSCALE	1.000000	1.000000	0.000000	0.000000	True	6934200	461962
Architecture.ppt	GROUPSCALE	1.000000	1.000000	0.000000	0.000000	True	5715000	369887
