// <auto-generated>
// Unicode properties the line breaker needs, as sorted ranges.
//
//   Line_Break, Extended_Pictographic   from the uniseg package's property tables
//   East_Asian_Width                    from Python's unicodedata
//
// Both derive from the Unicode Character Database. Regenerate rather than edit: this is data,
// and a hand-made correction to one range would be lost the next time it is rebuilt. The
// generator is scripts/generate-line-break-tables.py and it can read the UCD directly when
// unicode.org is reachable.
// </auto-generated>

namespace Paperless.Text.Layout;

public static partial class LineBreakProperties
{
    /// <summary>The first code point of each run, ascending; searched by bisection.</summary>
    private static readonly int[] ClassStarts =
    [
        0x0, 0x9, 0xA, 0xB, 0xD, 0xE, 0x20, 0x21, 0x22, 0x23, 0x24, 0x25,
        0x26, 0x27, 0x28, 0x29, 0x2A, 0x2B, 0x2C, 0x2D, 0x2E, 0x2F, 0x30, 0x3A,
        0x3C, 0x3F, 0x40, 0x5B, 0x5C, 0x5D, 0x5E, 0x7B, 0x7C, 0x7D, 0x7E, 0x7F,
        0x85, 0x86, 0xA0, 0xA1, 0xA2, 0xA3, 0xA6, 0xA7, 0xA9, 0xAA, 0xAB, 0xAC,
        0xAD, 0xAE, 0xB0, 0xB1, 0xB2, 0xB4, 0xB5, 0xB6, 0xBB, 0xBC, 0xBF, 0xC0,
        0xD7, 0xD8, 0xF7, 0xF8, 0x2C7, 0x2C8, 0x2C9, 0x2CC, 0x2CD, 0x2CE, 0x2D0, 0x2D1,
        0x2D8, 0x2DC, 0x2DD, 0x2DE, 0x2DF, 0x2E0, 0x300, 0x34F, 0x350, 0x35C, 0x363, 0x370,
        0x37A, 0x37E, 0x37F, 0x384, 0x38C, 0x38E, 0x3A3, 0x483, 0x48A, 0x531, 0x559, 0x589,
        0x58A, 0x58D, 0x58F, 0x591, 0x5BE, 0x5BF, 0x5C0, 0x5C1, 0x5C3, 0x5C4, 0x5C6, 0x5C7,
        0x5D0, 0x5EF, 0x5F3, 0x600, 0x606, 0x609, 0x60C, 0x60E, 0x610, 0x61B, 0x61C, 0x61D,
        0x620, 0x64B, 0x660, 0x66A, 0x66B, 0x66D, 0x670, 0x671, 0x6D4, 0x6D5, 0x6D6, 0x6DD,
        0x6DE, 0x6DF, 0x6E5, 0x6E7, 0x6E9, 0x6EA, 0x6EE, 0x6F0, 0x6FA, 0x70F, 0x711, 0x712,
        0x730, 0x74D, 0x7A6, 0x7B1, 0x7C0, 0x7CA, 0x7EB, 0x7F4, 0x7F8, 0x7F9, 0x7FA, 0x7FD,
        0x7FE, 0x800, 0x816, 0x81A, 0x81B, 0x824, 0x825, 0x828, 0x829, 0x830, 0x840, 0x859,
        0x85E, 0x860, 0x870, 0x890, 0x897, 0x8A0, 0x8CA, 0x8E2, 0x8E3, 0x904, 0x93A, 0x93D,
        0x93E, 0x950, 0x951, 0x958, 0x962, 0x964, 0x966, 0x970, 0x981, 0x985, 0x98F, 0x993,
        0x9AA, 0x9B2, 0x9B6, 0x9BC, 0x9BD, 0x9BE, 0x9C7, 0x9CB, 0x9CE, 0x9D7, 0x9DC, 0x9DF,
        0x9E2, 0x9E6, 0x9F0, 0x9F2, 0x9F4, 0x9F9, 0x9FA, 0x9FB, 0x9FC, 0x9FE, 0xA01, 0xA05,
        0xA0F, 0xA13, 0xA2A, 0xA32, 0xA35, 0xA38, 0xA3C, 0xA3E, 0xA47, 0xA4B, 0xA51, 0xA59,
        0xA5E, 0xA66, 0xA70, 0xA72, 0xA75, 0xA76, 0xA81, 0xA85, 0xA8F, 0xA93, 0xAAA, 0xAB2,
        0xAB5, 0xABC, 0xABD, 0xABE, 0xAC7, 0xACB, 0xAD0, 0xAE0, 0xAE2, 0xAE6, 0xAF0, 0xAF1,
        0xAF9, 0xAFA, 0xB01, 0xB05, 0xB0F, 0xB13, 0xB2A, 0xB32, 0xB35, 0xB3C, 0xB3D, 0xB3E,
        0xB47, 0xB4B, 0xB55, 0xB5C, 0xB5F, 0xB62, 0xB66, 0xB70, 0xB82, 0xB83, 0xB85, 0xB8E,
        0xB92, 0xB99, 0xB9C, 0xB9E, 0xBA3, 0xBA8, 0xBAE, 0xBBE, 0xBC6, 0xBCA, 0xBD0, 0xBD7,
        0xBE6, 0xBF0, 0xBF9, 0xBFA, 0xC00, 0xC05, 0xC0E, 0xC12, 0xC2A, 0xC3C, 0xC3D, 0xC3E,
        0xC46, 0xC4A, 0xC55, 0xC58, 0xC5D, 0xC60, 0xC62, 0xC66, 0xC77, 0xC78, 0xC81, 0xC84,
        0xC85, 0xC8E, 0xC92, 0xCAA, 0xCB5, 0xCBC, 0xCBD, 0xCBE, 0xCC6, 0xCCA, 0xCD5, 0xCDD,
        0xCE0, 0xCE2, 0xCE6, 0xCF1, 0xCF3, 0xD00, 0xD04, 0xD0E, 0xD12, 0xD3B, 0xD3D, 0xD3E,
        0xD46, 0xD4A, 0xD4E, 0xD54, 0xD57, 0xD58, 0xD62, 0xD66, 0xD70, 0xD79, 0xD7A, 0xD81,
        0xD85, 0xD9A, 0xDB3, 0xDBD, 0xDC0, 0xDCA, 0xDCF, 0xDD6, 0xDD8, 0xDE6, 0xDF2, 0xDF4,
        0xE01, 0xE3F, 0xE40, 0xE4F, 0xE50, 0xE5A, 0xE81, 0xE84, 0xE86, 0xE8C, 0xEA5, 0xEA7,
        0xEC0, 0xEC6, 0xEC8, 0xED0, 0xEDC, 0xF00, 0xF01, 0xF05, 0xF06, 0xF08, 0xF09, 0xF0B,
        0xF0C, 0xF0D, 0xF12, 0xF13, 0xF14, 0xF15, 0xF18, 0xF1A, 0xF20, 0xF2A, 0xF34, 0xF35,
        0xF36, 0xF37, 0xF38, 0xF39, 0xF3A, 0xF3B, 0xF3C, 0xF3D, 0xF3E, 0xF40, 0xF49, 0xF71,
        0xF7F, 0xF80, 0xF85, 0xF86, 0xF88, 0xF8D, 0xF99, 0xFBE, 0xFC0, 0xFC6, 0xFC7, 0xFCE,
        0xFD0, 0xFD2, 0xFD3, 0xFD4, 0xFD9, 0x1000, 0x1040, 0x104A, 0x104C, 0x1050, 0x1090, 0x109A,
        0x10A0, 0x10C7, 0x10CD, 0x10D0, 0x1100, 0x1160, 0x11A8, 0x1200, 0x124A, 0x1250, 0x1258, 0x125A,
        0x1260, 0x128A, 0x1290, 0x12B2, 0x12B8, 0x12C0, 0x12C2, 0x12C8, 0x12D8, 0x1312, 0x1318, 0x135D,
        0x1360, 0x1361, 0x1362, 0x1380, 0x13A0, 0x13F8, 0x1400, 0x1401, 0x1680, 0x1681, 0x169B, 0x169C,
        0x16A0, 0x16EB, 0x16EE, 0x1700, 0x1712, 0x171F, 0x1732, 0x1735, 0x1740, 0x1752, 0x1760, 0x176E,
        0x1772, 0x1780, 0x17D4, 0x17D6, 0x17D7, 0x17D8, 0x17D9, 0x17DA, 0x17DB, 0x17DC, 0x17E0, 0x17F0,
        0x1800, 0x1802, 0x1804, 0x1806, 0x1807, 0x1808, 0x180A, 0x180B, 0x180E, 0x180F, 0x1810, 0x1820,
        0x1880, 0x1885, 0x1887, 0x18A9, 0x18AA, 0x18B0, 0x1900, 0x1920, 0x1930, 0x1940, 0x1944, 0x1946,
        0x1950, 0x1970, 0x1980, 0x19B0, 0x19D0, 0x19DE, 0x19E0, 0x1A17, 0x1A1E, 0x1A20, 0x1A60, 0x1A7F,
        0x1A80, 0x1A90, 0x1AA0, 0x1AB0, 0x1B00, 0x1B05, 0x1B34, 0x1B44, 0x1B45, 0x1B4E, 0x1B50, 0x1B5A,
        0x1B5C, 0x1B5D, 0x1B61, 0x1B6B, 0x1B74, 0x1B7D, 0x1B80, 0x1B83, 0x1BA1, 0x1BAE, 0x1BB0, 0x1BBA,
        0x1BC0, 0x1BE6, 0x1BF2, 0x1BFC, 0x1C24, 0x1C3B, 0x1C40, 0x1C4D, 0x1C50, 0x1C5A, 0x1C7E, 0x1C80,
        0x1C90, 0x1CBD, 0x1CD0, 0x1CD3, 0x1CD4, 0x1CE9, 0x1CED, 0x1CEE, 0x1CF4, 0x1CF5, 0x1CF7, 0x1CFA,
        0x1D00, 0x1DC0, 0x1DCD, 0x1DCE, 0x1DFC, 0x1DFD, 0x1E00, 0x1F18, 0x1F20, 0x1F48, 0x1F50, 0x1F59,
        0x1F5B, 0x1F5D, 0x1F5F, 0x1F80, 0x1FB6, 0x1FC6, 0x1FD6, 0x1FDD, 0x1FF2, 0x1FF6, 0x1FFD, 0x1FFE,
        0x2000, 0x2007, 0x2008, 0x200B, 0x200C, 0x200D, 0x200E, 0x2010, 0x2011, 0x2012, 0x2014, 0x2015,
        0x2017, 0x2018, 0x201A, 0x201B, 0x201E, 0x201F, 0x2020, 0x2022, 0x2024, 0x2027, 0x2028, 0x202A,
        0x202F, 0x2030, 0x2038, 0x2039, 0x203B, 0x203C, 0x203E, 0x2044, 0x2045, 0x2046, 0x2047, 0x204A,
        0x2056, 0x2057, 0x2058, 0x205C, 0x205D, 0x2060, 0x2061, 0x2066, 0x2070, 0x2074, 0x2075, 0x207D,
        0x207E, 0x207F, 0x2080, 0x2081, 0x2085, 0x208D, 0x208E, 0x2090, 0x20A0, 0x20A7, 0x20A8, 0x20B6,
        0x20B7, 0x20BB, 0x20BC, 0x20BE, 0x20BF, 0x20C0, 0x20C1, 0x20D0, 0x2100, 0x2103, 0x2104, 0x2105,
        0x2106, 0x2109, 0x210A, 0x2113, 0x2114, 0x2116, 0x2117, 0x2121, 0x2123, 0x212B, 0x212C, 0x2150,
        0x215F, 0x2160, 0x216C, 0x2170, 0x217A, 0x2189, 0x218A, 0x2190, 0x219A, 0x21D2, 0x21D3, 0x21D4,
        0x21D5, 0x2200, 0x2201, 0x2202, 0x2204, 0x2207, 0x2209, 0x220B, 0x220C, 0x220F, 0x2210, 0x2211,
        0x2212, 0x2214, 0x2215, 0x2216, 0x221A, 0x221B, 0x221D, 0x2221, 0x2223, 0x2224, 0x2225, 0x2226,
        0x2227, 0x222D, 0x222E, 0x222F, 0x2234, 0x2238, 0x223C, 0x223E, 0x2248, 0x2249, 0x224C, 0x224D,
        0x2252, 0x2253, 0x2260, 0x2262, 0x2264, 0x2268, 0x226A, 0x226C, 0x226E, 0x2270, 0x2282, 0x2284,
        0x2286, 0x2288, 0x2295, 0x2296, 0x2299, 0x229A, 0x22A5, 0x22A6, 0x22BF, 0x22C0, 0x22EF, 0x22F0,
        0x2308, 0x2309, 0x230A, 0x230B, 0x230C, 0x2312, 0x2313, 0x231A, 0x231C, 0x2329, 0x232A, 0x232B,
        0x23F0, 0x23F4, 0x2440, 0x2460, 0x24FF, 0x2500, 0x254C, 0x2550, 0x2575, 0x2580, 0x2590, 0x2592,
        0x2596, 0x25A0, 0x25A2, 0x25A3, 0x25AA, 0x25B2, 0x25B4, 0x25B6, 0x25B8, 0x25BC, 0x25BE, 0x25C0,
        0x25C2, 0x25C6, 0x25C9, 0x25CB, 0x25CC, 0x25CE, 0x25D2, 0x25E2, 0x25E6, 0x25EF, 0x25F0, 0x2600,
        0x2604, 0x2605, 0x2607, 0x2609, 0x260A, 0x260E, 0x2610, 0x2614, 0x2616, 0x2618, 0x2619, 0x261A,
        0x261D, 0x261E, 0x2620, 0x2639, 0x263C, 0x2640, 0x2641, 0x2642, 0x2643, 0x2660, 0x2662, 0x2663,
        0x2666, 0x2667, 0x2668, 0x2669, 0x266B, 0x266C, 0x266E, 0x266F, 0x2670, 0x267F, 0x2680, 0x269E,
        0x26A0, 0x26BD, 0x26C9, 0x26CD, 0x26CE, 0x26CF, 0x26D2, 0x26D3, 0x26D5, 0x26D8, 0x26DA, 0x26DC,
        0x26DD, 0x26DF, 0x26E2, 0x26E3, 0x26E4, 0x26E8, 0x26EA, 0x26EB, 0x26F1, 0x26F6, 0x26F7, 0x26F9,
        0x26FA, 0x26FB, 0x26FD, 0x2705, 0x2708, 0x270A, 0x270E, 0x2757, 0x2758, 0x275B, 0x2761, 0x2762,
        0x2764, 0x2765, 0x2768, 0x2769, 0x276A, 0x276B, 0x276C, 0x276D, 0x276E, 0x276F, 0x2770, 0x2771,
        0x2772, 0x2773, 0x2774, 0x2775, 0x2776, 0x2794, 0x27C5, 0x27C6, 0x27C7, 0x27E6, 0x27E7, 0x27E8,
        0x27E9, 0x27EA, 0x27EB, 0x27EC, 0x27ED, 0x27EE, 0x27EF, 0x27F0, 0x2983, 0x2984, 0x2985, 0x2986,
        0x2987, 0x2988, 0x2989, 0x298A, 0x298B, 0x298C, 0x298D, 0x298E, 0x298F, 0x2990, 0x2991, 0x2992,
        0x2993, 0x2994, 0x2995, 0x2996, 0x2997, 0x2998, 0x2999, 0x29D8, 0x29D9, 0x29DA, 0x29DB, 0x29DC,
        0x29FC, 0x29FD, 0x29FE, 0x2B55, 0x2B5A, 0x2B76, 0x2B97, 0x2CEF, 0x2CF2, 0x2CF9, 0x2CFA, 0x2CFD,
        0x2CFE, 0x2CFF, 0x2D00, 0x2D27, 0x2D2D, 0x2D30, 0x2D6F, 0x2D70, 0x2D7F, 0x2D80, 0x2DA0, 0x2DA8,
        0x2DB0, 0x2DB8, 0x2DC0, 0x2DC8, 0x2DD0, 0x2DD8, 0x2DE0, 0x2E00, 0x2E0E, 0x2E16, 0x2E17, 0x2E18,
        0x2E19, 0x2E1A, 0x2E1C, 0x2E1E, 0x2E20, 0x2E22, 0x2E23, 0x2E24, 0x2E25, 0x2E26, 0x2E27, 0x2E28,
        0x2E29, 0x2E2A, 0x2E2E, 0x2E2F, 0x2E30, 0x2E32, 0x2E33, 0x2E35, 0x2E3A, 0x2E3C, 0x2E3F, 0x2E40,
        0x2E42, 0x2E43, 0x2E4B, 0x2E4C, 0x2E4D, 0x2E4E, 0x2E50, 0x2E53, 0x2E55, 0x2E56, 0x2E57, 0x2E58,
        0x2E59, 0x2E5A, 0x2E5B, 0x2E5C, 0x2E5D, 0x2E80, 0x2E9B, 0x2F00, 0x2FF0, 0x3000, 0x3001, 0x3003,
        0x3005, 0x3006, 0x3008, 0x3009, 0x300A, 0x300B, 0x300C, 0x300D, 0x300E, 0x300F, 0x3010, 0x3011,
        0x3012, 0x3014, 0x3015, 0x3016, 0x3017, 0x3018, 0x3019, 0x301A, 0x301B, 0x301C, 0x301D, 0x301E,
        0x3020, 0x302A, 0x3030, 0x3035, 0x3036, 0x303B, 0x303D, 0x3041, 0x3042, 0x3043, 0x3044, 0x3045,
        0x3046, 0x3047, 0x3048, 0x3049, 0x304A, 0x3063, 0x3064, 0x3083, 0x3084, 0x3085, 0x3086, 0x3087,
        0x3088, 0x308E, 0x308F, 0x3095, 0x3099, 0x309B, 0x309F, 0x30A0, 0x30A1, 0x30A2, 0x30A3, 0x30A4,
        0x30A5, 0x30A6, 0x30A7, 0x30A8, 0x30A9, 0x30AA, 0x30C3, 0x30C4, 0x30E3, 0x30E4, 0x30E5, 0x30E6,
        0x30E7, 0x30E8, 0x30EE, 0x30EF, 0x30F5, 0x30F7, 0x30FB, 0x30FC, 0x30FD, 0x30FF, 0x3105, 0x3131,
        0x3190, 0x31EF, 0x31F0, 0x3200, 0x3220, 0x3248, 0x3250, 0x4DC0, 0x4E00, 0xA015, 0xA016, 0xA490,
        0xA4D0, 0xA4FE, 0xA500, 0xA60D, 0xA60E, 0xA60F, 0xA610, 0xA620, 0xA62A, 0xA640, 0xA66F, 0xA673,
        0xA674, 0xA67E, 0xA69E, 0xA6A0, 0xA6F0, 0xA6F2, 0xA6F3, 0xA700, 0xA7D0, 0xA7D3, 0xA7D5, 0xA7F2,
        0xA802, 0xA803, 0xA806, 0xA807, 0xA80B, 0xA80C, 0xA823, 0xA828, 0xA82C, 0xA830, 0xA838, 0xA839,
        0xA840, 0xA874, 0xA876, 0xA880, 0xA882, 0xA8B4, 0xA8CE, 0xA8D0, 0xA8E0, 0xA8F2, 0xA8FC, 0xA8FD,
        0xA8FF, 0xA900, 0xA90A, 0xA926, 0xA92E, 0xA930, 0xA947, 0xA95F, 0xA960, 0xA980, 0xA984, 0xA9B3,
        0xA9C0, 0xA9C1, 0xA9C7, 0xA9CA, 0xA9CF, 0xA9D0, 0xA9DE, 0xA9E0, 0xA9F0, 0xA9FA, 0xAA00, 0xAA29,
        0xAA40, 0xAA43, 0xAA44, 0xAA4C, 0xAA50, 0xAA5C, 0xAA5D, 0xAA60, 0xAADB, 0xAAE0, 0xAAEB, 0xAAF0,
        0xAAF2, 0xAAF5, 0xAB01, 0xAB09, 0xAB11, 0xAB20, 0xAB28, 0xAB30, 0xAB70, 0xABE3, 0xABEB, 0xABEC,
        0xABF0, 0xAC00, 0xAC01, 0xAC1C, 0xAC1D, 0xAC38, 0xAC39, 0xAC54, 0xAC55, 0xAC70, 0xAC71, 0xAC8C,
        0xAC8D, 0xACA8, 0xACA9, 0xACC4, 0xACC5, 0xACE0, 0xACE1, 0xACFC, 0xACFD, 0xAD18, 0xAD19, 0xAD34,
        0xAD35, 0xAD50, 0xAD51, 0xAD6C, 0xAD6D, 0xAD88, 0xAD89, 0xADA4, 0xADA5, 0xADC0, 0xADC1, 0xADDC,
        0xADDD, 0xADF8, 0xADF9, 0xAE14, 0xAE15, 0xAE30, 0xAE31, 0xAE4C, 0xAE4D, 0xAE68, 0xAE69, 0xAE84,
        0xAE85, 0xAEA0, 0xAEA1, 0xAEBC, 0xAEBD, 0xAED8, 0xAED9, 0xAEF4, 0xAEF5, 0xAF10, 0xAF11, 0xAF2C,
        0xAF2D, 0xAF48, 0xAF49, 0xAF64, 0xAF65, 0xAF80, 0xAF81, 0xAF9C, 0xAF9D, 0xAFB8, 0xAFB9, 0xAFD4,
        0xAFD5, 0xAFF0, 0xAFF1, 0xB00C, 0xB00D, 0xB028, 0xB029, 0xB044, 0xB045, 0xB060, 0xB061, 0xB07C,
        0xB07D, 0xB098, 0xB099, 0xB0B4, 0xB0B5, 0xB0D0, 0xB0D1, 0xB0EC, 0xB0ED, 0xB108, 0xB109, 0xB124,
        0xB125, 0xB140, 0xB141, 0xB15C, 0xB15D, 0xB178, 0xB179, 0xB194, 0xB195, 0xB1B0, 0xB1B1, 0xB1CC,
        0xB1CD, 0xB1E8, 0xB1E9, 0xB204, 0xB205, 0xB220, 0xB221, 0xB23C, 0xB23D, 0xB258, 0xB259, 0xB274,
        0xB275, 0xB290, 0xB291, 0xB2AC, 0xB2AD, 0xB2C8, 0xB2C9, 0xB2E4, 0xB2E5, 0xB300, 0xB301, 0xB31C,
        0xB31D, 0xB338, 0xB339, 0xB354, 0xB355, 0xB370, 0xB371, 0xB38C, 0xB38D, 0xB3A8, 0xB3A9, 0xB3C4,
        0xB3C5, 0xB3E0, 0xB3E1, 0xB3FC, 0xB3FD, 0xB418, 0xB419, 0xB434, 0xB435, 0xB450, 0xB451, 0xB46C,
        0xB46D, 0xB488, 0xB489, 0xB4A4, 0xB4A5, 0xB4C0, 0xB4C1, 0xB4DC, 0xB4DD, 0xB4F8, 0xB4F9, 0xB514,
        0xB515, 0xB530, 0xB531, 0xB54C, 0xB54D, 0xB568, 0xB569, 0xB584, 0xB585, 0xB5A0, 0xB5A1, 0xB5BC,
        0xB5BD, 0xB5D8, 0xB5D9, 0xB5F4, 0xB5F5, 0xB610, 0xB611, 0xB62C, 0xB62D, 0xB648, 0xB649, 0xB664,
        0xB665, 0xB680, 0xB681, 0xB69C, 0xB69D, 0xB6B8, 0xB6B9, 0xB6D4, 0xB6D5, 0xB6F0, 0xB6F1, 0xB70C,
        0xB70D, 0xB728, 0xB729, 0xB744, 0xB745, 0xB760, 0xB761, 0xB77C, 0xB77D, 0xB798, 0xB799, 0xB7B4,
        0xB7B5, 0xB7D0, 0xB7D1, 0xB7EC, 0xB7ED, 0xB808, 0xB809, 0xB824, 0xB825, 0xB840, 0xB841, 0xB85C,
        0xB85D, 0xB878, 0xB879, 0xB894, 0xB895, 0xB8B0, 0xB8B1, 0xB8CC, 0xB8CD, 0xB8E8, 0xB8E9, 0xB904,
        0xB905, 0xB920, 0xB921, 0xB93C, 0xB93D, 0xB958, 0xB959, 0xB974, 0xB975, 0xB990, 0xB991, 0xB9AC,
        0xB9AD, 0xB9C8, 0xB9C9, 0xB9E4, 0xB9E5, 0xBA00, 0xBA01, 0xBA1C, 0xBA1D, 0xBA38, 0xBA39, 0xBA54,
        0xBA55, 0xBA70, 0xBA71, 0xBA8C, 0xBA8D, 0xBAA8, 0xBAA9, 0xBAC4, 0xBAC5, 0xBAE0, 0xBAE1, 0xBAFC,
        0xBAFD, 0xBB18, 0xBB19, 0xBB34, 0xBB35, 0xBB50, 0xBB51, 0xBB6C, 0xBB6D, 0xBB88, 0xBB89, 0xBBA4,
        0xBBA5, 0xBBC0, 0xBBC1, 0xBBDC, 0xBBDD, 0xBBF8, 0xBBF9, 0xBC14, 0xBC15, 0xBC30, 0xBC31, 0xBC4C,
        0xBC4D, 0xBC68, 0xBC69, 0xBC84, 0xBC85, 0xBCA0, 0xBCA1, 0xBCBC, 0xBCBD, 0xBCD8, 0xBCD9, 0xBCF4,
        0xBCF5, 0xBD10, 0xBD11, 0xBD2C, 0xBD2D, 0xBD48, 0xBD49, 0xBD64, 0xBD65, 0xBD80, 0xBD81, 0xBD9C,
        0xBD9D, 0xBDB8, 0xBDB9, 0xBDD4, 0xBDD5, 0xBDF0, 0xBDF1, 0xBE0C, 0xBE0D, 0xBE28, 0xBE29, 0xBE44,
        0xBE45, 0xBE60, 0xBE61, 0xBE7C, 0xBE7D, 0xBE98, 0xBE99, 0xBEB4, 0xBEB5, 0xBED0, 0xBED1, 0xBEEC,
        0xBEED, 0xBF08, 0xBF09, 0xBF24, 0xBF25, 0xBF40, 0xBF41, 0xBF5C, 0xBF5D, 0xBF78, 0xBF79, 0xBF94,
        0xBF95, 0xBFB0, 0xBFB1, 0xBFCC, 0xBFCD, 0xBFE8, 0xBFE9, 0xC004, 0xC005, 0xC020, 0xC021, 0xC03C,
        0xC03D, 0xC058, 0xC059, 0xC074, 0xC075, 0xC090, 0xC091, 0xC0AC, 0xC0AD, 0xC0C8, 0xC0C9, 0xC0E4,
        0xC0E5, 0xC100, 0xC101, 0xC11C, 0xC11D, 0xC138, 0xC139, 0xC154, 0xC155, 0xC170, 0xC171, 0xC18C,
        0xC18D, 0xC1A8, 0xC1A9, 0xC1C4, 0xC1C5, 0xC1E0, 0xC1E1, 0xC1FC, 0xC1FD, 0xC218, 0xC219, 0xC234,
        0xC235, 0xC250, 0xC251, 0xC26C, 0xC26D, 0xC288, 0xC289, 0xC2A4, 0xC2A5, 0xC2C0, 0xC2C1, 0xC2DC,
        0xC2DD, 0xC2F8, 0xC2F9, 0xC314, 0xC315, 0xC330, 0xC331, 0xC34C, 0xC34D, 0xC368, 0xC369, 0xC384,
        0xC385, 0xC3A0, 0xC3A1, 0xC3BC, 0xC3BD, 0xC3D8, 0xC3D9, 0xC3F4, 0xC3F5, 0xC410, 0xC411, 0xC42C,
        0xC42D, 0xC448, 0xC449, 0xC464, 0xC465, 0xC480, 0xC481, 0xC49C, 0xC49D, 0xC4B8, 0xC4B9, 0xC4D4,
        0xC4D5, 0xC4F0, 0xC4F1, 0xC50C, 0xC50D, 0xC528, 0xC529, 0xC544, 0xC545, 0xC560, 0xC561, 0xC57C,
        0xC57D, 0xC598, 0xC599, 0xC5B4, 0xC5B5, 0xC5D0, 0xC5D1, 0xC5EC, 0xC5ED, 0xC608, 0xC609, 0xC624,
        0xC625, 0xC640, 0xC641, 0xC65C, 0xC65D, 0xC678, 0xC679, 0xC694, 0xC695, 0xC6B0, 0xC6B1, 0xC6CC,
        0xC6CD, 0xC6E8, 0xC6E9, 0xC704, 0xC705, 0xC720, 0xC721, 0xC73C, 0xC73D, 0xC758, 0xC759, 0xC774,
        0xC775, 0xC790, 0xC791, 0xC7AC, 0xC7AD, 0xC7C8, 0xC7C9, 0xC7E4, 0xC7E5, 0xC800, 0xC801, 0xC81C,
        0xC81D, 0xC838, 0xC839, 0xC854, 0xC855, 0xC870, 0xC871, 0xC88C, 0xC88D, 0xC8A8, 0xC8A9, 0xC8C4,
        0xC8C5, 0xC8E0, 0xC8E1, 0xC8FC, 0xC8FD, 0xC918, 0xC919, 0xC934, 0xC935, 0xC950, 0xC951, 0xC96C,
        0xC96D, 0xC988, 0xC989, 0xC9A4, 0xC9A5, 0xC9C0, 0xC9C1, 0xC9DC, 0xC9DD, 0xC9F8, 0xC9F9, 0xCA14,
        0xCA15, 0xCA30, 0xCA31, 0xCA4C, 0xCA4D, 0xCA68, 0xCA69, 0xCA84, 0xCA85, 0xCAA0, 0xCAA1, 0xCABC,
        0xCABD, 0xCAD8, 0xCAD9, 0xCAF4, 0xCAF5, 0xCB10, 0xCB11, 0xCB2C, 0xCB2D, 0xCB48, 0xCB49, 0xCB64,
        0xCB65, 0xCB80, 0xCB81, 0xCB9C, 0xCB9D, 0xCBB8, 0xCBB9, 0xCBD4, 0xCBD5, 0xCBF0, 0xCBF1, 0xCC0C,
        0xCC0D, 0xCC28, 0xCC29, 0xCC44, 0xCC45, 0xCC60, 0xCC61, 0xCC7C, 0xCC7D, 0xCC98, 0xCC99, 0xCCB4,
        0xCCB5, 0xCCD0, 0xCCD1, 0xCCEC, 0xCCED, 0xCD08, 0xCD09, 0xCD24, 0xCD25, 0xCD40, 0xCD41, 0xCD5C,
        0xCD5D, 0xCD78, 0xCD79, 0xCD94, 0xCD95, 0xCDB0, 0xCDB1, 0xCDCC, 0xCDCD, 0xCDE8, 0xCDE9, 0xCE04,
        0xCE05, 0xCE20, 0xCE21, 0xCE3C, 0xCE3D, 0xCE58, 0xCE59, 0xCE74, 0xCE75, 0xCE90, 0xCE91, 0xCEAC,
        0xCEAD, 0xCEC8, 0xCEC9, 0xCEE4, 0xCEE5, 0xCF00, 0xCF01, 0xCF1C, 0xCF1D, 0xCF38, 0xCF39, 0xCF54,
        0xCF55, 0xCF70, 0xCF71, 0xCF8C, 0xCF8D, 0xCFA8, 0xCFA9, 0xCFC4, 0xCFC5, 0xCFE0, 0xCFE1, 0xCFFC,
        0xCFFD, 0xD018, 0xD019, 0xD034, 0xD035, 0xD050, 0xD051, 0xD06C, 0xD06D, 0xD088, 0xD089, 0xD0A4,
        0xD0A5, 0xD0C0, 0xD0C1, 0xD0DC, 0xD0DD, 0xD0F8, 0xD0F9, 0xD114, 0xD115, 0xD130, 0xD131, 0xD14C,
        0xD14D, 0xD168, 0xD169, 0xD184, 0xD185, 0xD1A0, 0xD1A1, 0xD1BC, 0xD1BD, 0xD1D8, 0xD1D9, 0xD1F4,
        0xD1F5, 0xD210, 0xD211, 0xD22C, 0xD22D, 0xD248, 0xD249, 0xD264, 0xD265, 0xD280, 0xD281, 0xD29C,
        0xD29D, 0xD2B8, 0xD2B9, 0xD2D4, 0xD2D5, 0xD2F0, 0xD2F1, 0xD30C, 0xD30D, 0xD328, 0xD329, 0xD344,
        0xD345, 0xD360, 0xD361, 0xD37C, 0xD37D, 0xD398, 0xD399, 0xD3B4, 0xD3B5, 0xD3D0, 0xD3D1, 0xD3EC,
        0xD3ED, 0xD408, 0xD409, 0xD424, 0xD425, 0xD440, 0xD441, 0xD45C, 0xD45D, 0xD478, 0xD479, 0xD494,
        0xD495, 0xD4B0, 0xD4B1, 0xD4CC, 0xD4CD, 0xD4E8, 0xD4E9, 0xD504, 0xD505, 0xD520, 0xD521, 0xD53C,
        0xD53D, 0xD558, 0xD559, 0xD574, 0xD575, 0xD590, 0xD591, 0xD5AC, 0xD5AD, 0xD5C8, 0xD5C9, 0xD5E4,
        0xD5E5, 0xD600, 0xD601, 0xD61C, 0xD61D, 0xD638, 0xD639, 0xD654, 0xD655, 0xD670, 0xD671, 0xD68C,
        0xD68D, 0xD6A8, 0xD6A9, 0xD6C4, 0xD6C5, 0xD6E0, 0xD6E1, 0xD6FC, 0xD6FD, 0xD718, 0xD719, 0xD734,
        0xD735, 0xD750, 0xD751, 0xD76C, 0xD76D, 0xD788, 0xD789, 0xD7B0, 0xD7CB, 0xD800, 0xF900, 0xFB00,
        0xFB13, 0xFB1D, 0xFB1E, 0xFB1F, 0xFB29, 0xFB2A, 0xFB38, 0xFB3E, 0xFB40, 0xFB43, 0xFB46, 0xFB50,
        0xFBD3, 0xFD3E, 0xFD3F, 0xFD40, 0xFD92, 0xFDCF, 0xFDF0, 0xFDFC, 0xFDFD, 0xFE00, 0xFE10, 0xFE13,
        0xFE15, 0xFE17, 0xFE18, 0xFE19, 0xFE20, 0xFE21, 0xFE22, 0xFE23, 0xFE24, 0xFE25, 0xFE26, 0xFE28,
        0xFE29, 0xFE2A, 0xFE2B, 0xFE2C, 0xFE2D, 0xFE2F, 0xFE30, 0xFE35, 0xFE36, 0xFE37, 0xFE38, 0xFE39,
        0xFE3A, 0xFE3B, 0xFE3C, 0xFE3D, 0xFE3E, 0xFE3F, 0xFE40, 0xFE41, 0xFE42, 0xFE43, 0xFE44, 0xFE45,
        0xFE47, 0xFE48, 0xFE49, 0xFE50, 0xFE51, 0xFE52, 0xFE54, 0xFE56, 0xFE58, 0xFE59, 0xFE5A, 0xFE5B,
        0xFE5C, 0xFE5D, 0xFE5E, 0xFE5F, 0xFE68, 0xFE69, 0xFE6A, 0xFE6B, 0xFE70, 0xFE76, 0xFEFF, 0xFF01,
        0xFF02, 0xFF04, 0xFF05, 0xFF06, 0xFF08, 0xFF09, 0xFF0A, 0xFF0C, 0xFF0D, 0xFF0E, 0xFF0F, 0xFF1A,
        0xFF1C, 0xFF1F, 0xFF20, 0xFF3B, 0xFF3C, 0xFF3D, 0xFF3E, 0xFF5B, 0xFF5C, 0xFF5D, 0xFF5E, 0xFF5F,
        0xFF60, 0xFF62, 0xFF63, 0xFF65, 0xFF66, 0xFF67, 0xFF71, 0xFF9E, 0xFFA0, 0xFFC2, 0xFFCA, 0xFFD2,
        0xFFDA, 0xFFE0, 0xFFE1, 0xFFE2, 0xFFE5, 0xFFE8, 0xFFF9, 0xFFFC, 0xFFFD, 0x10000, 0x1000D, 0x10028,
        0x1003C, 0x1003F, 0x10050, 0x10080, 0x10100, 0x10107, 0x10137, 0x10190, 0x101A0, 0x101D0, 0x101FD, 0x10280,
        0x102A0, 0x102E0, 0x102E1, 0x10300, 0x1032D, 0x10350, 0x10376, 0x10380, 0x1039F, 0x103A0, 0x103C8, 0x103D0,
        0x103D1, 0x10400, 0x104A0, 0x104B0, 0x104D8, 0x10500, 0x10530, 0x1056F, 0x1057C, 0x1058C, 0x10594, 0x10597,
        0x105A3, 0x105B3, 0x105BB, 0x105C0, 0x10600, 0x10740, 0x10760, 0x10780, 0x10787, 0x107B2, 0x10800, 0x10808,
        0x1080A, 0x10837, 0x1083C, 0x1083F, 0x10857, 0x10858, 0x108A7, 0x108E0, 0x108F4, 0x108FB, 0x1091F, 0x10920,
        0x1093F, 0x10980, 0x109BC, 0x109D2, 0x10A01, 0x10A05, 0x10A0C, 0x10A10, 0x10A15, 0x10A19, 0x10A38, 0x10A3F,
        0x10A40, 0x10A50, 0x10A58, 0x10A60, 0x10AC0, 0x10AE5, 0x10AEB, 0x10AF0, 0x10AF6, 0x10B00, 0x10B39, 0x10B40,
        0x10B58, 0x10B78, 0x10B99, 0x10BA9, 0x10C00, 0x10C80, 0x10CC0, 0x10CFA, 0x10D24, 0x10D30, 0x10D40, 0x10D4A,
        0x10D69, 0x10D6E, 0x10D6F, 0x10D8E, 0x10E60, 0x10E80, 0x10EAB, 0x10EAD, 0x10EB0, 0x10EC2, 0x10EFC, 0x10F00,
        0x10F30, 0x10F46, 0x10F51, 0x10F70, 0x10F82, 0x10F86, 0x10FB0, 0x10FE0, 0x11000, 0x11003, 0x11005, 0x11038,
        0x11046, 0x11047, 0x11049, 0x11052, 0x11066, 0x11070, 0x11071, 0x11073, 0x11075, 0x1107F, 0x11080, 0x11083,
        0x110B0, 0x110BB, 0x110BD, 0x110BE, 0x110C2, 0x110CD, 0x110D0, 0x110F0, 0x11100, 0x11103, 0x11127, 0x11136,
        0x11140, 0x11144, 0x11145, 0x11147, 0x11150, 0x11173, 0x11174, 0x11175, 0x11176, 0x11180, 0x11183, 0x111B3,
        0x111C1, 0x111C5, 0x111C7, 0x111C8, 0x111C9, 0x111CD, 0x111CE, 0x111D0, 0x111DA, 0x111DB, 0x111DC, 0x111DD,
        0x111E1, 0x11200, 0x11213, 0x1122C, 0x11238, 0x1123A, 0x1123B, 0x1123D, 0x1123E, 0x1123F, 0x11241, 0x11280,
        0x11288, 0x1128A, 0x1128F, 0x1129F, 0x112A9, 0x112B0, 0x112DF, 0x112F0, 0x11300, 0x11305, 0x1130F, 0x11313,
        0x1132A, 0x11332, 0x11335, 0x1133B, 0x1133D, 0x1133E, 0x11347, 0x1134B, 0x1134D, 0x11350, 0x11357, 0x1135D,
        0x1135E, 0x11360, 0x11362, 0x11366, 0x11370, 0x11380, 0x1138B, 0x1138E, 0x11390, 0x11392, 0x113B7, 0x113B8,
        0x113C2, 0x113C5, 0x113C7, 0x113CC, 0x113D0, 0x113D1, 0x113D2, 0x113D3, 0x113D7, 0x113E1, 0x11400, 0x11435,
        0x11447, 0x1144B, 0x1144F, 0x11450, 0x1145A, 0x1145D, 0x1145E, 0x1145F, 0x11480, 0x114B0, 0x114C4, 0x114D0,
        0x11580, 0x115AF, 0x115B8, 0x115C1, 0x115C2, 0x115C4, 0x115C6, 0x115C9, 0x115D8, 0x115DC, 0x11600, 0x11630,
        0x11641, 0x11643, 0x11650, 0x11660, 0x11680, 0x116AB, 0x116B8, 0x116C0, 0x116D0, 0x11700, 0x1171D, 0x11730,
        0x1173A, 0x1173C, 0x1173F, 0x11800, 0x1182C, 0x1183B, 0x118A0, 0x118E0, 0x118EA, 0x118FF, 0x11900, 0x11909,
        0x1190C, 0x11915, 0x11918, 0x11930, 0x11937, 0x1193B, 0x1193E, 0x1193F, 0x11940, 0x11941, 0x11942, 0x11944,
        0x11950, 0x119A0, 0x119AA, 0x119D1, 0x119DA, 0x119E1, 0x119E2, 0x119E3, 0x119E4, 0x11A00, 0x11A01, 0x11A0B,
        0x11A33, 0x11A3A, 0x11A3B, 0x11A3F, 0x11A40, 0x11A41, 0x11A45, 0x11A46, 0x11A47, 0x11A50, 0x11A51, 0x11A5C,
        0x11A8A, 0x11A9A, 0x11A9D, 0x11A9E, 0x11AA1, 0x11AB0, 0x11B00, 0x11BC0, 0x11BF0, 0x11C00, 0x11C0A, 0x11C2F,
        0x11C38, 0x11C40, 0x11C41, 0x11C50, 0x11C5A, 0x11C70, 0x11C71, 0x11C72, 0x11C92, 0x11CA9, 0x11D00, 0x11D08,
        0x11D0B, 0x11D31, 0x11D3A, 0x11D3C, 0x11D3F, 0x11D46, 0x11D47, 0x11D50, 0x11D60, 0x11D67, 0x11D6A, 0x11D8A,
        0x11D90, 0x11D93, 0x11D98, 0x11DA0, 0x11EE0, 0x11EF2, 0x11EF3, 0x11EF7, 0x11F00, 0x11F02, 0x11F03, 0x11F04,
        0x11F12, 0x11F34, 0x11F3E, 0x11F42, 0x11F43, 0x11F45, 0x11F50, 0x11F5A, 0x11FB0, 0x11FC0, 0x11FDD, 0x11FE1,
        0x11FFF, 0x12000, 0x12400, 0x12470, 0x12480, 0x12F90, 0x13000, 0x13258, 0x1325B, 0x1325E, 0x13282, 0x13283,
        0x13286, 0x13287, 0x13288, 0x13289, 0x1328A, 0x13379, 0x1337A, 0x1337C, 0x1342F, 0x13430, 0x13437, 0x13438,
        0x13439, 0x1343C, 0x1343D, 0x1343E, 0x1343F, 0x13440, 0x13441, 0x13447, 0x13460, 0x14400, 0x145CE, 0x145CF,
        0x145D0, 0x16100, 0x1611E, 0x16130, 0x16800, 0x16A40, 0x16A60, 0x16A6E, 0x16A70, 0x16AC0, 0x16AD0, 0x16AF0,
        0x16AF5, 0x16B00, 0x16B30, 0x16B37, 0x16B3A, 0x16B44, 0x16B45, 0x16B50, 0x16B5B, 0x16B63, 0x16B7D, 0x16D40,
        0x16D6E, 0x16D70, 0x16E40, 0x16E97, 0x16E99, 0x16F00, 0x16F4F, 0x16F50, 0x16F51, 0x16F8F, 0x16F93, 0x16FE0,
        0x16FE4, 0x16FF0, 0x17000, 0x18800, 0x18B00, 0x18CFF, 0x18D00, 0x1AFF0, 0x1AFF5, 0x1AFFD, 0x1B000, 0x1B132,
        0x1B150, 0x1B155, 0x1B164, 0x1B170, 0x1BC00, 0x1BC70, 0x1BC80, 0x1BC90, 0x1BC9C, 0x1BC9D, 0x1BC9F, 0x1BCA0,
        0x1CC00, 0x1CCF0, 0x1CD00, 0x1CF00, 0x1CF30, 0x1CF50, 0x1D000, 0x1D100, 0x1D129, 0x1D165, 0x1D16A, 0x1D16D,
        0x1D183, 0x1D185, 0x1D18C, 0x1D1AA, 0x1D1AE, 0x1D200, 0x1D242, 0x1D245, 0x1D2C0, 0x1D2E0, 0x1D300, 0x1D360,
        0x1D400, 0x1D456, 0x1D49E, 0x1D4A2, 0x1D4A5, 0x1D4A9, 0x1D4AE, 0x1D4BB, 0x1D4BD, 0x1D4C5, 0x1D507, 0x1D50D,
        0x1D516, 0x1D51E, 0x1D53B, 0x1D540, 0x1D546, 0x1D54A, 0x1D552, 0x1D6A8, 0x1D7CE, 0x1D800, 0x1DA00, 0x1DA37,
        0x1DA3B, 0x1DA6D, 0x1DA75, 0x1DA76, 0x1DA84, 0x1DA85, 0x1DA87, 0x1DA8B, 0x1DA9B, 0x1DAA1, 0x1DF00, 0x1DF25,
        0x1E000, 0x1E008, 0x1E01B, 0x1E023, 0x1E026, 0x1E030, 0x1E08F, 0x1E100, 0x1E130, 0x1E137, 0x1E140, 0x1E14E,
        0x1E290, 0x1E2AE, 0x1E2C0, 0x1E2EC, 0x1E2F0, 0x1E2FF, 0x1E4D0, 0x1E4EC, 0x1E4F0, 0x1E5D0, 0x1E5EE, 0x1E5F0,
        0x1E5F1, 0x1E5FF, 0x1E7E0, 0x1E7E8, 0x1E7ED, 0x1E7F0, 0x1E800, 0x1E8C7, 0x1E8D0, 0x1E900, 0x1E944, 0x1E94B,
        0x1E950, 0x1E95E, 0x1EC71, 0x1ECAC, 0x1ECAD, 0x1ECB0, 0x1ECB1, 0x1ED01, 0x1EE00, 0x1EE05, 0x1EE21, 0x1EE24,
        0x1EE27, 0x1EE29, 0x1EE34, 0x1EE39, 0x1EE3B, 0x1EE42, 0x1EE47, 0x1EE49, 0x1EE4B, 0x1EE4D, 0x1EE51, 0x1EE54,
        0x1EE57, 0x1EE59, 0x1EE5B, 0x1EE5D, 0x1EE5F, 0x1EE61, 0x1EE64, 0x1EE67, 0x1EE6C, 0x1EE74, 0x1EE79, 0x1EE7E,
        0x1EE80, 0x1EE8B, 0x1EEA1, 0x1EEA5, 0x1EEAB, 0x1EEF0, 0x1F000, 0x1F100, 0x1F10D, 0x1F110, 0x1F12E, 0x1F130,
        0x1F16A, 0x1F170, 0x1F1AD, 0x1F1AE, 0x1F1E6, 0x1F200, 0x1F385, 0x1F386, 0x1F39C, 0x1F39E, 0x1F3B5, 0x1F3B7,
        0x1F3BC, 0x1F3BD, 0x1F3C2, 0x1F3C5, 0x1F3C7, 0x1F3C8, 0x1F3CA, 0x1F3CD, 0x1F3FB, 0x1F400, 0x1F442, 0x1F444,
        0x1F446, 0x1F451, 0x1F466, 0x1F479, 0x1F47C, 0x1F47D, 0x1F481, 0x1F484, 0x1F485, 0x1F488, 0x1F48F, 0x1F490,
        0x1F491, 0x1F492, 0x1F4A0, 0x1F4A1, 0x1F4A2, 0x1F4A3, 0x1F4A4, 0x1F4A5, 0x1F4AA, 0x1F4AB, 0x1F4AF, 0x1F4B0,
        0x1F4B1, 0x1F4B3, 0x1F500, 0x1F507, 0x1F517, 0x1F525, 0x1F532, 0x1F54A, 0x1F574, 0x1F576, 0x1F57A, 0x1F57B,
        0x1F590, 0x1F591, 0x1F595, 0x1F597, 0x1F5D4, 0x1F5DC, 0x1F5F4, 0x1F5FA, 0x1F645, 0x1F648, 0x1F64B, 0x1F650,
        0x1F676, 0x1F679, 0x1F67C, 0x1F680, 0x1F6A3, 0x1F6A4, 0x1F6B4, 0x1F6B7, 0x1F6C0, 0x1F6C1, 0x1F6CC, 0x1F6CD,
        0x1F700, 0x1F774, 0x1F780, 0x1F7D5, 0x1F800, 0x1F810, 0x1F850, 0x1F860, 0x1F890, 0x1F8B0, 0x1F8C0, 0x1F900,
        0x1F90C, 0x1F90D, 0x1F90F, 0x1F910, 0x1F918, 0x1F920, 0x1F926, 0x1F927, 0x1F930, 0x1F93A, 0x1F93C, 0x1F93F,
        0x1F977, 0x1F978, 0x1F9B5, 0x1F9B7, 0x1F9B8, 0x1F9BA, 0x1F9BB, 0x1F9BC, 0x1F9CD, 0x1F9D0, 0x1F9D1, 0x1F9DE,
        0x1FA00, 0x1FA54, 0x1FAC3, 0x1FAC6, 0x1FAF0, 0x1FAF9, 0x1FB00, 0x1FB94, 0x1FBF0, 0x1FC00, 0x20000, 0x30000,
        0xE0001, 0xE0020, 0xE0100,
    ];

    /// <summary>One past the last code point of each run, in the same order.</summary>
    private static readonly int[] ClassEnds =
    [
        0x9, 0xA, 0xB, 0xD, 0xE, 0x20, 0x21, 0x22, 0x23, 0x24, 0x25, 0x26,
        0x27, 0x28, 0x29, 0x2A, 0x2B, 0x2C, 0x2D, 0x2E, 0x2F, 0x30, 0x3A, 0x3C,
        0x3F, 0x40, 0x5B, 0x5C, 0x5D, 0x5E, 0x7B, 0x7C, 0x7D, 0x7E, 0x7F, 0x85,
        0x86, 0xA0, 0xA1, 0xA2, 0xA3, 0xA6, 0xA7, 0xA9, 0xAA, 0xAB, 0xAC, 0xAD,
        0xAE, 0xB0, 0xB1, 0xB2, 0xB4, 0xB5, 0xB6, 0xBB, 0xBC, 0xBF, 0xC0, 0xD7,
        0xD8, 0xF7, 0xF8, 0x2C7, 0x2C8, 0x2C9, 0x2CC, 0x2CD, 0x2CE, 0x2D0, 0x2D1, 0x2D8,
        0x2DC, 0x2DD, 0x2DE, 0x2DF, 0x2E0, 0x300, 0x34F, 0x350, 0x35C, 0x363, 0x370, 0x378,
        0x37E, 0x37F, 0x380, 0x38B, 0x38D, 0x3A2, 0x483, 0x48A, 0x530, 0x557, 0x589, 0x58A,
        0x58B, 0x58F, 0x590, 0x5BE, 0x5BF, 0x5C0, 0x5C1, 0x5C3, 0x5C4, 0x5C6, 0x5C7, 0x5C8,
        0x5EB, 0x5F3, 0x5F5, 0x606, 0x609, 0x60C, 0x60E, 0x610, 0x61B, 0x61C, 0x61D, 0x620,
        0x64B, 0x660, 0x66A, 0x66B, 0x66D, 0x670, 0x671, 0x6D4, 0x6D5, 0x6D6, 0x6DD, 0x6DE,
        0x6DF, 0x6E5, 0x6E7, 0x6E9, 0x6EA, 0x6EE, 0x6F0, 0x6FA, 0x70E, 0x711, 0x712, 0x730,
        0x74B, 0x7A6, 0x7B1, 0x7B2, 0x7CA, 0x7EB, 0x7F4, 0x7F8, 0x7F9, 0x7FA, 0x7FB, 0x7FE,
        0x800, 0x816, 0x81A, 0x81B, 0x824, 0x825, 0x828, 0x829, 0x82E, 0x83F, 0x859, 0x85C,
        0x85F, 0x86B, 0x88F, 0x892, 0x8A0, 0x8CA, 0x8E2, 0x8E3, 0x904, 0x93A, 0x93D, 0x93E,
        0x950, 0x951, 0x958, 0x962, 0x964, 0x966, 0x970, 0x981, 0x984, 0x98D, 0x991, 0x9A9,
        0x9B1, 0x9B3, 0x9BA, 0x9BD, 0x9BE, 0x9C5, 0x9C9, 0x9CE, 0x9CF, 0x9D8, 0x9DE, 0x9E2,
        0x9E4, 0x9F0, 0x9F2, 0x9F4, 0x9F9, 0x9FA, 0x9FB, 0x9FC, 0x9FE, 0x9FF, 0xA04, 0xA0B,
        0xA11, 0xA29, 0xA31, 0xA34, 0xA37, 0xA3A, 0xA3D, 0xA43, 0xA49, 0xA4E, 0xA52, 0xA5D,
        0xA5F, 0xA70, 0xA72, 0xA75, 0xA76, 0xA77, 0xA84, 0xA8E, 0xA92, 0xAA9, 0xAB1, 0xAB4,
        0xABA, 0xABD, 0xABE, 0xAC6, 0xACA, 0xACE, 0xAD1, 0xAE2, 0xAE4, 0xAF0, 0xAF1, 0xAF2,
        0xAFA, 0xB00, 0xB04, 0xB0D, 0xB11, 0xB29, 0xB31, 0xB34, 0xB3A, 0xB3D, 0xB3E, 0xB45,
        0xB49, 0xB4E, 0xB58, 0xB5E, 0xB62, 0xB64, 0xB70, 0xB78, 0xB83, 0xB84, 0xB8B, 0xB91,
        0xB96, 0xB9B, 0xB9D, 0xBA0, 0xBA5, 0xBAB, 0xBBA, 0xBC3, 0xBC9, 0xBCE, 0xBD1, 0xBD8,
        0xBF0, 0xBF9, 0xBFA, 0xBFB, 0xC05, 0xC0D, 0xC11, 0xC29, 0xC3A, 0xC3D, 0xC3E, 0xC45,
        0xC49, 0xC4E, 0xC57, 0xC5B, 0xC5E, 0xC62, 0xC64, 0xC70, 0xC78, 0xC81, 0xC84, 0xC85,
        0xC8D, 0xC91, 0xCA9, 0xCB4, 0xCBA, 0xCBD, 0xCBE, 0xCC5, 0xCC9, 0xCCE, 0xCD7, 0xCDF,
        0xCE2, 0xCE4, 0xCF0, 0xCF3, 0xCF4, 0xD04, 0xD0D, 0xD11, 0xD3B, 0xD3D, 0xD3E, 0xD45,
        0xD49, 0xD4E, 0xD50, 0xD57, 0xD58, 0xD62, 0xD64, 0xD70, 0xD79, 0xD7A, 0xD80, 0xD84,
        0xD97, 0xDB2, 0xDBC, 0xDBE, 0xDC7, 0xDCB, 0xDD5, 0xDD7, 0xDE0, 0xDF0, 0xDF4, 0xDF5,
        0xE3B, 0xE40, 0xE4F, 0xE50, 0xE5A, 0xE5C, 0xE83, 0xE85, 0xE8B, 0xEA4, 0xEA6, 0xEBE,
        0xEC5, 0xEC7, 0xECF, 0xEDA, 0xEE0, 0xF01, 0xF05, 0xF06, 0xF08, 0xF09, 0xF0B, 0xF0C,
        0xF0D, 0xF12, 0xF13, 0xF14, 0xF15, 0xF18, 0xF1A, 0xF20, 0xF2A, 0xF34, 0xF35, 0xF36,
        0xF37, 0xF38, 0xF39, 0xF3A, 0xF3B, 0xF3C, 0xF3D, 0xF3E, 0xF40, 0xF48, 0xF6D, 0xF7F,
        0xF80, 0xF85, 0xF86, 0xF88, 0xF8D, 0xF98, 0xFBD, 0xFC0, 0xFC6, 0xFC7, 0xFCD, 0xFD0,
        0xFD2, 0xFD3, 0xFD4, 0xFD9, 0xFDB, 0x1040, 0x104A, 0x104C, 0x1050, 0x1090, 0x109A, 0x10A0,
        0x10C6, 0x10C8, 0x10CE, 0x1100, 0x1160, 0x11A8, 0x1200, 0x1249, 0x124E, 0x1257, 0x1259, 0x125E,
        0x1289, 0x128E, 0x12B1, 0x12B6, 0x12BF, 0x12C1, 0x12C6, 0x12D7, 0x1311, 0x1316, 0x135B, 0x1360,
        0x1361, 0x1362, 0x137D, 0x139A, 0x13F6, 0x13FE, 0x1401, 0x1680, 0x1681, 0x169B, 0x169C, 0x169D,
        0x16EB, 0x16EE, 0x16F9, 0x1712, 0x1716, 0x1732, 0x1735, 0x1737, 0x1752, 0x1754, 0x176D, 0x1771,
        0x1774, 0x17D4, 0x17D6, 0x17D7, 0x17D8, 0x17D9, 0x17DA, 0x17DB, 0x17DC, 0x17DE, 0x17EA, 0x17FA,
        0x1802, 0x1804, 0x1806, 0x1807, 0x1808, 0x180A, 0x180B, 0x180E, 0x180F, 0x1810, 0x181A, 0x1879,
        0x1885, 0x1887, 0x18A9, 0x18AA, 0x18AB, 0x18F6, 0x191F, 0x192C, 0x193C, 0x1941, 0x1946, 0x1950,
        0x196E, 0x1975, 0x19AC, 0x19CA, 0x19DB, 0x19E0, 0x1A17, 0x1A1C, 0x1A20, 0x1A5F, 0x1A7D, 0x1A80,
        0x1A8A, 0x1A9A, 0x1AAE, 0x1ACF, 0x1B05, 0x1B34, 0x1B44, 0x1B45, 0x1B4D, 0x1B50, 0x1B5A, 0x1B5C,
        0x1B5D, 0x1B61, 0x1B6B, 0x1B74, 0x1B7D, 0x1B80, 0x1B83, 0x1BA1, 0x1BAE, 0x1BB0, 0x1BBA, 0x1BC0,
        0x1BE6, 0x1BF2, 0x1BF4, 0x1C24, 0x1C38, 0x1C40, 0x1C4A, 0x1C50, 0x1C5A, 0x1C7E, 0x1C80, 0x1C8B,
        0x1CBB, 0x1CC8, 0x1CD3, 0x1CD4, 0x1CE9, 0x1CED, 0x1CEE, 0x1CF4, 0x1CF5, 0x1CF7, 0x1CFA, 0x1CFB,
        0x1DC0, 0x1DCD, 0x1DCE, 0x1DFC, 0x1DFD, 0x1E00, 0x1F16, 0x1F1E, 0x1F46, 0x1F4E, 0x1F58, 0x1F5A,
        0x1F5C, 0x1F5E, 0x1F7E, 0x1FB5, 0x1FC5, 0x1FD4, 0x1FDC, 0x1FF0, 0x1FF5, 0x1FFD, 0x1FFE, 0x1FFF,
        0x2007, 0x2008, 0x200B, 0x200C, 0x200D, 0x200E, 0x2010, 0x2011, 0x2012, 0x2014, 0x2015, 0x2017,
        0x2018, 0x201A, 0x201B, 0x201E, 0x201F, 0x2020, 0x2022, 0x2024, 0x2027, 0x2028, 0x202A, 0x202F,
        0x2030, 0x2038, 0x2039, 0x203B, 0x203C, 0x203E, 0x2044, 0x2045, 0x2046, 0x2047, 0x204A, 0x2056,
        0x2057, 0x2058, 0x205C, 0x205D, 0x2060, 0x2061, 0x2065, 0x2070, 0x2072, 0x2075, 0x207D, 0x207E,
        0x207F, 0x2080, 0x2081, 0x2085, 0x208D, 0x208E, 0x208F, 0x209D, 0x20A7, 0x20A8, 0x20B6, 0x20B7,
        0x20BB, 0x20BC, 0x20BE, 0x20BF, 0x20C0, 0x20C1, 0x20D0, 0x20F1, 0x2103, 0x2104, 0x2105, 0x2106,
        0x2109, 0x210A, 0x2113, 0x2114, 0x2116, 0x2117, 0x2121, 0x2123, 0x212B, 0x212C, 0x2150, 0x215F,
        0x2160, 0x216C, 0x2170, 0x217A, 0x2189, 0x218A, 0x218C, 0x219A, 0x21D2, 0x21D3, 0x21D4, 0x21D5,
        0x2200, 0x2201, 0x2202, 0x2204, 0x2207, 0x2209, 0x220B, 0x220C, 0x220F, 0x2210, 0x2211, 0x2212,
        0x2214, 0x2215, 0x2216, 0x221A, 0x221B, 0x221D, 0x2221, 0x2223, 0x2224, 0x2225, 0x2226, 0x2227,
        0x222D, 0x222E, 0x222F, 0x2234, 0x2238, 0x223C, 0x223E, 0x2248, 0x2249, 0x224C, 0x224D, 0x2252,
        0x2253, 0x2260, 0x2262, 0x2264, 0x2268, 0x226A, 0x226C, 0x226E, 0x2270, 0x2282, 0x2284, 0x2286,
        0x2288, 0x2295, 0x2296, 0x2299, 0x229A, 0x22A5, 0x22A6, 0x22BF, 0x22C0, 0x22EF, 0x22F0, 0x2308,
        0x2309, 0x230A, 0x230B, 0x230C, 0x2312, 0x2313, 0x231A, 0x231C, 0x2329, 0x232A, 0x232B, 0x23F0,
        0x23F4, 0x242A, 0x244B, 0x24FF, 0x2500, 0x254C, 0x2550, 0x2575, 0x2580, 0x2590, 0x2592, 0x2596,
        0x25A0, 0x25A2, 0x25A3, 0x25AA, 0x25B2, 0x25B4, 0x25B6, 0x25B8, 0x25BC, 0x25BE, 0x25C0, 0x25C2,
        0x25C6, 0x25C9, 0x25CB, 0x25CC, 0x25CE, 0x25D2, 0x25E2, 0x25E6, 0x25EF, 0x25F0, 0x2600, 0x2604,
        0x2605, 0x2607, 0x2609, 0x260A, 0x260E, 0x2610, 0x2614, 0x2616, 0x2618, 0x2619, 0x261A, 0x261D,
        0x261E, 0x2620, 0x2639, 0x263C, 0x2640, 0x2641, 0x2642, 0x2643, 0x2660, 0x2662, 0x2663, 0x2666,
        0x2667, 0x2668, 0x2669, 0x266B, 0x266C, 0x266E, 0x266F, 0x2670, 0x267F, 0x2680, 0x269E, 0x26A0,
        0x26BD, 0x26C9, 0x26CD, 0x26CE, 0x26CF, 0x26D2, 0x26D3, 0x26D5, 0x26D8, 0x26DA, 0x26DC, 0x26DD,
        0x26DF, 0x26E2, 0x26E3, 0x26E4, 0x26E8, 0x26EA, 0x26EB, 0x26F1, 0x26F6, 0x26F7, 0x26F9, 0x26FA,
        0x26FB, 0x26FD, 0x2705, 0x2708, 0x270A, 0x270E, 0x2757, 0x2758, 0x275B, 0x2761, 0x2762, 0x2764,
        0x2765, 0x2768, 0x2769, 0x276A, 0x276B, 0x276C, 0x276D, 0x276E, 0x276F, 0x2770, 0x2771, 0x2772,
        0x2773, 0x2774, 0x2775, 0x2776, 0x2794, 0x27C5, 0x27C6, 0x27C7, 0x27E6, 0x27E7, 0x27E8, 0x27E9,
        0x27EA, 0x27EB, 0x27EC, 0x27ED, 0x27EE, 0x27EF, 0x27F0, 0x2983, 0x2984, 0x2985, 0x2986, 0x2987,
        0x2988, 0x2989, 0x298A, 0x298B, 0x298C, 0x298D, 0x298E, 0x298F, 0x2990, 0x2991, 0x2992, 0x2993,
        0x2994, 0x2995, 0x2996, 0x2997, 0x2998, 0x2999, 0x29D8, 0x29D9, 0x29DA, 0x29DB, 0x29DC, 0x29FC,
        0x29FD, 0x29FE, 0x2B55, 0x2B5A, 0x2B74, 0x2B96, 0x2CEF, 0x2CF2, 0x2CF4, 0x2CFA, 0x2CFD, 0x2CFE,
        0x2CFF, 0x2D00, 0x2D26, 0x2D28, 0x2D2E, 0x2D68, 0x2D70, 0x2D71, 0x2D80, 0x2D97, 0x2DA7, 0x2DAF,
        0x2DB7, 0x2DBF, 0x2DC7, 0x2DCF, 0x2DD7, 0x2DDF, 0x2E00, 0x2E0E, 0x2E16, 0x2E17, 0x2E18, 0x2E19,
        0x2E1A, 0x2E1C, 0x2E1E, 0x2E20, 0x2E22, 0x2E23, 0x2E24, 0x2E25, 0x2E26, 0x2E27, 0x2E28, 0x2E29,
        0x2E2A, 0x2E2E, 0x2E2F, 0x2E30, 0x2E32, 0x2E33, 0x2E35, 0x2E3A, 0x2E3C, 0x2E3F, 0x2E40, 0x2E42,
        0x2E43, 0x2E4B, 0x2E4C, 0x2E4D, 0x2E4E, 0x2E50, 0x2E53, 0x2E55, 0x2E56, 0x2E57, 0x2E58, 0x2E59,
        0x2E5A, 0x2E5B, 0x2E5C, 0x2E5D, 0x2E5E, 0x2E9A, 0x2EF4, 0x2FD6, 0x3000, 0x3001, 0x3003, 0x3005,
        0x3006, 0x3008, 0x3009, 0x300A, 0x300B, 0x300C, 0x300D, 0x300E, 0x300F, 0x3010, 0x3011, 0x3012,
        0x3014, 0x3015, 0x3016, 0x3017, 0x3018, 0x3019, 0x301A, 0x301B, 0x301C, 0x301D, 0x301E, 0x3020,
        0x302A, 0x3030, 0x3035, 0x3036, 0x303B, 0x303D, 0x3040, 0x3042, 0x3043, 0x3044, 0x3045, 0x3046,
        0x3047, 0x3048, 0x3049, 0x304A, 0x3063, 0x3064, 0x3083, 0x3084, 0x3085, 0x3086, 0x3087, 0x3088,
        0x308E, 0x308F, 0x3095, 0x3097, 0x309B, 0x309F, 0x30A0, 0x30A1, 0x30A2, 0x30A3, 0x30A4, 0x30A5,
        0x30A6, 0x30A7, 0x30A8, 0x30A9, 0x30AA, 0x30C3, 0x30C4, 0x30E3, 0x30E4, 0x30E5, 0x30E6, 0x30E7,
        0x30E8, 0x30EE, 0x30EF, 0x30F5, 0x30F7, 0x30FB, 0x30FC, 0x30FD, 0x30FF, 0x3100, 0x3130, 0x318F,
        0x31E6, 0x31F0, 0x3200, 0x321F, 0x3248, 0x3250, 0x4DC0, 0x4E00, 0xA015, 0xA016, 0xA48D, 0xA4C7,
        0xA4FE, 0xA500, 0xA60D, 0xA60E, 0xA60F, 0xA610, 0xA620, 0xA62A, 0xA62C, 0xA66F, 0xA673, 0xA674,
        0xA67E, 0xA69E, 0xA6A0, 0xA6F0, 0xA6F2, 0xA6F3, 0xA6F8, 0xA7CE, 0xA7D2, 0xA7D4, 0xA7DD, 0xA802,
        0xA803, 0xA806, 0xA807, 0xA80B, 0xA80C, 0xA823, 0xA828, 0xA82C, 0xA82D, 0xA838, 0xA839, 0xA83A,
        0xA874, 0xA876, 0xA878, 0xA882, 0xA8B4, 0xA8C6, 0xA8D0, 0xA8DA, 0xA8F2, 0xA8FC, 0xA8FD, 0xA8FF,
        0xA900, 0xA90A, 0xA926, 0xA92E, 0xA930, 0xA947, 0xA954, 0xA960, 0xA97D, 0xA984, 0xA9B3, 0xA9C0,
        0xA9C1, 0xA9C7, 0xA9CA, 0xA9CE, 0xA9D0, 0xA9DA, 0xA9E0, 0xA9F0, 0xA9FA, 0xA9FF, 0xAA29, 0xAA37,
        0xAA43, 0xAA44, 0xAA4C, 0xAA4E, 0xAA5A, 0xAA5D, 0xAA60, 0xAAC3, 0xAAE0, 0xAAEB, 0xAAF0, 0xAAF2,
        0xAAF5, 0xAAF7, 0xAB07, 0xAB0F, 0xAB17, 0xAB27, 0xAB2F, 0xAB6C, 0xABE3, 0xABEB, 0xABEC, 0xABEE,
        0xABFA, 0xAC01, 0xAC1C, 0xAC1D, 0xAC38, 0xAC39, 0xAC54, 0xAC55, 0xAC70, 0xAC71, 0xAC8C, 0xAC8D,
        0xACA8, 0xACA9, 0xACC4, 0xACC5, 0xACE0, 0xACE1, 0xACFC, 0xACFD, 0xAD18, 0xAD19, 0xAD34, 0xAD35,
        0xAD50, 0xAD51, 0xAD6C, 0xAD6D, 0xAD88, 0xAD89, 0xADA4, 0xADA5, 0xADC0, 0xADC1, 0xADDC, 0xADDD,
        0xADF8, 0xADF9, 0xAE14, 0xAE15, 0xAE30, 0xAE31, 0xAE4C, 0xAE4D, 0xAE68, 0xAE69, 0xAE84, 0xAE85,
        0xAEA0, 0xAEA1, 0xAEBC, 0xAEBD, 0xAED8, 0xAED9, 0xAEF4, 0xAEF5, 0xAF10, 0xAF11, 0xAF2C, 0xAF2D,
        0xAF48, 0xAF49, 0xAF64, 0xAF65, 0xAF80, 0xAF81, 0xAF9C, 0xAF9D, 0xAFB8, 0xAFB9, 0xAFD4, 0xAFD5,
        0xAFF0, 0xAFF1, 0xB00C, 0xB00D, 0xB028, 0xB029, 0xB044, 0xB045, 0xB060, 0xB061, 0xB07C, 0xB07D,
        0xB098, 0xB099, 0xB0B4, 0xB0B5, 0xB0D0, 0xB0D1, 0xB0EC, 0xB0ED, 0xB108, 0xB109, 0xB124, 0xB125,
        0xB140, 0xB141, 0xB15C, 0xB15D, 0xB178, 0xB179, 0xB194, 0xB195, 0xB1B0, 0xB1B1, 0xB1CC, 0xB1CD,
        0xB1E8, 0xB1E9, 0xB204, 0xB205, 0xB220, 0xB221, 0xB23C, 0xB23D, 0xB258, 0xB259, 0xB274, 0xB275,
        0xB290, 0xB291, 0xB2AC, 0xB2AD, 0xB2C8, 0xB2C9, 0xB2E4, 0xB2E5, 0xB300, 0xB301, 0xB31C, 0xB31D,
        0xB338, 0xB339, 0xB354, 0xB355, 0xB370, 0xB371, 0xB38C, 0xB38D, 0xB3A8, 0xB3A9, 0xB3C4, 0xB3C5,
        0xB3E0, 0xB3E1, 0xB3FC, 0xB3FD, 0xB418, 0xB419, 0xB434, 0xB435, 0xB450, 0xB451, 0xB46C, 0xB46D,
        0xB488, 0xB489, 0xB4A4, 0xB4A5, 0xB4C0, 0xB4C1, 0xB4DC, 0xB4DD, 0xB4F8, 0xB4F9, 0xB514, 0xB515,
        0xB530, 0xB531, 0xB54C, 0xB54D, 0xB568, 0xB569, 0xB584, 0xB585, 0xB5A0, 0xB5A1, 0xB5BC, 0xB5BD,
        0xB5D8, 0xB5D9, 0xB5F4, 0xB5F5, 0xB610, 0xB611, 0xB62C, 0xB62D, 0xB648, 0xB649, 0xB664, 0xB665,
        0xB680, 0xB681, 0xB69C, 0xB69D, 0xB6B8, 0xB6B9, 0xB6D4, 0xB6D5, 0xB6F0, 0xB6F1, 0xB70C, 0xB70D,
        0xB728, 0xB729, 0xB744, 0xB745, 0xB760, 0xB761, 0xB77C, 0xB77D, 0xB798, 0xB799, 0xB7B4, 0xB7B5,
        0xB7D0, 0xB7D1, 0xB7EC, 0xB7ED, 0xB808, 0xB809, 0xB824, 0xB825, 0xB840, 0xB841, 0xB85C, 0xB85D,
        0xB878, 0xB879, 0xB894, 0xB895, 0xB8B0, 0xB8B1, 0xB8CC, 0xB8CD, 0xB8E8, 0xB8E9, 0xB904, 0xB905,
        0xB920, 0xB921, 0xB93C, 0xB93D, 0xB958, 0xB959, 0xB974, 0xB975, 0xB990, 0xB991, 0xB9AC, 0xB9AD,
        0xB9C8, 0xB9C9, 0xB9E4, 0xB9E5, 0xBA00, 0xBA01, 0xBA1C, 0xBA1D, 0xBA38, 0xBA39, 0xBA54, 0xBA55,
        0xBA70, 0xBA71, 0xBA8C, 0xBA8D, 0xBAA8, 0xBAA9, 0xBAC4, 0xBAC5, 0xBAE0, 0xBAE1, 0xBAFC, 0xBAFD,
        0xBB18, 0xBB19, 0xBB34, 0xBB35, 0xBB50, 0xBB51, 0xBB6C, 0xBB6D, 0xBB88, 0xBB89, 0xBBA4, 0xBBA5,
        0xBBC0, 0xBBC1, 0xBBDC, 0xBBDD, 0xBBF8, 0xBBF9, 0xBC14, 0xBC15, 0xBC30, 0xBC31, 0xBC4C, 0xBC4D,
        0xBC68, 0xBC69, 0xBC84, 0xBC85, 0xBCA0, 0xBCA1, 0xBCBC, 0xBCBD, 0xBCD8, 0xBCD9, 0xBCF4, 0xBCF5,
        0xBD10, 0xBD11, 0xBD2C, 0xBD2D, 0xBD48, 0xBD49, 0xBD64, 0xBD65, 0xBD80, 0xBD81, 0xBD9C, 0xBD9D,
        0xBDB8, 0xBDB9, 0xBDD4, 0xBDD5, 0xBDF0, 0xBDF1, 0xBE0C, 0xBE0D, 0xBE28, 0xBE29, 0xBE44, 0xBE45,
        0xBE60, 0xBE61, 0xBE7C, 0xBE7D, 0xBE98, 0xBE99, 0xBEB4, 0xBEB5, 0xBED0, 0xBED1, 0xBEEC, 0xBEED,
        0xBF08, 0xBF09, 0xBF24, 0xBF25, 0xBF40, 0xBF41, 0xBF5C, 0xBF5D, 0xBF78, 0xBF79, 0xBF94, 0xBF95,
        0xBFB0, 0xBFB1, 0xBFCC, 0xBFCD, 0xBFE8, 0xBFE9, 0xC004, 0xC005, 0xC020, 0xC021, 0xC03C, 0xC03D,
        0xC058, 0xC059, 0xC074, 0xC075, 0xC090, 0xC091, 0xC0AC, 0xC0AD, 0xC0C8, 0xC0C9, 0xC0E4, 0xC0E5,
        0xC100, 0xC101, 0xC11C, 0xC11D, 0xC138, 0xC139, 0xC154, 0xC155, 0xC170, 0xC171, 0xC18C, 0xC18D,
        0xC1A8, 0xC1A9, 0xC1C4, 0xC1C5, 0xC1E0, 0xC1E1, 0xC1FC, 0xC1FD, 0xC218, 0xC219, 0xC234, 0xC235,
        0xC250, 0xC251, 0xC26C, 0xC26D, 0xC288, 0xC289, 0xC2A4, 0xC2A5, 0xC2C0, 0xC2C1, 0xC2DC, 0xC2DD,
        0xC2F8, 0xC2F9, 0xC314, 0xC315, 0xC330, 0xC331, 0xC34C, 0xC34D, 0xC368, 0xC369, 0xC384, 0xC385,
        0xC3A0, 0xC3A1, 0xC3BC, 0xC3BD, 0xC3D8, 0xC3D9, 0xC3F4, 0xC3F5, 0xC410, 0xC411, 0xC42C, 0xC42D,
        0xC448, 0xC449, 0xC464, 0xC465, 0xC480, 0xC481, 0xC49C, 0xC49D, 0xC4B8, 0xC4B9, 0xC4D4, 0xC4D5,
        0xC4F0, 0xC4F1, 0xC50C, 0xC50D, 0xC528, 0xC529, 0xC544, 0xC545, 0xC560, 0xC561, 0xC57C, 0xC57D,
        0xC598, 0xC599, 0xC5B4, 0xC5B5, 0xC5D0, 0xC5D1, 0xC5EC, 0xC5ED, 0xC608, 0xC609, 0xC624, 0xC625,
        0xC640, 0xC641, 0xC65C, 0xC65D, 0xC678, 0xC679, 0xC694, 0xC695, 0xC6B0, 0xC6B1, 0xC6CC, 0xC6CD,
        0xC6E8, 0xC6E9, 0xC704, 0xC705, 0xC720, 0xC721, 0xC73C, 0xC73D, 0xC758, 0xC759, 0xC774, 0xC775,
        0xC790, 0xC791, 0xC7AC, 0xC7AD, 0xC7C8, 0xC7C9, 0xC7E4, 0xC7E5, 0xC800, 0xC801, 0xC81C, 0xC81D,
        0xC838, 0xC839, 0xC854, 0xC855, 0xC870, 0xC871, 0xC88C, 0xC88D, 0xC8A8, 0xC8A9, 0xC8C4, 0xC8C5,
        0xC8E0, 0xC8E1, 0xC8FC, 0xC8FD, 0xC918, 0xC919, 0xC934, 0xC935, 0xC950, 0xC951, 0xC96C, 0xC96D,
        0xC988, 0xC989, 0xC9A4, 0xC9A5, 0xC9C0, 0xC9C1, 0xC9DC, 0xC9DD, 0xC9F8, 0xC9F9, 0xCA14, 0xCA15,
        0xCA30, 0xCA31, 0xCA4C, 0xCA4D, 0xCA68, 0xCA69, 0xCA84, 0xCA85, 0xCAA0, 0xCAA1, 0xCABC, 0xCABD,
        0xCAD8, 0xCAD9, 0xCAF4, 0xCAF5, 0xCB10, 0xCB11, 0xCB2C, 0xCB2D, 0xCB48, 0xCB49, 0xCB64, 0xCB65,
        0xCB80, 0xCB81, 0xCB9C, 0xCB9D, 0xCBB8, 0xCBB9, 0xCBD4, 0xCBD5, 0xCBF0, 0xCBF1, 0xCC0C, 0xCC0D,
        0xCC28, 0xCC29, 0xCC44, 0xCC45, 0xCC60, 0xCC61, 0xCC7C, 0xCC7D, 0xCC98, 0xCC99, 0xCCB4, 0xCCB5,
        0xCCD0, 0xCCD1, 0xCCEC, 0xCCED, 0xCD08, 0xCD09, 0xCD24, 0xCD25, 0xCD40, 0xCD41, 0xCD5C, 0xCD5D,
        0xCD78, 0xCD79, 0xCD94, 0xCD95, 0xCDB0, 0xCDB1, 0xCDCC, 0xCDCD, 0xCDE8, 0xCDE9, 0xCE04, 0xCE05,
        0xCE20, 0xCE21, 0xCE3C, 0xCE3D, 0xCE58, 0xCE59, 0xCE74, 0xCE75, 0xCE90, 0xCE91, 0xCEAC, 0xCEAD,
        0xCEC8, 0xCEC9, 0xCEE4, 0xCEE5, 0xCF00, 0xCF01, 0xCF1C, 0xCF1D, 0xCF38, 0xCF39, 0xCF54, 0xCF55,
        0xCF70, 0xCF71, 0xCF8C, 0xCF8D, 0xCFA8, 0xCFA9, 0xCFC4, 0xCFC5, 0xCFE0, 0xCFE1, 0xCFFC, 0xCFFD,
        0xD018, 0xD019, 0xD034, 0xD035, 0xD050, 0xD051, 0xD06C, 0xD06D, 0xD088, 0xD089, 0xD0A4, 0xD0A5,
        0xD0C0, 0xD0C1, 0xD0DC, 0xD0DD, 0xD0F8, 0xD0F9, 0xD114, 0xD115, 0xD130, 0xD131, 0xD14C, 0xD14D,
        0xD168, 0xD169, 0xD184, 0xD185, 0xD1A0, 0xD1A1, 0xD1BC, 0xD1BD, 0xD1D8, 0xD1D9, 0xD1F4, 0xD1F5,
        0xD210, 0xD211, 0xD22C, 0xD22D, 0xD248, 0xD249, 0xD264, 0xD265, 0xD280, 0xD281, 0xD29C, 0xD29D,
        0xD2B8, 0xD2B9, 0xD2D4, 0xD2D5, 0xD2F0, 0xD2F1, 0xD30C, 0xD30D, 0xD328, 0xD329, 0xD344, 0xD345,
        0xD360, 0xD361, 0xD37C, 0xD37D, 0xD398, 0xD399, 0xD3B4, 0xD3B5, 0xD3D0, 0xD3D1, 0xD3EC, 0xD3ED,
        0xD408, 0xD409, 0xD424, 0xD425, 0xD440, 0xD441, 0xD45C, 0xD45D, 0xD478, 0xD479, 0xD494, 0xD495,
        0xD4B0, 0xD4B1, 0xD4CC, 0xD4CD, 0xD4E8, 0xD4E9, 0xD504, 0xD505, 0xD520, 0xD521, 0xD53C, 0xD53D,
        0xD558, 0xD559, 0xD574, 0xD575, 0xD590, 0xD591, 0xD5AC, 0xD5AD, 0xD5C8, 0xD5C9, 0xD5E4, 0xD5E5,
        0xD600, 0xD601, 0xD61C, 0xD61D, 0xD638, 0xD639, 0xD654, 0xD655, 0xD670, 0xD671, 0xD68C, 0xD68D,
        0xD6A8, 0xD6A9, 0xD6C4, 0xD6C5, 0xD6E0, 0xD6E1, 0xD6FC, 0xD6FD, 0xD718, 0xD719, 0xD734, 0xD735,
        0xD750, 0xD751, 0xD76C, 0xD76D, 0xD788, 0xD789, 0xD7A4, 0xD7C7, 0xD7FC, 0xE000, 0xFB00, 0xFB07,
        0xFB18, 0xFB1E, 0xFB1F, 0xFB29, 0xFB2A, 0xFB37, 0xFB3D, 0xFB3F, 0xFB42, 0xFB45, 0xFB50, 0xFBC3,
        0xFD3E, 0xFD3F, 0xFD40, 0xFD90, 0xFDC8, 0xFDD0, 0xFDFC, 0xFDFD, 0xFE00, 0xFE10, 0xFE13, 0xFE15,
        0xFE17, 0xFE18, 0xFE19, 0xFE1A, 0xFE21, 0xFE22, 0xFE23, 0xFE24, 0xFE25, 0xFE26, 0xFE28, 0xFE29,
        0xFE2A, 0xFE2B, 0xFE2C, 0xFE2D, 0xFE2F, 0xFE30, 0xFE35, 0xFE36, 0xFE37, 0xFE38, 0xFE39, 0xFE3A,
        0xFE3B, 0xFE3C, 0xFE3D, 0xFE3E, 0xFE3F, 0xFE40, 0xFE41, 0xFE42, 0xFE43, 0xFE44, 0xFE45, 0xFE47,
        0xFE48, 0xFE49, 0xFE50, 0xFE51, 0xFE52, 0xFE53, 0xFE56, 0xFE58, 0xFE59, 0xFE5A, 0xFE5B, 0xFE5C,
        0xFE5D, 0xFE5E, 0xFE5F, 0xFE67, 0xFE69, 0xFE6A, 0xFE6B, 0xFE6C, 0xFE75, 0xFEFD, 0xFF00, 0xFF02,
        0xFF04, 0xFF05, 0xFF06, 0xFF08, 0xFF09, 0xFF0A, 0xFF0C, 0xFF0D, 0xFF0E, 0xFF0F, 0xFF1A, 0xFF1C,
        0xFF1F, 0xFF20, 0xFF3B, 0xFF3C, 0xFF3D, 0xFF3E, 0xFF5B, 0xFF5C, 0xFF5D, 0xFF5E, 0xFF5F, 0xFF60,
        0xFF62, 0xFF63, 0xFF65, 0xFF66, 0xFF67, 0xFF71, 0xFF9E, 0xFFA0, 0xFFBF, 0xFFC8, 0xFFD0, 0xFFD8,
        0xFFDD, 0xFFE1, 0xFFE2, 0xFFE5, 0xFFE7, 0xFFEF, 0xFFFC, 0xFFFD, 0xFFFE, 0x1000C, 0x10027, 0x1003B,
        0x1003E, 0x1004E, 0x1005E, 0x100FB, 0x10103, 0x10134, 0x1018F, 0x1019D, 0x101A1, 0x101FD, 0x101FE, 0x1029D,
        0x102D1, 0x102E1, 0x102FC, 0x10324, 0x1034B, 0x10376, 0x1037B, 0x1039E, 0x103A0, 0x103C4, 0x103D0, 0x103D1,
        0x103D6, 0x1049E, 0x104AA, 0x104D4, 0x104FC, 0x10528, 0x10564, 0x1057B, 0x1058B, 0x10593, 0x10596, 0x105A2,
        0x105B2, 0x105BA, 0x105BD, 0x105F4, 0x10737, 0x10756, 0x10768, 0x10786, 0x107B1, 0x107BB, 0x10806, 0x10809,
        0x10836, 0x10839, 0x1083D, 0x10856, 0x10858, 0x1089F, 0x108B0, 0x108F3, 0x108F6, 0x1091C, 0x10920, 0x1093A,
        0x10940, 0x109B8, 0x109D0, 0x10A01, 0x10A04, 0x10A07, 0x10A10, 0x10A14, 0x10A18, 0x10A36, 0x10A3B, 0x10A40,
        0x10A49, 0x10A58, 0x10A59, 0x10AA0, 0x10AE5, 0x10AE7, 0x10AF0, 0x10AF6, 0x10AF7, 0x10B36, 0x10B40, 0x10B56,
        0x10B73, 0x10B92, 0x10B9D, 0x10BB0, 0x10C49, 0x10CB3, 0x10CF3, 0x10D24, 0x10D28, 0x10D3A, 0x10D4A, 0x10D66,
        0x10D6E, 0x10D6F, 0x10D86, 0x10D90, 0x10E7F, 0x10EAA, 0x10EAD, 0x10EAE, 0x10EB2, 0x10EC5, 0x10F00, 0x10F28,
        0x10F46, 0x10F51, 0x10F5A, 0x10F82, 0x10F86, 0x10F8A, 0x10FCC, 0x10FF7, 0x11003, 0x11005, 0x11038, 0x11046,
        0x11047, 0x11049, 0x1104E, 0x11066, 0x11070, 0x11071, 0x11073, 0x11075, 0x11076, 0x11080, 0x11083, 0x110B0,
        0x110BB, 0x110BD, 0x110BE, 0x110C2, 0x110C3, 0x110CE, 0x110E9, 0x110FA, 0x11103, 0x11127, 0x11135, 0x11140,
        0x11144, 0x11145, 0x11147, 0x11148, 0x11173, 0x11174, 0x11175, 0x11176, 0x11177, 0x11183, 0x111B3, 0x111C1,
        0x111C5, 0x111C7, 0x111C8, 0x111C9, 0x111CD, 0x111CE, 0x111D0, 0x111DA, 0x111DB, 0x111DC, 0x111DD, 0x111E0,
        0x111F5, 0x11212, 0x1122C, 0x11238, 0x1123A, 0x1123B, 0x1123D, 0x1123E, 0x1123F, 0x11241, 0x11242, 0x11287,
        0x11289, 0x1128E, 0x1129E, 0x112A9, 0x112AA, 0x112DF, 0x112EB, 0x112FA, 0x11304, 0x1130D, 0x11311, 0x11329,
        0x11331, 0x11334, 0x1133A, 0x1133D, 0x1133E, 0x11345, 0x11349, 0x1134D, 0x1134E, 0x11351, 0x11358, 0x1135E,
        0x11360, 0x11362, 0x11364, 0x1136D, 0x11375, 0x1138A, 0x1138C, 0x1138F, 0x11392, 0x113B6, 0x113B8, 0x113C1,
        0x113C3, 0x113C6, 0x113CB, 0x113D0, 0x113D1, 0x113D2, 0x113D3, 0x113D6, 0x113D9, 0x113E3, 0x11435, 0x11447,
        0x1144B, 0x1144F, 0x11450, 0x1145A, 0x1145C, 0x1145E, 0x1145F, 0x11462, 0x114B0, 0x114C4, 0x114C8, 0x114DA,
        0x115AF, 0x115B6, 0x115C1, 0x115C2, 0x115C4, 0x115C6, 0x115C9, 0x115D8, 0x115DC, 0x115DE, 0x11630, 0x11641,
        0x11643, 0x11645, 0x1165A, 0x1166D, 0x116AB, 0x116B8, 0x116BA, 0x116CA, 0x116E4, 0x1171B, 0x1172C, 0x1173A,
        0x1173C, 0x1173F, 0x11747, 0x1182C, 0x1183B, 0x1183C, 0x118E0, 0x118EA, 0x118F3, 0x11900, 0x11907, 0x1190A,
        0x11914, 0x11917, 0x11930, 0x11936, 0x11939, 0x1193E, 0x1193F, 0x11940, 0x11941, 0x11942, 0x11944, 0x11947,
        0x1195A, 0x119A8, 0x119D1, 0x119D8, 0x119E1, 0x119E2, 0x119E3, 0x119E4, 0x119E5, 0x11A01, 0x11A0B, 0x11A33,
        0x11A3A, 0x11A3B, 0x11A3F, 0x11A40, 0x11A41, 0x11A45, 0x11A46, 0x11A47, 0x11A48, 0x11A51, 0x11A5C, 0x11A8A,
        0x11A9A, 0x11A9D, 0x11A9E, 0x11AA1, 0x11AA3, 0x11AF9, 0x11B0A, 0x11BE2, 0x11BFA, 0x11C09, 0x11C2F, 0x11C37,
        0x11C40, 0x11C41, 0x11C46, 0x11C5A, 0x11C6D, 0x11C71, 0x11C72, 0x11C90, 0x11CA8, 0x11CB7, 0x11D07, 0x11D0A,
        0x11D31, 0x11D37, 0x11D3B, 0x11D3E, 0x11D46, 0x11D47, 0x11D48, 0x11D5A, 0x11D66, 0x11D69, 0x11D8A, 0x11D8F,
        0x11D92, 0x11D98, 0x11D99, 0x11DAA, 0x11EF2, 0x11EF3, 0x11EF7, 0x11EF9, 0x11F02, 0x11F03, 0x11F04, 0x11F11,
        0x11F34, 0x11F3B, 0x11F42, 0x11F43, 0x11F45, 0x11F50, 0x11F5A, 0x11F5B, 0x11FB1, 0x11FDD, 0x11FE1, 0x11FF2,
        0x12000, 0x1239A, 0x1246F, 0x12475, 0x12544, 0x12FF3, 0x13258, 0x1325B, 0x1325E, 0x13282, 0x13283, 0x13286,
        0x13287, 0x13288, 0x13289, 0x1328A, 0x13379, 0x1337A, 0x1337C, 0x1342F, 0x13430, 0x13437, 0x13438, 0x13439,
        0x1343C, 0x1343D, 0x1343E, 0x1343F, 0x13440, 0x13441, 0x13447, 0x13456, 0x143FB, 0x145CE, 0x145CF, 0x145D0,
        0x14647, 0x1611E, 0x16130, 0x1613A, 0x16A39, 0x16A5F, 0x16A6A, 0x16A70, 0x16ABF, 0x16ACA, 0x16AEE, 0x16AF5,
        0x16AF6, 0x16B30, 0x16B37, 0x16B3A, 0x16B44, 0x16B45, 0x16B46, 0x16B5A, 0x16B62, 0x16B78, 0x16B90, 0x16D6E,
        0x16D70, 0x16D7A, 0x16E97, 0x16E99, 0x16E9B, 0x16F4B, 0x16F50, 0x16F51, 0x16F88, 0x16F93, 0x16FA0, 0x16FE4,
        0x16FE5, 0x16FF2, 0x187F8, 0x18B00, 0x18CD6, 0x18D00, 0x18D09, 0x1AFF4, 0x1AFFC, 0x1AFFF, 0x1B123, 0x1B133,
        0x1B153, 0x1B156, 0x1B168, 0x1B2FC, 0x1BC6B, 0x1BC7D, 0x1BC89, 0x1BC9A, 0x1BC9D, 0x1BC9F, 0x1BCA0, 0x1BCA4,
        0x1CCF0, 0x1CCFA, 0x1CEB4, 0x1CF2E, 0x1CF47, 0x1CFC4, 0x1D0F6, 0x1D127, 0x1D165, 0x1D16A, 0x1D16D, 0x1D183,
        0x1D185, 0x1D18C, 0x1D1AA, 0x1D1AE, 0x1D1EB, 0x1D242, 0x1D245, 0x1D246, 0x1D2D4, 0x1D2F4, 0x1D357, 0x1D379,
        0x1D455, 0x1D49D, 0x1D4A0, 0x1D4A3, 0x1D4A7, 0x1D4AD, 0x1D4BA, 0x1D4BC, 0x1D4C4, 0x1D506, 0x1D50B, 0x1D515,
        0x1D51D, 0x1D53A, 0x1D53F, 0x1D545, 0x1D547, 0x1D551, 0x1D6A6, 0x1D7CC, 0x1D800, 0x1DA00, 0x1DA37, 0x1DA3B,
        0x1DA6D, 0x1DA75, 0x1DA76, 0x1DA84, 0x1DA85, 0x1DA87, 0x1DA8B, 0x1DA8C, 0x1DAA0, 0x1DAB0, 0x1DF1F, 0x1DF2B,
        0x1E007, 0x1E019, 0x1E022, 0x1E025, 0x1E02B, 0x1E06E, 0x1E090, 0x1E12D, 0x1E137, 0x1E13E, 0x1E14A, 0x1E150,
        0x1E2AE, 0x1E2AF, 0x1E2EC, 0x1E2F0, 0x1E2FA, 0x1E300, 0x1E4EC, 0x1E4F0, 0x1E4FA, 0x1E5EE, 0x1E5F0, 0x1E5F1,
        0x1E5FB, 0x1E600, 0x1E7E7, 0x1E7EC, 0x1E7EF, 0x1E7FF, 0x1E8C5, 0x1E8D0, 0x1E8D7, 0x1E944, 0x1E94B, 0x1E94C,
        0x1E95A, 0x1E960, 0x1ECAC, 0x1ECAD, 0x1ECB0, 0x1ECB1, 0x1ECB5, 0x1ED3E, 0x1EE04, 0x1EE20, 0x1EE23, 0x1EE25,
        0x1EE28, 0x1EE33, 0x1EE38, 0x1EE3A, 0x1EE3C, 0x1EE43, 0x1EE48, 0x1EE4A, 0x1EE4C, 0x1EE50, 0x1EE53, 0x1EE55,
        0x1EE58, 0x1EE5A, 0x1EE5C, 0x1EE5E, 0x1EE60, 0x1EE63, 0x1EE65, 0x1EE6B, 0x1EE73, 0x1EE78, 0x1EE7D, 0x1EE7F,
        0x1EE8A, 0x1EE9C, 0x1EEA4, 0x1EEAA, 0x1EEBC, 0x1EEF2, 0x1F100, 0x1F10D, 0x1F110, 0x1F12E, 0x1F130, 0x1F16A,
        0x1F170, 0x1F1AD, 0x1F1AE, 0x1F1E6, 0x1F200, 0x1F385, 0x1F386, 0x1F39C, 0x1F39E, 0x1F3B5, 0x1F3B7, 0x1F3BC,
        0x1F3BD, 0x1F3C2, 0x1F3C5, 0x1F3C7, 0x1F3C8, 0x1F3CA, 0x1F3CD, 0x1F3FB, 0x1F400, 0x1F442, 0x1F444, 0x1F446,
        0x1F451, 0x1F466, 0x1F479, 0x1F47C, 0x1F47D, 0x1F481, 0x1F484, 0x1F485, 0x1F488, 0x1F48F, 0x1F490, 0x1F491,
        0x1F492, 0x1F4A0, 0x1F4A1, 0x1F4A2, 0x1F4A3, 0x1F4A4, 0x1F4A5, 0x1F4AA, 0x1F4AB, 0x1F4AF, 0x1F4B0, 0x1F4B1,
        0x1F4B3, 0x1F500, 0x1F507, 0x1F517, 0x1F525, 0x1F532, 0x1F54A, 0x1F574, 0x1F576, 0x1F57A, 0x1F57B, 0x1F590,
        0x1F591, 0x1F595, 0x1F597, 0x1F5D4, 0x1F5DC, 0x1F5F4, 0x1F5FA, 0x1F645, 0x1F648, 0x1F64B, 0x1F650, 0x1F676,
        0x1F679, 0x1F67C, 0x1F680, 0x1F6A3, 0x1F6A4, 0x1F6B4, 0x1F6B7, 0x1F6C0, 0x1F6C1, 0x1F6CC, 0x1F6CD, 0x1F700,
        0x1F774, 0x1F780, 0x1F7D5, 0x1F800, 0x1F80C, 0x1F848, 0x1F85A, 0x1F888, 0x1F8AE, 0x1F8BC, 0x1F8C2, 0x1F90C,
        0x1F90D, 0x1F90F, 0x1F910, 0x1F918, 0x1F920, 0x1F926, 0x1F927, 0x1F930, 0x1F93A, 0x1F93C, 0x1F93F, 0x1F977,
        0x1F978, 0x1F9B5, 0x1F9B7, 0x1F9B8, 0x1F9BA, 0x1F9BB, 0x1F9BC, 0x1F9CD, 0x1F9D0, 0x1F9D1, 0x1F9DE, 0x1FA00,
        0x1FA54, 0x1FAC3, 0x1FAC6, 0x1FAF0, 0x1FAF9, 0x1FB00, 0x1FB93, 0x1FBF0, 0x1FBFA, 0x1FFFE, 0x2FFFE, 0x3FFFE,
        0xE0002, 0xE0080, 0xE01F0,
    ];

    /// <summary>The class of each run, in the same order.</summary>
    private static readonly LineBreakClass[] Classes =
    [
        LineBreakClass.CM, LineBreakClass.BA, LineBreakClass.LF, LineBreakClass.BK, LineBreakClass.CR, LineBreakClass.CM, LineBreakClass.SP, LineBreakClass.EX, LineBreakClass.QU, LineBreakClass.AL, LineBreakClass.PR, LineBreakClass.PO, LineBreakClass.AL, LineBreakClass.QU, LineBreakClass.OP, LineBreakClass.CP,
        LineBreakClass.AL, LineBreakClass.PR, LineBreakClass.IS, LineBreakClass.HY, LineBreakClass.IS, LineBreakClass.SY, LineBreakClass.NU, LineBreakClass.IS, LineBreakClass.AL, LineBreakClass.EX, LineBreakClass.AL, LineBreakClass.OP, LineBreakClass.PR, LineBreakClass.CP, LineBreakClass.AL, LineBreakClass.OP,
        LineBreakClass.BA, LineBreakClass.CL, LineBreakClass.AL, LineBreakClass.CM, LineBreakClass.NL, LineBreakClass.CM, LineBreakClass.GL, LineBreakClass.OP, LineBreakClass.PO, LineBreakClass.PR, LineBreakClass.AL, LineBreakClass.AI, LineBreakClass.AL, LineBreakClass.AI, LineBreakClass.QU, LineBreakClass.AL,
        LineBreakClass.BA, LineBreakClass.AL, LineBreakClass.PO, LineBreakClass.PR, LineBreakClass.AI, LineBreakClass.BB, LineBreakClass.AL, LineBreakClass.AI, LineBreakClass.QU, LineBreakClass.AI, LineBreakClass.OP, LineBreakClass.AL, LineBreakClass.AI, LineBreakClass.AL, LineBreakClass.AI, LineBreakClass.AL,
        LineBreakClass.AI, LineBreakClass.BB, LineBreakClass.AI, LineBreakClass.BB, LineBreakClass.AI, LineBreakClass.AL, LineBreakClass.AI, LineBreakClass.AL, LineBreakClass.AI, LineBreakClass.AL, LineBreakClass.AI, LineBreakClass.AL, LineBreakClass.BB, LineBreakClass.AL, LineBreakClass.CM, LineBreakClass.GL,
        LineBreakClass.CM, LineBreakClass.GL, LineBreakClass.CM, LineBreakClass.AL, LineBreakClass.AL, LineBreakClass.IS, LineBreakClass.AL, LineBreakClass.AL, LineBreakClass.AL, LineBreakClass.AL, LineBreakClass.AL, LineBreakClass.CM, LineBreakClass.AL, LineBreakClass.AL, LineBreakClass.AL, LineBreakClass.IS,
        LineBreakClass.BA, LineBreakClass.AL, LineBreakClass.PR, LineBreakClass.CM, LineBreakClass.BA, LineBreakClass.CM, LineBreakClass.AL, LineBreakClass.CM, LineBreakClass.AL, LineBreakClass.CM, LineBreakClass.EX, LineBreakClass.CM, LineBreakClass.HL, LineBreakClass.HL, LineBreakClass.AL, LineBreakClass.NU,
        LineBreakClass.AL, LineBreakClass.PO, LineBreakClass.IS, LineBreakClass.AL, LineBreakClass.CM, LineBreakClass.EX, LineBreakClass.CM, LineBreakClass.EX, LineBreakClass.AL, LineBreakClass.CM, LineBreakClass.NU, LineBreakClass.PO, LineBreakClass.NU, LineBreakClass.AL, LineBreakClass.CM, LineBreakClass.AL,
        LineBreakClass.EX, LineBreakClass.AL, LineBreakClass.CM, LineBreakClass.NU, LineBreakClass.AL, LineBreakClass.CM, LineBreakClass.AL, LineBreakClass.CM, LineBreakClass.AL, LineBreakClass.CM, LineBreakClass.AL, LineBreakClass.NU, LineBreakClass.AL, LineBreakClass.AL, LineBreakClass.CM, LineBreakClass.AL,
        LineBreakClass.CM, LineBreakClass.AL, LineBreakClass.CM, LineBreakClass.AL, LineBreakClass.NU, LineBreakClass.AL, LineBreakClass.CM, LineBreakClass.AL, LineBreakClass.IS, LineBreakClass.EX, LineBreakClass.AL, LineBreakClass.CM, LineBreakClass.PR, LineBreakClass.AL, LineBreakClass.CM, LineBreakClass.AL,
        LineBreakClass.CM, LineBreakClass.AL, LineBreakClass.CM, LineBreakClass.AL, LineBreakClass.CM, LineBreakClass.AL, LineBreakClass.AL, LineBreakClass.CM, LineBreakClass.AL, LineBreakClass.AL, LineBreakClass.AL, LineBreakClass.NU, LineBreakClass.CM, LineBreakClass.AL, LineBreakClass.CM, LineBreakClass.NU,
        LineBreakClass.CM, LineBreakClass.AL, LineBreakClass.CM, LineBreakClass.AL, LineBreakClass.CM, LineBreakClass.AL, LineBreakClass.CM, LineBreakClass.AL, LineBreakClass.CM, LineBreakClass.BA, LineBreakClass.NU, LineBreakClass.AL, LineBreakClass.CM, LineBreakClass.AL, LineBreakClass.AL, LineBreakClass.AL,
        LineBreakClass.AL, LineBreakClass.AL, LineBreakClass.AL, LineBreakClass.CM, LineBreakClass.AL, LineBreakClass.CM, LineBreakClass.CM, LineBreakClass.CM, LineBreakClass.AL, LineBreakClass.CM, LineBreakClass.AL, LineBreakClass.AL, LineBreakClass.CM, LineBreakClass.NU, LineBreakClass.AL, LineBreakClass.PO,
        LineBreakClass.AL, LineBreakClass.PO, LineBreakClass.AL, LineBreakClass.PR, LineBreakClass.AL, LineBreakClass.CM, LineBreakClass.CM, LineBreakClass.AL, LineBreakClass.AL, LineBreakClass.AL, LineBreakClass.AL, LineBreakClass.AL, LineBreakClass.AL, LineBreakClass.AL, LineBreakClass.CM, LineBreakClass.CM,
        LineBreakClass.CM, LineBreakClass.CM, LineBreakClass.CM, LineBreakClass.AL, LineBreakClass.AL, LineBreakClass.NU, LineBreakClass.CM, LineBreakClass.AL, LineBreakClass.CM, LineBreakClass.AL, LineBreakClass.CM, LineBreakClass.AL, LineBreakClass.AL, LineBreakClass.AL, LineBreakClass.AL, LineBreakClass.AL,
        LineBreakClass.AL, LineBreakClass.CM, LineBreakClass.AL, LineBreakClass.CM, LineBreakClass.CM, LineBreakClass.CM, LineBreakClass.AL, LineBreakClass.AL, LineBreakClass.CM, LineBreakClass.NU, LineBreakClass.AL, LineBreakClass.PR, LineBreakClass.AL, LineBreakClass.CM, LineBreakClass.CM, LineBreakClass.AL,
        LineBreakClass.AL, LineBreakClass.AL, LineBreakClass.AL, LineBreakClass.AL, LineBreakClass.AL, LineBreakClass.CM, LineBreakClass.AL, LineBreakClass.CM, LineBreakClass.CM, LineBreakClass.CM, LineBreakClass.CM, LineBreakClass.AL, LineBreakClass.AL, LineBreakClass.CM, LineBreakClass.NU, LineBreakClass.AL,
        LineBreakClass.CM, LineBreakClass.AL, LineBreakClass.AL, LineBreakClass.AL, LineBreakClass.AL, LineBreakClass.AL, LineBreakClass.AL, LineBreakClass.AL, LineBreakClass.AL, LineBreakClass.AL, LineBreakClass.AL, LineBreakClass.CM, LineBreakClass.CM, LineBreakClass.CM, LineBreakClass.AL, LineBreakClass.CM,
        LineBreakClass.NU, LineBreakClass.AL, LineBreakClass.PR, LineBreakClass.AL, LineBreakClass.CM, LineBreakClass.AL, LineBreakClass.AL, LineBreakClass.AL, LineBreakClass.AL, LineBreakClass.CM, LineBreakClass.AL, LineBreakClass.CM, LineBreakClass.CM, LineBreakClass.CM, LineBreakClass.CM, LineBreakClass.AL,
        LineBreakClass.AL, LineBreakClass.AL, LineBreakClass.CM, LineBreakClass.NU, LineBreakClass.BB, LineBreakClass.AL, LineBreakClass.CM, LineBreakClass.BB, LineBreakClass.AL, LineBreakClass.AL, LineBreakClass.AL, LineBreakClass.AL, LineBreakClass.AL, LineBreakClass.CM, LineBreakClass.AL, LineBreakClass.CM,
        LineBreakClass.CM, LineBreakClass.CM, LineBreakClass.CM, LineBreakClass.AL, LineBreakClass.AL, LineBreakClass.CM, LineBreakClass.NU, LineBreakClass.AL, LineBreakClass.CM, LineBreakClass.CM, LineBreakClass.AL, LineBreakClass.AL, LineBreakClass.AL, LineBreakClass.CM, LineBreakClass.AL, LineBreakClass.CM,
        LineBreakClass.CM, LineBreakClass.CM, LineBreakClass.AL, LineBreakClass.AL, LineBreakClass.CM, LineBreakClass.AL, LineBreakClass.CM, LineBreakClass.NU, LineBreakClass.AL, LineBreakClass.PO, LineBreakClass.AL, LineBreakClass.CM, LineBreakClass.AL, LineBreakClass.AL, LineBreakClass.AL, LineBreakClass.AL,
        LineBreakClass.AL, LineBreakClass.CM, LineBreakClass.CM, LineBreakClass.CM, LineBreakClass.CM, LineBreakClass.NU, LineBreakClass.CM, LineBreakClass.AL, LineBreakClass.SA, LineBreakClass.PR, LineBreakClass.SA, LineBreakClass.AL, LineBreakClass.NU, LineBreakClass.BA, LineBreakClass.SA, LineBreakClass.SA,
        LineBreakClass.SA, LineBreakClass.SA, LineBreakClass.SA, LineBreakClass.SA, LineBreakClass.SA, LineBreakClass.SA, LineBreakClass.SA, LineBreakClass.NU, LineBreakClass.SA, LineBreakClass.AL, LineBreakClass.BB, LineBreakClass.AL, LineBreakClass.BB, LineBreakClass.GL, LineBreakClass.BB, LineBreakClass.BA,
        LineBreakClass.GL, LineBreakClass.EX, LineBreakClass.GL, LineBreakClass.AL, LineBreakClass.EX, LineBreakClass.AL, LineBreakClass.CM, LineBreakClass.AL, LineBreakClass.NU, LineBreakClass.AL, LineBreakClass.BA, LineBreakClass.CM, LineBreakClass.AL, LineBreakClass.CM, LineBreakClass.AL, LineBreakClass.CM,
        LineBreakClass.OP, LineBreakClass.CL, LineBreakClass.OP, LineBreakClass.CL, LineBreakClass.CM, LineBreakClass.AL, LineBreakClass.AL, LineBreakClass.CM, LineBreakClass.BA, LineBreakClass.CM, LineBreakClass.BA, LineBreakClass.CM, LineBreakClass.AL, LineBreakClass.CM, LineBreakClass.CM, LineBreakClass.BA,
        LineBreakClass.AL, LineBreakClass.CM, LineBreakClass.AL, LineBreakClass.AL, LineBreakClass.BB, LineBreakClass.BA, LineBreakClass.BB, LineBreakClass.AL, LineBreakClass.GL, LineBreakClass.SA, LineBreakClass.NU, LineBreakClass.BA, LineBreakClass.AL, LineBreakClass.SA, LineBreakClass.NU, LineBreakClass.SA,
        LineBreakClass.AL, LineBreakClass.AL, LineBreakClass.AL, LineBreakClass.AL, LineBreakClass.JL, LineBreakClass.JV, LineBreakClass.JT, LineBreakClass.AL, LineBreakClass.AL, LineBreakClass.AL, LineBreakClass.AL, LineBreakClass.AL, LineBreakClass.AL, LineBreakClass.AL, LineBreakClass.AL, LineBreakClass.AL,
        LineBreakClass.AL, LineBreakClass.AL, LineBreakClass.AL, LineBreakClass.AL, LineBreakClass.AL, LineBreakClass.AL, LineBreakClass.AL, LineBreakClass.CM, LineBreakClass.AL, LineBreakClass.BA, LineBreakClass.AL, LineBreakClass.AL, LineBreakClass.AL, LineBreakClass.AL, LineBreakClass.BA, LineBreakClass.AL,
        LineBreakClass.BA, LineBreakClass.AL, LineBreakClass.OP, LineBreakClass.CL, LineBreakClass.AL, LineBreakClass.BA, LineBreakClass.AL, LineBreakClass.AL, LineBreakClass.CM, LineBreakClass.AL, LineBreakClass.CM, LineBreakClass.BA, LineBreakClass.AL, LineBreakClass.CM, LineBreakClass.AL, LineBreakClass.AL,
        LineBreakClass.CM, LineBreakClass.SA, LineBreakClass.BA, LineBreakClass.NS, LineBreakClass.SA, LineBreakClass.BA, LineBreakClass.AL, LineBreakClass.BA, LineBreakClass.PR, LineBreakClass.SA, LineBreakClass.NU, LineBreakClass.AL, LineBreakClass.AL, LineBreakClass.EX, LineBreakClass.BA, LineBreakClass.BB,
        LineBreakClass.AL, LineBreakClass.EX, LineBreakClass.AL, LineBreakClass.CM, LineBreakClass.GL, LineBreakClass.CM, LineBreakClass.NU, LineBreakClass.AL, LineBreakClass.AL, LineBreakClass.CM, LineBreakClass.AL, LineBreakClass.CM, LineBreakClass.AL, LineBreakClass.AL, LineBreakClass.AL, LineBreakClass.CM,
        LineBreakClass.CM, LineBreakClass.AL, LineBreakClass.EX, LineBreakClass.NU, LineBreakClass.SA, LineBreakClass.SA, LineBreakClass.SA, LineBreakClass.SA, LineBreakClass.NU, LineBreakClass.SA, LineBreakClass.AL, LineBreakClass.CM, LineBreakClass.AL, LineBreakClass.SA, LineBreakClass.SA, LineBreakClass.CM,
        LineBreakClass.NU, LineBreakClass.NU, LineBreakClass.SA, LineBreakClass.CM, LineBreakClass.CM, LineBreakClass.AK, LineBreakClass.CM, LineBreakClass.VI, LineBreakClass.AK, LineBreakClass.BA, LineBreakClass.AS, LineBreakClass.BA, LineBreakClass.ID, LineBreakClass.BA, LineBreakClass.ID, LineBreakClass.CM,
        LineBreakClass.ID, LineBreakClass.BA, LineBreakClass.CM, LineBreakClass.AL, LineBreakClass.CM, LineBreakClass.AL, LineBreakClass.NU, LineBreakClass.AL, LineBreakClass.AS, LineBreakClass.CM, LineBreakClass.VF, LineBreakClass.AL, LineBreakClass.CM, LineBreakClass.BA, LineBreakClass.NU, LineBreakClass.AL,
        LineBreakClass.NU, LineBreakClass.AL, LineBreakClass.BA, LineBreakClass.AL, LineBreakClass.AL, LineBreakClass.AL, LineBreakClass.CM, LineBreakClass.AL, LineBreakClass.CM, LineBreakClass.AL, LineBreakClass.CM, LineBreakClass.AL, LineBreakClass.CM, LineBreakClass.AL, LineBreakClass.CM, LineBreakClass.AL,
        LineBreakClass.AL, LineBreakClass.CM, LineBreakClass.GL, LineBreakClass.CM, LineBreakClass.GL, LineBreakClass.CM, LineBreakClass.AL, LineBreakClass.AL, LineBreakClass.AL, LineBreakClass.AL, LineBreakClass.AL, LineBreakClass.AL, LineBreakClass.AL, LineBreakClass.AL, LineBreakClass.AL, LineBreakClass.AL,
        LineBreakClass.AL, LineBreakClass.AL, LineBreakClass.AL, LineBreakClass.AL, LineBreakClass.AL, LineBreakClass.AL, LineBreakClass.BB, LineBreakClass.AL, LineBreakClass.BA, LineBreakClass.GL, LineBreakClass.BA, LineBreakClass.ZW, LineBreakClass.CM, LineBreakClass.ZWJ, LineBreakClass.CM, LineBreakClass.BA,
        LineBreakClass.GL, LineBreakClass.BA, LineBreakClass.B2, LineBreakClass.AI, LineBreakClass.AL, LineBreakClass.QU, LineBreakClass.OP, LineBreakClass.QU, LineBreakClass.OP, LineBreakClass.QU, LineBreakClass.AI, LineBreakClass.AL, LineBreakClass.IN, LineBreakClass.BA, LineBreakClass.BK, LineBreakClass.CM,
        LineBreakClass.GL, LineBreakClass.PO, LineBreakClass.AL, LineBreakClass.QU, LineBreakClass.AI, LineBreakClass.NS, LineBreakClass.AL, LineBreakClass.IS, LineBreakClass.OP, LineBreakClass.CL, LineBreakClass.NS, LineBreakClass.AL, LineBreakClass.BA, LineBreakClass.PO, LineBreakClass.BA, LineBreakClass.AL,
        LineBreakClass.BA, LineBreakClass.WJ, LineBreakClass.AL, LineBreakClass.CM, LineBreakClass.AL, LineBreakClass.AI, LineBreakClass.AL, LineBreakClass.OP, LineBreakClass.CL, LineBreakClass.AI, LineBreakClass.AL, LineBreakClass.AI, LineBreakClass.AL, LineBreakClass.OP, LineBreakClass.CL, LineBreakClass.AL,
        LineBreakClass.PR, LineBreakClass.PO, LineBreakClass.PR, LineBreakClass.PO, LineBreakClass.PR, LineBreakClass.PO, LineBreakClass.PR, LineBreakClass.PO, LineBreakClass.PR, LineBreakClass.PO, LineBreakClass.PR, LineBreakClass.CM, LineBreakClass.AL, LineBreakClass.PO, LineBreakClass.AL, LineBreakClass.AI,
        LineBreakClass.AL, LineBreakClass.PO, LineBreakClass.AL, LineBreakClass.AI, LineBreakClass.AL, LineBreakClass.PR, LineBreakClass.AL, LineBreakClass.AI, LineBreakClass.AL, LineBreakClass.AI, LineBreakClass.AL, LineBreakClass.AI, LineBreakClass.AL, LineBreakClass.AI, LineBreakClass.AL, LineBreakClass.AI,
        LineBreakClass.AL, LineBreakClass.AI, LineBreakClass.AL, LineBreakClass.AI, LineBreakClass.AL, LineBreakClass.AI, LineBreakClass.AL, LineBreakClass.AI, LineBreakClass.AL, LineBreakClass.AI, LineBreakClass.AL, LineBreakClass.AI, LineBreakClass.AL, LineBreakClass.AI, LineBreakClass.AL, LineBreakClass.AI,
        LineBreakClass.AL, LineBreakClass.AI, LineBreakClass.AL, LineBreakClass.AI, LineBreakClass.PR, LineBreakClass.AL, LineBreakClass.AI, LineBreakClass.AL, LineBreakClass.AI, LineBreakClass.AL, LineBreakClass.AI, LineBreakClass.AL, LineBreakClass.AI, LineBreakClass.AL, LineBreakClass.AI, LineBreakClass.AL,
        LineBreakClass.AI, LineBreakClass.AL, LineBreakClass.AI, LineBreakClass.AL, LineBreakClass.AI, LineBreakClass.AL, LineBreakClass.AI, LineBreakClass.AL, LineBreakClass.AI, LineBreakClass.AL, LineBreakClass.AI, LineBreakClass.AL, LineBreakClass.AI, LineBreakClass.AL, LineBreakClass.AI, LineBreakClass.AL,
        LineBreakClass.AI, LineBreakClass.AL, LineBreakClass.AI, LineBreakClass.AL, LineBreakClass.AI, LineBreakClass.AL, LineBreakClass.AI, LineBreakClass.AL, LineBreakClass.AI, LineBreakClass.AL, LineBreakClass.AI, LineBreakClass.AL, LineBreakClass.AI, LineBreakClass.AL, LineBreakClass.AI, LineBreakClass.AL,
        LineBreakClass.AI, LineBreakClass.AL, LineBreakClass.IN, LineBreakClass.AL, LineBreakClass.OP, LineBreakClass.CL, LineBreakClass.OP, LineBreakClass.CL, LineBreakClass.AL, LineBreakClass.AI, LineBreakClass.AL, LineBreakClass.ID, LineBreakClass.AL, LineBreakClass.OP, LineBreakClass.CL, LineBreakClass.AL,
        LineBreakClass.ID, LineBreakClass.AL, LineBreakClass.AL, LineBreakClass.AI, LineBreakClass.AL, LineBreakClass.AI, LineBreakClass.AL, LineBreakClass.AI, LineBreakClass.AL, LineBreakClass.AI, LineBreakClass.AL, LineBreakClass.AI, LineBreakClass.AL, LineBreakClass.AI, LineBreakClass.AL, LineBreakClass.AI,
        LineBreakClass.AL, LineBreakClass.AI, LineBreakClass.AL, LineBreakClass.AI, LineBreakClass.AL, LineBreakClass.AI, LineBreakClass.AL, LineBreakClass.AI, LineBreakClass.AL, LineBreakClass.AI, LineBreakClass.AL, LineBreakClass.AI, LineBreakClass.AL, LineBreakClass.AI, LineBreakClass.AL, LineBreakClass.AI,
        LineBreakClass.AL, LineBreakClass.AI, LineBreakClass.AL, LineBreakClass.ID, LineBreakClass.AL, LineBreakClass.AI, LineBreakClass.AL, LineBreakClass.AI, LineBreakClass.AL, LineBreakClass.AI, LineBreakClass.AL, LineBreakClass.ID, LineBreakClass.AI, LineBreakClass.ID, LineBreakClass.AL, LineBreakClass.ID,
        LineBreakClass.EB, LineBreakClass.ID, LineBreakClass.AL, LineBreakClass.ID, LineBreakClass.AL, LineBreakClass.AI, LineBreakClass.AL, LineBreakClass.AI, LineBreakClass.AL, LineBreakClass.AI, LineBreakClass.AL, LineBreakClass.AI, LineBreakClass.AL, LineBreakClass.AI, LineBreakClass.ID, LineBreakClass.AI,
        LineBreakClass.AL, LineBreakClass.AI, LineBreakClass.AL, LineBreakClass.AI, LineBreakClass.AL, LineBreakClass.ID, LineBreakClass.AL, LineBreakClass.AI, LineBreakClass.AL, LineBreakClass.ID, LineBreakClass.AI, LineBreakClass.ID, LineBreakClass.AL, LineBreakClass.ID, LineBreakClass.AI, LineBreakClass.ID,
        LineBreakClass.AI, LineBreakClass.ID, LineBreakClass.AI, LineBreakClass.ID, LineBreakClass.AI, LineBreakClass.ID, LineBreakClass.AL, LineBreakClass.AI, LineBreakClass.AL, LineBreakClass.AI, LineBreakClass.ID, LineBreakClass.AI, LineBreakClass.ID, LineBreakClass.AI, LineBreakClass.ID, LineBreakClass.EB,
        LineBreakClass.ID, LineBreakClass.AI, LineBreakClass.ID, LineBreakClass.AL, LineBreakClass.ID, LineBreakClass.EB, LineBreakClass.AL, LineBreakClass.AI, LineBreakClass.AL, LineBreakClass.QU, LineBreakClass.AL, LineBreakClass.EX, LineBreakClass.ID, LineBreakClass.AL, LineBreakClass.OP, LineBreakClass.CL,
        LineBreakClass.OP, LineBreakClass.CL, LineBreakClass.OP, LineBreakClass.CL, LineBreakClass.OP, LineBreakClass.CL, LineBreakClass.OP, LineBreakClass.CL, LineBreakClass.OP, LineBreakClass.CL, LineBreakClass.OP, LineBreakClass.CL, LineBreakClass.AI, LineBreakClass.AL, LineBreakClass.OP, LineBreakClass.CL,
        LineBreakClass.AL, LineBreakClass.OP, LineBreakClass.CL, LineBreakClass.OP, LineBreakClass.CL, LineBreakClass.OP, LineBreakClass.CL, LineBreakClass.OP, LineBreakClass.CL, LineBreakClass.OP, LineBreakClass.CL, LineBreakClass.AL, LineBreakClass.OP, LineBreakClass.CL, LineBreakClass.OP, LineBreakClass.CL,
        LineBreakClass.OP, LineBreakClass.CL, LineBreakClass.OP, LineBreakClass.CL, LineBreakClass.OP, LineBreakClass.CL, LineBreakClass.OP, LineBreakClass.CL, LineBreakClass.OP, LineBreakClass.CL, LineBreakClass.OP, LineBreakClass.CL, LineBreakClass.OP, LineBreakClass.CL, LineBreakClass.OP, LineBreakClass.CL,
        LineBreakClass.OP, LineBreakClass.CL, LineBreakClass.AL, LineBreakClass.OP, LineBreakClass.CL, LineBreakClass.OP, LineBreakClass.CL, LineBreakClass.AL, LineBreakClass.OP, LineBreakClass.CL, LineBreakClass.AL, LineBreakClass.AI, LineBreakClass.AL, LineBreakClass.AL, LineBreakClass.AL, LineBreakClass.CM,
        LineBreakClass.AL, LineBreakClass.EX, LineBreakClass.BA, LineBreakClass.AL, LineBreakClass.EX, LineBreakClass.BA, LineBreakClass.AL, LineBreakClass.AL, LineBreakClass.AL, LineBreakClass.AL, LineBreakClass.AL, LineBreakClass.BA, LineBreakClass.CM, LineBreakClass.AL, LineBreakClass.AL, LineBreakClass.AL,
        LineBreakClass.AL, LineBreakClass.AL, LineBreakClass.AL, LineBreakClass.AL, LineBreakClass.AL, LineBreakClass.AL, LineBreakClass.CM, LineBreakClass.QU, LineBreakClass.BA, LineBreakClass.AL, LineBreakClass.BA, LineBreakClass.OP, LineBreakClass.BA, LineBreakClass.AL, LineBreakClass.QU, LineBreakClass.AL,
        LineBreakClass.QU, LineBreakClass.OP, LineBreakClass.CL, LineBreakClass.OP, LineBreakClass.CL, LineBreakClass.OP, LineBreakClass.CL, LineBreakClass.OP, LineBreakClass.CL, LineBreakClass.BA, LineBreakClass.EX, LineBreakClass.AL, LineBreakClass.BA, LineBreakClass.AL, LineBreakClass.BA, LineBreakClass.AL,
        LineBreakClass.B2, LineBreakClass.BA, LineBreakClass.AL, LineBreakClass.BA, LineBreakClass.OP, LineBreakClass.BA, LineBreakClass.AL, LineBreakClass.BA, LineBreakClass.AL, LineBreakClass.BA, LineBreakClass.AL, LineBreakClass.EX, LineBreakClass.OP, LineBreakClass.CP, LineBreakClass.OP, LineBreakClass.CP,
        LineBreakClass.OP, LineBreakClass.CP, LineBreakClass.OP, LineBreakClass.CP, LineBreakClass.BA, LineBreakClass.ID, LineBreakClass.ID, LineBreakClass.ID, LineBreakClass.ID, LineBreakClass.BA, LineBreakClass.CL, LineBreakClass.ID, LineBreakClass.NS, LineBreakClass.ID, LineBreakClass.OP, LineBreakClass.CL,
        LineBreakClass.OP, LineBreakClass.CL, LineBreakClass.OP, LineBreakClass.CL, LineBreakClass.OP, LineBreakClass.CL, LineBreakClass.OP, LineBreakClass.CL, LineBreakClass.ID, LineBreakClass.OP, LineBreakClass.CL, LineBreakClass.OP, LineBreakClass.CL, LineBreakClass.OP, LineBreakClass.CL, LineBreakClass.OP,
        LineBreakClass.CL, LineBreakClass.NS, LineBreakClass.OP, LineBreakClass.CL, LineBreakClass.ID, LineBreakClass.CM, LineBreakClass.ID, LineBreakClass.CM, LineBreakClass.ID, LineBreakClass.NS, LineBreakClass.ID, LineBreakClass.CJ, LineBreakClass.ID, LineBreakClass.CJ, LineBreakClass.ID, LineBreakClass.CJ,
        LineBreakClass.ID, LineBreakClass.CJ, LineBreakClass.ID, LineBreakClass.CJ, LineBreakClass.ID, LineBreakClass.CJ, LineBreakClass.ID, LineBreakClass.CJ, LineBreakClass.ID, LineBreakClass.CJ, LineBreakClass.ID, LineBreakClass.CJ, LineBreakClass.ID, LineBreakClass.CJ, LineBreakClass.ID, LineBreakClass.CJ,
        LineBreakClass.CM, LineBreakClass.NS, LineBreakClass.ID, LineBreakClass.NS, LineBreakClass.CJ, LineBreakClass.ID, LineBreakClass.CJ, LineBreakClass.ID, LineBreakClass.CJ, LineBreakClass.ID, LineBreakClass.CJ, LineBreakClass.ID, LineBreakClass.CJ, LineBreakClass.ID, LineBreakClass.CJ, LineBreakClass.ID,
        LineBreakClass.CJ, LineBreakClass.ID, LineBreakClass.CJ, LineBreakClass.ID, LineBreakClass.CJ, LineBreakClass.ID, LineBreakClass.CJ, LineBreakClass.ID, LineBreakClass.CJ, LineBreakClass.ID, LineBreakClass.NS, LineBreakClass.CJ, LineBreakClass.NS, LineBreakClass.ID, LineBreakClass.ID, LineBreakClass.ID,
        LineBreakClass.ID, LineBreakClass.ID, LineBreakClass.CJ, LineBreakClass.ID, LineBreakClass.ID, LineBreakClass.AI, LineBreakClass.ID, LineBreakClass.AL, LineBreakClass.ID, LineBreakClass.NS, LineBreakClass.ID, LineBreakClass.ID, LineBreakClass.AL, LineBreakClass.BA, LineBreakClass.AL, LineBreakClass.BA,
        LineBreakClass.EX, LineBreakClass.BA, LineBreakClass.AL, LineBreakClass.NU, LineBreakClass.AL, LineBreakClass.AL, LineBreakClass.CM, LineBreakClass.AL, LineBreakClass.CM, LineBreakClass.AL, LineBreakClass.CM, LineBreakClass.AL, LineBreakClass.CM, LineBreakClass.AL, LineBreakClass.BA, LineBreakClass.AL,
        LineBreakClass.AL, LineBreakClass.AL, LineBreakClass.AL, LineBreakClass.AL, LineBreakClass.CM, LineBreakClass.AL, LineBreakClass.CM, LineBreakClass.AL, LineBreakClass.CM, LineBreakClass.AL, LineBreakClass.CM, LineBreakClass.AL, LineBreakClass.CM, LineBreakClass.AL, LineBreakClass.PO, LineBreakClass.AL,
        LineBreakClass.AL, LineBreakClass.BB, LineBreakClass.EX, LineBreakClass.CM, LineBreakClass.AL, LineBreakClass.CM, LineBreakClass.BA, LineBreakClass.NU, LineBreakClass.CM, LineBreakClass.AL, LineBreakClass.BB, LineBreakClass.AL, LineBreakClass.CM, LineBreakClass.NU, LineBreakClass.AL, LineBreakClass.CM,
        LineBreakClass.BA, LineBreakClass.AL, LineBreakClass.CM, LineBreakClass.AL, LineBreakClass.JL, LineBreakClass.CM, LineBreakClass.AK, LineBreakClass.CM, LineBreakClass.VI, LineBreakClass.ID, LineBreakClass.BA, LineBreakClass.ID, LineBreakClass.BA, LineBreakClass.AS, LineBreakClass.ID, LineBreakClass.SA,
        LineBreakClass.NU, LineBreakClass.SA, LineBreakClass.AS, LineBreakClass.CM, LineBreakClass.BA, LineBreakClass.CM, LineBreakClass.BA, LineBreakClass.CM, LineBreakClass.AS, LineBreakClass.ID, LineBreakClass.BA, LineBreakClass.SA, LineBreakClass.SA, LineBreakClass.AL, LineBreakClass.CM, LineBreakClass.BA,
        LineBreakClass.AL, LineBreakClass.CM, LineBreakClass.AL, LineBreakClass.AL, LineBreakClass.AL, LineBreakClass.AL, LineBreakClass.AL, LineBreakClass.AL, LineBreakClass.AL, LineBreakClass.CM, LineBreakClass.BA, LineBreakClass.CM, LineBreakClass.NU, LineBreakClass.H2, LineBreakClass.H3, LineBreakClass.H2,
        LineBreakClass.H3, LineBreakClass.H2, LineBreakClass.H3, LineBreakClass.H2, LineBreakClass.H3, LineBreakClass.H2, LineBreakClass.H3, LineBreakClass.H2, LineBreakClass.H3, LineBreakClass.H2, LineBreakClass.H3, LineBreakClass.H2, LineBreakClass.H3, LineBreakClass.H2, LineBreakClass.H3, LineBreakClass.H2,
        LineBreakClass.H3, LineBreakClass.H2, LineBreakClass.H3, LineBreakClass.H2, LineBreakClass.H3, LineBreakClass.H2, LineBreakClass.H3, LineBreakClass.H2, LineBreakClass.H3, LineBreakClass.H2, LineBreakClass.H3, LineBreakClass.H2, LineBreakClass.H3, LineBreakClass.H2, LineBreakClass.H3, LineBreakClass.H2,
        LineBreakClass.H3, LineBreakClass.H2, LineBreakClass.H3, LineBreakClass.H2, LineBreakClass.H3, LineBreakClass.H2, LineBreakClass.H3, LineBreakClass.H2, LineBreakClass.H3, LineBreakClass.H2, LineBreakClass.H3, LineBreakClass.H2, LineBreakClass.H3, LineBreakClass.H2, LineBreakClass.H3, LineBreakClass.H2,
        LineBreakClass.H3, LineBreakClass.H2, LineBreakClass.H3, LineBreakClass.H2, LineBreakClass.H3, LineBreakClass.H2, LineBreakClass.H3, LineBreakClass.H2, LineBreakClass.H3, LineBreakClass.H2, LineBreakClass.H3, LineBreakClass.H2, LineBreakClass.H3, LineBreakClass.H2, LineBreakClass.H3, LineBreakClass.H2,
        LineBreakClass.H3, LineBreakClass.H2, LineBreakClass.H3, LineBreakClass.H2, LineBreakClass.H3, LineBreakClass.H2, LineBreakClass.H3, LineBreakClass.H2, LineBreakClass.H3, LineBreakClass.H2, LineBreakClass.H3, LineBreakClass.H2, LineBreakClass.H3, LineBreakClass.H2, LineBreakClass.H3, LineBreakClass.H2,
        LineBreakClass.H3, LineBreakClass.H2, LineBreakClass.H3, LineBreakClass.H2, LineBreakClass.H3, LineBreakClass.H2, LineBreakClass.H3, LineBreakClass.H2, LineBreakClass.H3, LineBreakClass.H2, LineBreakClass.H3, LineBreakClass.H2, LineBreakClass.H3, LineBreakClass.H2, LineBreakClass.H3, LineBreakClass.H2,
        LineBreakClass.H3, LineBreakClass.H2, LineBreakClass.H3, LineBreakClass.H2, LineBreakClass.H3, LineBreakClass.H2, LineBreakClass.H3, LineBreakClass.H2, LineBreakClass.H3, LineBreakClass.H2, LineBreakClass.H3, LineBreakClass.H2, LineBreakClass.H3, LineBreakClass.H2, LineBreakClass.H3, LineBreakClass.H2,
        LineBreakClass.H3, LineBreakClass.H2, LineBreakClass.H3, LineBreakClass.H2, LineBreakClass.H3, LineBreakClass.H2, LineBreakClass.H3, LineBreakClass.H2, LineBreakClass.H3, LineBreakClass.H2, LineBreakClass.H3, LineBreakClass.H2, LineBreakClass.H3, LineBreakClass.H2, LineBreakClass.H3, LineBreakClass.H2,
        LineBreakClass.H3, LineBreakClass.H2, LineBreakClass.H3, LineBreakClass.H2, LineBreakClass.H3, LineBreakClass.H2, LineBreakClass.H3, LineBreakClass.H2, LineBreakClass.H3, LineBreakClass.H2, LineBreakClass.H3, LineBreakClass.H2, LineBreakClass.H3, LineBreakClass.H2, LineBreakClass.H3, LineBreakClass.H2,
        LineBreakClass.H3, LineBreakClass.H2, LineBreakClass.H3, LineBreakClass.H2, LineBreakClass.H3, LineBreakClass.H2, LineBreakClass.H3, LineBreakClass.H2, LineBreakClass.H3, LineBreakClass.H2, LineBreakClass.H3, LineBreakClass.H2, LineBreakClass.H3, LineBreakClass.H2, LineBreakClass.H3, LineBreakClass.H2,
        LineBreakClass.H3, LineBreakClass.H2, LineBreakClass.H3, LineBreakClass.H2, LineBreakClass.H3, LineBreakClass.H2, LineBreakClass.H3, LineBreakClass.H2, LineBreakClass.H3, LineBreakClass.H2, LineBreakClass.H3, LineBreakClass.H2, LineBreakClass.H3, LineBreakClass.H2, LineBreakClass.H3, LineBreakClass.H2,
        LineBreakClass.H3, LineBreakClass.H2, LineBreakClass.H3, LineBreakClass.H2, LineBreakClass.H3, LineBreakClass.H2, LineBreakClass.H3, LineBreakClass.H2, LineBreakClass.H3, LineBreakClass.H2, LineBreakClass.H3, LineBreakClass.H2, LineBreakClass.H3, LineBreakClass.H2, LineBreakClass.H3, LineBreakClass.H2,
        LineBreakClass.H3, LineBreakClass.H2, LineBreakClass.H3, LineBreakClass.H2, LineBreakClass.H3, LineBreakClass.H2, LineBreakClass.H3, LineBreakClass.H2, LineBreakClass.H3, LineBreakClass.H2, LineBreakClass.H3, LineBreakClass.H2, LineBreakClass.H3, LineBreakClass.H2, LineBreakClass.H3, LineBreakClass.H2,
        LineBreakClass.H3, LineBreakClass.H2, LineBreakClass.H3, LineBreakClass.H2, LineBreakClass.H3, LineBreakClass.H2, LineBreakClass.H3, LineBreakClass.H2, LineBreakClass.H3, LineBreakClass.H2, LineBreakClass.H3, LineBreakClass.H2, LineBreakClass.H3, LineBreakClass.H2, LineBreakClass.H3, LineBreakClass.H2,
        LineBreakClass.H3, LineBreakClass.H2, LineBreakClass.H3, LineBreakClass.H2, LineBreakClass.H3, LineBreakClass.H2, LineBreakClass.H3, LineBreakClass.H2, LineBreakClass.H3, LineBreakClass.H2, LineBreakClass.H3, LineBreakClass.H2, LineBreakClass.H3, LineBreakClass.H2, LineBreakClass.H3, LineBreakClass.H2,
        LineBreakClass.H3, LineBreakClass.H2, LineBreakClass.H3, LineBreakClass.H2, LineBreakClass.H3, LineBreakClass.H2, LineBreakClass.H3, LineBreakClass.H2, LineBreakClass.H3, LineBreakClass.H2, LineBreakClass.H3, LineBreakClass.H2, LineBreakClass.H3, LineBreakClass.H2, LineBreakClass.H3, LineBreakClass.H2,
        LineBreakClass.H3, LineBreakClass.H2, LineBreakClass.H3, LineBreakClass.H2, LineBreakClass.H3, LineBreakClass.H2, LineBreakClass.H3, LineBreakClass.H2, LineBreakClass.H3, LineBreakClass.H2, LineBreakClass.H3, LineBreakClass.H2, LineBreakClass.H3, LineBreakClass.H2, LineBreakClass.H3, LineBreakClass.H2,
        LineBreakClass.H3, LineBreakClass.H2, LineBreakClass.H3, LineBreakClass.H2, LineBreakClass.H3, LineBreakClass.H2, LineBreakClass.H3, LineBreakClass.H2, LineBreakClass.H3, LineBreakClass.H2, LineBreakClass.H3, LineBreakClass.H2, LineBreakClass.H3, LineBreakClass.H2, LineBreakClass.H3, LineBreakClass.H2,
        LineBreakClass.H3, LineBreakClass.H2, LineBreakClass.H3, LineBreakClass.H2, LineBreakClass.H3, LineBreakClass.H2, LineBreakClass.H3, LineBreakClass.H2, LineBreakClass.H3, LineBreakClass.H2, LineBreakClass.H3, LineBreakClass.H2, LineBreakClass.H3, LineBreakClass.H2, LineBreakClass.H3, LineBreakClass.H2,
        LineBreakClass.H3, LineBreakClass.H2, LineBreakClass.H3, LineBreakClass.H2, LineBreakClass.H3, LineBreakClass.H2, LineBreakClass.H3, LineBreakClass.H2, LineBreakClass.H3, LineBreakClass.H2, LineBreakClass.H3, LineBreakClass.H2, LineBreakClass.H3, LineBreakClass.H2, LineBreakClass.H3, LineBreakClass.H2,
        LineBreakClass.H3, LineBreakClass.H2, LineBreakClass.H3, LineBreakClass.H2, LineBreakClass.H3, LineBreakClass.H2, LineBreakClass.H3, LineBreakClass.H2, LineBreakClass.H3, LineBreakClass.H2, LineBreakClass.H3, LineBreakClass.H2, LineBreakClass.H3, LineBreakClass.H2, LineBreakClass.H3, LineBreakClass.H2,
        LineBreakClass.H3, LineBreakClass.H2, LineBreakClass.H3, LineBreakClass.H2, LineBreakClass.H3, LineBreakClass.H2, LineBreakClass.H3, LineBreakClass.H2, LineBreakClass.H3, LineBreakClass.H2, LineBreakClass.H3, LineBreakClass.H2, LineBreakClass.H3, LineBreakClass.H2, LineBreakClass.H3, LineBreakClass.H2,
        LineBreakClass.H3, LineBreakClass.H2, LineBreakClass.H3, LineBreakClass.H2, LineBreakClass.H3, LineBreakClass.H2, LineBreakClass.H3, LineBreakClass.H2, LineBreakClass.H3, LineBreakClass.H2, LineBreakClass.H3, LineBreakClass.H2, LineBreakClass.H3, LineBreakClass.H2, LineBreakClass.H3, LineBreakClass.H2,
        LineBreakClass.H3, LineBreakClass.H2, LineBreakClass.H3, LineBreakClass.H2, LineBreakClass.H3, LineBreakClass.H2, LineBreakClass.H3, LineBreakClass.H2, LineBreakClass.H3, LineBreakClass.H2, LineBreakClass.H3, LineBreakClass.H2, LineBreakClass.H3, LineBreakClass.H2, LineBreakClass.H3, LineBreakClass.H2,
        LineBreakClass.H3, LineBreakClass.H2, LineBreakClass.H3, LineBreakClass.H2, LineBreakClass.H3, LineBreakClass.H2, LineBreakClass.H3, LineBreakClass.H2, LineBreakClass.H3, LineBreakClass.H2, LineBreakClass.H3, LineBreakClass.H2, LineBreakClass.H3, LineBreakClass.H2, LineBreakClass.H3, LineBreakClass.H2,
        LineBreakClass.H3, LineBreakClass.H2, LineBreakClass.H3, LineBreakClass.H2, LineBreakClass.H3, LineBreakClass.H2, LineBreakClass.H3, LineBreakClass.H2, LineBreakClass.H3, LineBreakClass.H2, LineBreakClass.H3, LineBreakClass.H2, LineBreakClass.H3, LineBreakClass.H2, LineBreakClass.H3, LineBreakClass.H2,
        LineBreakClass.H3, LineBreakClass.H2, LineBreakClass.H3, LineBreakClass.H2, LineBreakClass.H3, LineBreakClass.H2, LineBreakClass.H3, LineBreakClass.H2, LineBreakClass.H3, LineBreakClass.H2, LineBreakClass.H3, LineBreakClass.H2, LineBreakClass.H3, LineBreakClass.H2, LineBreakClass.H3, LineBreakClass.H2,
        LineBreakClass.H3, LineBreakClass.H2, LineBreakClass.H3, LineBreakClass.H2, LineBreakClass.H3, LineBreakClass.H2, LineBreakClass.H3, LineBreakClass.H2, LineBreakClass.H3, LineBreakClass.H2, LineBreakClass.H3, LineBreakClass.H2, LineBreakClass.H3, LineBreakClass.H2, LineBreakClass.H3, LineBreakClass.H2,
        LineBreakClass.H3, LineBreakClass.H2, LineBreakClass.H3, LineBreakClass.H2, LineBreakClass.H3, LineBreakClass.H2, LineBreakClass.H3, LineBreakClass.H2, LineBreakClass.H3, LineBreakClass.H2, LineBreakClass.H3, LineBreakClass.H2, LineBreakClass.H3, LineBreakClass.H2, LineBreakClass.H3, LineBreakClass.H2,
        LineBreakClass.H3, LineBreakClass.H2, LineBreakClass.H3, LineBreakClass.H2, LineBreakClass.H3, LineBreakClass.H2, LineBreakClass.H3, LineBreakClass.H2, LineBreakClass.H3, LineBreakClass.H2, LineBreakClass.H3, LineBreakClass.H2, LineBreakClass.H3, LineBreakClass.H2, LineBreakClass.H3, LineBreakClass.H2,
        LineBreakClass.H3, LineBreakClass.H2, LineBreakClass.H3, LineBreakClass.H2, LineBreakClass.H3, LineBreakClass.H2, LineBreakClass.H3, LineBreakClass.H2, LineBreakClass.H3, LineBreakClass.H2, LineBreakClass.H3, LineBreakClass.H2, LineBreakClass.H3, LineBreakClass.H2, LineBreakClass.H3, LineBreakClass.H2,
        LineBreakClass.H3, LineBreakClass.H2, LineBreakClass.H3, LineBreakClass.H2, LineBreakClass.H3, LineBreakClass.H2, LineBreakClass.H3, LineBreakClass.H2, LineBreakClass.H3, LineBreakClass.H2, LineBreakClass.H3, LineBreakClass.H2, LineBreakClass.H3, LineBreakClass.H2, LineBreakClass.H3, LineBreakClass.H2,
        LineBreakClass.H3, LineBreakClass.H2, LineBreakClass.H3, LineBreakClass.H2, LineBreakClass.H3, LineBreakClass.H2, LineBreakClass.H3, LineBreakClass.H2, LineBreakClass.H3, LineBreakClass.H2, LineBreakClass.H3, LineBreakClass.H2, LineBreakClass.H3, LineBreakClass.H2, LineBreakClass.H3, LineBreakClass.H2,
        LineBreakClass.H3, LineBreakClass.H2, LineBreakClass.H3, LineBreakClass.H2, LineBreakClass.H3, LineBreakClass.H2, LineBreakClass.H3, LineBreakClass.H2, LineBreakClass.H3, LineBreakClass.H2, LineBreakClass.H3, LineBreakClass.H2, LineBreakClass.H3, LineBreakClass.H2, LineBreakClass.H3, LineBreakClass.H2,
        LineBreakClass.H3, LineBreakClass.H2, LineBreakClass.H3, LineBreakClass.H2, LineBreakClass.H3, LineBreakClass.H2, LineBreakClass.H3, LineBreakClass.H2, LineBreakClass.H3, LineBreakClass.H2, LineBreakClass.H3, LineBreakClass.H2, LineBreakClass.H3, LineBreakClass.H2, LineBreakClass.H3, LineBreakClass.H2,
        LineBreakClass.H3, LineBreakClass.H2, LineBreakClass.H3, LineBreakClass.H2, LineBreakClass.H3, LineBreakClass.H2, LineBreakClass.H3, LineBreakClass.H2, LineBreakClass.H3, LineBreakClass.H2, LineBreakClass.H3, LineBreakClass.H2, LineBreakClass.H3, LineBreakClass.H2, LineBreakClass.H3, LineBreakClass.H2,
        LineBreakClass.H3, LineBreakClass.H2, LineBreakClass.H3, LineBreakClass.H2, LineBreakClass.H3, LineBreakClass.H2, LineBreakClass.H3, LineBreakClass.H2, LineBreakClass.H3, LineBreakClass.H2, LineBreakClass.H3, LineBreakClass.H2, LineBreakClass.H3, LineBreakClass.H2, LineBreakClass.H3, LineBreakClass.H2,
        LineBreakClass.H3, LineBreakClass.H2, LineBreakClass.H3, LineBreakClass.H2, LineBreakClass.H3, LineBreakClass.H2, LineBreakClass.H3, LineBreakClass.H2, LineBreakClass.H3, LineBreakClass.H2, LineBreakClass.H3, LineBreakClass.H2, LineBreakClass.H3, LineBreakClass.H2, LineBreakClass.H3, LineBreakClass.H2,
        LineBreakClass.H3, LineBreakClass.H2, LineBreakClass.H3, LineBreakClass.H2, LineBreakClass.H3, LineBreakClass.H2, LineBreakClass.H3, LineBreakClass.H2, LineBreakClass.H3, LineBreakClass.H2, LineBreakClass.H3, LineBreakClass.H2, LineBreakClass.H3, LineBreakClass.H2, LineBreakClass.H3, LineBreakClass.H2,
        LineBreakClass.H3, LineBreakClass.H2, LineBreakClass.H3, LineBreakClass.H2, LineBreakClass.H3, LineBreakClass.H2, LineBreakClass.H3, LineBreakClass.H2, LineBreakClass.H3, LineBreakClass.H2, LineBreakClass.H3, LineBreakClass.H2, LineBreakClass.H3, LineBreakClass.H2, LineBreakClass.H3, LineBreakClass.H2,
        LineBreakClass.H3, LineBreakClass.H2, LineBreakClass.H3, LineBreakClass.H2, LineBreakClass.H3, LineBreakClass.H2, LineBreakClass.H3, LineBreakClass.H2, LineBreakClass.H3, LineBreakClass.H2, LineBreakClass.H3, LineBreakClass.H2, LineBreakClass.H3, LineBreakClass.H2, LineBreakClass.H3, LineBreakClass.H2,
        LineBreakClass.H3, LineBreakClass.H2, LineBreakClass.H3, LineBreakClass.H2, LineBreakClass.H3, LineBreakClass.H2, LineBreakClass.H3, LineBreakClass.H2, LineBreakClass.H3, LineBreakClass.H2, LineBreakClass.H3, LineBreakClass.H2, LineBreakClass.H3, LineBreakClass.H2, LineBreakClass.H3, LineBreakClass.H2,
        LineBreakClass.H3, LineBreakClass.H2, LineBreakClass.H3, LineBreakClass.H2, LineBreakClass.H3, LineBreakClass.H2, LineBreakClass.H3, LineBreakClass.H2, LineBreakClass.H3, LineBreakClass.H2, LineBreakClass.H3, LineBreakClass.H2, LineBreakClass.H3, LineBreakClass.H2, LineBreakClass.H3, LineBreakClass.H2,
        LineBreakClass.H3, LineBreakClass.H2, LineBreakClass.H3, LineBreakClass.H2, LineBreakClass.H3, LineBreakClass.H2, LineBreakClass.H3, LineBreakClass.H2, LineBreakClass.H3, LineBreakClass.H2, LineBreakClass.H3, LineBreakClass.H2, LineBreakClass.H3, LineBreakClass.H2, LineBreakClass.H3, LineBreakClass.H2,
        LineBreakClass.H3, LineBreakClass.H2, LineBreakClass.H3, LineBreakClass.H2, LineBreakClass.H3, LineBreakClass.H2, LineBreakClass.H3, LineBreakClass.H2, LineBreakClass.H3, LineBreakClass.H2, LineBreakClass.H3, LineBreakClass.H2, LineBreakClass.H3, LineBreakClass.H2, LineBreakClass.H3, LineBreakClass.H2,
        LineBreakClass.H3, LineBreakClass.H2, LineBreakClass.H3, LineBreakClass.H2, LineBreakClass.H3, LineBreakClass.H2, LineBreakClass.H3, LineBreakClass.H2, LineBreakClass.H3, LineBreakClass.H2, LineBreakClass.H3, LineBreakClass.H2, LineBreakClass.H3, LineBreakClass.H2, LineBreakClass.H3, LineBreakClass.H2,
        LineBreakClass.H3, LineBreakClass.H2, LineBreakClass.H3, LineBreakClass.H2, LineBreakClass.H3, LineBreakClass.H2, LineBreakClass.H3, LineBreakClass.H2, LineBreakClass.H3, LineBreakClass.H2, LineBreakClass.H3, LineBreakClass.H2, LineBreakClass.H3, LineBreakClass.H2, LineBreakClass.H3, LineBreakClass.H2,
        LineBreakClass.H3, LineBreakClass.H2, LineBreakClass.H3, LineBreakClass.H2, LineBreakClass.H3, LineBreakClass.H2, LineBreakClass.H3, LineBreakClass.H2, LineBreakClass.H3, LineBreakClass.H2, LineBreakClass.H3, LineBreakClass.H2, LineBreakClass.H3, LineBreakClass.H2, LineBreakClass.H3, LineBreakClass.H2,
        LineBreakClass.H3, LineBreakClass.H2, LineBreakClass.H3, LineBreakClass.H2, LineBreakClass.H3, LineBreakClass.H2, LineBreakClass.H3, LineBreakClass.H2, LineBreakClass.H3, LineBreakClass.H2, LineBreakClass.H3, LineBreakClass.H2, LineBreakClass.H3, LineBreakClass.H2, LineBreakClass.H3, LineBreakClass.H2,
        LineBreakClass.H3, LineBreakClass.H2, LineBreakClass.H3, LineBreakClass.H2, LineBreakClass.H3, LineBreakClass.H2, LineBreakClass.H3, LineBreakClass.H2, LineBreakClass.H3, LineBreakClass.H2, LineBreakClass.H3, LineBreakClass.JV, LineBreakClass.JT, LineBreakClass.SG, LineBreakClass.ID, LineBreakClass.AL,
        LineBreakClass.AL, LineBreakClass.HL, LineBreakClass.CM, LineBreakClass.HL, LineBreakClass.AL, LineBreakClass.HL, LineBreakClass.HL, LineBreakClass.HL, LineBreakClass.HL, LineBreakClass.HL, LineBreakClass.HL, LineBreakClass.AL, LineBreakClass.AL, LineBreakClass.CL, LineBreakClass.OP, LineBreakClass.AL,
        LineBreakClass.AL, LineBreakClass.AL, LineBreakClass.AL, LineBreakClass.PO, LineBreakClass.AL, LineBreakClass.CM, LineBreakClass.CL, LineBreakClass.NS, LineBreakClass.EX, LineBreakClass.OP, LineBreakClass.CL, LineBreakClass.IN, LineBreakClass.GL, LineBreakClass.CM, LineBreakClass.GL, LineBreakClass.CM,
        LineBreakClass.GL, LineBreakClass.CM, LineBreakClass.GL, LineBreakClass.CM, LineBreakClass.GL, LineBreakClass.CM, LineBreakClass.GL, LineBreakClass.CM, LineBreakClass.GL, LineBreakClass.CM, LineBreakClass.ID, LineBreakClass.OP, LineBreakClass.CL, LineBreakClass.OP, LineBreakClass.CL, LineBreakClass.OP,
        LineBreakClass.CL, LineBreakClass.OP, LineBreakClass.CL, LineBreakClass.OP, LineBreakClass.CL, LineBreakClass.OP, LineBreakClass.CL, LineBreakClass.OP, LineBreakClass.CL, LineBreakClass.OP, LineBreakClass.CL, LineBreakClass.ID, LineBreakClass.OP, LineBreakClass.CL, LineBreakClass.ID, LineBreakClass.CL,
        LineBreakClass.ID, LineBreakClass.CL, LineBreakClass.NS, LineBreakClass.EX, LineBreakClass.ID, LineBreakClass.OP, LineBreakClass.CL, LineBreakClass.OP, LineBreakClass.CL, LineBreakClass.OP, LineBreakClass.CL, LineBreakClass.ID, LineBreakClass.ID, LineBreakClass.PR, LineBreakClass.PO, LineBreakClass.ID,
        LineBreakClass.AL, LineBreakClass.AL, LineBreakClass.WJ, LineBreakClass.EX, LineBreakClass.ID, LineBreakClass.PR, LineBreakClass.PO, LineBreakClass.ID, LineBreakClass.OP, LineBreakClass.CL, LineBreakClass.ID, LineBreakClass.CL, LineBreakClass.ID, LineBreakClass.CL, LineBreakClass.ID, LineBreakClass.NS,
        LineBreakClass.ID, LineBreakClass.EX, LineBreakClass.ID, LineBreakClass.OP, LineBreakClass.ID, LineBreakClass.CL, LineBreakClass.ID, LineBreakClass.OP, LineBreakClass.ID, LineBreakClass.CL, LineBreakClass.ID, LineBreakClass.OP, LineBreakClass.CL, LineBreakClass.OP, LineBreakClass.CL, LineBreakClass.NS,
        LineBreakClass.ID, LineBreakClass.CJ, LineBreakClass.ID, LineBreakClass.NS, LineBreakClass.ID, LineBreakClass.ID, LineBreakClass.ID, LineBreakClass.ID, LineBreakClass.ID, LineBreakClass.PO, LineBreakClass.PR, LineBreakClass.ID, LineBreakClass.PR, LineBreakClass.AL, LineBreakClass.CM, LineBreakClass.CB,
        LineBreakClass.AI, LineBreakClass.AL, LineBreakClass.AL, LineBreakClass.AL, LineBreakClass.AL, LineBreakClass.AL, LineBreakClass.AL, LineBreakClass.AL, LineBreakClass.BA, LineBreakClass.AL, LineBreakClass.AL, LineBreakClass.AL, LineBreakClass.AL, LineBreakClass.AL, LineBreakClass.CM, LineBreakClass.AL,
        LineBreakClass.AL, LineBreakClass.CM, LineBreakClass.AL, LineBreakClass.AL, LineBreakClass.AL, LineBreakClass.AL, LineBreakClass.CM, LineBreakClass.AL, LineBreakClass.BA, LineBreakClass.AL, LineBreakClass.AL, LineBreakClass.BA, LineBreakClass.AL, LineBreakClass.AL, LineBreakClass.NU, LineBreakClass.AL,
        LineBreakClass.AL, LineBreakClass.AL, LineBreakClass.AL, LineBreakClass.AL, LineBreakClass.AL, LineBreakClass.AL, LineBreakClass.AL, LineBreakClass.AL, LineBreakClass.AL, LineBreakClass.AL, LineBreakClass.AL, LineBreakClass.AL, LineBreakClass.AL, LineBreakClass.AL, LineBreakClass.AL, LineBreakClass.AL,
        LineBreakClass.AL, LineBreakClass.AL, LineBreakClass.AL, LineBreakClass.AL, LineBreakClass.AL, LineBreakClass.AL, LineBreakClass.AL, LineBreakClass.AL, LineBreakClass.BA, LineBreakClass.AL, LineBreakClass.AL, LineBreakClass.AL, LineBreakClass.AL, LineBreakClass.AL, LineBreakClass.BA, LineBreakClass.AL,
        LineBreakClass.AL, LineBreakClass.AL, LineBreakClass.AL, LineBreakClass.AL, LineBreakClass.CM, LineBreakClass.CM, LineBreakClass.CM, LineBreakClass.AL, LineBreakClass.AL, LineBreakClass.AL, LineBreakClass.CM, LineBreakClass.CM, LineBreakClass.AL, LineBreakClass.BA, LineBreakClass.AL, LineBreakClass.AL,
        LineBreakClass.AL, LineBreakClass.CM, LineBreakClass.AL, LineBreakClass.BA, LineBreakClass.IN, LineBreakClass.AL, LineBreakClass.BA, LineBreakClass.AL, LineBreakClass.AL, LineBreakClass.AL, LineBreakClass.AL, LineBreakClass.AL, LineBreakClass.AL, LineBreakClass.AL, LineBreakClass.AL, LineBreakClass.AL,
        LineBreakClass.CM, LineBreakClass.NU, LineBreakClass.NU, LineBreakClass.AL, LineBreakClass.CM, LineBreakClass.BA, LineBreakClass.AL, LineBreakClass.AL, LineBreakClass.AL, LineBreakClass.AL, LineBreakClass.CM, LineBreakClass.BA, LineBreakClass.AL, LineBreakClass.AL, LineBreakClass.CM, LineBreakClass.AL,
        LineBreakClass.AL, LineBreakClass.CM, LineBreakClass.AL, LineBreakClass.AL, LineBreakClass.CM, LineBreakClass.AL, LineBreakClass.AL, LineBreakClass.AL, LineBreakClass.CM, LineBreakClass.AP, LineBreakClass.AK, LineBreakClass.CM, LineBreakClass.VI, LineBreakClass.BA, LineBreakClass.ID, LineBreakClass.ID,
        LineBreakClass.AS, LineBreakClass.CM, LineBreakClass.AK, LineBreakClass.CM, LineBreakClass.AK, LineBreakClass.GL, LineBreakClass.CM, LineBreakClass.AL, LineBreakClass.CM, LineBreakClass.AL, LineBreakClass.NU, LineBreakClass.BA, LineBreakClass.CM, LineBreakClass.NU, LineBreakClass.AL, LineBreakClass.NU,
        LineBreakClass.CM, LineBreakClass.AL, LineBreakClass.CM, LineBreakClass.NU, LineBreakClass.BA, LineBreakClass.AL, LineBreakClass.CM, LineBreakClass.AL, LineBreakClass.AL, LineBreakClass.CM, LineBreakClass.AL, LineBreakClass.BB, LineBreakClass.AL, LineBreakClass.CM, LineBreakClass.AL, LineBreakClass.CM,
        LineBreakClass.AL, LineBreakClass.BA, LineBreakClass.AL, LineBreakClass.BA, LineBreakClass.CM, LineBreakClass.AL, LineBreakClass.CM, LineBreakClass.NU, LineBreakClass.AL, LineBreakClass.BB, LineBreakClass.AL, LineBreakClass.BA, LineBreakClass.AL, LineBreakClass.AL, LineBreakClass.AL, LineBreakClass.CM,
        LineBreakClass.BA, LineBreakClass.AL, LineBreakClass.BA, LineBreakClass.AL, LineBreakClass.CM, LineBreakClass.AL, LineBreakClass.CM, LineBreakClass.AL, LineBreakClass.AL, LineBreakClass.AL, LineBreakClass.AL, LineBreakClass.AL, LineBreakClass.BA, LineBreakClass.AL, LineBreakClass.CM, LineBreakClass.NU,
        LineBreakClass.CM, LineBreakClass.AK, LineBreakClass.AK, LineBreakClass.AK, LineBreakClass.AK, LineBreakClass.AK, LineBreakClass.AK, LineBreakClass.CM, LineBreakClass.BA, LineBreakClass.CM, LineBreakClass.CM, LineBreakClass.CM, LineBreakClass.VI, LineBreakClass.AS, LineBreakClass.CM, LineBreakClass.BA,
        LineBreakClass.AS, LineBreakClass.AK, LineBreakClass.CM, LineBreakClass.CM, LineBreakClass.CM, LineBreakClass.AS, LineBreakClass.AS, LineBreakClass.AS, LineBreakClass.AS, LineBreakClass.AK, LineBreakClass.ID, LineBreakClass.CM, LineBreakClass.CM, LineBreakClass.CM, LineBreakClass.CM, LineBreakClass.CM,
        LineBreakClass.VI, LineBreakClass.AP, LineBreakClass.CM, LineBreakClass.ID, LineBreakClass.ID, LineBreakClass.CM, LineBreakClass.AL, LineBreakClass.CM, LineBreakClass.AL, LineBreakClass.BA, LineBreakClass.AL, LineBreakClass.NU, LineBreakClass.BA, LineBreakClass.AL, LineBreakClass.CM, LineBreakClass.AL,
        LineBreakClass.AL, LineBreakClass.CM, LineBreakClass.AL, LineBreakClass.NU, LineBreakClass.AL, LineBreakClass.CM, LineBreakClass.CM, LineBreakClass.BB, LineBreakClass.BA, LineBreakClass.EX, LineBreakClass.AL, LineBreakClass.BA, LineBreakClass.AL, LineBreakClass.CM, LineBreakClass.AL, LineBreakClass.CM,
        LineBreakClass.BA, LineBreakClass.AL, LineBreakClass.NU, LineBreakClass.BB, LineBreakClass.AL, LineBreakClass.CM, LineBreakClass.AL, LineBreakClass.NU, LineBreakClass.NU, LineBreakClass.SA, LineBreakClass.SA, LineBreakClass.NU, LineBreakClass.SA, LineBreakClass.BA, LineBreakClass.SA, LineBreakClass.AL,
        LineBreakClass.CM, LineBreakClass.AL, LineBreakClass.AL, LineBreakClass.NU, LineBreakClass.AL, LineBreakClass.AL, LineBreakClass.AK, LineBreakClass.AK, LineBreakClass.AK, LineBreakClass.AK, LineBreakClass.AK, LineBreakClass.CM, LineBreakClass.CM, LineBreakClass.CM, LineBreakClass.VI, LineBreakClass.AP,
        LineBreakClass.CM, LineBreakClass.AP, LineBreakClass.CM, LineBreakClass.BA, LineBreakClass.AS, LineBreakClass.AL, LineBreakClass.AL, LineBreakClass.CM, LineBreakClass.CM, LineBreakClass.AL, LineBreakClass.BB, LineBreakClass.AL, LineBreakClass.CM, LineBreakClass.AL, LineBreakClass.CM, LineBreakClass.AL,
        LineBreakClass.CM, LineBreakClass.AL, LineBreakClass.CM, LineBreakClass.BB, LineBreakClass.AL, LineBreakClass.BA, LineBreakClass.BB, LineBreakClass.AL, LineBreakClass.CM, LineBreakClass.AL, LineBreakClass.CM, LineBreakClass.AL, LineBreakClass.CM, LineBreakClass.BA, LineBreakClass.AL, LineBreakClass.BB,
        LineBreakClass.BA, LineBreakClass.AL, LineBreakClass.BB, LineBreakClass.AL, LineBreakClass.NU, LineBreakClass.AL, LineBreakClass.AL, LineBreakClass.CM, LineBreakClass.CM, LineBreakClass.AL, LineBreakClass.BA, LineBreakClass.NU, LineBreakClass.AL, LineBreakClass.BB, LineBreakClass.EX, LineBreakClass.AL,
        LineBreakClass.CM, LineBreakClass.CM, LineBreakClass.AL, LineBreakClass.AL, LineBreakClass.AL, LineBreakClass.CM, LineBreakClass.CM, LineBreakClass.CM, LineBreakClass.CM, LineBreakClass.AL, LineBreakClass.CM, LineBreakClass.NU, LineBreakClass.AL, LineBreakClass.AL, LineBreakClass.AL, LineBreakClass.CM,
        LineBreakClass.CM, LineBreakClass.CM, LineBreakClass.AL, LineBreakClass.NU, LineBreakClass.AS, LineBreakClass.BA, LineBreakClass.CM, LineBreakClass.BA, LineBreakClass.CM, LineBreakClass.AP, LineBreakClass.CM, LineBreakClass.AK, LineBreakClass.AK, LineBreakClass.CM, LineBreakClass.CM, LineBreakClass.VI,
        LineBreakClass.BA, LineBreakClass.ID, LineBreakClass.AS, LineBreakClass.CM, LineBreakClass.AL, LineBreakClass.AL, LineBreakClass.PO, LineBreakClass.AL, LineBreakClass.BA, LineBreakClass.AL, LineBreakClass.AL, LineBreakClass.BA, LineBreakClass.AL, LineBreakClass.AL, LineBreakClass.AL, LineBreakClass.OP,
        LineBreakClass.CL, LineBreakClass.AL, LineBreakClass.CL, LineBreakClass.AL, LineBreakClass.OP, LineBreakClass.CL, LineBreakClass.OP, LineBreakClass.CL, LineBreakClass.AL, LineBreakClass.OP, LineBreakClass.CL, LineBreakClass.AL, LineBreakClass.OP, LineBreakClass.GL, LineBreakClass.OP, LineBreakClass.CL,
        LineBreakClass.GL, LineBreakClass.OP, LineBreakClass.CL, LineBreakClass.OP, LineBreakClass.CL, LineBreakClass.CM, LineBreakClass.AL, LineBreakClass.CM, LineBreakClass.AL, LineBreakClass.AL, LineBreakClass.OP, LineBreakClass.CL, LineBreakClass.AL, LineBreakClass.AS, LineBreakClass.CM, LineBreakClass.AS,
        LineBreakClass.AL, LineBreakClass.AL, LineBreakClass.NU, LineBreakClass.BA, LineBreakClass.AL, LineBreakClass.NU, LineBreakClass.AL, LineBreakClass.CM, LineBreakClass.BA, LineBreakClass.AL, LineBreakClass.CM, LineBreakClass.BA, LineBreakClass.AL, LineBreakClass.BA, LineBreakClass.AL, LineBreakClass.NU,
        LineBreakClass.AL, LineBreakClass.AL, LineBreakClass.AL, LineBreakClass.AL, LineBreakClass.BA, LineBreakClass.NU, LineBreakClass.AL, LineBreakClass.BA, LineBreakClass.AL, LineBreakClass.AL, LineBreakClass.CM, LineBreakClass.AL, LineBreakClass.CM, LineBreakClass.CM, LineBreakClass.AL, LineBreakClass.NS,
        LineBreakClass.GL, LineBreakClass.CM, LineBreakClass.ID, LineBreakClass.ID, LineBreakClass.AL, LineBreakClass.AL, LineBreakClass.ID, LineBreakClass.AL, LineBreakClass.AL, LineBreakClass.AL, LineBreakClass.ID, LineBreakClass.CJ, LineBreakClass.CJ, LineBreakClass.CJ, LineBreakClass.CJ, LineBreakClass.ID,
        LineBreakClass.AL, LineBreakClass.AL, LineBreakClass.AL, LineBreakClass.AL, LineBreakClass.AL, LineBreakClass.CM, LineBreakClass.BA, LineBreakClass.CM, LineBreakClass.AL, LineBreakClass.NU, LineBreakClass.AL, LineBreakClass.CM, LineBreakClass.CM, LineBreakClass.AL, LineBreakClass.AL, LineBreakClass.AL,
        LineBreakClass.AL, LineBreakClass.CM, LineBreakClass.AL, LineBreakClass.CM, LineBreakClass.AL, LineBreakClass.CM, LineBreakClass.AL, LineBreakClass.CM, LineBreakClass.AL, LineBreakClass.AL, LineBreakClass.CM, LineBreakClass.AL, LineBreakClass.AL, LineBreakClass.AL, LineBreakClass.AL, LineBreakClass.AL,
        LineBreakClass.AL, LineBreakClass.AL, LineBreakClass.AL, LineBreakClass.AL, LineBreakClass.AL, LineBreakClass.AL, LineBreakClass.AL, LineBreakClass.AL, LineBreakClass.AL, LineBreakClass.AL, LineBreakClass.AL, LineBreakClass.AL, LineBreakClass.AL, LineBreakClass.AL, LineBreakClass.AL, LineBreakClass.AL,
        LineBreakClass.AL, LineBreakClass.AL, LineBreakClass.AL, LineBreakClass.AL, LineBreakClass.NU, LineBreakClass.AL, LineBreakClass.CM, LineBreakClass.AL, LineBreakClass.CM, LineBreakClass.AL, LineBreakClass.CM, LineBreakClass.AL, LineBreakClass.CM, LineBreakClass.AL, LineBreakClass.BA, LineBreakClass.AL,
        LineBreakClass.CM, LineBreakClass.CM, LineBreakClass.AL, LineBreakClass.AL, LineBreakClass.CM, LineBreakClass.CM, LineBreakClass.CM, LineBreakClass.CM, LineBreakClass.CM, LineBreakClass.AL, LineBreakClass.CM, LineBreakClass.AL, LineBreakClass.CM, LineBreakClass.AL, LineBreakClass.NU, LineBreakClass.AL,
        LineBreakClass.AL, LineBreakClass.CM, LineBreakClass.AL, LineBreakClass.CM, LineBreakClass.NU, LineBreakClass.PR, LineBreakClass.AL, LineBreakClass.CM, LineBreakClass.NU, LineBreakClass.AL, LineBreakClass.CM, LineBreakClass.AL, LineBreakClass.NU, LineBreakClass.AL, LineBreakClass.AL, LineBreakClass.AL,
        LineBreakClass.AL, LineBreakClass.AL, LineBreakClass.AL, LineBreakClass.AL, LineBreakClass.CM, LineBreakClass.AL, LineBreakClass.CM, LineBreakClass.AL, LineBreakClass.NU, LineBreakClass.OP, LineBreakClass.AL, LineBreakClass.PO, LineBreakClass.AL, LineBreakClass.PO, LineBreakClass.AL, LineBreakClass.AL,
        LineBreakClass.AL, LineBreakClass.AL, LineBreakClass.AL, LineBreakClass.AL, LineBreakClass.AL, LineBreakClass.AL, LineBreakClass.AL, LineBreakClass.AL, LineBreakClass.AL, LineBreakClass.AL, LineBreakClass.AL, LineBreakClass.AL, LineBreakClass.AL, LineBreakClass.AL, LineBreakClass.AL, LineBreakClass.AL,
        LineBreakClass.AL, LineBreakClass.AL, LineBreakClass.AL, LineBreakClass.AL, LineBreakClass.AL, LineBreakClass.AL, LineBreakClass.AL, LineBreakClass.AL, LineBreakClass.AL, LineBreakClass.AL, LineBreakClass.AL, LineBreakClass.AL, LineBreakClass.AL, LineBreakClass.AL, LineBreakClass.AL, LineBreakClass.AL,
        LineBreakClass.AL, LineBreakClass.AL, LineBreakClass.ID, LineBreakClass.AI, LineBreakClass.AL, LineBreakClass.AI, LineBreakClass.AL, LineBreakClass.AI, LineBreakClass.AL, LineBreakClass.AI, LineBreakClass.AL, LineBreakClass.ID, LineBreakClass.RI, LineBreakClass.ID, LineBreakClass.EB, LineBreakClass.ID,
        LineBreakClass.AL, LineBreakClass.ID, LineBreakClass.AL, LineBreakClass.ID, LineBreakClass.AL, LineBreakClass.ID, LineBreakClass.EB, LineBreakClass.ID, LineBreakClass.EB, LineBreakClass.ID, LineBreakClass.EB, LineBreakClass.ID, LineBreakClass.EM, LineBreakClass.ID, LineBreakClass.EB, LineBreakClass.ID,
        LineBreakClass.EB, LineBreakClass.ID, LineBreakClass.EB, LineBreakClass.ID, LineBreakClass.EB, LineBreakClass.ID, LineBreakClass.EB, LineBreakClass.ID, LineBreakClass.EB, LineBreakClass.ID, LineBreakClass.EB, LineBreakClass.ID, LineBreakClass.EB, LineBreakClass.ID, LineBreakClass.AL, LineBreakClass.ID,
        LineBreakClass.AL, LineBreakClass.ID, LineBreakClass.AL, LineBreakClass.ID, LineBreakClass.EB, LineBreakClass.ID, LineBreakClass.AL, LineBreakClass.ID, LineBreakClass.AL, LineBreakClass.ID, LineBreakClass.AL, LineBreakClass.ID, LineBreakClass.AL, LineBreakClass.ID, LineBreakClass.AL, LineBreakClass.ID,
        LineBreakClass.EB, LineBreakClass.ID, LineBreakClass.EB, LineBreakClass.ID, LineBreakClass.EB, LineBreakClass.ID, LineBreakClass.EB, LineBreakClass.ID, LineBreakClass.AL, LineBreakClass.ID, LineBreakClass.AL, LineBreakClass.ID, LineBreakClass.EB, LineBreakClass.ID, LineBreakClass.EB, LineBreakClass.AL,
        LineBreakClass.QU, LineBreakClass.NS, LineBreakClass.AL, LineBreakClass.ID, LineBreakClass.EB, LineBreakClass.ID, LineBreakClass.EB, LineBreakClass.ID, LineBreakClass.EB, LineBreakClass.ID, LineBreakClass.EB, LineBreakClass.ID, LineBreakClass.AL, LineBreakClass.ID, LineBreakClass.AL, LineBreakClass.ID,
        LineBreakClass.AL, LineBreakClass.AL, LineBreakClass.AL, LineBreakClass.AL, LineBreakClass.AL, LineBreakClass.AL, LineBreakClass.AL, LineBreakClass.AL, LineBreakClass.EB, LineBreakClass.ID, LineBreakClass.EB, LineBreakClass.ID, LineBreakClass.EB, LineBreakClass.ID, LineBreakClass.EB, LineBreakClass.ID,
        LineBreakClass.EB, LineBreakClass.ID, LineBreakClass.EB, LineBreakClass.ID, LineBreakClass.EB, LineBreakClass.ID, LineBreakClass.EB, LineBreakClass.ID, LineBreakClass.EB, LineBreakClass.ID, LineBreakClass.EB, LineBreakClass.ID, LineBreakClass.EB, LineBreakClass.ID, LineBreakClass.EB, LineBreakClass.ID,
        LineBreakClass.AL, LineBreakClass.ID, LineBreakClass.EB, LineBreakClass.ID, LineBreakClass.EB, LineBreakClass.ID, LineBreakClass.AL, LineBreakClass.AL, LineBreakClass.NU, LineBreakClass.ID, LineBreakClass.ID, LineBreakClass.ID, LineBreakClass.CM, LineBreakClass.CM, LineBreakClass.CM,
    ];

    /// <summary>Extended_Pictographic ranges as start and end pairs, ascending.</summary>
    private static readonly int[] PictographicRanges =
    [
        0xA9, 0xAA, 0xAE, 0xAF, 0x203C, 0x203D, 0x2049, 0x204A, 0x2122, 0x2123, 0x2139, 0x213A, 0x2194, 0x219A, 0x21A9, 0x21AB,
        0x231A, 0x231C, 0x2328, 0x2329, 0x2388, 0x2389, 0x23CF, 0x23D0, 0x23E9, 0x23F4, 0x23F8, 0x23FB, 0x24C2, 0x24C3, 0x25AA, 0x25AC,
        0x25B6, 0x25B7, 0x25C0, 0x25C1, 0x25FB, 0x25FF, 0x2600, 0x2606, 0x2607, 0x2613, 0x2614, 0x2686, 0x2690, 0x2706, 0x2708, 0x2713,
        0x2714, 0x2715, 0x2716, 0x2717, 0x271D, 0x271E, 0x2721, 0x2722, 0x2728, 0x2729, 0x2733, 0x2735, 0x2744, 0x2745, 0x2747, 0x2748,
        0x274C, 0x274D, 0x274E, 0x274F, 0x2753, 0x2756, 0x2757, 0x2758, 0x2763, 0x2768, 0x2795, 0x2798, 0x27A1, 0x27A2, 0x27B0, 0x27B1,
        0x27BF, 0x27C0, 0x2934, 0x2936, 0x2B05, 0x2B08, 0x2B1B, 0x2B1D, 0x2B50, 0x2B51, 0x2B55, 0x2B56, 0x3030, 0x3031, 0x303D, 0x303E,
        0x3297, 0x3298, 0x3299, 0x329A, 0x1F000, 0x1F100, 0x1F10D, 0x1F110, 0x1F12F, 0x1F130, 0x1F16C, 0x1F172, 0x1F17E, 0x1F180, 0x1F18E, 0x1F18F,
        0x1F191, 0x1F19B, 0x1F1AD, 0x1F1E6, 0x1F201, 0x1F210, 0x1F21A, 0x1F21B, 0x1F22F, 0x1F230, 0x1F232, 0x1F23B, 0x1F23C, 0x1F240, 0x1F249, 0x1F3FB,
        0x1F400, 0x1F53E, 0x1F546, 0x1F650, 0x1F680, 0x1F700, 0x1F774, 0x1F780, 0x1F7D5, 0x1F800, 0x1F80C, 0x1F810, 0x1F848, 0x1F850, 0x1F85A, 0x1F860,
        0x1F888, 0x1F890, 0x1F8AE, 0x1F900, 0x1F90C, 0x1F93B, 0x1F93C, 0x1F946, 0x1F947, 0x1FB00, 0x1FC00, 0x1FFFE,
    ];

    /// <summary>East_Asian_Width F, W and H ranges as start and end pairs, ascending.</summary>
    private static readonly int[] WideRanges =
    [
        0x378, 0x37A, 0x380, 0x384, 0x38B, 0x38C, 0x38D, 0x38E, 0x3A2, 0x3A3, 0x530, 0x531, 0x557, 0x559, 0x58B, 0x58D,
        0x590, 0x591, 0x5C8, 0x5D0, 0x5EB, 0x5EF, 0x5F5, 0x600, 0x70E, 0x70F, 0x74B, 0x74D, 0x7B2, 0x7C0, 0x7FB, 0x7FD,
        0x82E, 0x830, 0x83F, 0x840, 0x85C, 0x85E, 0x85F, 0x860, 0x86B, 0x870, 0x88F, 0x890, 0x892, 0x898, 0x984, 0x985,
        0x98D, 0x98F, 0x991, 0x993, 0x9A9, 0x9AA, 0x9B1, 0x9B2, 0x9B3, 0x9B6, 0x9BA, 0x9BC, 0x9C5, 0x9C7, 0x9C9, 0x9CB,
        0x9CF, 0x9D7, 0x9D8, 0x9DC, 0x9DE, 0x9DF, 0x9E4, 0x9E6, 0x9FF, 0xA01, 0xA04, 0xA05, 0xA0B, 0xA0F, 0xA11, 0xA13,
        0xA29, 0xA2A, 0xA31, 0xA32, 0xA34, 0xA35, 0xA37, 0xA38, 0xA3A, 0xA3C, 0xA3D, 0xA3E, 0xA43, 0xA47, 0xA49, 0xA4B,
        0xA4E, 0xA51, 0xA52, 0xA59, 0xA5D, 0xA5E, 0xA5F, 0xA66, 0xA77, 0xA81, 0xA84, 0xA85, 0xA8E, 0xA8F, 0xA92, 0xA93,
        0xAA9, 0xAAA, 0xAB1, 0xAB2, 0xAB4, 0xAB5, 0xABA, 0xABC, 0xAC6, 0xAC7, 0xACA, 0xACB, 0xACE, 0xAD0, 0xAD1, 0xAE0,
        0xAE4, 0xAE6, 0xAF2, 0xAF9, 0xB00, 0xB01, 0xB04, 0xB05, 0xB0D, 0xB0F, 0xB11, 0xB13, 0xB29, 0xB2A, 0xB31, 0xB32,
        0xB34, 0xB35, 0xB3A, 0xB3C, 0xB45, 0xB47, 0xB49, 0xB4B, 0xB4E, 0xB55, 0xB58, 0xB5C, 0xB5E, 0xB5F, 0xB64, 0xB66,
        0xB78, 0xB82, 0xB84, 0xB85, 0xB8B, 0xB8E, 0xB91, 0xB92, 0xB96, 0xB99, 0xB9B, 0xB9C, 0xB9D, 0xB9E, 0xBA0, 0xBA3,
        0xBA5, 0xBA8, 0xBAB, 0xBAE, 0xBBA, 0xBBE, 0xBC3, 0xBC6, 0xBC9, 0xBCA, 0xBCE, 0xBD0, 0xBD1, 0xBD7, 0xBD8, 0xBE6,
        0xBFB, 0xC00, 0xC0D, 0xC0E, 0xC11, 0xC12, 0xC29, 0xC2A, 0xC3A, 0xC3C, 0xC45, 0xC46, 0xC49, 0xC4A, 0xC4E, 0xC55,
        0xC57, 0xC58, 0xC5B, 0xC5D, 0xC5E, 0xC60, 0xC64, 0xC66, 0xC70, 0xC77, 0xC8D, 0xC8E, 0xC91, 0xC92, 0xCA9, 0xCAA,
        0xCB4, 0xCB5, 0xCBA, 0xCBC, 0xCC5, 0xCC6, 0xCC9, 0xCCA, 0xCCE, 0xCD5, 0xCD7, 0xCDD, 0xCDF, 0xCE0, 0xCE4, 0xCE6,
        0xCF0, 0xCF1, 0xCF3, 0xD00, 0xD0D, 0xD0E, 0xD11, 0xD12, 0xD45, 0xD46, 0xD49, 0xD4A, 0xD50, 0xD54, 0xD64, 0xD66,
        0xD80, 0xD81, 0xD84, 0xD85, 0xD97, 0xD9A, 0xDB2, 0xDB3, 0xDBC, 0xDBD, 0xDBE, 0xDC0, 0xDC7, 0xDCA, 0xDCB, 0xDCF,
        0xDD5, 0xDD6, 0xDD7, 0xDD8, 0xDE0, 0xDE6, 0xDF0, 0xDF2, 0xDF5, 0xE01, 0xE3B, 0xE3F, 0xE5C, 0xE81, 0xE83, 0xE84,
        0xE85, 0xE86, 0xE8B, 0xE8C, 0xEA4, 0xEA5, 0xEA6, 0xEA7, 0xEBE, 0xEC0, 0xEC5, 0xEC6, 0xEC7, 0xEC8, 0xECE, 0xED0,
        0xEDA, 0xEDC, 0xEE0, 0xF00, 0xF48, 0xF49, 0xF6D, 0xF71, 0xF98, 0xF99, 0xFBD, 0xFBE, 0xFCD, 0xFCE, 0xFDB, 0x1000,
        0x10C6, 0x10C7, 0x10C8, 0x10CD, 0x10CE, 0x10D0, 0x1100, 0x1160, 0x1249, 0x124A, 0x124E, 0x1250, 0x1257, 0x1258, 0x1259, 0x125A,
        0x125E, 0x1260, 0x1289, 0x128A, 0x128E, 0x1290, 0x12B1, 0x12B2, 0x12B6, 0x12B8, 0x12BF, 0x12C0, 0x12C1, 0x12C2, 0x12C6, 0x12C8,
        0x12D7, 0x12D8, 0x1311, 0x1312, 0x1316, 0x1318, 0x135B, 0x135D, 0x137D, 0x1380, 0x139A, 0x13A0, 0x13F6, 0x13F8, 0x13FE, 0x1400,
        0x169D, 0x16A0, 0x16F9, 0x1700, 0x1716, 0x171F, 0x1737, 0x1740, 0x1754, 0x1760, 0x176D, 0x176E, 0x1771, 0x1772, 0x1774, 0x1780,
        0x17DE, 0x17E0, 0x17EA, 0x17F0, 0x17FA, 0x1800, 0x181A, 0x1820, 0x1879, 0x1880, 0x18AB, 0x18B0, 0x18F6, 0x1900, 0x191F, 0x1920,
        0x192C, 0x1930, 0x193C, 0x1940, 0x1941, 0x1944, 0x196E, 0x1970, 0x1975, 0x1980, 0x19AC, 0x19B0, 0x19CA, 0x19D0, 0x19DB, 0x19DE,
        0x1A1C, 0x1A1E, 0x1A5F, 0x1A60, 0x1A7D, 0x1A7F, 0x1A8A, 0x1A90, 0x1A9A, 0x1AA0, 0x1AAE, 0x1AB0, 0x1ACF, 0x1B00, 0x1B4D, 0x1B50,
        0x1B7F, 0x1B80, 0x1BF4, 0x1BFC, 0x1C38, 0x1C3B, 0x1C4A, 0x1C4D, 0x1C89, 0x1C90, 0x1CBB, 0x1CBD, 0x1CC8, 0x1CD0, 0x1CFB, 0x1D00,
        0x1F16, 0x1F18, 0x1F1E, 0x1F20, 0x1F46, 0x1F48, 0x1F4E, 0x1F50, 0x1F58, 0x1F59, 0x1F5A, 0x1F5B, 0x1F5C, 0x1F5D, 0x1F5E, 0x1F5F,
        0x1F7E, 0x1F80, 0x1FB5, 0x1FB6, 0x1FC5, 0x1FC6, 0x1FD4, 0x1FD6, 0x1FDC, 0x1FDD, 0x1FF0, 0x1FF2, 0x1FF5, 0x1FF6, 0x1FFF, 0x2000,
        0x2065, 0x2066, 0x2072, 0x2074, 0x208F, 0x2090, 0x209D, 0x20A0, 0x20A9, 0x20AA, 0x20C1, 0x20D0, 0x20F1, 0x2100, 0x218C, 0x2190,
        0x231A, 0x231C, 0x2329, 0x232B, 0x23E9, 0x23ED, 0x23F0, 0x23F1, 0x23F3, 0x23F4, 0x2427, 0x2440, 0x244B, 0x2460, 0x25FD, 0x25FF,
        0x2614, 0x2616, 0x2648, 0x2654, 0x267F, 0x2680, 0x2693, 0x2694, 0x26A1, 0x26A2, 0x26AA, 0x26AC, 0x26BD, 0x26BF, 0x26C4, 0x26C6,
        0x26CE, 0x26CF, 0x26D4, 0x26D5, 0x26EA, 0x26EB, 0x26F2, 0x26F4, 0x26F5, 0x26F6, 0x26FA, 0x26FB, 0x26FD, 0x26FE, 0x2705, 0x2706,
        0x270A, 0x270C, 0x2728, 0x2729, 0x274C, 0x274D, 0x274E, 0x274F, 0x2753, 0x2756, 0x2757, 0x2758, 0x2795, 0x2798, 0x27B0, 0x27B1,
        0x27BF, 0x27C0, 0x2B1B, 0x2B1D, 0x2B50, 0x2B51, 0x2B55, 0x2B56, 0x2B74, 0x2B76, 0x2B96, 0x2B97, 0x2CF4, 0x2CF9, 0x2D26, 0x2D27,
        0x2D28, 0x2D2D, 0x2D2E, 0x2D30, 0x2D68, 0x2D6F, 0x2D71, 0x2D7F, 0x2D97, 0x2DA0, 0x2DA7, 0x2DA8, 0x2DAF, 0x2DB0, 0x2DB7, 0x2DB8,
        0x2DBF, 0x2DC0, 0x2DC7, 0x2DC8, 0x2DCF, 0x2DD0, 0x2DD7, 0x2DD8, 0x2DDF, 0x2DE0, 0x2E5E, 0x303F, 0x3040, 0x3248, 0x3250, 0x4DC0,
        0x4E00, 0xA4D0, 0xA62C, 0xA640, 0xA6F8, 0xA700, 0xA7CB, 0xA7D0, 0xA7D2, 0xA7D3, 0xA7D4, 0xA7D5, 0xA7DA, 0xA7F2, 0xA82D, 0xA830,
        0xA83A, 0xA840, 0xA878, 0xA880, 0xA8C6, 0xA8CE, 0xA8DA, 0xA8E0, 0xA954, 0xA95F, 0xA960, 0xA980, 0xA9CE, 0xA9CF, 0xA9DA, 0xA9DE,
        0xA9FF, 0xAA00, 0xAA37, 0xAA40, 0xAA4E, 0xAA50, 0xAA5A, 0xAA5C, 0xAAC3, 0xAADB, 0xAAF7, 0xAB01, 0xAB07, 0xAB09, 0xAB0F, 0xAB11,
        0xAB17, 0xAB20, 0xAB27, 0xAB28, 0xAB2F, 0xAB30, 0xAB6C, 0xAB70, 0xABEE, 0xABF0, 0xABFA, 0xD7B0, 0xD7C7, 0xD7CB, 0xD7FC, 0xD800,
        0xF900, 0xFB00, 0xFB07, 0xFB13, 0xFB18, 0xFB1D, 0xFB37, 0xFB38, 0xFB3D, 0xFB3E, 0xFB3F, 0xFB40, 0xFB42, 0xFB43, 0xFB45, 0xFB46,
        0xFBC3, 0xFBD3, 0xFD90, 0xFD92, 0xFDC8, 0xFDCF, 0xFDD0, 0xFDF0, 0xFE10, 0xFE20, 0xFE30, 0xFE70, 0xFE75, 0xFE76, 0xFEFD, 0xFEFF,
        0xFF00, 0xFFF9, 0xFFFE, 0x10000, 0x1000C, 0x1000D, 0x10027, 0x10028, 0x1003B, 0x1003C, 0x1003E, 0x1003F, 0x1004E, 0x10050, 0x1005E, 0x10080,
        0x100FB, 0x10100, 0x10103, 0x10107, 0x10134, 0x10137, 0x1018F, 0x10190, 0x1019D, 0x101A0, 0x101A1, 0x101D0, 0x101FE, 0x10280, 0x1029D, 0x102A0,
        0x102D1, 0x102E0, 0x102FC, 0x10300, 0x10324, 0x1032D, 0x1034B, 0x10350, 0x1037B, 0x10380, 0x1039E, 0x1039F, 0x103C4, 0x103C8, 0x103D6, 0x10400,
        0x1049E, 0x104A0, 0x104AA, 0x104B0, 0x104D4, 0x104D8, 0x104FC, 0x10500, 0x10528, 0x10530, 0x10564, 0x1056F, 0x1057B, 0x1057C, 0x1058B, 0x1058C,
        0x10593, 0x10594, 0x10596, 0x10597, 0x105A2, 0x105A3, 0x105B2, 0x105B3, 0x105BA, 0x105BB, 0x105BD, 0x10600, 0x10737, 0x10740, 0x10756, 0x10760,
        0x10768, 0x10780, 0x10786, 0x10787, 0x107B1, 0x107B2, 0x107BB, 0x10800, 0x10806, 0x10808, 0x10809, 0x1080A, 0x10836, 0x10837, 0x10839, 0x1083C,
        0x1083D, 0x1083F, 0x10856, 0x10857, 0x1089F, 0x108A7, 0x108B0, 0x108E0, 0x108F3, 0x108F4, 0x108F6, 0x108FB, 0x1091C, 0x1091F, 0x1093A, 0x1093F,
        0x10940, 0x10980, 0x109B8, 0x109BC, 0x109D0, 0x109D2, 0x10A04, 0x10A05, 0x10A07, 0x10A0C, 0x10A14, 0x10A15, 0x10A18, 0x10A19, 0x10A36, 0x10A38,
        0x10A3B, 0x10A3F, 0x10A49, 0x10A50, 0x10A59, 0x10A60, 0x10AA0, 0x10AC0, 0x10AE7, 0x10AEB, 0x10AF7, 0x10B00, 0x10B36, 0x10B39, 0x10B56, 0x10B58,
        0x10B73, 0x10B78, 0x10B92, 0x10B99, 0x10B9D, 0x10BA9, 0x10BB0, 0x10C00, 0x10C49, 0x10C80, 0x10CB3, 0x10CC0, 0x10CF3, 0x10CFA, 0x10D28, 0x10D30,
        0x10D3A, 0x10E60, 0x10E7F, 0x10E80, 0x10EAA, 0x10EAB, 0x10EAE, 0x10EB0, 0x10EB2, 0x10F00, 0x10F28, 0x10F30, 0x10F5A, 0x10F70, 0x10F8A, 0x10FB0,
        0x10FCC, 0x10FE0, 0x10FF7, 0x11000, 0x1104E, 0x11052, 0x11076, 0x1107F, 0x110C3, 0x110CD, 0x110CE, 0x110D0, 0x110E9, 0x110F0, 0x110FA, 0x11100,
        0x11135, 0x11136, 0x11148, 0x11150, 0x11177, 0x11180, 0x111E0, 0x111E1, 0x111F5, 0x11200, 0x11212, 0x11213, 0x1123F, 0x11280, 0x11287, 0x11288,
        0x11289, 0x1128A, 0x1128E, 0x1128F, 0x1129E, 0x1129F, 0x112AA, 0x112B0, 0x112EB, 0x112F0, 0x112FA, 0x11300, 0x11304, 0x11305, 0x1130D, 0x1130F,
        0x11311, 0x11313, 0x11329, 0x1132A, 0x11331, 0x11332, 0x11334, 0x11335, 0x1133A, 0x1133B, 0x11345, 0x11347, 0x11349, 0x1134B, 0x1134E, 0x11350,
        0x11351, 0x11357, 0x11358, 0x1135D, 0x11364, 0x11366, 0x1136D, 0x11370, 0x11375, 0x11400, 0x1145C, 0x1145D, 0x11462, 0x11480, 0x114C8, 0x114D0,
        0x114DA, 0x11580, 0x115B6, 0x115B8, 0x115DE, 0x11600, 0x11645, 0x11650, 0x1165A, 0x11660, 0x1166D, 0x11680, 0x116BA, 0x116C0, 0x116CA, 0x11700,
        0x1171B, 0x1171D, 0x1172C, 0x11730, 0x11747, 0x11800, 0x1183C, 0x118A0, 0x118F3, 0x118FF, 0x11907, 0x11909, 0x1190A, 0x1190C, 0x11914, 0x11915,
        0x11917, 0x11918, 0x11936, 0x11937, 0x11939, 0x1193B, 0x11947, 0x11950, 0x1195A, 0x119A0, 0x119A8, 0x119AA, 0x119D8, 0x119DA, 0x119E5, 0x11A00,
        0x11A48, 0x11A50, 0x11AA3, 0x11AB0, 0x11AF9, 0x11C00, 0x11C09, 0x11C0A, 0x11C37, 0x11C38, 0x11C46, 0x11C50, 0x11C6D, 0x11C70, 0x11C90, 0x11C92,
        0x11CA8, 0x11CA9, 0x11CB7, 0x11D00, 0x11D07, 0x11D08, 0x11D0A, 0x11D0B, 0x11D37, 0x11D3A, 0x11D3B, 0x11D3C, 0x11D3E, 0x11D3F, 0x11D48, 0x11D50,
        0x11D5A, 0x11D60, 0x11D66, 0x11D67, 0x11D69, 0x11D6A, 0x11D8F, 0x11D90, 0x11D92, 0x11D93, 0x11D99, 0x11DA0, 0x11DAA, 0x11EE0, 0x11EF9, 0x11FB0,
        0x11FB1, 0x11FC0, 0x11FF2, 0x11FFF, 0x1239A, 0x12400, 0x1246F, 0x12470, 0x12475, 0x12480, 0x12544, 0x12F90, 0x12FF3, 0x13000, 0x1342F, 0x13430,
        0x13439, 0x14400, 0x14647, 0x16800, 0x16A39, 0x16A40, 0x16A5F, 0x16A60, 0x16A6A, 0x16A6E, 0x16ABF, 0x16AC0, 0x16ACA, 0x16AD0, 0x16AEE, 0x16AF0,
        0x16AF6, 0x16B00, 0x16B46, 0x16B50, 0x16B5A, 0x16B5B, 0x16B62, 0x16B63, 0x16B78, 0x16B7D, 0x16B90, 0x16E40, 0x16E9B, 0x16F00, 0x16F4B, 0x16F4F,
        0x16F88, 0x16F8F, 0x16FA0, 0x1BC00, 0x1BC6B, 0x1BC70, 0x1BC7D, 0x1BC80, 0x1BC89, 0x1BC90, 0x1BC9A, 0x1BC9C, 0x1BCA4, 0x1CF00, 0x1CF2E, 0x1CF30,
        0x1CF47, 0x1CF50, 0x1CFC4, 0x1D000, 0x1D0F6, 0x1D100, 0x1D127, 0x1D129, 0x1D1EB, 0x1D200, 0x1D246, 0x1D2E0, 0x1D2F4, 0x1D300, 0x1D357, 0x1D360,
        0x1D379, 0x1D400, 0x1D455, 0x1D456, 0x1D49D, 0x1D49E, 0x1D4A0, 0x1D4A2, 0x1D4A3, 0x1D4A5, 0x1D4A7, 0x1D4A9, 0x1D4AD, 0x1D4AE, 0x1D4BA, 0x1D4BB,
        0x1D4BC, 0x1D4BD, 0x1D4C4, 0x1D4C5, 0x1D506, 0x1D507, 0x1D50B, 0x1D50D, 0x1D515, 0x1D516, 0x1D51D, 0x1D51E, 0x1D53A, 0x1D53B, 0x1D53F, 0x1D540,
        0x1D545, 0x1D546, 0x1D547, 0x1D54A, 0x1D551, 0x1D552, 0x1D6A6, 0x1D6A8, 0x1D7CC, 0x1D7CE, 0x1DA8C, 0x1DA9B, 0x1DAA0, 0x1DAA1, 0x1DAB0, 0x1DF00,
        0x1DF1F, 0x1E000, 0x1E007, 0x1E008, 0x1E019, 0x1E01B, 0x1E022, 0x1E023, 0x1E025, 0x1E026, 0x1E02B, 0x1E100, 0x1E12D, 0x1E130, 0x1E13E, 0x1E140,
        0x1E14A, 0x1E14E, 0x1E150, 0x1E290, 0x1E2AF, 0x1E2C0, 0x1E2FA, 0x1E2FF, 0x1E300, 0x1E7E0, 0x1E7E7, 0x1E7E8, 0x1E7EC, 0x1E7ED, 0x1E7EF, 0x1E7F0,
        0x1E7FF, 0x1E800, 0x1E8C5, 0x1E8C7, 0x1E8D7, 0x1E900, 0x1E94C, 0x1E950, 0x1E95A, 0x1E95E, 0x1E960, 0x1EC71, 0x1ECB5, 0x1ED01, 0x1ED3E, 0x1EE00,
        0x1EE04, 0x1EE05, 0x1EE20, 0x1EE21, 0x1EE23, 0x1EE24, 0x1EE25, 0x1EE27, 0x1EE28, 0x1EE29, 0x1EE33, 0x1EE34, 0x1EE38, 0x1EE39, 0x1EE3A, 0x1EE3B,
        0x1EE3C, 0x1EE42, 0x1EE43, 0x1EE47, 0x1EE48, 0x1EE49, 0x1EE4A, 0x1EE4B, 0x1EE4C, 0x1EE4D, 0x1EE50, 0x1EE51, 0x1EE53, 0x1EE54, 0x1EE55, 0x1EE57,
        0x1EE58, 0x1EE59, 0x1EE5A, 0x1EE5B, 0x1EE5C, 0x1EE5D, 0x1EE5E, 0x1EE5F, 0x1EE60, 0x1EE61, 0x1EE63, 0x1EE64, 0x1EE65, 0x1EE67, 0x1EE6B, 0x1EE6C,
        0x1EE73, 0x1EE74, 0x1EE78, 0x1EE79, 0x1EE7D, 0x1EE7E, 0x1EE7F, 0x1EE80, 0x1EE8A, 0x1EE8B, 0x1EE9C, 0x1EEA1, 0x1EEA4, 0x1EEA5, 0x1EEAA, 0x1EEAB,
        0x1EEBC, 0x1EEF0, 0x1EEF2, 0x1F000, 0x1F004, 0x1F005, 0x1F02C, 0x1F030, 0x1F094, 0x1F0A0, 0x1F0AF, 0x1F0B1, 0x1F0C0, 0x1F0C1, 0x1F0CF, 0x1F0D1,
        0x1F0F6, 0x1F100, 0x1F18E, 0x1F18F, 0x1F191, 0x1F19B, 0x1F1AE, 0x1F1E6, 0x1F200, 0x1F321, 0x1F32D, 0x1F336, 0x1F337, 0x1F37D, 0x1F37E, 0x1F394,
        0x1F3A0, 0x1F3CB, 0x1F3CF, 0x1F3D4, 0x1F3E0, 0x1F3F1, 0x1F3F4, 0x1F3F5, 0x1F3F8, 0x1F43F, 0x1F440, 0x1F441, 0x1F442, 0x1F4FD, 0x1F4FF, 0x1F53E,
        0x1F54B, 0x1F54F, 0x1F550, 0x1F568, 0x1F57A, 0x1F57B, 0x1F595, 0x1F597, 0x1F5A4, 0x1F5A5, 0x1F5FB, 0x1F650, 0x1F680, 0x1F6C6, 0x1F6CC, 0x1F6CD,
        0x1F6D0, 0x1F6D3, 0x1F6D5, 0x1F6E0, 0x1F6EB, 0x1F6F0, 0x1F6F4, 0x1F700, 0x1F774, 0x1F780, 0x1F7D9, 0x1F800, 0x1F80C, 0x1F810, 0x1F848, 0x1F850,
        0x1F85A, 0x1F860, 0x1F888, 0x1F890, 0x1F8AE, 0x1F8B0, 0x1F8B2, 0x1F900, 0x1F90C, 0x1F93B, 0x1F93C, 0x1F946, 0x1F947, 0x1FA00, 0x1FA54, 0x1FA60,
        0x1FA6E, 0x1FB00, 0x1FB93, 0x1FB94, 0x1FBCB, 0x1FBF0, 0x1FBFA, 0xE0001, 0xE0002, 0xE0020, 0xE0080, 0xE0100, 0xE01F0, 0xF0000, 0xFFFFE, 0x100000,
        0x10FFFE, 0x110000,
    ];

}
