Reader Instructions	0	1	346.9	true
Reader Instructions	1	1	5385.3	false
Reader Instructions	2	1	1289.8	false
Reader Instructions	3	1	1605.0	false
Reader Instructions	4	1	2039.8	false
Reader Instructions	5	1	4864.8	true
Reader Instructions	6	1	1049.9	false
Reader Instructions	7	1	300.0	true
Reader Instructions	8	1	566.9	true
Reader Instructions	9	1	1103.8	true
Reader Instructions	10	1	300.0	true
Reader Instructions	11	1	300.0	true
Reader Instructions	12	1	300.0	true
Reader Instructions	13	1	300.0	true
Reader Instructions	14	1	300.0	true
Reader Instructions	15	1	300.0	true
Reader Instructions	16	1	566.9	true
Reader Instructions	17	1	566.9	true
Reader Instructions	18	1	566.9	true
Reader Instructions	19	1	300.0	true
Reader Instructions	20	1	1641.3	true
Reader Instructions	21	1	300.0	true
Reader Instructions	22	1	300.0	true
Reader Instructions	23	1	300.0	true
Reader Instructions	24	1	300.0	true
Reader Instructions	25	1	566.9	true
Reader Instructions	26	1	300.0	true
Reader Instructions	27	1	300.0	true
Reader Instructions	28	1	300.0	true
010 Air Law	0	1	2174.7	false
010 Air Law	1	1	300.0	true
010 Air Law	2	1	566.9	true
010 Air Law	3	1	835.1	true
010 Air Law	4	1	566.9	true
010 Air Law	5	1	1103.8	true
010 Air Law	6	1	300.0	true
010 Air Law	7	1	2984.8	true
010 Air Law	8	1	1910.0	true
010 Air Law	9	1	2716.1	true
010 Air Law	10	1	2446.8	true
010 Air Law	11	1	300.0	true
010 Air Law	12	1	566.9	true
010 Air Law	13	1	835.1	true
010 Air Law	14	1	566.9	true
010 Air Law	15	1	300.0	true
010 Air Law	16	1	835.1	true
010 Air Law	17	1	300.0	true
010 Air Law	18	1	566.9	true
010 Air Law	19	1	566.9	true
010 Air Law	20	1	300.0	true
010 Air Law	21	1	566.9	true
010 Air Law	22	1	566.9	true
010 Air Law	23	1	566.9	true
010 Air Law	24	1	835.1	true
010 Air Law	25	1	1103.8	true
010 Air Law	26	1	1641.3	true
010 Air Law	27	1	1641.3	true
010 Air Law	28	1	1641.3	true
010 Air Law	29	1	300.0	true
010 Air Law	30	1	300.0	true
010 Air Law	31	1	1373.0	true
010 Air Law	32	1	1641.3	true
010 Air Law	33	1	1641.3	true
010 Air Law	34	1	835.1	true
010 Air Law	35	1	1103.8	true
010 Air Law	36	1	1373.0	true
010 Air Law	37	1	300.0	true
010 Air Law	38	1	300.0	true
010 Air Law	39	1	566.9	true
010 Air Law	40	1	300.0	true
010 Air Law	41	1	566.9	true
010 Air Law	42	1	300.0	true
010 Air Law	43	1	300.0	true
010 Air Law	44	1	566.9	true
010 Air Law	45	1	1373.0	true
010 Air Law	46	1	300.0	true
010 Air Law	47	1	1641.3	true
010 Air Law	48	1	300.0	true
010 Air Law	49	1	835.1	true
010 Air Law	50	1	300.0	true
010 Air Law	51	1	300.0	true
010 Air Law	52	1	566.9	true
010 Air Law	53	1	300.0	true
010 Air Law	54	1	300.0	true
010 Air Law	55	1	835.1	true
010 Air Law	56	1	566.9	true
010 Air Law	57	1	300.0	true
010 Air Law	58	1	300.0	true
010 Air Law	59	1	835.1	true
010 Air Law	60	1	566.9	true
010 Air Law	61	1	835.1	true
010 Air Law	62	1	835.1	true
010 Air Law	63	1	1103.8	true
010 Air Law	64	1	300.0	true
010 Air Law	65	1	300.0	true
010 Air Law	66	1	1373.0	true
010 Air Law	67	1	566.9	true
010 Air Law	68	1	835.1	true
010 Air Law	69	1	1103.8	true
010 Air Law	70	1	566.9	true
010 Air Law	71	1	1103.8	true
010 Air Law	72	1	300.0	true
010 Air Law	73	1	300.0	true
010 Air Law	74	1	300.0	true
010 Air Law	75	1	566.9	true
010 Air Law	76	1	566.9	true
010 Air Law	77	1	566.9	true
010 Air Law	78	1	300.0	true
010 Air Law	79	1	1641.3	true
010 Air Law	80	1	1103.8	true
010 Air Law	81	1	300.0	true
010 Air Law	82	1	566.9	true
010 Air Law	83	1	566.9	true
010 Air Law	84	1	2984.8	true
010 Air Law	85	1	566.9	true
010 Air Law	86	1	1103.8	true
010 Air Law	87	1	835.1	true
010 Air Law	88	1	1373.0	true
010 Air Law	89	1	566.9	true
010 Air Law	90	1	1103.8	true
010 Air Law	91	1	300.0	true
010 Air Law	92	1	1373.0	true
010 Air Law	93	1	835.1	true
010 Air Law	94	1	566.9	true
010 Air Law	95	1	1373.0	true
010 Air Law	96	1	566.9	true
010 Air Law	97	1	1373.0	true
010 Air Law	98	1	566.9	true
010 Air Law	99	1	300.0	true
010 Air Law	100	1	1910.0	true
010 Air Law	101	1	1910.0	true
010 Air Law	102	1	1910.0	true
010 Air Law	103	1	1910.0	true
010 Air Law	104	1	300.0	true
010 Air Law	105	1	300.0	true
010 Air Law	106	1	1910.0	true
010 Air Law	107	1	835.1	true
010 Air Law	108	1	1103.8	true
010 Air Law	109	1	1103.8	true
010 Air Law	110	1	300.0	true
010 Air Law	111	1	835.1	true
010 Air Law	112	1	300.0	true
010 Air Law	113	1	566.9	true
010 Air Law	114	1	566.9	true
010 Air Law	115	1	300.0	true
010 Air Law	116	1	300.0	true
010 Air Law	117	1	1103.8	true
010 Air Law	118	1	566.9	true
010 Air Law	119	1	835.1	true
010 Air Law	120	1	835.1	true
010 Air Law	121	1	835.1	true
010 Air Law	122	1	835.1	true
010 Air Law	123	1	835.1	true
010 Air Law	124	1	300.0	true
010 Air Law	125	1	300.0	true
010 Air Law	126	1	835.1	true
010 Air Law	127	1	1373.0	true
010 Air Law	128	1	566.9	true
010 Air Law	129	1	1103.8	true
010 Air Law	130	1	835.1	true
010 Air Law	131	1	835.1	true
010 Air Law	132	1	1103.8	true
010 Air Law	133	1	1103.8	true
010 Air Law	134	1	835.1	true
010 Air Law	135	1	1103.8	true
010 Air Law	136	1	835.1	true
010 Air Law	137	1	566.9	true
010 Air Law	138	1	1103.8	true
010 Air Law	139	1	1103.8	true
010 Air Law	140	1	566.9	true
010 Air Law	141	1	835.1	true
010 Air Law	142	1	566.9	true
010 Air Law	143	1	835.1	true
010 Air Law	144	1	1103.8	true
010 Air Law	145	1	1103.8	true
010 Air Law	146	1	835.1	true
010 Air Law	147	1	835.1	true
010 Air Law	148	1	300.0	true
010 Air Law	149	1	300.0	true
010 Air Law	150	1	1373.0	true
010 Air Law	151	1	300.0	true
010 Air Law	152	1	300.0	true
010 Air Law	153	1	1641.3	true
010 Air Law	154	1	300.0	true
010 Air Law	155	1	300.0	true
010 Air Law	156	1	1103.8	true
010 Air Law	157	1	835.1	true
010 Air Law	158	1	835.1	true
010 Air Law	159	1	835.1	true
010 Air Law	160	1	566.9	true
010 Air Law	161	1	566.9	true
010 Air Law	162	1	300.0	true
010 Air Law	163	1	300.0	true
010 Air Law	164	1	566.9	true
010 Air Law	165	1	566.9	true
010 Air Law	166	1	300.0	true
010 Air Law	167	1	835.1	true
010 Air Law	168	1	835.1	true
010 Air Law	169	1	300.0	true
010 Air Law	170	1	300.0	true
010 Air Law	171	1	1103.8	true
010 Air Law	172	1	1103.8	true
010 Air Law	173	1	300.0	true
010 Air Law	174	1	1103.8	true
010 Air Law	175	1	566.9	true
010 Air Law	176	1	300.0	true
010 Air Law	177	1	835.1	true
010 Air Law	178	1	566.9	true
010 Air Law	179	1	300.0	true
010 Air Law	180	1	566.9	true
010 Air Law	181	1	566.9	true
010 Air Law	182	1	566.9	true
010 Air Law	183	1	566.9	true
010 Air Law	184	1	300.0	true
010 Air Law	185	1	300.0	true
010 Air Law	186	1	2716.1	true
010 Air Law	187	1	1103.8	true
010 Air Law	188	1	1103.8	true
010 Air Law	189	1	1373.0	true
010 Air Law	190	1	1373.0	true
010 Air Law	191	1	566.9	true
010 Air Law	192	1	566.9	true
010 Air Law	193	1	835.1	true
010 Air Law	194	1	1641.3	true
010 Air Law	195	1	1103.8	true
010 Air Law	196	1	1103.8	true
010 Air Law	197	1	1103.8	true
010 Air Law	198	1	300.0	true
010 Air Law	199	1	1103.8	true
010 Air Law	200	1	1373.0	true
010 Air Law	201	1	835.1	true
010 Air Law	202	1	566.9	true
010 Air Law	203	1	566.9	true
010 Air Law	204	1	1641.3	true
010 Air Law	205	1	1103.8	true
010 Air Law	206	1	566.9	true
010 Air Law	207	1	1103.8	true
010 Air Law	208	1	300.0	true
010 Air Law	209	1	1103.8	true
010 Air Law	210	1	835.1	true
010 Air Law	211	1	300.0	true
010 Air Law	212	1	835.1	true
010 Air Law	213	1	1641.3	true
010 Air Law	214	1	835.1	true
010 Air Law	215	1	835.1	true
010 Air Law	216	1	835.1	true
010 Air Law	217	1	835.1	true
010 Air Law	218	1	1103.8	true
010 Air Law	219	1	300.0	true
010 Air Law	220	1	1103.8	true
010 Air Law	221	1	835.1	true
010 Air Law	222	1	566.9	true
010 Air Law	223	1	835.1	true
010 Air Law	224	1	959.8	false
010 Air Law	225	1	1103.8	true
010 Air Law	226	1	1103.8	true
010 Air Law	227	1	1641.3	true
010 Air Law	228	1	566.9	true
010 Air Law	229	1	835.1	true
010 Air Law	230	1	1373.0	true
010 Air Law	231	1	1373.0	true
010 Air Law	232	1	1103.8	true
010 Air Law	233	1	1103.8	true
010 Air Law	234	1	1103.8	true
010 Air Law	235	1	1103.8	true
010 Air Law	236	1	1103.8	true
010 Air Law	237	1	835.1	true
010 Air Law	238	1	566.9	true
010 Air Law	239	1	300.0	true
010 Air Law	240	1	566.9	true
010 Air Law	241	1	566.9	true
010 Air Law	242	1	566.9	true
010 Air Law	243	1	566.9	true
010 Air Law	244	1	300.0	true
010 Air Law	245	1	300.0	true
010 Air Law	246	1	835.1	true
010 Air Law	247	1	1103.8	true
010 Air Law	248	1	566.9	true
010 Air Law	249	1	835.1	true
010 Air Law	250	1	835.1	true
010 Air Law	251	1	835.1	true
010 Air Law	252	1	566.9	true
010 Air Law	253	1	835.1	true
010 Air Law	254	1	835.1	true
010 Air Law	255	1	566.9	true
010 Air Law	256	1	835.1	true
010 Air Law	257	1	835.1	true
010 Air Law	258	1	835.1	true
010 Air Law	259	1	300.0	true
010 Air Law	260	1	835.1	true
010 Air Law	261	1	1373.0	true
010 Air Law	262	1	300.0	true
010 Air Law	263	1	300.0	true
010 Air Law	264	1	566.9	true
010 Air Law	265	1	835.1	true
010 Air Law	266	1	1373.0	true
010 Air Law	267	1	835.1	true
010 Air Law	268	1	566.9	true
010 Air Law	269	1	566.9	true
010 Air Law	270	1	566.9	true
010 Air Law	271	1	835.1	true
010 Air Law	272	1	566.9	true
010 Air Law	273	1	835.1	true
010 Air Law	274	1	566.9	true
010 Air Law	275	1	835.1	true
010 Air Law	276	1	566.9	true
010 Air Law	277	1	835.1	true
010 Air Law	278	1	835.1	true
010 Air Law	279	1	1373.0	true
010 Air Law	280	1	835.1	true
010 Air Law	281	1	1103.8	true
010 Air Law	282	1	1373.0	true
010 Air Law	283	1	835.1	true
010 Air Law	284	1	835.1	true
010 Air Law	285	1	835.1	true
010 Air Law	286	1	300.0	true
010 Air Law	287	1	566.9	true
010 Air Law	288	1	835.1	true
010 Air Law	289	1	835.1	true
010 Air Law	290	1	835.1	true
010 Air Law	291	1	835.1	true
010 Air Law	292	1	835.1	true
010 Air Law	293	1	835.1	true
010 Air Law	294	1	566.9	true
010 Air Law	295	1	566.9	true
010 Air Law	296	1	835.1	true
010 Air Law	297	1	1103.8	true
010 Air Law	298	1	1103.8	true
010 Air Law	299	1	835.1	true
010 Air Law	300	1	835.1	true
010 Air Law	301	1	1373.0	true
010 Air Law	302	1	1373.0	true
010 Air Law	303	1	1103.8	true
010 Air Law	304	1	566.9	true
010 Air Law	305	1	300.0	true
010 Air Law	306	1	566.9	true
010 Air Law	307	1	1103.8	true
010 Air Law	308	1	566.9	true
010 Air Law	309	1	566.9	true
010 Air Law	310	1	1373.0	true
010 Air Law	311	1	566.9	true
010 Air Law	312	1	566.9	true
010 Air Law	313	1	1103.8	true
010 Air Law	314	1	566.9	true
010 Air Law	315	1	566.9	true
010 Air Law	316	1	835.1	true
010 Air Law	317	1	1103.8	true
010 Air Law	318	1	1014.2	true
010 Air Law	319	1	1103.8	true
010 Air Law	320	1	1103.8	true
010 Air Law	321	1	835.1	true
010 Air Law	322	1	835.1	true
010 Air Law	323	1	835.1	true
010 Air Law	324	1	1103.8	true
010 Air Law	325	1	1103.8	true
010 Air Law	326	1	300.0	true
010 Air Law	327	1	300.0	true
010 Air Law	328	1	835.1	true
010 Air Law	329	1	566.9	true
010 Air Law	330	1	300.0	true
010 Air Law	331	1	835.1	true
010 Air Law	332	1	566.9	true
010 Air Law	333	1	300.0	true
010 Air Law	334	1	566.9	true
010 Air Law	335	1	566.9	true
010 Air Law	336	1	300.0	true
010 Air Law	337	1	300.0	true
010 Air Law	338	1	566.9	true
010 Air Law	339	1	300.0	true
010 Air Law	340	1	566.9	true
010 Air Law	341	1	835.1	true
010 Air Law	342	1	835.1	true
010 Air Law	343	1	566.9	true
010 Air Law	344	1	1641.3	true
010 Air Law	345	1	1103.8	true
010 Air Law	346	1	300.0	true
010 Air Law	347	1	835.1	true
010 Air Law	348	1	1103.8	true
010 Air Law	349	1	300.0	true
010 Air Law	350	1	1641.3	true
010 Air Law	351	1	1373.0	true
010 Air Law	352	1	1373.0	true
010 Air Law	353	1	835.1	true
010 Air Law	354	1	835.1	true
010 Air Law	355	1	1373.0	true
010 Air Law	356	1	566.9	true
010 Air Law	357	1	835.1	true
010 Air Law	358	1	835.1	true
010 Air Law	359	1	300.0	true
010 Air Law	360	1	835.1	true
010 Air Law	361	1	1103.8	true
010 Air Law	362	1	1103.8	true
010 Air Law	363	1	835.1	true
010 Air Law	364	1	835.1	true
010 Air Law	365	1	566.9	true
010 Air Law	366	1	300.0	true
010 Air Law	367	1	1373.0	true
010 Air Law	368	1	1373.0	true
010 Air Law	369	1	300.0	true
010 Air Law	370	1	566.9	true
010 Air Law	371	1	1373.0	true
010 Air Law	372	1	1103.8	true
010 Air Law	373	1	1103.8	true
010 Air Law	374	1	300.0	true
010 Air Law	375	1	835.1	true
010 Air Law	376	1	566.9	true
010 Air Law	377	1	300.0	true
010 Air Law	378	1	1641.3	true
010 Air Law	379	1	835.1	true
010 Air Law	380	1	1103.8	true
010 Air Law	381	1	300.0	true
010 Air Law	382	1	835.1	true
010 Air Law	383	1	835.1	true
010 Air Law	384	1	566.9	true
010 Air Law	385	1	1103.8	true
010 Air Law	386	1	835.1	true
010 Air Law	387	1	835.1	true
010 Air Law	388	1	1373.0	true
010 Air Law	389	1	566.9	true
010 Air Law	390	1	566.9	true
010 Air Law	391	1	835.1	true
010 Air Law	392	1	1103.8	true
010 Air Law	393	1	1103.8	true
010 Air Law	394	1	835.1	true
010 Air Law	395	1	300.0	true
010 Air Law	396	1	300.0	true
010 Air Law	397	1	566.9	true
010 Air Law	398	1	566.9	true
010 Air Law	399	1	566.9	true
010 Air Law	400	1	835.1	true
010 Air Law	401	1	300.0	true
010 Air Law	402	1	2446.8	true
010 Air Law	403	1	300.0	true
010 Air Law	404	1	835.1	true
010 Air Law	405	1	300.0	true
010 Air Law	406	1	1373.0	true
010 Air Law	407	1	300.0	true
010 Air Law	408	1	300.0	true
010 Air Law	409	1	1103.8	true
010 Air Law	410	1	835.1	true
010 Air Law	411	1	1373.0	true
010 Air Law	412	1	1103.8	true
010 Air Law	413	1	835.1	true
010 Air Law	414	1	835.1	true
010 Air Law	415	1	1373.0	true
010 Air Law	416	1	1103.8	true
010 Air Law	417	1	300.0	true
010 Air Law	418	1	835.1	true
010 Air Law	419	1	835.1	true
010 Air Law	420	1	1103.8	true
010 Air Law	421	1	300.0	true
010 Air Law	422	1	1103.8	true
010 Air Law	423	1	975.2	false
010 Air Law	424	1	300.0	true
010 Air Law	425	1	835.1	true
010 Air Law	426	1	1641.3	true
010 Air Law	427	1	1103.8	true
010 Air Law	428	1	300.0	true
010 Air Law	429	1	1103.8	true
010 Air Law	430	1	1373.0	true
010 Air Law	431	1	1373.0	true
010 Air Law	432	1	1103.8	true
010 Air Law	433	1	835.1	true
010 Air Law	434	1	1373.0	true
010 Air Law	435	1	835.1	true
010 Air Law	436	1	1103.8	true
010 Air Law	437	1	1103.8	true
010 Air Law	438	1	566.9	true
010 Air Law	439	1	300.0	true
010 Air Law	440	1	1103.8	true
010 Air Law	441	1	1103.8	true
010 Air Law	442	1	1373.0	true
010 Air Law	443	1	1103.8	true
010 Air Law	444	1	1103.8	true
010 Air Law	445	1	1103.8	true
010 Air Law	446	1	300.0	true
010 Air Law	447	1	300.0	true
010 Air Law	448	1	300.0	true
010 Air Law	449	1	1641.3	true
010 Air Law	450	1	300.0	true
010 Air Law	451	1	835.1	true
010 Air Law	452	1	300.0	true
010 Air Law	453	1	1103.8	true
010 Air Law	454	1	835.1	true
010 Air Law	455	1	1373.0	true
010 Air Law	456	1	1103.8	true
010 Air Law	457	1	566.9	true
010 Air Law	458	1	835.1	true
010 Air Law	459	1	629.9	false
010 Air Law	460	1	1373.0	true
010 Air Law	461	1	1641.3	true
010 Air Law	462	1	566.9	true
010 Air Law	463	1	1103.8	true
010 Air Law	464	1	566.9	true
010 Air Law	465	1	1103.8	true
010 Air Law	466	1	835.1	true
010 Air Law	467	1	566.9	true
010 Air Law	468	1	566.9	true
010 Air Law	469	1	835.1	true
010 Air Law	470	1	1103.8	true
010 Air Law	471	1	300.0	true
010 Air Law	472	1	566.9	true
010 Air Law	473	1	1103.8	true
010 Air Law	474	1	1103.8	true
010 Air Law	475	1	1373.0	true
010 Air Law	476	1	1103.8	true
010 Air Law	477	1	835.1	true
010 Air Law	478	1	1103.8	true
010 Air Law	479	1	1373.0	true
010 Air Law	480	1	1103.8	true
010 Air Law	481	1	1373.0	true
010 Air Law	482	1	835.1	true
010 Air Law	483	1	300.0	true
010 Air Law	484	1	300.0	true
010 Air Law	485	1	1103.8	true
010 Air Law	486	1	835.1	true
010 Air Law	487	1	835.1	true
010 Air Law	488	1	1373.0	true
010 Air Law	489	1	1103.8	true
010 Air Law	490	1	1103.8	true
010 Air Law	491	1	300.0	true
010 Air Law	492	1	1373.0	true
010 Air Law	493	1	1103.8	true
010 Air Law	494	1	1103.8	true
010 Air Law	495	1	1373.0	true
010 Air Law	496	1	1373.0	true
010 Air Law	497	1	300.0	true
010 Air Law	498	1	1373.0	true
010 Air Law	499	1	566.9	true
010 Air Law	500	1	1373.0	true
010 Air Law	501	1	300.0	true
010 Air Law	502	1	835.1	true
010 Air Law	503	1	566.9	true
010 Air Law	504	1	1103.8	true
010 Air Law	505	1	1641.3	true
010 Air Law	506	1	1103.8	true
010 Air Law	507	1	835.1	true
010 Air Law	508	1	1103.8	true
010 Air Law	509	1	1103.8	true
010 Air Law	510	1	566.9	true
010 Air Law	511	1	300.0	true
010 Air Law	512	1	566.9	true
010 Air Law	513	1	566.9	true
010 Air Law	514	1	1103.8	true
010 Air Law	515	1	566.9	true
010 Air Law	516	1	835.1	true
010 Air Law	517	1	835.1	true
010 Air Law	518	1	566.9	true
010 Air Law	519	1	566.9	true
010 Air Law	520	1	566.9	true
010 Air Law	521	1	1103.8	true
010 Air Law	522	1	1103.8	true
010 Air Law	523	1	1373.0	true
010 Air Law	524	1	300.0	true
010 Air Law	525	1	1103.8	true
010 Air Law	526	1	1103.8	true
010 Air Law	527	1	835.1	true
010 Air Law	528	1	566.9	true
010 Air Law	529	1	1373.0	true
010 Air Law	530	1	1103.8	true
010 Air Law	531	1	1103.8	true
010 Air Law	532	1	1373.0	true
010 Air Law	533	1	835.1	true
010 Air Law	534	1	835.1	true
010 Air Law	535	1	835.1	true
010 Air Law	536	1	1103.8	true
010 Air Law	537	1	835.1	true
010 Air Law	538	1	566.9	true
010 Air Law	539	1	300.0	true
010 Air Law	540	1	835.1	true
010 Air Law	541	1	835.1	true
010 Air Law	542	1	300.0	true
010 Air Law	543	1	300.0	true
010 Air Law	544	1	566.9	true
010 Air Law	545	1	566.9	true
010 Air Law	546	1	300.0	true
010 Air Law	547	1	300.0	true
010 Air Law	548	1	2446.8	true
010 Air Law	549	1	300.0	true
010 Air Law	550	1	300.0	true
010 Air Law	551	1	1373.0	true
010 Air Law	552	1	1373.0	true
010 Air Law	553	1	1373.0	true
010 Air Law	554	1	300.0	true
010 Air Law	555	1	300.0	true
010 Air Law	556	1	566.9	true
010 Air Law	557	1	300.0	true
010 Air Law	558	1	566.9	true
010 Air Law	559	1	835.1	true
010 Air Law	560	1	6745.8	true
010 Air Law	561	1	1910.0	true
010 Air Law	562	1	1373.0	true
010 Air Law	563	1	566.9	true
010 Air Law	564	1	300.0	true
010 Air Law	565	1	835.1	true
010 Air Law	566	1	835.1	true
010 Air Law	567	1	566.9	true
010 Air Law	568	1	1373.0	true
010 Air Law	569	1	1103.8	true
010 Air Law	570	1	566.9	true
010 Air Law	571	1	300.0	true
010 Air Law	572	1	835.1	true
010 Air Law	573	1	835.1	true
010 Air Law	574	1	300.0	true
010 Air Law	575	1	1103.8	true
010 Air Law	576	1	1103.8	true
010 Air Law	577	1	300.0	true
010 Air Law	578	1	300.0	true
010 Air Law	579	1	835.1	true
010 Air Law	580	1	1641.3	true
010 Air Law	581	1	1373.0	true
010 Air Law	582	1	1373.0	true
010 Air Law	583	1	300.0	true
010 Air Law	584	1	300.0	true
010 Air Law	585	1	2179.3	true
010 Air Law	586	1	566.9	true
010 Air Law	587	1	300.0	true
010 Air Law	588	1	300.0	true
010 Air Law	589	1	1910.0	true
010 Air Law	590	1	1103.8	true
010 Air Law	591	1	300.0	true
010 Air Law	592	1	300.0	true
010 Air Law	593	1	1103.8	true
010 Air Law	594	1	300.0	true
010 Air Law	595	1	1373.0	true
010 Air Law	596	1	1103.8	true
010 Air Law	597	1	300.0	true
010 Air Law	598	1	835.1	true
010 Air Law	599	1	566.9	true
010 Air Law	600	1	300.0	true
010 Air Law	601	1	1103.8	true
010 Air Law	602	1	1373.0	true
010 Air Law	603	1	835.1	true
010 Air Law	604	1	1373.0	true
010 Air Law	605	1	1373.0	true
010 Air Law	606	1	300.0	true
010 Air Law	607	1	300.0	true
010 Air Law	608	1	835.1	true
010 Air Law	609	1	1103.8	true
010 Air Law	610	1	835.1	true
010 Air Law	611	1	300.0	true
010 Air Law	612	1	566.9	true
010 Air Law	613	1	300.0	true
010 Air Law	614	1	835.1	true
010 Air Law	615	1	300.0	true
010 Air Law	616	1	566.9	true
010 Air Law	617	1	300.0	true
010 Air Law	618	1	566.9	true
010 Air Law	619	1	300.0	true
010 Air Law	620	1	835.1	true
010 Air Law	621	1	300.0	true
010 Air Law	622	1	835.1	true
010 Air Law	623	1	835.1	true
010 Air Law	624	1	835.1	true
010 Air Law	625	1	566.9	true
010 Air Law	626	1	566.9	true
010 Air Law	627	1	835.1	true
010 Air Law	628	1	835.1	true
010 Air Law	629	1	300.0	true
010 Air Law	630	1	300.0	true
010 Air Law	631	1	1103.8	true
010 Air Law	632	1	835.1	true
010 Air Law	633	1	300.0	true
010 Air Law	634	1	835.1	true
010 Air Law	635	1	1373.0	true
010 Air Law	636	1	300.0	true
010 Air Law	637	1	835.1	true
010 Air Law	638	1	835.1	true
010 Air Law	639	1	3521.8	true
010 Air Law	640	1	300.0	true
010 Air Law	641	1	1103.8	true
010 Air Law	642	1	835.1	true
010 Air Law	643	1	1103.8	true
010 Air Law	644	1	1103.8	true
010 Air Law	645	1	835.1	true
010 Air Law	646	1	1373.0	true
010 Air Law	647	1	1641.3	true
010 Air Law	648	1	1641.3	true
010 Air Law	649	1	566.9	true
010 Air Law	650	1	1103.8	true
010 Air Law	651	1	3521.8	true
010 Air Law	652	1	835.1	true
010 Air Law	653	1	300.0	true
010 Air Law	654	1	300.0	true
010 Air Law	655	1	835.1	true
010 Air Law	656	1	566.9	true
010 Air Law	657	1	300.0	true
010 Air Law	658	1	835.1	true
010 Air Law	659	1	566.9	true
010 Air Law	660	1	1103.8	true
010 Air Law	661	1	1103.8	true
010 Air Law	662	1	1103.8	true
010 Air Law	663	1	1373.0	true
010 Air Law	664	1	835.1	true
010 Air Law	665	1	566.9	true
010 Air Law	666	1	300.0	true
010 Air Law	667	1	566.9	true
010 Air Law	668	1	566.9	true
010 Air Law	669	1	835.1	true
010 Air Law	670	1	835.1	true
010 Air Law	671	1	300.0	true
010 Air Law	672	1	835.1	true
010 Air Law	673	1	1910.0	true
010 Air Law	674	1	300.0	true
010 Air Law	675	1	300.0	true
010 Air Law	676	1	835.1	true
010 Air Law	677	1	1373.0	true
010 Air Law	678	1	1103.8	true
010 Air Law	679	1	835.1	true
010 Air Law	680	1	300.0	true
010 Air Law	681	1	1103.8	true
010 Air Law	682	1	566.9	true
010 Air Law	683	1	835.1	true
010 Air Law	684	1	1373.0	true
010 Air Law	685	1	599.8	false
010 Air Law	686	1	300.0	true
010 Air Law	687	1	566.9	true
010 Air Law	688	1	1103.8	true
010 Air Law	689	1	1373.0	true
010 Air Law	690	1	1103.8	true
010 Air Law	691	1	566.9	true
010 Air Law	692	1	300.0	true
010 Air Law	693	1	835.1	true
010 Air Law	694	1	566.9	true
010 Air Law	695	1	1103.8	true
010 Air Law	696	1	1103.8	true
010 Air Law	697	1	566.9	true
010 Air Law	698	1	300.0	true
010 Air Law	699	1	1103.8	true
010 Air Law	700	1	1103.8	true
010 Air Law	701	1	300.0	true
010 Air Law	702	1	1103.8	true
010 Air Law	703	1	566.9	true
010 Air Law	704	1	300.0	true
010 Air Law	705	1	1103.8	true
010 Air Law	706	1	1373.0	true
010 Air Law	707	1	1103.8	true
010 Air Law	708	1	300.0	true
010 Air Law	709	1	300.0	true
010 Air Law	710	1	566.9	true
010 Air Law	711	1	300.0	true
010 Air Law	712	1	300.0	true
010 Air Law	713	1	300.0	true
010 Air Law	714	1	835.1	true
010 Air Law	715	1	566.9	true
010 Air Law	716	1	566.9	true
010 Air Law	717	1	566.9	true
010 Air Law	718	1	835.1	true
010 Air Law	719	1	300.0	true
010 Air Law	720	1	300.0	true
010 Air Law	721	1	300.0	true
010 Air Law	722	1	300.0	true
010 Air Law	723	1	300.0	true
010 Air Law	724	1	300.0	true
010 Air Law	725	1	300.0	true
010 Air Law	726	1	300.0	true
010 Air Law	727	1	1373.0	true
010 Air Law	728	1	566.9	true
010 Air Law	729	1	835.1	true
010 Air Law	730	1	300.0	true
010 Air Law	731	1	1103.8	true
010 Air Law	732	1	1103.8	true
010 Air Law	733	1	1103.8	true
010 Air Law	734	1	1103.8	true
010 Air Law	735	1	300.0	true
010 Air Law	736	1	1373.0	true
010 Air Law	737	1	1373.0	true
010 Air Law	738	1	1103.8	true
010 Air Law	739	1	1103.8	true
010 Air Law	740	1	566.9	true
010 Air Law	741	1	300.0	true
010 Air Law	742	1	300.0	true
010 Air Law	743	1	566.9	true
010 Air Law	744	1	300.0	true
010 Air Law	745	1	566.9	true
010 Air Law	746	1	300.0	true
010 Air Law	747	1	1103.8	true
010 Air Law	748	1	300.0	true
010 Air Law	749	1	300.0	true
010 Air Law	750	1	835.1	true
010 Air Law	751	1	566.9	true
010 Air Law	752	1	835.1	true
010 Air Law	753	1	835.1	true
010 Air Law	754	1	835.1	true
010 Air Law	755	1	300.0	true
010 Air Law	756	1	300.0	true
010 Air Law	757	1	1103.8	true
010 Air Law	758	1	1103.8	true
010 Air Law	759	1	300.0	true
010 Air Law	760	1	300.0	true
010 Air Law	761	1	835.1	true
010 Air Law	762	1	835.1	true
010 Air Law	763	1	566.9	true
010 Air Law	764	1	300.0	true
010 Air Law	765	1	300.0	true
010 Air Law	766	1	1103.8	true
010 Air Law	767	1	300.0	true
010 Air Law	768	1	300.0	true
010 Air Law	769	1	566.9	true
010 Air Law	770	1	566.9	true
010 Air Law	771	1	300.0	true
010 Air Law	772	1	566.9	true
010 Air Law	773	1	300.0	true
010 Air Law	774	1	300.0	true
010 Air Law	775	1	1103.8	true
010 Air Law	776	1	1103.8	true
010 Air Law	777	1	1373.0	true
010 Air Law	778	1	835.1	true
010 Air Law	779	1	1373.0	true
010 Air Law	780	1	1103.8	true
010 Air Law	781	1	566.9	true
010 Air Law	782	1	300.0	true
010 Air Law	783	1	300.0	true
010 Air Law	784	1	835.1	true
010 Air Law	785	1	1103.8	true
010 Air Law	786	1	300.0	true
010 Air Law	787	1	300.0	true
010 Air Law	788	1	835.1	true
010 Air Law	789	1	835.1	true
010 Air Law	790	1	566.9	true
010 Air Law	791	1	1103.8	true
010 Air Law	792	1	1641.3	true
010 Air Law	793	1	1373.0	true
010 Air Law	794	1	300.0	true
010 Air Law	795	1	1373.0	true
010 Air Law	796	1	566.9	true
010 Air Law	797	1	835.1	true
010 Air Law	798	1	566.9	true
010 Air Law	799	1	1641.3	true
010 Air Law	800	1	300.0	true
010 Air Law	801	1	1373.0	true
010 Air Law	802	1	300.0	true
010 Air Law	803	1	300.0	true
010 Air Law	804	1	300.0	true
010 Air Law	805	1	1641.3	true
010 Air Law	806	1	835.1	true
010 Air Law	807	1	1103.8	true
010 Air Law	808	1	566.9	true
010 Air Law	809	1	300.0	true
010 Air Law	810	1	566.9	true
010 Air Law	811	1	300.0	true
010 Air Law	812	1	300.0	true
010 Air Law	813	1	1103.8	true
010 Air Law	814	1	1103.8	true
010 Air Law	815	1	566.9	true
010 Air Law	816	1	300.0	true
010 Air Law	817	1	1910.0	true
010 Air Law	818	1	2179.3	true
010 Air Law	819	1	835.1	true
010 Air Law	820	1	835.1	true
010 Air Law	821	1	835.1	true
010 Air Law	822	1	1103.8	true
010 Air Law	823	1	300.0	true
010 Air Law	824	1047751	300.0	true
010 Air Law	1048575	1	300.0	true
021 AGK Airframe, Systems...	0	1	1950.2	false
021 AGK Airframe, Systems...	1	1	329.9	false
021 AGK Airframe, Systems...	2	1	300.0	true
021 AGK Airframe, Systems...	3	1	300.0	true
021 AGK Airframe, Systems...	4	1	300.0	true
021 AGK Airframe, Systems...	5	1	835.1	true
021 AGK Airframe, Systems...	6	1	566.9	true
021 AGK Airframe, Systems...	7	1	300.0	true
021 AGK Airframe, Systems...	8	1	566.9	true
021 AGK Airframe, Systems...	9	1	566.9	true
021 AGK Airframe, Systems...	10	1	585.1	false
021 AGK Airframe, Systems...	11	1	1103.8	true
021 AGK Airframe, Systems...	12	1	1103.8	true
021 AGK Airframe, Systems...	13	1	835.1	true
021 AGK Airframe, Systems...	14	1	300.0	true
021 AGK Airframe, Systems...	15	1	300.0	true
021 AGK Airframe, Systems...	16	1	1641.3	true
021 AGK Airframe, Systems...	17	1	1103.8	true
021 AGK Airframe, Systems...	18	1	566.9	true
021 AGK Airframe, Systems...	19	1	1103.8	true
021 AGK Airframe, Systems...	20	1	300.0	true
021 AGK Airframe, Systems...	21	1	300.0	true
021 AGK Airframe, Systems...	22	1	835.1	true
021 AGK Airframe, Systems...	23	1	835.1	true
021 AGK Airframe, Systems...	24	1	300.0	true
021 AGK Airframe, Systems...	25	1	835.1	true
021 AGK Airframe, Systems...	26	1	835.1	true
021 AGK Airframe, Systems...	27	1	566.9	true
021 AGK Airframe, Systems...	28	1	1373.0	true
021 AGK Airframe, Systems...	29	1	835.1	true
021 AGK Airframe, Systems...	30	1	300.0	true
021 AGK Airframe, Systems...	31	1	566.9	true
021 AGK Airframe, Systems...	32	1	835.1	true
021 AGK Airframe, Systems...	33	1	300.0	true
021 AGK Airframe, Systems...	34	1	566.9	true
021 AGK Airframe, Systems...	35	1	835.1	true
021 AGK Airframe, Systems...	36	1	300.0	true
021 AGK Airframe, Systems...	37	1	300.0	true
021 AGK Airframe, Systems...	38	1	566.9	true
021 AGK Airframe, Systems...	39	1	835.1	true
021 AGK Airframe, Systems...	40	1	835.1	true
021 AGK Airframe, Systems...	41	1	566.9	true
021 AGK Airframe, Systems...	42	1	835.1	true
021 AGK Airframe, Systems...	43	1	300.0	true
021 AGK Airframe, Systems...	44	1	300.0	true
021 AGK Airframe, Systems...	45	1	835.1	true
021 AGK Airframe, Systems...	46	1	835.1	true
021 AGK Airframe, Systems...	47	1	300.0	true
021 AGK Airframe, Systems...	48	1	835.1	true
021 AGK Airframe, Systems...	49	1	835.1	true
021 AGK Airframe, Systems...	50	1	1910.0	true
021 AGK Airframe, Systems...	51	1	1103.8	true
021 AGK Airframe, Systems...	52	1	1103.8	true
021 AGK Airframe, Systems...	53	1	300.0	true
021 AGK Airframe, Systems...	54	1	300.0	true
021 AGK Airframe, Systems...	55	1	835.1	true
021 AGK Airframe, Systems...	56	1	835.1	true
021 AGK Airframe, Systems...	57	1	300.0	true
021 AGK Airframe, Systems...	58	1	835.1	true
021 AGK Airframe, Systems...	59	1	300.0	true
021 AGK Airframe, Systems...	60	1	566.9	true
021 AGK Airframe, Systems...	61	1	1373.0	true
021 AGK Airframe, Systems...	62	1	566.9	true
021 AGK Airframe, Systems...	63	1	1910.0	true
021 AGK Airframe, Systems...	64	1	959.8	false
021 AGK Airframe, Systems...	65	1	566.9	true
021 AGK Airframe, Systems...	66	1	300.0	true
021 AGK Airframe, Systems...	67	1	566.9	true
021 AGK Airframe, Systems...	68	1	1373.0	true
021 AGK Airframe, Systems...	69	1	566.9	true
021 AGK Airframe, Systems...	70	1	835.1	true
021 AGK Airframe, Systems...	71	1	835.1	true
021 AGK Airframe, Systems...	72	1	835.1	true
021 AGK Airframe, Systems...	73	1	1103.8	true
021 AGK Airframe, Systems...	74	1	835.1	true
021 AGK Airframe, Systems...	75	1	566.9	true
021 AGK Airframe, Systems...	76	1	566.9	true
021 AGK Airframe, Systems...	77	1	566.9	true
021 AGK Airframe, Systems...	78	1	300.0	true
021 AGK Airframe, Systems...	79	1	300.0	true
021 AGK Airframe, Systems...	80	1	300.0	true
021 AGK Airframe, Systems...	81	1	300.0	true
021 AGK Airframe, Systems...	82	1	300.0	true
021 AGK Airframe, Systems...	83	1	300.0	true
021 AGK Airframe, Systems...	84	1	835.1	true
021 AGK Airframe, Systems...	85	1	566.9	true
021 AGK Airframe, Systems...	86	1	300.0	true
021 AGK Airframe, Systems...	87	1	689.9	false
021 AGK Airframe, Systems...	88	1	300.0	true
021 AGK Airframe, Systems...	89	1	566.9	true
021 AGK Airframe, Systems...	90	1	615.2	false
021 AGK Airframe, Systems...	91	1	300.0	true
021 AGK Airframe, Systems...	92	1	566.9	true
021 AGK Airframe, Systems...	93	1	835.1	true
021 AGK Airframe, Systems...	94	1	835.1	true
021 AGK Airframe, Systems...	95	1	2179.3	true
021 AGK Airframe, Systems...	96	1	1373.0	true
021 AGK Airframe, Systems...	97	1	566.9	true
021 AGK Airframe, Systems...	98	1	566.9	true
021 AGK Airframe, Systems...	99	1	300.0	true
021 AGK Airframe, Systems...	100	1	300.0	true
021 AGK Airframe, Systems...	101	1	1910.0	true
021 AGK Airframe, Systems...	102	1	566.9	true
021 AGK Airframe, Systems...	103	1	566.9	true
021 AGK Airframe, Systems...	104	1	566.9	true
021 AGK Airframe, Systems...	105	1	300.0	true
021 AGK Airframe, Systems...	106	1	300.0	true
021 AGK Airframe, Systems...	107	1	300.0	true
021 AGK Airframe, Systems...	108	1	1373.0	true
021 AGK Airframe, Systems...	109	1	300.0	true
021 AGK Airframe, Systems...	110	1	300.0	true
021 AGK Airframe, Systems...	111	1	835.1	true
021 AGK Airframe, Systems...	112	1	566.9	true
021 AGK Airframe, Systems...	113	1	566.9	true
021 AGK Airframe, Systems...	114	1	566.9	true
021 AGK Airframe, Systems...	115	1	566.9	true
021 AGK Airframe, Systems...	116	1	566.9	true
021 AGK Airframe, Systems...	117	1	300.0	true
021 AGK Airframe, Systems...	118	1	835.1	true
021 AGK Airframe, Systems...	119	1	1103.8	true
021 AGK Airframe, Systems...	120	1	835.1	true
021 AGK Airframe, Systems...	121	1	300.0	true
021 AGK Airframe, Systems...	122	1	835.1	true
021 AGK Airframe, Systems...	123	1	835.1	true
021 AGK Airframe, Systems...	124	1	835.1	true
021 AGK Airframe, Systems...	125	1	566.9	true
021 AGK Airframe, Systems...	126	1	1373.0	true
021 AGK Airframe, Systems...	127	1	1641.3	true
021 AGK Airframe, Systems...	128	1	1103.8	true
021 AGK Airframe, Systems...	129	1	2716.1	true
021 AGK Airframe, Systems...	130	1	566.9	true
021 AGK Airframe, Systems...	131	1	566.9	true
021 AGK Airframe, Systems...	132	1	835.1	true
021 AGK Airframe, Systems...	133	1	300.0	true
021 AGK Airframe, Systems...	134	1	566.9	true
021 AGK Airframe, Systems...	135	1	566.9	true
021 AGK Airframe, Systems...	136	1	835.1	true
021 AGK Airframe, Systems...	137	1	300.0	true
021 AGK Airframe, Systems...	138	1	300.0	true
021 AGK Airframe, Systems...	139	1	300.0	true
021 AGK Airframe, Systems...	140	1	566.9	true
021 AGK Airframe, Systems...	141	1	566.9	true
021 AGK Airframe, Systems...	142	1	835.1	true
021 AGK Airframe, Systems...	143	1	1373.0	true
021 AGK Airframe, Systems...	144	1	1373.0	true
021 AGK Airframe, Systems...	145	1	566.9	true
021 AGK Airframe, Systems...	146	1	566.9	true
021 AGK Airframe, Systems...	147	1	566.9	true
021 AGK Airframe, Systems...	148	1	1373.0	true
021 AGK Airframe, Systems...	149	1	835.1	true
021 AGK Airframe, Systems...	150	1	566.9	true
021 AGK Airframe, Systems...	151	1	835.1	true
021 AGK Airframe, Systems...	152	1	300.0	true
021 AGK Airframe, Systems...	153	1	300.0	true
021 AGK Airframe, Systems...	154	1	300.0	true
021 AGK Airframe, Systems...	155	1	566.9	true
021 AGK Airframe, Systems...	156	1	1103.8	true
021 AGK Airframe, Systems...	157	1	300.0	true
021 AGK Airframe, Systems...	158	1	1103.8	true
021 AGK Airframe, Systems...	159	1	300.0	true
021 AGK Airframe, Systems...	160	1	300.0	true
021 AGK Airframe, Systems...	161	1	300.0	true
021 AGK Airframe, Systems...	162	1	300.0	true
021 AGK Airframe, Systems...	163	1	566.9	true
021 AGK Airframe, Systems...	164	1	1103.8	true
021 AGK Airframe, Systems...	165	1	566.9	true
021 AGK Airframe, Systems...	166	1	566.9	true
021 AGK Airframe, Systems...	167	1	566.9	true
021 AGK Airframe, Systems...	168	1	566.9	true
021 AGK Airframe, Systems...	169	1	300.0	true
021 AGK Airframe, Systems...	170	1	300.0	true
021 AGK Airframe, Systems...	171	1	300.0	true
021 AGK Airframe, Systems...	172	1	300.0	true
021 AGK Airframe, Systems...	173	1	300.0	true
021 AGK Airframe, Systems...	174	1	835.1	true
021 AGK Airframe, Systems...	175	1	300.0	true
021 AGK Airframe, Systems...	176	1	835.1	true
021 AGK Airframe, Systems...	177	1	2179.3	true
021 AGK Airframe, Systems...	178	1	835.1	true
021 AGK Airframe, Systems...	179	1	300.0	true
021 AGK Airframe, Systems...	180	1	566.9	true
021 AGK Airframe, Systems...	181	1	566.9	true
021 AGK Airframe, Systems...	182	1	1641.3	true
021 AGK Airframe, Systems...	183	1	1373.0	true
021 AGK Airframe, Systems...	184	1	300.0	true
021 AGK Airframe, Systems...	185	1	566.9	true
021 AGK Airframe, Systems...	186	1	660.0	false
021 AGK Airframe, Systems...	187	1	566.9	true
021 AGK Airframe, Systems...	188	1	300.0	true
021 AGK Airframe, Systems...	189	1	835.1	true
021 AGK Airframe, Systems...	190	1	300.0	true
021 AGK Airframe, Systems...	191	1	835.1	true
021 AGK Airframe, Systems...	192	1	300.0	true
021 AGK Airframe, Systems...	193	1	300.0	true
021 AGK Airframe, Systems...	194	1	566.9	true
021 AGK Airframe, Systems...	195	1	835.1	true
021 AGK Airframe, Systems...	196	1	1373.0	true
021 AGK Airframe, Systems...	197	1	300.0	true
021 AGK Airframe, Systems...	198	1	300.0	true
021 AGK Airframe, Systems...	199	1	300.0	true
021 AGK Airframe, Systems...	200	1	300.0	true
021 AGK Airframe, Systems...	201	1	566.9	true
021 AGK Airframe, Systems...	202	1	835.1	true
021 AGK Airframe, Systems...	203	1	300.0	true
021 AGK Airframe, Systems...	204	1	566.9	true
021 AGK Airframe, Systems...	205	1	300.0	true
021 AGK Airframe, Systems...	206	1	566.9	true
021 AGK Airframe, Systems...	207	1	566.9	true
021 AGK Airframe, Systems...	208	1	566.9	true
021 AGK Airframe, Systems...	209	1	566.9	true
021 AGK Airframe, Systems...	210	1	566.9	true
021 AGK Airframe, Systems...	211	1	300.0	true
021 AGK Airframe, Systems...	212	1	566.9	true
021 AGK Airframe, Systems...	213	1	566.9	true
021 AGK Airframe, Systems...	214	1	835.1	true
021 AGK Airframe, Systems...	215	1	1103.8	true
021 AGK Airframe, Systems...	216	1	566.9	true
021 AGK Airframe, Systems...	217	1	566.9	true
021 AGK Airframe, Systems...	218	1	566.9	true
021 AGK Airframe, Systems...	219	1	1103.8	true
021 AGK Airframe, Systems...	220	1	300.0	true
021 AGK Airframe, Systems...	221	1	566.9	true
021 AGK Airframe, Systems...	222	1	300.0	true
021 AGK Airframe, Systems...	223	1	1103.8	true
021 AGK Airframe, Systems...	224	1	566.9	true
021 AGK Airframe, Systems...	225	1	566.9	true
021 AGK Airframe, Systems...	226	1	566.9	true
021 AGK Airframe, Systems...	227	1	835.1	true
021 AGK Airframe, Systems...	228	1	835.1	true
021 AGK Airframe, Systems...	229	1	300.0	true
021 AGK Airframe, Systems...	230	1	566.9	true
021 AGK Airframe, Systems...	231	1	300.0	true
021 AGK Airframe, Systems...	232	1	566.9	true
021 AGK Airframe, Systems...	233	1	566.9	true
021 AGK Airframe, Systems...	234	1	566.9	true
021 AGK Airframe, Systems...	235	1	566.9	true
021 AGK Airframe, Systems...	236	1	300.0	true
021 AGK Airframe, Systems...	237	1	1103.8	true
021 AGK Airframe, Systems...	238	1	1910.0	true
021 AGK Airframe, Systems...	239	1	1103.8	true
021 AGK Airframe, Systems...	240	1	1103.8	true
021 AGK Airframe, Systems...	241	1	566.9	true
021 AGK Airframe, Systems...	242	1	1373.0	true
021 AGK Airframe, Systems...	243	1	835.1	true
021 AGK Airframe, Systems...	244	1	300.0	true
021 AGK Airframe, Systems...	245	1	1373.0	true
021 AGK Airframe, Systems...	246	1	300.0	true
021 AGK Airframe, Systems...	247	1	300.0	true
021 AGK Airframe, Systems...	248	1	300.0	true
021 AGK Airframe, Systems...	249	1	566.9	true
021 AGK Airframe, Systems...	250	1	1910.0	true
021 AGK Airframe, Systems...	251	1	1103.8	true
021 AGK Airframe, Systems...	252	1	300.0	true
021 AGK Airframe, Systems...	253	1	1103.8	true
021 AGK Airframe, Systems...	254	1	835.1	true
021 AGK Airframe, Systems...	255	1	1910.0	true
021 AGK Airframe, Systems...	256	1	835.1	true
021 AGK Airframe, Systems...	257	1	566.9	true
021 AGK Airframe, Systems...	258	1	566.9	true
021 AGK Airframe, Systems...	259	1	566.9	true
021 AGK Airframe, Systems...	260	1	566.9	true
021 AGK Airframe, Systems...	261	1	566.9	true
021 AGK Airframe, Systems...	262	1	300.0	true
021 AGK Airframe, Systems...	263	1	566.9	true
021 AGK Airframe, Systems...	264	1	300.0	true
021 AGK Airframe, Systems...	265	1	300.0	true
021 AGK Airframe, Systems...	266	1	835.1	true
021 AGK Airframe, Systems...	267	1	566.9	true
021 AGK Airframe, Systems...	268	1	300.0	true
021 AGK Airframe, Systems...	269	1	835.1	true
021 AGK Airframe, Systems...	270	1	1373.0	true
021 AGK Airframe, Systems...	271	1	1103.8	true
021 AGK Airframe, Systems...	272	1	1103.8	true
021 AGK Airframe, Systems...	273	1	566.9	true
021 AGK Airframe, Systems...	274	1	300.0	true
021 AGK Airframe, Systems...	275	1	566.9	true
021 AGK Airframe, Systems...	276	1	1103.8	true
021 AGK Airframe, Systems...	277	1	300.0	true
021 AGK Airframe, Systems...	278	1	835.1	true
021 AGK Airframe, Systems...	279	1	300.0	true
021 AGK Airframe, Systems...	280	1	300.0	true
021 AGK Airframe, Systems...	281	1	1103.8	true
021 AGK Airframe, Systems...	282	1	1910.0	true
021 AGK Airframe, Systems...	283	1	566.9	true
021 AGK Airframe, Systems...	284	1	300.0	true
021 AGK Airframe, Systems...	285	1	566.9	true
021 AGK Airframe, Systems...	286	1	835.1	true
021 AGK Airframe, Systems...	287	1	300.0	true
021 AGK Airframe, Systems...	288	1	1373.0	true
021 AGK Airframe, Systems...	289	1	2716.1	true
021 AGK Airframe, Systems...	290	1	300.0	true
021 AGK Airframe, Systems...	291	1	835.1	true
021 AGK Airframe, Systems...	292	1	566.9	true
021 AGK Airframe, Systems...	293	1	566.9	true
021 AGK Airframe, Systems...	294	1	566.9	true
021 AGK Airframe, Systems...	295	1	566.9	true
021 AGK Airframe, Systems...	296	1	1641.3	true
021 AGK Airframe, Systems...	297	1	566.9	true
021 AGK Airframe, Systems...	298	1	566.9	true
021 AGK Airframe, Systems...	299	1	1103.8	true
021 AGK Airframe, Systems...	300	1	300.0	true
021 AGK Airframe, Systems...	301	1	566.9	true
021 AGK Airframe, Systems...	302	1	566.9	true
021 AGK Airframe, Systems...	303	1	300.0	true
021 AGK Airframe, Systems...	304	1	566.9	true
021 AGK Airframe, Systems...	305	1	566.9	true
021 AGK Airframe, Systems...	306	1	835.1	true
021 AGK Airframe, Systems...	307	1	566.9	true
021 AGK Airframe, Systems...	308	1	566.9	true
021 AGK Airframe, Systems...	309	1	300.0	true
021 AGK Airframe, Systems...	310	1	300.0	true
021 AGK Airframe, Systems...	311	1	1103.8	true
021 AGK Airframe, Systems...	312	1	566.9	true
021 AGK Airframe, Systems...	313	1	300.0	true
021 AGK Airframe, Systems...	314	1	300.0	true
021 AGK Airframe, Systems...	315	1	300.0	true
021 AGK Airframe, Systems...	316	1	835.1	true
021 AGK Airframe, Systems...	317	1	300.0	true
021 AGK Airframe, Systems...	318	1	300.0	true
021 AGK Airframe, Systems...	319	1	300.0	true
021 AGK Airframe, Systems...	320	1	835.1	true
021 AGK Airframe, Systems...	321	1	835.1	true
021 AGK Airframe, Systems...	322	1	300.0	true
021 AGK Airframe, Systems...	323	1	300.0	true
021 AGK Airframe, Systems...	324	1	1373.0	true
021 AGK Airframe, Systems...	325	1	566.9	true
021 AGK Airframe, Systems...	326	1	835.1	true
021 AGK Airframe, Systems...	327	1	300.0	true
021 AGK Airframe, Systems...	328	1	300.0	true
021 AGK Airframe, Systems...	329	1	835.1	true
021 AGK Airframe, Systems...	330	1	300.0	true
021 AGK Airframe, Systems...	331	1	300.0	true
021 AGK Airframe, Systems...	332	1	566.9	true
021 AGK Airframe, Systems...	333	1	835.1	true
021 AGK Airframe, Systems...	334	1	300.0	true
021 AGK Airframe, Systems...	335	1	300.0	true
021 AGK Airframe, Systems...	336	1	1641.3	true
021 AGK Airframe, Systems...	337	1	1910.0	true
021 AGK Airframe, Systems...	338	1	566.9	true
021 AGK Airframe, Systems...	339	1	566.9	true
021 AGK Airframe, Systems...	340	1	835.1	true
021 AGK Airframe, Systems...	341	1	300.0	true
021 AGK Airframe, Systems...	342	1	300.0	true
021 AGK Airframe, Systems...	343	1	566.9	true
021 AGK Airframe, Systems...	344	1	566.9	true
021 AGK Airframe, Systems...	345	1	835.1	true
021 AGK Airframe, Systems...	346	1	300.0	true
021 AGK Airframe, Systems...	347	1	566.9	true
021 AGK Airframe, Systems...	348	1	300.0	true
021 AGK Airframe, Systems...	349	1	835.1	true
021 AGK Airframe, Systems...	350	1	835.1	true
021 AGK Airframe, Systems...	351	1	566.9	true
021 AGK Airframe, Systems...	352	1	300.0	true
021 AGK Airframe, Systems...	353	1	300.0	true
021 AGK Airframe, Systems...	354	1	566.9	true
021 AGK Airframe, Systems...	355	1	835.1	true
021 AGK Airframe, Systems...	356	1	1910.0	true
021 AGK Airframe, Systems...	357	1	566.9	true
021 AGK Airframe, Systems...	358	1	300.0	true
021 AGK Airframe, Systems...	359	1	566.9	true
021 AGK Airframe, Systems...	360	1	566.9	true
021 AGK Airframe, Systems...	361	1	566.9	true
021 AGK Airframe, Systems...	362	1	835.1	true
021 AGK Airframe, Systems...	363	1	566.9	true
021 AGK Airframe, Systems...	364	1	300.0	true
021 AGK Airframe, Systems...	365	1	566.9	true
021 AGK Airframe, Systems...	366	1	566.9	true
021 AGK Airframe, Systems...	367	1	566.9	true
021 AGK Airframe, Systems...	368	1	566.9	true
021 AGK Airframe, Systems...	369	1	300.0	true
021 AGK Airframe, Systems...	370	1	300.0	true
021 AGK Airframe, Systems...	371	1	300.0	true
021 AGK Airframe, Systems...	372	1	566.9	true
021 AGK Airframe, Systems...	373	1	566.9	true
021 AGK Airframe, Systems...	374	1	566.9	true
021 AGK Airframe, Systems...	375	1	300.0	true
021 AGK Airframe, Systems...	376	1	300.0	true
021 AGK Airframe, Systems...	377	1	566.9	true
021 AGK Airframe, Systems...	378	1	300.0	true
021 AGK Airframe, Systems...	379	1	566.9	true
021 AGK Airframe, Systems...	380	1	566.9	true
021 AGK Airframe, Systems...	381	1	566.9	true
021 AGK Airframe, Systems...	382	1	566.9	true
021 AGK Airframe, Systems...	383	1	835.1	true
021 AGK Airframe, Systems...	384	1	300.0	true
021 AGK Airframe, Systems...	385	1	566.9	true
021 AGK Airframe, Systems...	386	1	300.0	true
021 AGK Airframe, Systems...	387	1	566.9	true
021 AGK Airframe, Systems...	388	1	300.0	true
021 AGK Airframe, Systems...	389	1	1103.8	true
021 AGK Airframe, Systems...	390	1	835.1	true
021 AGK Airframe, Systems...	391	1	1103.8	true
021 AGK Airframe, Systems...	392	1	566.9	true
021 AGK Airframe, Systems...	393	1	300.0	true
021 AGK Airframe, Systems...	394	1	835.1	true
021 AGK Airframe, Systems...	395	1	300.0	true
021 AGK Airframe, Systems...	396	1	835.1	true
021 AGK Airframe, Systems...	397	1	566.9	true
021 AGK Airframe, Systems...	398	1	566.9	true
021 AGK Airframe, Systems...	399	1	1103.8	true
021 AGK Airframe, Systems...	400	1	300.0	true
021 AGK Airframe, Systems...	401	1	566.9	true
021 AGK Airframe, Systems...	402	1	300.0	true
021 AGK Airframe, Systems...	403	1	300.0	true
021 AGK Airframe, Systems...	404	1	300.0	true
021 AGK Airframe, Systems...	405	1	835.1	true
021 AGK Airframe, Systems...	406	1	1103.8	true
021 AGK Airframe, Systems...	407	1	835.1	true
021 AGK Airframe, Systems...	408	1	835.1	true
021 AGK Airframe, Systems...	409	1	566.9	true
021 AGK Airframe, Systems...	410	1	835.1	true
021 AGK Airframe, Systems...	411	1	566.9	true
021 AGK Airframe, Systems...	412	1	566.9	true
021 AGK Airframe, Systems...	413	1	566.9	true
021 AGK Airframe, Systems...	414	1	835.1	true
021 AGK Airframe, Systems...	415	1	1641.3	true
021 AGK Airframe, Systems...	416	1	1103.8	true
021 AGK Airframe, Systems...	417	1	300.0	true
021 AGK Airframe, Systems...	418	1	3253.1	true
021 AGK Airframe, Systems...	419	1	300.0	true
021 AGK Airframe, Systems...	420	1	566.9	true
021 AGK Airframe, Systems...	421	1	566.9	true
021 AGK Airframe, Systems...	422	1	835.1	true
021 AGK Airframe, Systems...	423	1	300.0	true
021 AGK Airframe, Systems...	424	1	566.9	true
021 AGK Airframe, Systems...	425	1	566.9	true
021 AGK Airframe, Systems...	426	1	300.0	true
021 AGK Airframe, Systems...	427	1	566.9	true
021 AGK Airframe, Systems...	428	1	566.9	true
021 AGK Airframe, Systems...	429	1	835.1	true
021 AGK Airframe, Systems...	430	1	300.0	true
021 AGK Airframe, Systems...	431	1	566.9	true
021 AGK Airframe, Systems...	432	1	566.9	true
021 AGK Airframe, Systems...	433	1	835.1	true
021 AGK Airframe, Systems...	434	1	835.1	true
021 AGK Airframe, Systems...	435	1	566.9	true
021 AGK Airframe, Systems...	436	1	566.9	true
021 AGK Airframe, Systems...	437	1	300.0	true
021 AGK Airframe, Systems...	438	1	566.9	true
021 AGK Airframe, Systems...	439	1	566.9	true
021 AGK Airframe, Systems...	440	1	835.1	true
021 AGK Airframe, Systems...	441	1	566.9	true
021 AGK Airframe, Systems...	442	1	566.9	true
021 AGK Airframe, Systems...	443	1	566.9	true
021 AGK Airframe, Systems...	444	1	566.9	true
021 AGK Airframe, Systems...	445	1	300.0	true
021 AGK Airframe, Systems...	446	1	300.0	true
021 AGK Airframe, Systems...	447	1	300.0	true
021 AGK Airframe, Systems...	448	1	1103.8	true
021 AGK Airframe, Systems...	449	1	835.1	true
021 AGK Airframe, Systems...	450	1	300.0	true
021 AGK Airframe, Systems...	451	1	835.1	true
021 AGK Airframe, Systems...	452	1	300.0	true
021 AGK Airframe, Systems...	453	1	566.9	true
021 AGK Airframe, Systems...	454	1	300.0	true
021 AGK Airframe, Systems...	455	1	835.1	true
021 AGK Airframe, Systems...	456	1	566.9	true
021 AGK Airframe, Systems...	457	1	835.1	true
021 AGK Airframe, Systems...	458	1	300.0	true
021 AGK Airframe, Systems...	459	1	566.9	true
021 AGK Airframe, Systems...	460	1	835.1	true
021 AGK Airframe, Systems...	461	1	1103.8	true
021 AGK Airframe, Systems...	462	1	300.0	true
021 AGK Airframe, Systems...	463	1	300.0	true
021 AGK Airframe, Systems...	464	1	835.1	true
021 AGK Airframe, Systems...	465	1	1103.8	true
021 AGK Airframe, Systems...	466	1	300.0	true
021 AGK Airframe, Systems...	467	1	566.9	true
021 AGK Airframe, Systems...	468	1	566.9	true
021 AGK Airframe, Systems...	469	1	566.9	true
021 AGK Airframe, Systems...	470	1	1103.8	true
021 AGK Airframe, Systems...	471	1	3521.8	true
021 AGK Airframe, Systems...	472	1	1910.0	true
021 AGK Airframe, Systems...	473	1	835.1	true
021 AGK Airframe, Systems...	474	1	566.9	true
021 AGK Airframe, Systems...	475	1	835.1	true
021 AGK Airframe, Systems...	476	1	835.1	true
021 AGK Airframe, Systems...	477	1	300.0	true
021 AGK Airframe, Systems...	478	1	300.0	true
021 AGK Airframe, Systems...	479	1	566.9	true
021 AGK Airframe, Systems...	480	1	835.1	true
021 AGK Airframe, Systems...	481	1	1641.3	true
021 AGK Airframe, Systems...	482	1	300.0	true
021 AGK Airframe, Systems...	483	1	835.1	true
021 AGK Airframe, Systems...	484	1	300.0	true
021 AGK Airframe, Systems...	485	1	566.9	true
021 AGK Airframe, Systems...	486	1	300.0	true
021 AGK Airframe, Systems...	487	1	1103.8	true
021 AGK Airframe, Systems...	488	1	835.1	true
021 AGK Airframe, Systems...	489	1	300.0	true
021 AGK Airframe, Systems...	490	1	566.9	true
021 AGK Airframe, Systems...	491	1	1641.3	true
021 AGK Airframe, Systems...	492	1	566.9	true
021 AGK Airframe, Systems...	493	1	300.0	true
021 AGK Airframe, Systems...	494	1	1230.2	false
021 AGK Airframe, Systems...	495	1	1103.8	true
021 AGK Airframe, Systems...	496	1	1373.0	true
021 AGK Airframe, Systems...	497	1	835.1	true
021 AGK Airframe, Systems...	498	1	835.1	true
021 AGK Airframe, Systems...	499	1	1373.0	true
021 AGK Airframe, Systems...	500	1	300.0	true
021 AGK Airframe, Systems...	501	1	300.0	true
021 AGK Airframe, Systems...	502	1	566.9	true
021 AGK Airframe, Systems...	503	1	566.9	true
021 AGK Airframe, Systems...	504	1	300.0	true
021 AGK Airframe, Systems...	505	1	566.9	true
021 AGK Airframe, Systems...	506	1	835.1	true
021 AGK Airframe, Systems...	507	1	835.1	true
021 AGK Airframe, Systems...	508	1	835.1	true
021 AGK Airframe, Systems...	509	1	566.9	true
021 AGK Airframe, Systems...	510	1	566.9	true
021 AGK Airframe, Systems...	511	1	566.9	true
021 AGK Airframe, Systems...	512	1	566.9	true
021 AGK Airframe, Systems...	513	1	566.9	true
021 AGK Airframe, Systems...	514	1	566.9	true
021 AGK Airframe, Systems...	515	1	300.0	true
021 AGK Airframe, Systems...	516	1	300.0	true
021 AGK Airframe, Systems...	517	1	566.9	true
021 AGK Airframe, Systems...	518	1	566.9	true
021 AGK Airframe, Systems...	519	1	300.0	true
021 AGK Airframe, Systems...	520	1	566.9	true
021 AGK Airframe, Systems...	521	1	300.0	true
021 AGK Airframe, Systems...	522	1	566.9	true
021 AGK Airframe, Systems...	523	1	566.9	true
021 AGK Airframe, Systems...	524	1	835.1	true
021 AGK Airframe, Systems...	525	1	566.9	true
021 AGK Airframe, Systems...	526	1	566.9	true
021 AGK Airframe, Systems...	527	1	300.0	true
021 AGK Airframe, Systems...	528	1	300.0	true
021 AGK Airframe, Systems...	529	1	566.9	true
021 AGK Airframe, Systems...	530	1	566.9	true
021 AGK Airframe, Systems...	531	1	566.9	true
021 AGK Airframe, Systems...	532	1	566.9	true
021 AGK Airframe, Systems...	533	1	566.9	true
021 AGK Airframe, Systems...	534	1	835.1	true
021 AGK Airframe, Systems...	535	1	835.1	true
021 AGK Airframe, Systems...	536	1	566.9	true
021 AGK Airframe, Systems...	537	1	835.1	true
021 AGK Airframe, Systems...	538	1	1103.8	true
021 AGK Airframe, Systems...	539	1	1103.8	true
021 AGK Airframe, Systems...	540	1	300.0	true
021 AGK Airframe, Systems...	541	1	566.9	true
021 AGK Airframe, Systems...	542	1	566.9	true
021 AGK Airframe, Systems...	543	1	835.1	true
021 AGK Airframe, Systems...	544	1	566.9	true
021 AGK Airframe, Systems...	545	1	835.1	true
021 AGK Airframe, Systems...	546	1	566.9	true
021 AGK Airframe, Systems...	547	1	566.9	true
021 AGK Airframe, Systems...	548	1	300.0	true
021 AGK Airframe, Systems...	549	1	300.0	true
021 AGK Airframe, Systems...	550	1	300.0	true
021 AGK Airframe, Systems...	551	1	566.9	true
021 AGK Airframe, Systems...	552	1	835.1	true
021 AGK Airframe, Systems...	553	1	566.9	true
021 AGK Airframe, Systems...	554	1	566.9	true
021 AGK Airframe, Systems...	555	1	300.0	true
021 AGK Airframe, Systems...	556	1	300.0	true
021 AGK Airframe, Systems...	557	1	300.0	true
021 AGK Airframe, Systems...	558	1	566.9	true
021 AGK Airframe, Systems...	559	1	566.9	true
021 AGK Airframe, Systems...	560	1	300.0	true
021 AGK Airframe, Systems...	561	1	566.9	true
021 AGK Airframe, Systems...	562	1	2716.1	true
021 AGK Airframe, Systems...	563	1	300.0	true
021 AGK Airframe, Systems...	564	1	835.1	true
021 AGK Airframe, Systems...	565	1	835.1	true
021 AGK Airframe, Systems...	566	1	835.1	true
021 AGK Airframe, Systems...	567	1	566.9	true
021 AGK Airframe, Systems...	568	1	300.0	true
021 AGK Airframe, Systems...	569	1	300.0	true
021 AGK Airframe, Systems...	570	1	1373.0	true
021 AGK Airframe, Systems...	571	1	566.9	true
021 AGK Airframe, Systems...	572	1	835.1	true
021 AGK Airframe, Systems...	573	1	835.1	true
021 AGK Airframe, Systems...	574	1	300.0	true
021 AGK Airframe, Systems...	575	1	566.9	true
021 AGK Airframe, Systems...	576	1	566.9	true
021 AGK Airframe, Systems...	577	1	300.0	true
021 AGK Airframe, Systems...	578	1	300.0	true
021 AGK Airframe, Systems...	579	1	566.9	true
021 AGK Airframe, Systems...	580	1	1103.8	true
021 AGK Airframe, Systems...	581	1	566.9	true
021 AGK Airframe, Systems...	582	1	566.9	true
021 AGK Airframe, Systems...	583	1	566.9	true
021 AGK Airframe, Systems...	584	1	566.9	true
021 AGK Airframe, Systems...	585	1	566.9	true
021 AGK Airframe, Systems...	586	1	566.9	true
021 AGK Airframe, Systems...	587	1	300.0	true
021 AGK Airframe, Systems...	588	1	300.0	true
021 AGK Airframe, Systems...	589	1	835.1	true
021 AGK Airframe, Systems...	590	1	566.9	true
021 AGK Airframe, Systems...	591	1	835.1	true
021 AGK Airframe, Systems...	592	1	835.1	true
021 AGK Airframe, Systems...	593	1	300.0	true
021 AGK Airframe, Systems...	594	1	566.9	true
021 AGK Airframe, Systems...	595	1	835.1	true
021 AGK Airframe, Systems...	596	1	566.9	true
021 AGK Airframe, Systems...	597	1	566.9	true
021 AGK Airframe, Systems...	598	1	300.0	true
021 AGK Airframe, Systems...	599	1	300.0	true
021 AGK Airframe, Systems...	600	1	300.0	true
021 AGK Airframe, Systems...	601	1	835.1	true
021 AGK Airframe, Systems...	602	1	566.9	true
021 AGK Airframe, Systems...	603	1	835.1	true
021 AGK Airframe, Systems...	604	1	835.1	true
021 AGK Airframe, Systems...	605	1	835.1	true
021 AGK Airframe, Systems...	606	1	566.9	true
021 AGK Airframe, Systems...	607	1	300.0	true
021 AGK Airframe, Systems...	608	1	300.0	true
021 AGK Airframe, Systems...	609	1	566.9	true
021 AGK Airframe, Systems...	610	1	1103.8	true
021 AGK Airframe, Systems...	611	1	300.0	true
021 AGK Airframe, Systems...	612	1	835.1	true
021 AGK Airframe, Systems...	613	1	1373.0	true
021 AGK Airframe, Systems...	614	1	566.9	true
021 AGK Airframe, Systems...	615	1	300.0	true
021 AGK Airframe, Systems...	616	1	300.0	true
021 AGK Airframe, Systems...	617	1	300.0	true
021 AGK Airframe, Systems...	618	1	566.9	true
021 AGK Airframe, Systems...	619	1	566.9	true
021 AGK Airframe, Systems...	620	1	300.0	true
021 AGK Airframe, Systems...	621	1	566.9	true
021 AGK Airframe, Systems...	622	1	566.9	true
021 AGK Airframe, Systems...	623	1	566.9	true
021 AGK Airframe, Systems...	624	1	566.9	true
021 AGK Airframe, Systems...	625	1	1103.8	true
021 AGK Airframe, Systems...	626	1	566.9	true
021 AGK Airframe, Systems...	627	1	1103.8	true
021 AGK Airframe, Systems...	628	1	566.9	true
021 AGK Airframe, Systems...	629	1	300.0	true
021 AGK Airframe, Systems...	630	1	300.0	true
021 AGK Airframe, Systems...	631	1	300.0	true
021 AGK Airframe, Systems...	632	1	566.9	true
021 AGK Airframe, Systems...	633	1	835.1	true
021 AGK Airframe, Systems...	634	1	835.1	true
021 AGK Airframe, Systems...	635	1	300.0	true
021 AGK Airframe, Systems...	636	1	835.1	true
021 AGK Airframe, Systems...	637	1	566.9	true
021 AGK Airframe, Systems...	638	1	1103.8	true
021 AGK Airframe, Systems...	639	1	566.9	true
021 AGK Airframe, Systems...	640	1	566.9	true
021 AGK Airframe, Systems...	641	1	566.9	true
021 AGK Airframe, Systems...	642	1	566.9	true
021 AGK Airframe, Systems...	643	1	300.0	true
021 AGK Airframe, Systems...	644	1	566.9	true
021 AGK Airframe, Systems...	645	1	566.9	true
021 AGK Airframe, Systems...	646	1	566.9	true
021 AGK Airframe, Systems...	647	1	566.9	true
021 AGK Airframe, Systems...	648	1	566.9	true
021 AGK Airframe, Systems...	649	1	835.1	true
021 AGK Airframe, Systems...	650	1	566.9	true
021 AGK Airframe, Systems...	651	1	566.9	true
021 AGK Airframe, Systems...	652	1	566.9	true
021 AGK Airframe, Systems...	653	1	835.1	true
021 AGK Airframe, Systems...	654	1	566.9	true
021 AGK Airframe, Systems...	655	1	566.9	true
021 AGK Airframe, Systems...	656	1	566.9	true
021 AGK Airframe, Systems...	657	1	566.9	true
021 AGK Airframe, Systems...	658	1	300.0	true
021 AGK Airframe, Systems...	659	1	566.9	true
021 AGK Airframe, Systems...	660	1	566.9	true
021 AGK Airframe, Systems...	661	1	300.0	true
021 AGK Airframe, Systems...	662	1	300.0	true
021 AGK Airframe, Systems...	663	1	300.0	true
021 AGK Airframe, Systems...	664	1	566.9	true
021 AGK Airframe, Systems...	665	1	566.9	true
021 AGK Airframe, Systems...	666	1	1373.0	true
021 AGK Airframe, Systems...	667	1	300.0	true
021 AGK Airframe, Systems...	668	1	300.0	true
021 AGK Airframe, Systems...	669	1	566.9	true
021 AGK Airframe, Systems...	670	1	835.1	true
021 AGK Airframe, Systems...	671	1	835.1	true
021 AGK Airframe, Systems...	672	1	566.9	true
021 AGK Airframe, Systems...	673	1	835.1	true
021 AGK Airframe, Systems...	674	1	566.9	true
021 AGK Airframe, Systems...	675	1	835.1	true
021 AGK Airframe, Systems...	676	1	566.9	true
021 AGK Airframe, Systems...	677	1	566.9	true
021 AGK Airframe, Systems...	678	1	300.0	true
021 AGK Airframe, Systems...	679	1	566.9	true
021 AGK Airframe, Systems...	680	1	566.9	true
021 AGK Airframe, Systems...	681	1	566.9	true
021 AGK Airframe, Systems...	682	1	835.1	true
021 AGK Airframe, Systems...	683	1	566.9	true
021 AGK Airframe, Systems...	684	1	566.9	true
021 AGK Airframe, Systems...	685	1	300.0	true
021 AGK Airframe, Systems...	686	1	566.9	true
021 AGK Airframe, Systems...	687	1	835.1	true
021 AGK Airframe, Systems...	688	1	300.0	true
021 AGK Airframe, Systems...	689	1	300.0	true
021 AGK Airframe, Systems...	690	1	300.0	true
021 AGK Airframe, Systems...	691	1	300.0	true
021 AGK Airframe, Systems...	692	1	566.9	true
021 AGK Airframe, Systems...	693	1	566.9	true
021 AGK Airframe, Systems...	694	1	300.0	true
021 AGK Airframe, Systems...	695	1	300.0	true
021 AGK Airframe, Systems...	696	1	566.9	true
021 AGK Airframe, Systems...	697	1	835.1	true
021 AGK Airframe, Systems...	698	1	566.9	true
021 AGK Airframe, Systems...	699	1	566.9	true
021 AGK Airframe, Systems...	700	1	1103.8	true
021 AGK Airframe, Systems...	701	1	566.9	true
021 AGK Airframe, Systems...	702	1	300.0	true
021 AGK Airframe, Systems...	703	1	566.9	true
021 AGK Airframe, Systems...	704	1	566.9	true
021 AGK Airframe, Systems...	705	1	566.9	true
021 AGK Airframe, Systems...	706	1	300.0	true
021 AGK Airframe, Systems...	707	1	300.0	true
021 AGK Airframe, Systems...	708	1	566.9	true
021 AGK Airframe, Systems...	709	1	566.9	true
021 AGK Airframe, Systems...	710	1	566.9	true
021 AGK Airframe, Systems...	711	1	566.9	true
021 AGK Airframe, Systems...	712	1	566.9	true
021 AGK Airframe, Systems...	713	1	566.9	true
021 AGK Airframe, Systems...	714	1	300.0	true
021 AGK Airframe, Systems...	715	1	300.0	true
021 AGK Airframe, Systems...	716	1	566.9	true
021 AGK Airframe, Systems...	717	1	300.0	true
021 AGK Airframe, Systems...	718	1	835.1	true
021 AGK Airframe, Systems...	719	1	300.0	true
021 AGK Airframe, Systems...	720	1	566.9	true
021 AGK Airframe, Systems...	721	1	566.9	true
021 AGK Airframe, Systems...	722	1	300.0	true
021 AGK Airframe, Systems...	723	1	300.0	true
021 AGK Airframe, Systems...	724	1	566.9	true
021 AGK Airframe, Systems...	725	1	566.9	true
021 AGK Airframe, Systems...	726	1	1373.0	true
021 AGK Airframe, Systems...	727	1	835.1	true
021 AGK Airframe, Systems...	728	1	835.1	true
021 AGK Airframe, Systems...	729	1	566.9	true
021 AGK Airframe, Systems...	730	1	300.0	true
021 AGK Airframe, Systems...	731	1	566.9	true
021 AGK Airframe, Systems...	732	1	300.0	true
021 AGK Airframe, Systems...	733	1	566.9	true
021 AGK Airframe, Systems...	734	1	300.0	true
021 AGK Airframe, Systems...	735	1	300.0	true
021 AGK Airframe, Systems...	736	1	1373.0	true
021 AGK Airframe, Systems...	737	1	566.9	true
021 AGK Airframe, Systems...	738	1	300.0	true
021 AGK Airframe, Systems...	739	1	566.9	true
021 AGK Airframe, Systems...	740	1	300.0	true
021 AGK Airframe, Systems...	741	1	300.0	true
021 AGK Airframe, Systems...	742	1	2984.8	true
021 AGK Airframe, Systems...	743	1	1910.0	true
021 AGK Airframe, Systems...	744	1	566.9	true
021 AGK Airframe, Systems...	745	1	566.9	true
021 AGK Airframe, Systems...	746	1	566.9	true
021 AGK Airframe, Systems...	747	1	835.1	true
021 AGK Airframe, Systems...	748	1	566.9	true
021 AGK Airframe, Systems...	749	1	300.0	true
021 AGK Airframe, Systems...	750	1	300.0	true
021 AGK Airframe, Systems...	751	1	1373.0	true
021 AGK Airframe, Systems...	752	1	566.9	true
021 AGK Airframe, Systems...	753	1	566.9	true
021 AGK Airframe, Systems...	754	1	300.0	true
021 AGK Airframe, Systems...	755	1	300.0	true
021 AGK Airframe, Systems...	756	1	300.0	true
021 AGK Airframe, Systems...	757	1	300.0	true
021 AGK Airframe, Systems...	758	1	300.0	true
021 AGK Airframe, Systems...	759	1	1103.8	true
021 AGK Airframe, Systems...	760	1	566.9	true
021 AGK Airframe, Systems...	761	1	566.9	true
021 AGK Airframe, Systems...	762	1	300.0	true
021 AGK Airframe, Systems...	763	1	566.9	true
021 AGK Airframe, Systems...	764	1	300.0	true
021 AGK Airframe, Systems...	765	1	566.9	true
021 AGK Airframe, Systems...	766	1	566.9	true
021 AGK Airframe, Systems...	767	1	300.0	true
021 AGK Airframe, Systems...	768	1	300.0	true
021 AGK Airframe, Systems...	769	1	1103.8	true
021 AGK Airframe, Systems...	770	1	300.0	true
021 AGK Airframe, Systems...	771	1	566.9	true
021 AGK Airframe, Systems...	772	1	1373.0	true
021 AGK Airframe, Systems...	773	1	566.9	true
021 AGK Airframe, Systems...	774	1	835.1	true
021 AGK Airframe, Systems...	775	1	566.9	true
021 AGK Airframe, Systems...	776	1	1103.8	true
021 AGK Airframe, Systems...	777	1	300.0	true
021 AGK Airframe, Systems...	778	1	566.9	true
021 AGK Airframe, Systems...	779	1	1103.8	true
021 AGK Airframe, Systems...	780	1	566.9	true
021 AGK Airframe, Systems...	781	1	566.9	true
021 AGK Airframe, Systems...	782	1	835.1	true
021 AGK Airframe, Systems...	783	1	835.1	true
021 AGK Airframe, Systems...	784	1	1103.8	true
021 AGK Airframe, Systems...	785	1	566.9	true
021 AGK Airframe, Systems...	786	1	300.0	true
021 AGK Airframe, Systems...	787	1	300.0	true
021 AGK Airframe, Systems...	788	1	835.1	true
021 AGK Airframe, Systems...	789	1	300.0	true
021 AGK Airframe, Systems...	790	1	566.9	true
021 AGK Airframe, Systems...	791	1	566.9	true
021 AGK Airframe, Systems...	792	1	566.9	true
021 AGK Airframe, Systems...	793	1	566.9	true
021 AGK Airframe, Systems...	794	1	300.0	true
021 AGK Airframe, Systems...	795	1	566.9	true
021 AGK Airframe, Systems...	796	1	566.9	true
021 AGK Airframe, Systems...	797	1	566.9	true
021 AGK Airframe, Systems...	798	1	566.9	true
021 AGK Airframe, Systems...	799	1	566.9	true
021 AGK Airframe, Systems...	800	1	300.0	true
021 AGK Airframe, Systems...	801	1	566.9	true
021 AGK Airframe, Systems...	802	1	2446.8	true
021 AGK Airframe, Systems...	803	1	566.9	true
021 AGK Airframe, Systems...	804	1	300.0	true
021 AGK Airframe, Systems...	805	1	566.9	true
021 AGK Airframe, Systems...	806	1	300.0	true
021 AGK Airframe, Systems...	807	1	1373.0	true
021 AGK Airframe, Systems...	808	1	1373.0	true
021 AGK Airframe, Systems...	809	1	566.9	true
021 AGK Airframe, Systems...	810	1	300.0	true
021 AGK Airframe, Systems...	811	1	300.0	true
021 AGK Airframe, Systems...	812	1	300.0	true
021 AGK Airframe, Systems...	813	1	300.0	true
021 AGK Airframe, Systems...	814	1	566.9	true
021 AGK Airframe, Systems...	815	1	566.9	true
021 AGK Airframe, Systems...	816	1	835.1	true
021 AGK Airframe, Systems...	817	1	300.0	true
021 AGK Airframe, Systems...	818	1	1103.8	true
021 AGK Airframe, Systems...	819	1	566.9	true
021 AGK Airframe, Systems...	820	1	835.1	true
021 AGK Airframe, Systems...	821	1	566.9	true
021 AGK Airframe, Systems...	822	1	566.9	true
021 AGK Airframe, Systems...	823	1	566.9	true
021 AGK Airframe, Systems...	824	1	1103.8	true
021 AGK Airframe, Systems...	825	1	566.9	true
021 AGK Airframe, Systems...	826	1	835.1	true
021 AGK Airframe, Systems...	827	1	566.9	true
021 AGK Airframe, Systems...	828	1	566.9	true
021 AGK Airframe, Systems...	829	1	300.0	true
021 AGK Airframe, Systems...	830	1	300.0	true
021 AGK Airframe, Systems...	831	1	300.0	true
021 AGK Airframe, Systems...	832	1	566.9	true
021 AGK Airframe, Systems...	833	1	566.9	true
021 AGK Airframe, Systems...	834	1	566.9	true
021 AGK Airframe, Systems...	835	1	566.9	true
021 AGK Airframe, Systems...	836	1	300.0	true
021 AGK Airframe, Systems...	837	1	300.0	true
021 AGK Airframe, Systems...	838	1	300.0	true
021 AGK Airframe, Systems...	839	1	300.0	true
021 AGK Airframe, Systems...	840	1	566.9	true
021 AGK Airframe, Systems...	841	1	566.9	true
021 AGK Airframe, Systems...	842	1	300.0	true
021 AGK Airframe, Systems...	843	1	300.0	true
021 AGK Airframe, Systems...	844	1	566.9	true
021 AGK Airframe, Systems...	845	1	566.9	true
021 AGK Airframe, Systems...	846	1	300.0	true
021 AGK Airframe, Systems...	847	1	566.9	true
021 AGK Airframe, Systems...	848	1	566.9	true
021 AGK Airframe, Systems...	849	1	300.0	true
021 AGK Airframe, Systems...	850	1	566.9	true
021 AGK Airframe, Systems...	851	1	300.0	true
021 AGK Airframe, Systems...	852	1	300.0	true
021 AGK Airframe, Systems...	853	1	835.1	true
021 AGK Airframe, Systems...	854	1	566.9	true
021 AGK Airframe, Systems...	855	1	300.0	true
021 AGK Airframe, Systems...	856	1	300.0	true
021 AGK Airframe, Systems...	857	1	300.0	true
021 AGK Airframe, Systems...	858	1	1103.8	true
021 AGK Airframe, Systems...	859	1	835.1	true
021 AGK Airframe, Systems...	860	1	1103.8	true
021 AGK Airframe, Systems...	861	1	835.1	true
021 AGK Airframe, Systems...	862	1	566.9	true
021 AGK Airframe, Systems...	863	1	566.9	true
021 AGK Airframe, Systems...	864	1	300.0	true
021 AGK Airframe, Systems...	865	1	566.9	true
021 AGK Airframe, Systems...	866	1	300.0	true
021 AGK Airframe, Systems...	867	1	1373.0	true
021 AGK Airframe, Systems...	868	1	566.9	true
021 AGK Airframe, Systems...	869	1	300.0	true
021 AGK Airframe, Systems...	870	1	835.1	true
021 AGK Airframe, Systems...	871	1	300.0	true
021 AGK Airframe, Systems...	872	1	300.0	true
021 AGK Airframe, Systems...	873	1	300.0	true
021 AGK Airframe, Systems...	874	1	300.0	true
021 AGK Airframe, Systems...	875	1	300.0	true
021 AGK Airframe, Systems...	876	1	835.1	true
021 AGK Airframe, Systems...	877	1	835.1	true
021 AGK Airframe, Systems...	878	1	566.9	true
021 AGK Airframe, Systems...	879	1	566.9	true
021 AGK Airframe, Systems...	880	1	566.9	true
021 AGK Airframe, Systems...	881	1	566.9	true
021 AGK Airframe, Systems...	882	1	835.1	true
021 AGK Airframe, Systems...	883	1	300.0	true
021 AGK Airframe, Systems...	884	1	300.0	true
021 AGK Airframe, Systems...	885	1	1103.8	true
021 AGK Airframe, Systems...	886	1	300.0	true
021 AGK Airframe, Systems...	887	1	835.1	true
021 AGK Airframe, Systems...	888	1	300.0	true
021 AGK Airframe, Systems...	889	1	300.0	true
021 AGK Airframe, Systems...	890	1	1641.3	true
021 AGK Airframe, Systems...	891	1	1049.9	false
021 AGK Airframe, Systems...	892	1	566.9	true
021 AGK Airframe, Systems...	893	1	835.1	true
021 AGK Airframe, Systems...	894	1	1373.0	true
021 AGK Airframe, Systems...	895	1	300.0	true
021 AGK Airframe, Systems...	896	1	566.9	true
021 AGK Airframe, Systems...	897	1	566.9	true
021 AGK Airframe, Systems...	898	1	300.0	true
021 AGK Airframe, Systems...	899	1	835.1	true
021 AGK Airframe, Systems...	900	1	835.1	true
021 AGK Airframe, Systems...	901	1	300.0	true
021 AGK Airframe, Systems...	902	1	300.0	true
021 AGK Airframe, Systems...	903	1	300.0	true
021 AGK Airframe, Systems...	904	1	1373.0	true
021 AGK Airframe, Systems...	905	1	835.1	true
021 AGK Airframe, Systems...	906	1	566.9	true
021 AGK Airframe, Systems...	907	1	300.0	true
021 AGK Airframe, Systems...	908	1	300.0	true
021 AGK Airframe, Systems...	909	1	566.9	true
021 AGK Airframe, Systems...	910	1	566.9	true
021 AGK Airframe, Systems...	911	1	566.9	true
021 AGK Airframe, Systems...	912	1	2179.3	true
021 AGK Airframe, Systems...	913	1	300.0	true
021 AGK Airframe, Systems...	914	1	300.0	true
021 AGK Airframe, Systems...	915	1	566.9	true
021 AGK Airframe, Systems...	916	1	566.9	true
021 AGK Airframe, Systems...	917	1	300.0	true
021 AGK Airframe, Systems...	918	1	300.0	true
021 AGK Airframe, Systems...	919	1	566.9	true
021 AGK Airframe, Systems...	920	1	566.9	true
021 AGK Airframe, Systems...	921	1	566.9	true
021 AGK Airframe, Systems...	922	1	566.9	true
021 AGK Airframe, Systems...	923	1	1103.8	true
021 AGK Airframe, Systems...	924	1	566.9	true
021 AGK Airframe, Systems...	925	1	566.9	true
021 AGK Airframe, Systems...	926	1	566.9	true
021 AGK Airframe, Systems...	927	1	300.0	true
021 AGK Airframe, Systems...	928	1	300.0	true
021 AGK Airframe, Systems...	929	1	835.1	true
021 AGK Airframe, Systems...	930	1	835.1	true
021 AGK Airframe, Systems...	931	1	835.1	true
021 AGK Airframe, Systems...	932	1	300.0	true
021 AGK Airframe, Systems...	933	1	300.0	true
021 AGK Airframe, Systems...	934	1	300.0	true
021 AGK Airframe, Systems...	935	1	566.9	true
021 AGK Airframe, Systems...	936	1	300.0	true
021 AGK Airframe, Systems...	937	1	1373.0	true
021 AGK Airframe, Systems...	938	1	300.0	true
021 AGK Airframe, Systems...	939	1	300.0	true
021 AGK Airframe, Systems...	940	1	300.0	true
021 AGK Airframe, Systems...	941	1	566.9	true
021 AGK Airframe, Systems...	942	1	300.0	true
021 AGK Airframe, Systems...	943	1	566.9	true
021 AGK Airframe, Systems...	944	1	566.9	true
021 AGK Airframe, Systems...	945	1	300.0	true
021 AGK Airframe, Systems...	946	1	300.0	true
021 AGK Airframe, Systems...	947	1	300.0	true
021 AGK Airframe, Systems...	948	1	566.9	true
021 AGK Airframe, Systems...	949	1	566.9	true
021 AGK Airframe, Systems...	950	1	835.1	true
021 AGK Airframe, Systems...	951	1	300.0	true
021 AGK Airframe, Systems...	952	1	566.9	true
021 AGK Airframe, Systems...	953	1	566.9	true
021 AGK Airframe, Systems...	954	1	835.1	true
021 AGK Airframe, Systems...	955	1	566.9	true
021 AGK Airframe, Systems...	956	1	300.0	true
021 AGK Airframe, Systems...	957	1	566.9	true
021 AGK Airframe, Systems...	958	1	566.9	true
021 AGK Airframe, Systems...	959	1	1373.0	true
021 AGK Airframe, Systems...	960	1	1103.8	true
021 AGK Airframe, Systems...	961	1	1373.0	true
021 AGK Airframe, Systems...	962	1	1373.0	true
021 AGK Airframe, Systems...	963	1	300.0	true
021 AGK Airframe, Systems...	964	1	566.9	true
021 AGK Airframe, Systems...	965	1	300.0	true
021 AGK Airframe, Systems...	966	1	300.0	true
021 AGK Airframe, Systems...	967	1	300.0	true
021 AGK Airframe, Systems...	968	1	835.1	true
021 AGK Airframe, Systems...	969	1	1103.8	true
021 AGK Airframe, Systems...	970	1	566.9	true
021 AGK Airframe, Systems...	971	1	1103.8	true
021 AGK Airframe, Systems...	972	1	1035.2	false
021 AGK Airframe, Systems...	973	1	1103.8	true
021 AGK Airframe, Systems...	974	1	566.9	true
021 AGK Airframe, Systems...	975	1	835.1	true
021 AGK Airframe, Systems...	976	1	300.0	true
021 AGK Airframe, Systems...	977	1	300.0	true
021 AGK Airframe, Systems...	978	1	1103.8	true
021 AGK Airframe, Systems...	979	1	1103.8	true
021 AGK Airframe, Systems...	980	1	566.9	true
021 AGK Airframe, Systems...	981	1	835.1	true
021 AGK Airframe, Systems...	982	1	835.1	true
021 AGK Airframe, Systems...	983	1	300.0	true
021 AGK Airframe, Systems...	984	1	566.9	true
021 AGK Airframe, Systems...	985	1	566.9	true
021 AGK Airframe, Systems...	986	1	300.0	true
021 AGK Airframe, Systems...	987	1	566.9	true
021 AGK Airframe, Systems...	988	1	1103.8	true
021 AGK Airframe, Systems...	989	1	835.1	true
021 AGK Airframe, Systems...	990	1	300.0	true
021 AGK Airframe, Systems...	991	1	566.9	true
021 AGK Airframe, Systems...	992	1	566.9	true
021 AGK Airframe, Systems...	993	1	300.0	true
021 AGK Airframe, Systems...	994	1	566.9	true
021 AGK Airframe, Systems...	995	1	566.9	true
021 AGK Airframe, Systems...	996	1	835.1	true
021 AGK Airframe, Systems...	997	1	835.1	true
021 AGK Airframe, Systems...	998	1	566.9	true
021 AGK Airframe, Systems...	999	1	835.1	true
021 AGK Airframe, Systems...	1000	1	835.1	true
021 AGK Airframe, Systems...	1001	1	835.1	true
021 AGK Airframe, Systems...	1002	1	300.0	true
021 AGK Airframe, Systems...	1003	1047572	300.0	true
021 AGK Airframe, Systems...	1048575	1	300.0	true
022 AGK Instrumentation	0	1	1874.9	false
022 AGK Instrumentation	1	1	300.0	true
022 AGK Instrumentation	2	1	345.3	false
022 AGK Instrumentation	3	1	300.0	true
022 AGK Instrumentation	4	1	300.0	true
022 AGK Instrumentation	5	1	566.9	true
022 AGK Instrumentation	6	1	835.1	true
022 AGK Instrumentation	7	1	566.9	true
022 AGK Instrumentation	8	1	835.1	true
022 AGK Instrumentation	9	1	566.9	true
022 AGK Instrumentation	10	1	1373.0	true
022 AGK Instrumentation	11	1	566.9	true
022 AGK Instrumentation	12	1	1103.8	true
022 AGK Instrumentation	13	1	566.9	true
022 AGK Instrumentation	14	1	300.0	true
022 AGK Instrumentation	15	1	300.0	true
022 AGK Instrumentation	16	1	566.9	true
022 AGK Instrumentation	17	1	566.9	true
022 AGK Instrumentation	18	1	566.9	true
022 AGK Instrumentation	19	1	835.1	true
022 AGK Instrumentation	20	1	566.9	true
022 AGK Instrumentation	21	1	1910.0	true
022 AGK Instrumentation	22	1	566.9	true
022 AGK Instrumentation	23	1	300.0	true
022 AGK Instrumentation	24	1	300.0	true
022 AGK Instrumentation	25	1	566.9	true
022 AGK Instrumentation	26	1	566.9	true
022 AGK Instrumentation	27	1	566.9	true
022 AGK Instrumentation	28	1	566.9	true
022 AGK Instrumentation	29	1	1373.0	true
022 AGK Instrumentation	30	1	1103.8	true
022 AGK Instrumentation	31	1	1641.3	true
022 AGK Instrumentation	32	1	300.0	true
022 AGK Instrumentation	33	1	300.0	true
022 AGK Instrumentation	34	1	566.9	true
022 AGK Instrumentation	35	1	566.9	true
022 AGK Instrumentation	36	1	566.9	true
022 AGK Instrumentation	37	1	835.1	true
022 AGK Instrumentation	38	1	1103.8	true
022 AGK Instrumentation	39	1	566.9	true
022 AGK Instrumentation	40	1	300.0	true
022 AGK Instrumentation	41	1	300.0	true
022 AGK Instrumentation	42	1	1641.3	true
022 AGK Instrumentation	43	1	1373.0	true
022 AGK Instrumentation	44	1	566.9	true
022 AGK Instrumentation	45	1	566.9	true
022 AGK Instrumentation	46	1	300.0	true
022 AGK Instrumentation	47	1	300.0	true
022 AGK Instrumentation	48	1	566.9	true
022 AGK Instrumentation	49	1	1103.8	true
022 AGK Instrumentation	50	1	566.9	true
022 AGK Instrumentation	51	1	300.0	true
022 AGK Instrumentation	52	1	300.0	true
022 AGK Instrumentation	53	1	566.9	true
022 AGK Instrumentation	54	1	566.9	true
022 AGK Instrumentation	55	1	566.9	true
022 AGK Instrumentation	56	1	566.9	true
022 AGK Instrumentation	57	1	835.1	true
022 AGK Instrumentation	58	1	566.9	true
022 AGK Instrumentation	59	1	566.9	true
022 AGK Instrumentation	60	1	300.0	true
022 AGK Instrumentation	61	1	300.0	true
022 AGK Instrumentation	62	1	566.9	true
022 AGK Instrumentation	63	1	566.9	true
022 AGK Instrumentation	64	1	566.9	true
022 AGK Instrumentation	65	1	300.0	true
022 AGK Instrumentation	66	1	566.9	true
022 AGK Instrumentation	67	1	566.9	true
022 AGK Instrumentation	68	1	835.1	true
022 AGK Instrumentation	69	1	566.9	true
022 AGK Instrumentation	70	1	566.9	true
022 AGK Instrumentation	71	1	300.0	true
022 AGK Instrumentation	72	1	300.0	true
022 AGK Instrumentation	73	1	1103.8	true
022 AGK Instrumentation	74	1	300.0	true
022 AGK Instrumentation	75	1	300.0	true
022 AGK Instrumentation	76	1	300.0	true
022 AGK Instrumentation	77	1	835.1	true
022 AGK Instrumentation	78	1	835.1	true
022 AGK Instrumentation	79	1	300.0	true
022 AGK Instrumentation	80	1	566.9	true
022 AGK Instrumentation	81	1	1373.0	true
022 AGK Instrumentation	82	1	566.9	true
022 AGK Instrumentation	83	1	835.1	true
022 AGK Instrumentation	84	1	566.9	true
022 AGK Instrumentation	85	1	835.1	true
022 AGK Instrumentation	86	1	566.9	true
022 AGK Instrumentation	87	1	1103.8	true
022 AGK Instrumentation	88	1	300.0	true
022 AGK Instrumentation	89	1	300.0	true
022 AGK Instrumentation	90	1	835.1	true
022 AGK Instrumentation	91	1	566.9	true
022 AGK Instrumentation	92	1	566.9	true
022 AGK Instrumentation	93	1	300.0	true
022 AGK Instrumentation	94	1	835.1	true
022 AGK Instrumentation	95	1	835.1	true
022 AGK Instrumentation	96	1	835.1	true
022 AGK Instrumentation	97	1	300.0	true
022 AGK Instrumentation	98	1	566.9	true
022 AGK Instrumentation	99	1	566.9	true
022 AGK Instrumentation	100	1	566.9	true
022 AGK Instrumentation	101	1	566.9	true
022 AGK Instrumentation	102	1	835.1	true
022 AGK Instrumentation	103	1	835.1	true
022 AGK Instrumentation	104	1	835.1	true
022 AGK Instrumentation	105	1	566.9	true
022 AGK Instrumentation	106	1	300.0	true
022 AGK Instrumentation	107	1	566.9	true
022 AGK Instrumentation	108	1	566.9	true
022 AGK Instrumentation	109	1	566.9	true
022 AGK Instrumentation	110	1	566.9	true
022 AGK Instrumentation	111	1	566.9	true
022 AGK Instrumentation	112	1	566.9	true
022 AGK Instrumentation	113	1	1373.0	true
022 AGK Instrumentation	114	1	566.9	true
022 AGK Instrumentation	115	1	1103.8	true
022 AGK Instrumentation	116	1	835.1	true
022 AGK Instrumentation	117	1	566.9	true
022 AGK Instrumentation	118	1	835.1	true
022 AGK Instrumentation	119	1	300.0	true
022 AGK Instrumentation	120	1	300.0	true
022 AGK Instrumentation	121	1	566.9	true
022 AGK Instrumentation	122	1	566.9	true
022 AGK Instrumentation	123	1	1103.8	true
022 AGK Instrumentation	124	1	566.9	true
022 AGK Instrumentation	125	1	566.9	true
022 AGK Instrumentation	126	1	566.9	true
022 AGK Instrumentation	127	1	835.1	true
022 AGK Instrumentation	128	1	300.0	true
022 AGK Instrumentation	129	1	566.9	true
022 AGK Instrumentation	130	1	835.1	true
022 AGK Instrumentation	131	1	566.9	true
022 AGK Instrumentation	132	1	835.1	true
022 AGK Instrumentation	133	1	566.9	true
022 AGK Instrumentation	134	1	566.9	true
022 AGK Instrumentation	135	1	566.9	true
022 AGK Instrumentation	136	1	1641.3	true
022 AGK Instrumentation	137	1	1103.8	true
022 AGK Instrumentation	138	1	566.9	true
022 AGK Instrumentation	139	1	1373.0	true
022 AGK Instrumentation	140	1	1373.0	true
022 AGK Instrumentation	141	1	300.0	true
022 AGK Instrumentation	142	1	300.0	true
022 AGK Instrumentation	143	1	566.9	true
022 AGK Instrumentation	144	1	566.9	true
022 AGK Instrumentation	145	1	566.9	true
022 AGK Instrumentation	146	1	566.9	true
022 AGK Instrumentation	147	1	566.9	true
022 AGK Instrumentation	148	1	1103.8	true
022 AGK Instrumentation	149	1	566.9	true
022 AGK Instrumentation	150	1	566.9	true
022 AGK Instrumentation	151	1	1103.8	true
022 AGK Instrumentation	152	1	835.1	true
022 AGK Instrumentation	153	1	300.0	true
022 AGK Instrumentation	154	1	566.9	true
022 AGK Instrumentation	155	1	566.9	true
022 AGK Instrumentation	156	1	835.1	true
022 AGK Instrumentation	157	1	835.1	true
022 AGK Instrumentation	158	1	566.9	true
022 AGK Instrumentation	159	1	835.1	true
022 AGK Instrumentation	160	1	566.9	true
022 AGK Instrumentation	161	1	566.9	true
022 AGK Instrumentation	162	1	1641.3	true
022 AGK Instrumentation	163	1	566.9	true
022 AGK Instrumentation	164	1	835.1	true
022 AGK Instrumentation	165	1	566.9	true
022 AGK Instrumentation	166	1	566.9	true
022 AGK Instrumentation	167	1	566.9	true
022 AGK Instrumentation	168	1	300.0	true
022 AGK Instrumentation	169	1	300.0	true
022 AGK Instrumentation	170	1	566.9	true
022 AGK Instrumentation	171	1	566.9	true
022 AGK Instrumentation	172	1	566.9	true
022 AGK Instrumentation	173	1	566.9	true
022 AGK Instrumentation	174	1	835.1	true
022 AGK Instrumentation	175	1	1103.8	true
022 AGK Instrumentation	176	1	1373.0	true
022 AGK Instrumentation	177	1	835.1	true
022 AGK Instrumentation	178	1	835.1	true
022 AGK Instrumentation	179	1	835.1	true
022 AGK Instrumentation	180	1	300.0	true
022 AGK Instrumentation	181	1	300.0	true
022 AGK Instrumentation	182	1	835.1	true
022 AGK Instrumentation	183	1	1103.8	true
022 AGK Instrumentation	184	1	835.1	true
022 AGK Instrumentation	185	1	2179.3	true
022 AGK Instrumentation	186	1	835.1	true
022 AGK Instrumentation	187	1	1103.8	true
022 AGK Instrumentation	188	1	566.9	true
022 AGK Instrumentation	189	1	1103.8	true
022 AGK Instrumentation	190	1	300.0	true
022 AGK Instrumentation	191	1	300.0	true
022 AGK Instrumentation	192	1	566.9	true
022 AGK Instrumentation	193	1	566.9	true
022 AGK Instrumentation	194	1	1641.3	true
022 AGK Instrumentation	195	1	1103.8	true
022 AGK Instrumentation	196	1	835.1	true
022 AGK Instrumentation	197	1	1373.0	true
022 AGK Instrumentation	198	1	1103.8	true
022 AGK Instrumentation	199	1	300.0	true
022 AGK Instrumentation	200	1	300.0	true
022 AGK Instrumentation	201	1	566.9	true
022 AGK Instrumentation	202	1	566.9	true
022 AGK Instrumentation	203	1	566.9	true
022 AGK Instrumentation	204	1	566.9	true
022 AGK Instrumentation	205	1	835.1	true
022 AGK Instrumentation	206	1	1103.8	true
022 AGK Instrumentation	207	1	300.0	true
022 AGK Instrumentation	208	1	300.0	true
022 AGK Instrumentation	209	1	566.9	true
022 AGK Instrumentation	210	1	566.9	true
022 AGK Instrumentation	211	1	566.9	true
022 AGK Instrumentation	212	1	835.1	true
022 AGK Instrumentation	213	1	566.9	true
022 AGK Instrumentation	214	1	835.1	true
022 AGK Instrumentation	215	1	566.9	true
022 AGK Instrumentation	216	1	566.9	true
022 AGK Instrumentation	217	1	566.9	true
022 AGK Instrumentation	218	1	566.9	true
022 AGK Instrumentation	219	1	566.9	true
022 AGK Instrumentation	220	1	566.9	true
022 AGK Instrumentation	221	1	566.9	true
022 AGK Instrumentation	222	1	566.9	true
022 AGK Instrumentation	223	1	566.9	true
022 AGK Instrumentation	224	1	835.1	true
022 AGK Instrumentation	225	1	566.9	true
022 AGK Instrumentation	226	1	566.9	true
022 AGK Instrumentation	227	1	566.9	true
022 AGK Instrumentation	228	1	566.9	true
022 AGK Instrumentation	229	1	566.9	true
022 AGK Instrumentation	230	1	566.9	true
022 AGK Instrumentation	231	1	300.0	true
022 AGK Instrumentation	232	1	300.0	true
022 AGK Instrumentation	233	1	566.9	true
022 AGK Instrumentation	234	1	566.9	true
022 AGK Instrumentation	235	1	566.9	true
022 AGK Instrumentation	236	1	566.9	true
022 AGK Instrumentation	237	1	566.9	true
022 AGK Instrumentation	238	1	566.9	true
022 AGK Instrumentation	239	1	566.9	true
022 AGK Instrumentation	240	1	1373.0	true
022 AGK Instrumentation	241	1	1373.0	true
022 AGK Instrumentation	242	1	300.0	true
022 AGK Instrumentation	243	1	300.0	true
022 AGK Instrumentation	244	1	566.9	true
022 AGK Instrumentation	245	1	566.9	true
022 AGK Instrumentation	246	1	566.9	true
022 AGK Instrumentation	247	1	566.9	true
022 AGK Instrumentation	248	1	1373.0	true
022 AGK Instrumentation	249	1	835.1	true
022 AGK Instrumentation	250	1	300.0	true
022 AGK Instrumentation	251	1	566.9	true
022 AGK Instrumentation	252	1	566.9	true
022 AGK Instrumentation	253	1	1641.3	true
022 AGK Instrumentation	254	1	2179.3	true
022 AGK Instrumentation	255	1	566.9	true
022 AGK Instrumentation	256	1	300.0	true
022 AGK Instrumentation	257	1	1373.0	true
022 AGK Instrumentation	258	1	1373.0	true
022 AGK Instrumentation	259	1	835.1	true
022 AGK Instrumentation	260	1	566.9	true
022 AGK Instrumentation	261	1	566.9	true
022 AGK Instrumentation	262	1	300.0	true
022 AGK Instrumentation	263	1	1275.0	false
022 AGK Instrumentation	264	1	1275.0	false
022 AGK Instrumentation	265	1	835.1	true
022 AGK Instrumentation	266	1	2204.8	false
022 AGK Instrumentation	267	1	1103.8	true
022 AGK Instrumentation	268	1	835.1	true
022 AGK Instrumentation	269	1	835.1	true
022 AGK Instrumentation	270	1	1910.0	true
022 AGK Instrumentation	271	1	566.9	true
022 AGK Instrumentation	272	1	835.1	true
022 AGK Instrumentation	273	1	1103.8	true
022 AGK Instrumentation	274	1	300.0	true
022 AGK Instrumentation	275	1	566.9	true
022 AGK Instrumentation	276	1	835.1	true
022 AGK Instrumentation	277	1	835.1	true
022 AGK Instrumentation	278	1	835.1	true
022 AGK Instrumentation	279	1	566.9	true
022 AGK Instrumentation	280	1	300.0	true
022 AGK Instrumentation	281	1	566.9	true
022 AGK Instrumentation	282	1	566.9	true
022 AGK Instrumentation	283	1	835.1	true
022 AGK Instrumentation	284	1	300.0	true
022 AGK Instrumentation	285	1	566.9	true
022 AGK Instrumentation	286	1	566.9	true
022 AGK Instrumentation	287	1	566.9	true
022 AGK Instrumentation	288	1	566.9	true
022 AGK Instrumentation	289	1	300.0	true
022 AGK Instrumentation	290	1	300.0	true
022 AGK Instrumentation	291	1	566.9	true
022 AGK Instrumentation	292	1	566.9	true
022 AGK Instrumentation	293	1	835.1	true
022 AGK Instrumentation	294	1	1103.8	true
022 AGK Instrumentation	295	1	566.9	true
022 AGK Instrumentation	296	1	835.1	true
022 AGK Instrumentation	297	1	835.1	true
022 AGK Instrumentation	298	1	835.1	true
022 AGK Instrumentation	299	1	1103.8	true
022 AGK Instrumentation	300	1	1103.8	true
022 AGK Instrumentation	301	1	566.9	true
022 AGK Instrumentation	302	1	566.9	true
022 AGK Instrumentation	303	1	1103.8	true
022 AGK Instrumentation	304	1	1103.8	true
022 AGK Instrumentation	305	1	300.0	true
022 AGK Instrumentation	306	1	1373.0	true
022 AGK Instrumentation	307	1	566.9	true
022 AGK Instrumentation	308	1	566.9	true
022 AGK Instrumentation	309	1	1103.8	true
022 AGK Instrumentation	310	1	566.9	true
022 AGK Instrumentation	311	1	566.9	true
022 AGK Instrumentation	312	1	835.1	true
022 AGK Instrumentation	313	1	300.0	true
022 AGK Instrumentation	314	1	566.9	true
022 AGK Instrumentation	315	1	300.0	true
022 AGK Instrumentation	316	1	835.1	true
022 AGK Instrumentation	317	1	566.9	true
022 AGK Instrumentation	318	1	566.9	true
022 AGK Instrumentation	319	1	300.0	true
022 AGK Instrumentation	320	1	300.0	true
022 AGK Instrumentation	321	1	300.0	true
022 AGK Instrumentation	322	1	835.1	true
022 AGK Instrumentation	323	1	1103.8	true
022 AGK Instrumentation	324	1	1103.8	true
022 AGK Instrumentation	325	1	566.9	true
022 AGK Instrumentation	326	1	1641.3	true
022 AGK Instrumentation	327	1	835.1	true
022 AGK Instrumentation	328	1	1641.3	true
022 AGK Instrumentation	329	1	300.0	true
022 AGK Instrumentation	330	1	300.0	true
022 AGK Instrumentation	331	1	566.9	true
022 AGK Instrumentation	332	1	566.9	true
022 AGK Instrumentation	333	1	1103.8	true
022 AGK Instrumentation	334	1	835.1	true
022 AGK Instrumentation	335	1	566.9	true
022 AGK Instrumentation	336	1	1641.3	true
022 AGK Instrumentation	337	1	566.9	true
022 AGK Instrumentation	338	1	566.9	true
022 AGK Instrumentation	339	1	566.9	true
022 AGK Instrumentation	340	1	835.1	true
022 AGK Instrumentation	341	1	835.1	true
022 AGK Instrumentation	342	1	1373.0	true
022 AGK Instrumentation	343	1	1373.0	true
022 AGK Instrumentation	344	1	835.1	true
022 AGK Instrumentation	345	1	566.9	true
022 AGK Instrumentation	346	1	1103.8	true
022 AGK Instrumentation	347	1	1641.3	true
022 AGK Instrumentation	348	1	1910.0	true
022 AGK Instrumentation	349	1	835.1	true
022 AGK Instrumentation	350	1	1373.0	true
022 AGK Instrumentation	351	1	2984.8	true
022 AGK Instrumentation	352	1	2179.3	true
022 AGK Instrumentation	353	1	1373.0	true
022 AGK Instrumentation	354	1	1641.3	true
022 AGK Instrumentation	355	1	1641.3	true
022 AGK Instrumentation	356	1	1641.3	true
022 AGK Instrumentation	357	1	1641.3	true
022 AGK Instrumentation	358	1	835.1	true
022 AGK Instrumentation	359	1	1103.8	true
022 AGK Instrumentation	360	1	300.0	true
022 AGK Instrumentation	361	1	300.0	true
022 AGK Instrumentation	362	1	566.9	true
022 AGK Instrumentation	363	1	566.9	true
022 AGK Instrumentation	364	1	566.9	true
022 AGK Instrumentation	365	1	1103.8	true
022 AGK Instrumentation	366	1	835.1	true
022 AGK Instrumentation	367	1	566.9	true
022 AGK Instrumentation	368	1	2179.3	true
022 AGK Instrumentation	369	1	566.9	true
022 AGK Instrumentation	370	1	835.1	true
022 AGK Instrumentation	371	1	835.1	true
022 AGK Instrumentation	372	1	1373.0	true
022 AGK Instrumentation	373	1	300.0	true
022 AGK Instrumentation	374	1	300.0	true
022 AGK Instrumentation	375	1	835.1	true
022 AGK Instrumentation	376	1	1373.0	true
022 AGK Instrumentation	377	1	566.9	true
022 AGK Instrumentation	378	1	835.1	true
022 AGK Instrumentation	379	1	1373.0	true
022 AGK Instrumentation	380	1	835.1	true
022 AGK Instrumentation	381	1	300.0	true
022 AGK Instrumentation	382	1	300.0	true
022 AGK Instrumentation	383	1	566.9	true
022 AGK Instrumentation	384	1	835.1	true
022 AGK Instrumentation	385	1	1103.8	true
022 AGK Instrumentation	386	1	3253.1	true
022 AGK Instrumentation	387	1	835.1	true
022 AGK Instrumentation	388	1	1103.8	true
022 AGK Instrumentation	389	1	1103.8	true
022 AGK Instrumentation	390	1	1103.8	true
022 AGK Instrumentation	391	1	1373.0	true
022 AGK Instrumentation	392	1	300.0	true
022 AGK Instrumentation	393	1	300.0	true
022 AGK Instrumentation	394	1	300.0	true
022 AGK Instrumentation	395	1	1641.3	true
022 AGK Instrumentation	396	1	300.0	true
022 AGK Instrumentation	397	1	835.1	true
022 AGK Instrumentation	398	1	300.0	true
022 AGK Instrumentation	399	1	1641.3	true
022 AGK Instrumentation	400	1	1910.0	true
022 AGK Instrumentation	401	1	1103.8	true
022 AGK Instrumentation	402	1	566.9	true
022 AGK Instrumentation	403	1	300.0	true
022 AGK Instrumentation	404	1	566.9	true
022 AGK Instrumentation	405	1	566.9	true
022 AGK Instrumentation	406	1	566.9	true
022 AGK Instrumentation	407	1	566.9	true
022 AGK Instrumentation	408	1	300.0	true
022 AGK Instrumentation	409	1	300.0	true
022 AGK Instrumentation	410	1	566.9	true
022 AGK Instrumentation	411	1	566.9	true
022 AGK Instrumentation	412	1	300.0	true
022 AGK Instrumentation	413	1	835.1	true
022 AGK Instrumentation	414	1	300.0	true
022 AGK Instrumentation	415	1	566.9	true
022 AGK Instrumentation	416	1	566.9	true
022 AGK Instrumentation	417	1	566.9	true
022 AGK Instrumentation	418	1	566.9	true
022 AGK Instrumentation	419	1	566.9	true
022 AGK Instrumentation	420	1	300.0	true
022 AGK Instrumentation	421	1	566.9	true
022 AGK Instrumentation	422	1	300.0	true
022 AGK Instrumentation	423	1	300.0	true
022 AGK Instrumentation	424	1	1641.3	true
022 AGK Instrumentation	425	1	566.9	true
022 AGK Instrumentation	426	1	835.1	true
022 AGK Instrumentation	427	1	835.1	true
022 AGK Instrumentation	428	1	566.9	true
022 AGK Instrumentation	429	1	566.9	true
022 AGK Instrumentation	430	1	566.9	true
022 AGK Instrumentation	431	1	566.9	true
022 AGK Instrumentation	432	1	1103.8	true
022 AGK Instrumentation	433	1	835.1	true
022 AGK Instrumentation	434	1	566.9	true
022 AGK Instrumentation	435	1	300.0	true
022 AGK Instrumentation	436	1	300.0	true
022 AGK Instrumentation	437	1	835.1	true
022 AGK Instrumentation	438	1	300.0	true
022 AGK Instrumentation	439	1	566.9	true
022 AGK Instrumentation	440	1	300.0	true
022 AGK Instrumentation	441	1	566.9	true
022 AGK Instrumentation	442	1	566.9	true
022 AGK Instrumentation	443	1	566.9	true
022 AGK Instrumentation	444	1	566.9	true
022 AGK Instrumentation	445	1	566.9	true
022 AGK Instrumentation	446	1	566.9	true
022 AGK Instrumentation	447	1	566.9	true
022 AGK Instrumentation	448	1	300.0	true
022 AGK Instrumentation	449	1	566.9	true
022 AGK Instrumentation	450	1	566.9	true
022 AGK Instrumentation	451	1	835.1	true
022 AGK Instrumentation	452	1	566.9	true
022 AGK Instrumentation	453	1	566.9	true
022 AGK Instrumentation	454	1	1641.3	true
022 AGK Instrumentation	455	1	1103.8	true
022 AGK Instrumentation	456	1	566.9	true
022 AGK Instrumentation	457	1	300.0	true
022 AGK Instrumentation	458	1	566.9	true
022 AGK Instrumentation	459	1	835.1	true
022 AGK Instrumentation	460	1	300.0	true
022 AGK Instrumentation	461	1	300.0	true
022 AGK Instrumentation	462	1	300.0	true
022 AGK Instrumentation	463	1	835.1	true
022 AGK Instrumentation	464	1	835.1	true
022 AGK Instrumentation	465	1	835.1	true
022 AGK Instrumentation	466	1	566.9	true
022 AGK Instrumentation	467	1	1373.0	true
022 AGK Instrumentation	468	1	566.9	true
022 AGK Instrumentation	469	1	566.9	true
022 AGK Instrumentation	470	1	566.9	true
022 AGK Instrumentation	471	1	566.9	true
022 AGK Instrumentation	472	1	566.9	true
022 AGK Instrumentation	473	1	835.1	true
022 AGK Instrumentation	474	1	300.0	true
022 AGK Instrumentation	475	1	300.0	true
022 AGK Instrumentation	476	1	566.9	true
022 AGK Instrumentation	477	1	566.9	true
022 AGK Instrumentation	478	1	566.9	true
022 AGK Instrumentation	479	1	835.1	true
022 AGK Instrumentation	480	1	300.0	true
022 AGK Instrumentation	481	1	300.0	true
022 AGK Instrumentation	482	1	566.9	true
022 AGK Instrumentation	483	1	566.9	true
022 AGK Instrumentation	484	1	566.9	true
022 AGK Instrumentation	485	1	1373.0	true
022 AGK Instrumentation	486	1	300.0	true
022 AGK Instrumentation	487	1	300.0	true
022 AGK Instrumentation	488	1	300.0	true
022 AGK Instrumentation	489	1	835.1	true
022 AGK Instrumentation	490	1	1641.3	true
022 AGK Instrumentation	491	1	2446.8	true
022 AGK Instrumentation	492	1	1373.0	true
022 AGK Instrumentation	493	1	1910.0	true
022 AGK Instrumentation	494	1	835.1	true
022 AGK Instrumentation	495	1	835.1	true
022 AGK Instrumentation	496	1	835.1	true
022 AGK Instrumentation	497	1	1373.0	true
022 AGK Instrumentation	498	1	1373.0	true
022 AGK Instrumentation	499	1	300.0	true
022 AGK Instrumentation	500	1	300.0	true
022 AGK Instrumentation	501	1	300.0	true
022 AGK Instrumentation	502	1	566.9	true
022 AGK Instrumentation	503	1	566.9	true
022 AGK Instrumentation	504	1	835.1	true
022 AGK Instrumentation	505	1	1103.8	true
022 AGK Instrumentation	506	1	566.9	true
022 AGK Instrumentation	507	1	835.1	true
022 AGK Instrumentation	508	1	566.9	true
022 AGK Instrumentation	509	1	566.9	true
022 AGK Instrumentation	510	1	300.0	true
022 AGK Instrumentation	511	1	566.9	true
022 AGK Instrumentation	512	1	1103.8	true
022 AGK Instrumentation	513	1	1641.3	true
022 AGK Instrumentation	514	1	2025.1	false
022 AGK Instrumentation	515	1	835.1	true
022 AGK Instrumentation	516	1	300.0	true
022 AGK Instrumentation	517	1	300.0	true
022 AGK Instrumentation	518	1	835.1	true
022 AGK Instrumentation	519	1	835.1	true
022 AGK Instrumentation	520	1	566.9	true
022 AGK Instrumentation	521	1	1103.8	true
022 AGK Instrumentation	522	1	835.1	true
022 AGK Instrumentation	523	1	835.1	true
022 AGK Instrumentation	524	1	566.9	true
022 AGK Instrumentation	525	1	835.1	true
022 AGK Instrumentation	526	1	1641.3	true
022 AGK Instrumentation	527	1	1103.8	true
022 AGK Instrumentation	528	1	835.1	true
022 AGK Instrumentation	529	1	566.9	true
022 AGK Instrumentation	530	1	300.0	true
022 AGK Instrumentation	531	1	300.0	true
022 AGK Instrumentation	532	1	959.8	false
022 AGK Instrumentation	533	1	1103.8	true
022 AGK Instrumentation	534	1	835.1	true
022 AGK Instrumentation	535	1	835.1	true
022 AGK Instrumentation	536	1	835.1	true
022 AGK Instrumentation	537	1	1103.8	true
022 AGK Instrumentation	538	1	1103.8	true
022 AGK Instrumentation	539	1	1740.0	false
022 AGK Instrumentation	540	1	1740.0	false
022 AGK Instrumentation	541	1	1373.0	true
022 AGK Instrumentation	542	1	300.0	true
022 AGK Instrumentation	543	1	300.0	true
022 AGK Instrumentation	544	1	835.1	true
022 AGK Instrumentation	545	1	566.9	true
022 AGK Instrumentation	546	1	566.9	true
022 AGK Instrumentation	547	1	2179.3	true
022 AGK Instrumentation	548	1	1103.8	true
022 AGK Instrumentation	549	1	1103.8	true
022 AGK Instrumentation	550	1	1641.3	true
022 AGK Instrumentation	551	1	566.9	true
022 AGK Instrumentation	552	1	300.0	true
022 AGK Instrumentation	553	1	1641.3	true
022 AGK Instrumentation	554	1	835.1	true
022 AGK Instrumentation	555	1	566.9	true
022 AGK Instrumentation	556	1	566.9	true
022 AGK Instrumentation	557	1	566.9	true
022 AGK Instrumentation	558	1	300.0	true
022 AGK Instrumentation	559	1	300.0	true
022 AGK Instrumentation	560	1	1103.8	true
022 AGK Instrumentation	561	1	1641.3	true
022 AGK Instrumentation	562	1	1103.8	true
022 AGK Instrumentation	563	1	1910.0	true
022 AGK Instrumentation	564	1	566.9	true
022 AGK Instrumentation	565	1	1103.8	true
022 AGK Instrumentation	566	1	1103.8	true
022 AGK Instrumentation	567	1	1103.8	true
022 AGK Instrumentation	568	1	835.1	true
022 AGK Instrumentation	569	1	1103.8	true
022 AGK Instrumentation	570	1	1910.0	true
022 AGK Instrumentation	571	1	835.1	true
022 AGK Instrumentation	572	1	1373.0	true
022 AGK Instrumentation	573	1	566.9	true
022 AGK Instrumentation	574	1	300.0	true
022 AGK Instrumentation	575	1	566.9	true
022 AGK Instrumentation	576	1	835.1	true
022 AGK Instrumentation	577	1	1373.0	true
022 AGK Instrumentation	578	1	2179.3	true
022 AGK Instrumentation	579	1	300.0	true
022 AGK Instrumentation	580	1	1373.0	true
022 AGK Instrumentation	581	1	3521.8	true
022 AGK Instrumentation	582	1	300.0	true
022 AGK Instrumentation	583	1	300.0	true
022 AGK Instrumentation	584	1	300.0	true
022 AGK Instrumentation	585	1	835.1	true
022 AGK Instrumentation	586	1	300.0	true
022 AGK Instrumentation	587	1	300.0	true
022 AGK Instrumentation	588	1	1373.0	true
022 AGK Instrumentation	589	1	566.9	true
022 AGK Instrumentation	590	1	835.1	true
022 AGK Instrumentation	591	1	835.1	true
022 AGK Instrumentation	592	1	1103.8	true
022 AGK Instrumentation	593	1	835.1	true
022 AGK Instrumentation	594	1	300.0	true
022 AGK Instrumentation	595	1	300.0	true
022 AGK Instrumentation	596	1	566.9	true
022 AGK Instrumentation	597	1	566.9	true
022 AGK Instrumentation	598	1	566.9	true
022 AGK Instrumentation	599	1	566.9	true
022 AGK Instrumentation	600	1	566.9	true
022 AGK Instrumentation	601	1	566.9	true
022 AGK Instrumentation	602	1	300.0	true
022 AGK Instrumentation	603	1	300.0	true
022 AGK Instrumentation	604	1	566.9	true
022 AGK Instrumentation	605	1	835.1	true
022 AGK Instrumentation	606	1	566.9	true
022 AGK Instrumentation	607	1	566.9	true
022 AGK Instrumentation	608	1	566.9	true
022 AGK Instrumentation	609	1	300.0	true
022 AGK Instrumentation	610	1	300.0	true
022 AGK Instrumentation	611	1	566.9	true
022 AGK Instrumentation	612	1	566.9	true
022 AGK Instrumentation	613	1	835.1	true
022 AGK Instrumentation	614	1	835.1	true
022 AGK Instrumentation	615	1	300.0	true
022 AGK Instrumentation	616	1	300.0	true
022 AGK Instrumentation	617	1	835.1	true
022 AGK Instrumentation	618	1	300.0	true
022 AGK Instrumentation	619	1	300.0	true
022 AGK Instrumentation	620	1	566.9	true
022 AGK Instrumentation	621	1	566.9	true
022 AGK Instrumentation	622	1	300.0	true
022 AGK Instrumentation	623	1	300.0	true
022 AGK Instrumentation	624	1	566.9	true
022 AGK Instrumentation	625	1	566.9	true
022 AGK Instrumentation	626	1	566.9	true
022 AGK Instrumentation	627	1	566.9	true
022 AGK Instrumentation	628	1	835.1	true
022 AGK Instrumentation	629	1	566.9	true
022 AGK Instrumentation	630	1	566.9	true
022 AGK Instrumentation	631	1	1103.8	true
022 AGK Instrumentation	632	1	300.0	true
022 AGK Instrumentation	633	1	300.0	true
022 AGK Instrumentation	634	1	566.9	true
022 AGK Instrumentation	635	1	566.9	true
022 AGK Instrumentation	636	1	566.9	true
022 AGK Instrumentation	637	1	566.9	true
022 AGK Instrumentation	638	1	566.9	true
022 AGK Instrumentation	639	1	835.1	true
022 AGK Instrumentation	640	1	566.9	true
022 AGK Instrumentation	641	1	566.9	true
022 AGK Instrumentation	642	1	566.9	true
022 AGK Instrumentation	643	1	566.9	true
022 AGK Instrumentation	644	1	566.9	true
022 AGK Instrumentation	645	1	1103.8	true
022 AGK Instrumentation	646	1	566.9	true
022 AGK Instrumentation	647	1	835.1	true
022 AGK Instrumentation	648	1	566.9	true
022 AGK Instrumentation	649	1	300.0	true
022 AGK Instrumentation	650	1	300.0	true
022 AGK Instrumentation	651	1	566.9	true
022 AGK Instrumentation	652	1	566.9	true
022 AGK Instrumentation	653	1	566.9	true
022 AGK Instrumentation	654	1	566.9	true
022 AGK Instrumentation	655	1	835.1	true
022 AGK Instrumentation	656	1	835.1	true
022 AGK Instrumentation	657	1	1103.8	true
022 AGK Instrumentation	658	1	566.9	true
022 AGK Instrumentation	659	1	566.9	true
022 AGK Instrumentation	660	1	1103.8	true
022 AGK Instrumentation	661	1	1103.8	true
022 AGK Instrumentation	662	1	566.9	true
022 AGK Instrumentation	663	1	566.9	true
022 AGK Instrumentation	664	1	1373.0	true
022 AGK Instrumentation	665	1	566.9	true
022 AGK Instrumentation	666	1	566.9	true
022 AGK Instrumentation	667	1	1373.0	true
022 AGK Instrumentation	668	1	566.9	true
022 AGK Instrumentation	669	1	4059.2	true
022 AGK Instrumentation	670	1	1373.0	true
022 AGK Instrumentation	671	1	1103.8	true
022 AGK Instrumentation	672	1	566.9	true
022 AGK Instrumentation	673	1	566.9	true
022 AGK Instrumentation	674	1	300.0	true
022 AGK Instrumentation	675	1	300.0	true
022 AGK Instrumentation	676	1	566.9	true
022 AGK Instrumentation	677	1	300.0	true
022 AGK Instrumentation	678	1	300.0	true
022 AGK Instrumentation	679	1	300.0	true
022 AGK Instrumentation	680	1	835.1	true
022 AGK Instrumentation	681	1	300.0	true
022 AGK Instrumentation	682	1	566.9	true
022 AGK Instrumentation	683	1	566.9	true
022 AGK Instrumentation	684	1	566.9	true
022 AGK Instrumentation	685	1	300.0	true
022 AGK Instrumentation	686	1	300.0	true
022 AGK Instrumentation	687	1	566.9	true
022 AGK Instrumentation	688	1	835.1	true
022 AGK Instrumentation	689	1	566.9	true
022 AGK Instrumentation	690	1	835.1	true
022 AGK Instrumentation	691	1	1103.8	true
022 AGK Instrumentation	692	1	835.1	true
022 AGK Instrumentation	693	1	1641.3	true
022 AGK Instrumentation	694	1	566.9	true
022 AGK Instrumentation	695	1	2446.8	true
022 AGK Instrumentation	696	1	1373.0	true
022 AGK Instrumentation	697	1	1641.3	true
022 AGK Instrumentation	698	1	7014.1	true
022 AGK Instrumentation	699	1	1641.3	true
022 AGK Instrumentation	700	1	1641.3	true
022 AGK Instrumentation	701	1	1641.3	true
022 AGK Instrumentation	702	1	1641.3	true
022 AGK Instrumentation	703	1	1641.3	true
022 AGK Instrumentation	704	1	1641.3	true
022 AGK Instrumentation	705	1	1910.0	true
022 AGK Instrumentation	706	1	2446.8	true
022 AGK Instrumentation	707	1	1641.3	true
022 AGK Instrumentation	708	1	566.9	true
022 AGK Instrumentation	709	1	566.9	true
022 AGK Instrumentation	710	1	1373.0	true
022 AGK Instrumentation	711	1	1373.0	true
022 AGK Instrumentation	712	1	4059.2	true
022 AGK Instrumentation	713	1	7282.8	true
022 AGK Instrumentation	714	1	835.1	true
022 AGK Instrumentation	715	1	2179.3	true
022 AGK Instrumentation	716	1	2446.8	true
022 AGK Instrumentation	717	1	2716.1	true
022 AGK Instrumentation	718	1	4059.2	true
022 AGK Instrumentation	719	1	7282.8	true
022 AGK Instrumentation	720	1	835.1	true
022 AGK Instrumentation	721	1	2179.3	true
022 AGK Instrumentation	722	1	2446.8	true
022 AGK Instrumentation	723	1	2716.1	true
022 AGK Instrumentation	724	1	2446.8	true
022 AGK Instrumentation	725	1	566.9	true
022 AGK Instrumentation	726	1	566.9	true
022 AGK Instrumentation	727	1	2446.8	true
022 AGK Instrumentation	728	1	835.1	true
022 AGK Instrumentation	729	1	1103.8	true
022 AGK Instrumentation	730	1	566.9	true
022 AGK Instrumentation	731	1	300.0	true
022 AGK Instrumentation	732	1	2179.3	true
022 AGK Instrumentation	733	1	566.9	true
022 AGK Instrumentation	734	1	1641.3	true
022 AGK Instrumentation	735	1	1103.8	true
022 AGK Instrumentation	736	1	566.9	true
022 AGK Instrumentation	737	1	566.9	true
022 AGK Instrumentation	738	1	566.9	true
022 AGK Instrumentation	739	1	1103.8	true
022 AGK Instrumentation	740	1	2446.8	true
022 AGK Instrumentation	741	1	300.0	true
022 AGK Instrumentation	742	1	300.0	true
022 AGK Instrumentation	743	1	566.9	true
022 AGK Instrumentation	744	1	566.9	true
022 AGK Instrumentation	745	1	300.0	true
022 AGK Instrumentation	746	1	300.0	true
022 AGK Instrumentation	747	1	835.1	true
022 AGK Instrumentation	748	1	2179.3	true
022 AGK Instrumentation	749	1	1373.0	true
022 AGK Instrumentation	750	1	1103.8	true
022 AGK Instrumentation	751	1	566.9	true
022 AGK Instrumentation	752	1	300.0	true
022 AGK Instrumentation	753	1	835.1	true
022 AGK Instrumentation	754	1	1373.0	true
022 AGK Instrumentation	755	1	1641.3	true
022 AGK Instrumentation	756	1	835.1	true
022 AGK Instrumentation	757	1	1641.3	true
022 AGK Instrumentation	758	1	1910.0	true
022 AGK Instrumentation	759	1	300.0	true
022 AGK Instrumentation	760	1	835.1	true
022 AGK Instrumentation	761	1	300.0	true
022 AGK Instrumentation	762	1	300.0	true
022 AGK Instrumentation	763	1	835.1	true
022 AGK Instrumentation	764	1	1641.3	true
022 AGK Instrumentation	765	1	2179.3	true
022 AGK Instrumentation	766	1	300.0	true
022 AGK Instrumentation	767	1	300.0	true
022 AGK Instrumentation	768	1	566.9	true
022 AGK Instrumentation	769	1	1641.3	true
022 AGK Instrumentation	770	1	1910.0	true
022 AGK Instrumentation	771	1	835.1	true
022 AGK Instrumentation	772	1	300.0	true
022 AGK Instrumentation	773	1	566.9	true
022 AGK Instrumentation	774	1	835.1	true
022 AGK Instrumentation	775	1	835.1	true
022 AGK Instrumentation	776	1	566.9	true
022 AGK Instrumentation	777	1	566.9	true
022 AGK Instrumentation	778	1	566.9	true
022 AGK Instrumentation	779	1	1910.0	true
022 AGK Instrumentation	780	1	566.9	true
022 AGK Instrumentation	781	1	1641.3	true
022 AGK Instrumentation	782	1	566.9	true
022 AGK Instrumentation	783	1	566.9	true
022 AGK Instrumentation	784	1	566.9	true
022 AGK Instrumentation	785	1	1373.0	true
022 AGK Instrumentation	786	1	566.9	true
022 AGK Instrumentation	787	1	566.9	true
022 AGK Instrumentation	788	1	835.1	true
022 AGK Instrumentation	789	1	835.1	true
022 AGK Instrumentation	790	1	300.0	true
022 AGK Instrumentation	791	1	300.0	true
022 AGK Instrumentation	792	1	300.0	true
022 AGK Instrumentation	793	1	566.9	true
022 AGK Instrumentation	794	1	1373.0	true
022 AGK Instrumentation	795	1	835.1	true
022 AGK Instrumentation	796	1	566.9	true
022 AGK Instrumentation	797	1	566.9	true
022 AGK Instrumentation	798	1	1373.0	true
022 AGK Instrumentation	799	1	566.9	true
022 AGK Instrumentation	800	1	566.9	true
022 AGK Instrumentation	801	1	566.9	true
022 AGK Instrumentation	802	1	835.1	true
022 AGK Instrumentation	803	1	835.1	true
022 AGK Instrumentation	804	1	566.9	true
022 AGK Instrumentation	805	2	300.0	true
022 AGK Instrumentation	807	1047768	300.0	true
022 AGK Instrumentation	1048575	1	300.0	true
031-Mass-&-Balance-final	0	1	2174.7	false
031-Mass-&-Balance-final	1	1	300.0	true
031-Mass-&-Balance-final	2	1	300.0	true
031-Mass-&-Balance-final	3	1	300.0	true
031-Mass-&-Balance-final	4	1	300.0	true
031-Mass-&-Balance-final	5	1	566.9	true
031-Mass-&-Balance-final	6	1	566.9	true
031-Mass-&-Balance-final	7	1	566.9	true
031-Mass-&-Balance-final	8	1	300.0	true
031-Mass-&-Balance-final	9	1	566.9	true
031-Mass-&-Balance-final	10	1	566.9	true
031-Mass-&-Balance-final	11	1	300.0	true
031-Mass-&-Balance-final	12	1	566.9	true
031-Mass-&-Balance-final	13	1	566.9	true
031-Mass-&-Balance-final	14	1	300.0	true
031-Mass-&-Balance-final	15	1	300.0	true
031-Mass-&-Balance-final	16	1	566.9	true
031-Mass-&-Balance-final	17	1	300.0	true
031-Mass-&-Balance-final	18	1	566.9	true
031-Mass-&-Balance-final	19	1	300.0	true
031-Mass-&-Balance-final	20	1	300.0	true
031-Mass-&-Balance-final	21	1	300.0	true
031-Mass-&-Balance-final	22	1	835.1	true
031-Mass-&-Balance-final	23	1	300.0	true
031-Mass-&-Balance-final	24	1	835.1	true
031-Mass-&-Balance-final	25	1	566.9	true
031-Mass-&-Balance-final	26	1	566.9	true
031-Mass-&-Balance-final	27	1	566.9	true
031-Mass-&-Balance-final	28	1	300.0	true
031-Mass-&-Balance-final	29	1	300.0	true
031-Mass-&-Balance-final	30	1	300.0	true
031-Mass-&-Balance-final	31	1	300.0	true
031-Mass-&-Balance-final	32	1	300.0	true
031-Mass-&-Balance-final	33	1	300.0	true
031-Mass-&-Balance-final	34	1	300.0	true
031-Mass-&-Balance-final	35	1	300.0	true
031-Mass-&-Balance-final	36	1	300.0	true
031-Mass-&-Balance-final	37	1	300.0	true
031-Mass-&-Balance-final	38	1	835.1	true
031-Mass-&-Balance-final	39	1	300.0	true
031-Mass-&-Balance-final	40	1	300.0	true
031-Mass-&-Balance-final	41	1	300.0	true
031-Mass-&-Balance-final	42	1	566.9	true
031-Mass-&-Balance-final	43	1	300.0	true
031-Mass-&-Balance-final	44	1	300.0	true
031-Mass-&-Balance-final	45	1	566.9	true
031-Mass-&-Balance-final	46	1	566.9	true
031-Mass-&-Balance-final	47	1	300.0	true
031-Mass-&-Balance-final	48	1	300.0	true
031-Mass-&-Balance-final	49	1	566.9	true
031-Mass-&-Balance-final	50	1	566.9	true
031-Mass-&-Balance-final	51	1	300.0	true
031-Mass-&-Balance-final	52	1	566.9	true
031-Mass-&-Balance-final	53	1	300.0	true
031-Mass-&-Balance-final	54	1	300.0	true
031-Mass-&-Balance-final	55	1	300.0	true
031-Mass-&-Balance-final	56	1	835.1	true
031-Mass-&-Balance-final	57	1	300.0	true
031-Mass-&-Balance-final	58	1	566.9	true
031-Mass-&-Balance-final	59	1	300.0	true
031-Mass-&-Balance-final	60	1	300.0	true
031-Mass-&-Balance-final	61	1	566.9	true
031-Mass-&-Balance-final	62	1	300.0	true
031-Mass-&-Balance-final	63	1	300.0	true
031-Mass-&-Balance-final	64	1	300.0	true
031-Mass-&-Balance-final	65	1	300.0	true
031-Mass-&-Balance-final	66	1	300.0	true
031-Mass-&-Balance-final	67	1	566.9	true
031-Mass-&-Balance-final	68	1	300.0	true
031-Mass-&-Balance-final	69	1	566.9	true
031-Mass-&-Balance-final	70	1	300.0	true
031-Mass-&-Balance-final	71	1	566.9	true
031-Mass-&-Balance-final	72	1	566.9	true
031-Mass-&-Balance-final	73	1	566.9	true
031-Mass-&-Balance-final	74	1	835.1	true
031-Mass-&-Balance-final	75	1	300.0	true
031-Mass-&-Balance-final	76	1	300.0	true
031-Mass-&-Balance-final	77	1	300.0	true
031-Mass-&-Balance-final	78	1	300.0	true
031-Mass-&-Balance-final	79	1	300.0	true
031-Mass-&-Balance-final	80	1	566.9	true
031-Mass-&-Balance-final	81	1	300.0	true
031-Mass-&-Balance-final	82	1	300.0	true
031-Mass-&-Balance-final	83	1	300.0	true
031-Mass-&-Balance-final	84	1	566.9	true
031-Mass-&-Balance-final	85	1	300.0	true
031-Mass-&-Balance-final	86	1	566.9	true
031-Mass-&-Balance-final	87	1	1103.8	true
031-Mass-&-Balance-final	88	1	566.9	true
031-Mass-&-Balance-final	89	1	300.0	true
031-Mass-&-Balance-final	90	1	300.0	true
031-Mass-&-Balance-final	91	1	835.1	true
031-Mass-&-Balance-final	92	1	300.0	true
031-Mass-&-Balance-final	93	1	300.0	true
031-Mass-&-Balance-final	94	1	566.9	true
031-Mass-&-Balance-final	95	1	566.9	true
031-Mass-&-Balance-final	96	1	300.0	true
031-Mass-&-Balance-final	97	1	300.0	true
031-Mass-&-Balance-final	98	1	300.0	true
031-Mass-&-Balance-final	99	1	566.9	true
031-Mass-&-Balance-final	100	1	300.0	true
031-Mass-&-Balance-final	101	1	835.1	true
031-Mass-&-Balance-final	102	1	300.0	true
031-Mass-&-Balance-final	103	1	300.0	true
031-Mass-&-Balance-final	104	1	300.0	true
031-Mass-&-Balance-final	105	1	566.9	true
031-Mass-&-Balance-final	106	1	300.0	true
031-Mass-&-Balance-final	107	1	566.9	true
031-Mass-&-Balance-final	108	1	300.0	true
031-Mass-&-Balance-final	109	1	300.0	true
031-Mass-&-Balance-final	110	1	566.9	true
031-Mass-&-Balance-final	111	1	300.0	true
031-Mass-&-Balance-final	112	1	300.0	true
031-Mass-&-Balance-final	113	1	300.0	true
031-Mass-&-Balance-final	114	1	300.0	true
031-Mass-&-Balance-final	115	1	300.0	true
031-Mass-&-Balance-final	116	1	566.9	true
031-Mass-&-Balance-final	117	1	566.9	true
031-Mass-&-Balance-final	118	1	300.0	true
031-Mass-&-Balance-final	119	1	566.9	true
031-Mass-&-Balance-final	120	1	300.0	true
031-Mass-&-Balance-final	121	1	835.1	true
031-Mass-&-Balance-final	122	1	566.9	true
031-Mass-&-Balance-final	123	1	566.9	true
031-Mass-&-Balance-final	124	1	300.0	true
031-Mass-&-Balance-final	125	1	300.0	true
031-Mass-&-Balance-final	126	1	566.9	true
031-Mass-&-Balance-final	127	1	300.0	true
031-Mass-&-Balance-final	128	1	566.9	true
031-Mass-&-Balance-final	129	1	300.0	true
031-Mass-&-Balance-final	130	1	300.0	true
031-Mass-&-Balance-final	131	1	300.0	true
031-Mass-&-Balance-final	132	1	300.0	true
031-Mass-&-Balance-final	133	1	566.9	true
031-Mass-&-Balance-final	134	1	300.0	true
031-Mass-&-Balance-final	135	1	300.0	true
031-Mass-&-Balance-final	136	1	300.0	true
031-Mass-&-Balance-final	137	1	1103.8	true
031-Mass-&-Balance-final	138	1	300.0	true
031-Mass-&-Balance-final	139	1	300.0	true
031-Mass-&-Balance-final	140	1	566.9	true
031-Mass-&-Balance-final	141	1	566.9	true
031-Mass-&-Balance-final	142	1	1103.8	true
031-Mass-&-Balance-final	143	1	566.9	true
031-Mass-&-Balance-final	144	1	566.9	true
031-Mass-&-Balance-final	145	1	835.1	true
031-Mass-&-Balance-final	146	1	566.9	true
031-Mass-&-Balance-final	147	1	300.0	true
031-Mass-&-Balance-final	148	1	300.0	true
031-Mass-&-Balance-final	149	1	300.0	true
031-Mass-&-Balance-final	150	1	835.1	true
031-Mass-&-Balance-final	151	1	300.0	true
031-Mass-&-Balance-final	152	1	300.0	true
031-Mass-&-Balance-final	153	1	566.9	true
031-Mass-&-Balance-final	154	1	835.1	true
031-Mass-&-Balance-final	155	1	566.9	true
031-Mass-&-Balance-final	156	1	300.0	true
031-Mass-&-Balance-final	157	1	300.0	true
031-Mass-&-Balance-final	158	1	300.0	true
031-Mass-&-Balance-final	159	1	1103.8	true
031-Mass-&-Balance-final	160	1048415	300.0	true
031-Mass-&-Balance-final	1048575	1	300.0	true
032-Performance-(A)	0	1	300.0	true
032-Performance-(A)	1	1	2115.2	false
032-Performance-(A)	2	1	300.0	true
032-Performance-(A)	3	1	300.0	true
032-Performance-(A)	4	1	300.0	true
032-Performance-(A)	5	1	300.0	true
032-Performance-(A)	6	1	835.1	true
032-Performance-(A)	7	1	1103.8	true
032-Performance-(A)	8	1	566.9	true
032-Performance-(A)	9	1	300.0	true
032-Performance-(A)	10	1	835.1	true
032-Performance-(A)	11	1	835.1	true
032-Performance-(A)	12	1	300.0	true
032-Performance-(A)	13	1	835.1	true
032-Performance-(A)	14	1	1373.0	true
032-Performance-(A)	15	1	300.0	true
032-Performance-(A)	16	1	300.0	true
032-Performance-(A)	17	1	300.0	true
032-Performance-(A)	18	1	300.0	true
032-Performance-(A)	19	1	566.9	true
032-Performance-(A)	20	1	566.9	true
032-Performance-(A)	21	1	300.0	true
032-Performance-(A)	22	1	300.0	true
032-Performance-(A)	23	1	566.9	true
032-Performance-(A)	24	1	300.0	true
032-Performance-(A)	25	1	300.0	true
032-Performance-(A)	26	1	566.9	true
032-Performance-(A)	27	1	300.0	true
032-Performance-(A)	28	1	1103.8	true
032-Performance-(A)	29	1	835.1	true
032-Performance-(A)	30	1	1103.8	true
032-Performance-(A)	31	1	566.9	true
032-Performance-(A)	32	1	835.1	true
032-Performance-(A)	33	1	566.9	true
032-Performance-(A)	34	1	300.0	true
032-Performance-(A)	35	1	300.0	true
032-Performance-(A)	36	1	300.0	true
032-Performance-(A)	37	1	566.9	true
032-Performance-(A)	38	1	300.0	true
032-Performance-(A)	39	1	566.9	true
032-Performance-(A)	40	1	835.1	true
032-Performance-(A)	41	1	300.0	true
032-Performance-(A)	42	1	300.0	true
032-Performance-(A)	43	1	835.1	true
032-Performance-(A)	44	1	1049.9	false
032-Performance-(A)	45	1	300.0	true
032-Performance-(A)	46	1	300.0	true
032-Performance-(A)	47	1	1373.0	true
032-Performance-(A)	48	1	566.9	true
032-Performance-(A)	49	1	566.9	true
032-Performance-(A)	50	1	566.9	true
032-Performance-(A)	51	1	566.9	true
032-Performance-(A)	52	1	300.0	true
032-Performance-(A)	53	1	300.0	true
032-Performance-(A)	54	1	566.9	true
032-Performance-(A)	55	1	835.1	true
032-Performance-(A)	56	1	835.1	true
032-Performance-(A)	57	1	566.9	true
032-Performance-(A)	58	1	566.9	true
032-Performance-(A)	59	1	835.1	true
032-Performance-(A)	60	1	300.0	true
032-Performance-(A)	61	1	566.9	true
032-Performance-(A)	62	1	835.1	true
032-Performance-(A)	63	1	1103.8	true
032-Performance-(A)	64	1	566.9	true
032-Performance-(A)	65	1	566.9	true
032-Performance-(A)	66	1	566.9	true
032-Performance-(A)	67	1	1103.8	true
032-Performance-(A)	68	1	835.1	true
032-Performance-(A)	69	1	566.9	true
032-Performance-(A)	70	1	835.1	true
032-Performance-(A)	71	1	835.1	true
032-Performance-(A)	72	1	566.9	true
032-Performance-(A)	73	1	566.9	true
032-Performance-(A)	74	1	566.9	true
032-Performance-(A)	75	1	300.0	true
032-Performance-(A)	76	1	566.9	true
032-Performance-(A)	77	1	835.1	true
032-Performance-(A)	78	1	566.9	true
032-Performance-(A)	79	1	835.1	true
032-Performance-(A)	80	1	835.1	true
032-Performance-(A)	81	1	835.1	true
032-Performance-(A)	82	1	835.1	true
032-Performance-(A)	83	1	566.9	true
032-Performance-(A)	84	1	1103.8	true
032-Performance-(A)	85	1	300.0	true
032-Performance-(A)	86	1	300.0	true
032-Performance-(A)	87	1	566.9	true
032-Performance-(A)	88	1	835.1	true
032-Performance-(A)	89	1	835.1	true
032-Performance-(A)	90	1	835.1	true
032-Performance-(A)	91	1	835.1	true
032-Performance-(A)	92	1	835.1	true
032-Performance-(A)	93	1	566.9	true
032-Performance-(A)	94	1	835.1	true
032-Performance-(A)	95	1	835.1	true
032-Performance-(A)	96	1	566.9	true
032-Performance-(A)	97	1	835.1	true
032-Performance-(A)	98	1	835.1	true
032-Performance-(A)	99	1	566.9	true
032-Performance-(A)	100	1	566.9	true
032-Performance-(A)	101	1	566.9	true
032-Performance-(A)	102	1	300.0	true
032-Performance-(A)	103	1	300.0	true
032-Performance-(A)	104	1	566.9	true
032-Performance-(A)	105	1	835.1	true
032-Performance-(A)	106	1	835.1	true
032-Performance-(A)	107	1	835.1	true
032-Performance-(A)	108	1	835.1	true
032-Performance-(A)	109	1	835.1	true
032-Performance-(A)	110	1	566.9	true
032-Performance-(A)	111	1	835.1	true
032-Performance-(A)	112	1	566.9	true
032-Performance-(A)	113	1	566.9	true
032-Performance-(A)	114	1	300.0	true
032-Performance-(A)	115	1	300.0	true
032-Performance-(A)	116	1	835.1	true
032-Performance-(A)	117	1	1103.8	true
032-Performance-(A)	118	1	1103.8	true
032-Performance-(A)	119	1	835.1	true
032-Performance-(A)	120	1	835.1	true
032-Performance-(A)	121	1	835.1	true
032-Performance-(A)	122	1	835.1	true
032-Performance-(A)	123	1	300.0	true
032-Performance-(A)	124	1	566.9	true
032-Performance-(A)	125	1	566.9	true
032-Performance-(A)	126	1	835.1	true
032-Performance-(A)	127	1	566.9	true
032-Performance-(A)	128	1	835.1	true
032-Performance-(A)	129	1	300.0	true
032-Performance-(A)	130	1	300.0	true
032-Performance-(A)	131	1	835.1	true
032-Performance-(A)	132	1	835.1	true
032-Performance-(A)	133	1	566.9	true
032-Performance-(A)	134	1	566.9	true
032-Performance-(A)	135	1	835.1	true
032-Performance-(A)	136	1	835.1	true
032-Performance-(A)	137	1	835.1	true
032-Performance-(A)	138	1	1103.8	true
032-Performance-(A)	139	1	1103.8	true
032-Performance-(A)	140	1	835.1	true
032-Performance-(A)	141	1	566.9	true
032-Performance-(A)	142	1	566.9	true
032-Performance-(A)	143	1	835.1	true
032-Performance-(A)	144	1	566.9	true
032-Performance-(A)	145	1	566.9	true
032-Performance-(A)	146	1	300.0	true
032-Performance-(A)	147	1	300.0	true
032-Performance-(A)	148	1	566.9	true
032-Performance-(A)	149	1	835.1	true
032-Performance-(A)	150	1	835.1	true
032-Performance-(A)	151	1	1103.8	true
032-Performance-(A)	152	1	1103.8	true
032-Performance-(A)	153	1	300.0	true
032-Performance-(A)	154	1	300.0	true
032-Performance-(A)	155	1	566.9	true
032-Performance-(A)	156	1	840.2	false
032-Performance-(A)	157	1	300.0	true
032-Performance-(A)	158	1	566.9	true
032-Performance-(A)	159	1	300.0	true
032-Performance-(A)	160	1	300.0	true
032-Performance-(A)	161	1	566.9	true
032-Performance-(A)	162	1	566.9	true
032-Performance-(A)	163	1	300.0	true
032-Performance-(A)	164	1	566.9	true
032-Performance-(A)	165	1	300.0	true
032-Performance-(A)	166	1	835.1	true
032-Performance-(A)	167	1	300.0	true
032-Performance-(A)	168	1	300.0	true
032-Performance-(A)	169	1	566.9	true
032-Performance-(A)	170	1	835.1	true
032-Performance-(A)	171	1	300.0	true
032-Performance-(A)	172	1	835.1	true
032-Performance-(A)	173	1	835.1	true
032-Performance-(A)	174	1	835.1	true
032-Performance-(A)	175	1	300.0	true
032-Performance-(A)	176	1	300.0	true
032-Performance-(A)	177	1	566.9	true
032-Performance-(A)	178	1	835.1	true
032-Performance-(A)	179	1	566.9	true
032-Performance-(A)	180	1	566.9	true
032-Performance-(A)	181	1	566.9	true
032-Performance-(A)	182	1	835.1	true
032-Performance-(A)	183	1	300.0	true
032-Performance-(A)	184	1	835.1	true
032-Performance-(A)	185	1	566.9	true
032-Performance-(A)	186	1	835.1	true
032-Performance-(A)	187	1	300.0	true
032-Performance-(A)	188	1	566.9	true
032-Performance-(A)	189	1	835.1	true
032-Performance-(A)	190	1	566.9	true
032-Performance-(A)	191	1	300.0	true
032-Performance-(A)	192	1	566.9	true
032-Performance-(A)	193	1	835.1	true
032-Performance-(A)	194	1	300.0	true
032-Performance-(A)	195	1	566.9	true
032-Performance-(A)	196	1	300.0	true
032-Performance-(A)	197	1	566.9	true
032-Performance-(A)	198	1	566.9	true
032-Performance-(A)	199	1	300.0	true
032-Performance-(A)	200	1	300.0	true
032-Performance-(A)	201	1	835.1	true
032-Performance-(A)	202	1	566.9	true
032-Performance-(A)	203	1	300.0	true
032-Performance-(A)	204	1	566.9	true
032-Performance-(A)	205	1	566.9	true
032-Performance-(A)	206	1	566.9	true
032-Performance-(A)	207	1	300.0	true
032-Performance-(A)	208	1	566.9	true
032-Performance-(A)	209	1	835.1	true
032-Performance-(A)	210	1	566.9	true
032-Performance-(A)	211	1	835.1	true
032-Performance-(A)	212	1	835.1	true
032-Performance-(A)	213	1	300.0	true
032-Performance-(A)	214	1	300.0	true
032-Performance-(A)	215	1	566.9	true
032-Performance-(A)	216	1	300.0	true
032-Performance-(A)	217	1	300.0	true
032-Performance-(A)	218	1	835.1	true
032-Performance-(A)	219	1	300.0	true
032-Performance-(A)	220	1	566.9	true
032-Performance-(A)	221	1	300.0	true
032-Performance-(A)	222	1	300.0	true
032-Performance-(A)	223	1	835.1	true
032-Performance-(A)	224	1	300.0	true
032-Performance-(A)	225	1	566.9	true
032-Performance-(A)	226	1	300.0	true
032-Performance-(A)	227	1	566.9	true
032-Performance-(A)	228	1	835.1	true
032-Performance-(A)	229	1	835.1	true
032-Performance-(A)	230	1	566.9	true
032-Performance-(A)	231	1	300.0	true
032-Performance-(A)	232	1	566.9	true
032-Performance-(A)	233	1	835.1	true
032-Performance-(A)	234	1	566.9	true
032-Performance-(A)	235	1	566.9	true
032-Performance-(A)	236	1	835.1	true
032-Performance-(A)	237	1	1103.8	true
032-Performance-(A)	238	1	1103.8	true
032-Performance-(A)	239	1	3791.1	true
032-Performance-(A)	240	1	566.9	true
032-Performance-(A)	241	1	1641.3	true
032-Performance-(A)	242	1	835.1	true
032-Performance-(A)	243	1	300.0	true
032-Performance-(A)	244	1	835.1	true
032-Performance-(A)	245	1	300.0	true
032-Performance-(A)	246	1	835.1	true
032-Performance-(A)	247	1	835.1	true
032-Performance-(A)	248	1	566.9	true
032-Performance-(A)	249	1	835.1	true
032-Performance-(A)	250	1	566.9	true
032-Performance-(A)	251	1	566.9	true
032-Performance-(A)	252	1	566.9	true
032-Performance-(A)	253	1	566.9	true
032-Performance-(A)	254	1	566.9	true
032-Performance-(A)	255	1	300.0	true
032-Performance-(A)	256	1	835.1	true
032-Performance-(A)	257	1	566.9	true
032-Performance-(A)	258	1	566.9	true
032-Performance-(A)	259	1	566.9	true
032-Performance-(A)	260	1	566.9	true
032-Performance-(A)	261	1	1103.8	true
032-Performance-(A)	262	1	566.9	true
032-Performance-(A)	263	1	300.0	true
032-Performance-(A)	264	1	300.0	true
032-Performance-(A)	265	1	835.1	true
032-Performance-(A)	266	1	300.0	true
032-Performance-(A)	267	1	300.0	true
032-Performance-(A)	268	1	300.0	true
032-Performance-(A)	269	1	300.0	true
032-Performance-(A)	270	1	566.9	true
032-Performance-(A)	271	1	566.9	true
032-Performance-(A)	272	1	300.0	true
032-Performance-(A)	273	1	566.9	true
032-Performance-(A)	274	1	835.1	true
032-Performance-(A)	275	1	566.9	true
032-Performance-(A)	276	1	835.1	true
032-Performance-(A)	277	1	1373.0	true
032-Performance-(A)	278	1	835.1	true
032-Performance-(A)	279	1	835.1	true
032-Performance-(A)	280	1	835.1	true
032-Performance-(A)	281	1	1910.0	true
032-Performance-(A)	282	1	1103.8	true
032-Performance-(A)	283	1	1103.8	true
032-Performance-(A)	284	1	835.1	true
032-Performance-(A)	285	1	300.0	true
032-Performance-(A)	286	1	566.9	true
032-Performance-(A)	287	1	566.9	true
032-Performance-(A)	288	1	835.1	true
032-Performance-(A)	289	1	566.9	true
032-Performance-(A)	290	1	566.9	true
032-Performance-(A)	291	1	566.9	true
032-Performance-(A)	292	1	1103.8	true
032-Performance-(A)	293	1	566.9	true
032-Performance-(A)	294	1	300.0	true
032-Performance-(A)	295	1	566.9	true
032-Performance-(A)	296	1	566.9	true
032-Performance-(A)	297	1	566.9	true
032-Performance-(A)	298	1	566.9	true
032-Performance-(A)	299	1	566.9	true
032-Performance-(A)	300	1	835.1	true
032-Performance-(A)	301	1	835.1	true
032-Performance-(A)	302	1	1103.8	true
032-Performance-(A)	303	1	566.9	true
032-Performance-(A)	304	1	1103.8	true
032-Performance-(A)	305	1	566.9	true
032-Performance-(A)	306	1	300.0	true
032-Performance-(A)	307	1	566.9	true
032-Performance-(A)	308	1	835.1	true
032-Performance-(A)	309	1	566.9	true
032-Performance-(A)	310	1	300.0	true
032-Performance-(A)	311	1	835.1	true
032-Performance-(A)	312	1	300.0	true
032-Performance-(A)	313	1	566.9	true
032-Performance-(A)	314	1	566.9	true
032-Performance-(A)	315	1	566.9	true
032-Performance-(A)	316	1	300.0	true
032-Performance-(A)	317	1	566.9	true
032-Performance-(A)	318	1	566.9	true
032-Performance-(A)	319	1	566.9	true
032-Performance-(A)	320	1	835.1	true
032-Performance-(A)	321	1	566.9	true
032-Performance-(A)	322	1	300.0	true
032-Performance-(A)	323	1	835.1	true
032-Performance-(A)	324	1	300.0	true
032-Performance-(A)	325	1	566.9	true
032-Performance-(A)	326	1	566.9	true
032-Performance-(A)	327	1	300.0	true
032-Performance-(A)	328	1	566.9	true
032-Performance-(A)	329	1	300.0	true
032-Performance-(A)	330	1	566.9	true
032-Performance-(A)	331	1	566.9	true
032-Performance-(A)	332	1	300.0	true
032-Performance-(A)	333	1	566.9	true
032-Performance-(A)	334	1	566.9	true
032-Performance-(A)	335	1	300.0	true
032-Performance-(A)	336	1	300.0	true
032-Performance-(A)	337	1	566.9	true
032-Performance-(A)	338	1	566.9	true
032-Performance-(A)	339	1	566.9	true
032-Performance-(A)	340	1	566.9	true
032-Performance-(A)	341	1	300.0	true
032-Performance-(A)	342	1	566.9	true
032-Performance-(A)	343	1	835.1	true
032-Performance-(A)	344	1	566.9	true
032-Performance-(A)	345	1	566.9	true
032-Performance-(A)	346	1	835.1	true
032-Performance-(A)	347	1	300.0	true
032-Performance-(A)	348	1	835.1	true
032-Performance-(A)	349	1	300.0	true
032-Performance-(A)	350	1	300.0	true
032-Performance-(A)	351	1	300.0	true
032-Performance-(A)	352	1	566.9	true
032-Performance-(A)	353	1	300.0	true
032-Performance-(A)	354	1	566.9	true
032-Performance-(A)	355	1	566.9	true
032-Performance-(A)	356	1	300.0	true
032-Performance-(A)	357	1	566.9	true
032-Performance-(A)	358	1	300.0	true
032-Performance-(A)	359	1	300.0	true
032-Performance-(A)	360	1	566.9	true
032-Performance-(A)	361	1	300.0	true
032-Performance-(A)	362	1	835.1	true
032-Performance-(A)	363	1	566.9	true
032-Performance-(A)	364	1	835.1	true
032-Performance-(A)	365	1	300.0	true
032-Performance-(A)	366	1	300.0	true
032-Performance-(A)	367	1	300.0	true
032-Performance-(A)	368	1	566.9	true
032-Performance-(A)	369	1	566.9	true
032-Performance-(A)	370	1	566.9	true
032-Performance-(A)	371	1	1373.0	true
032-Performance-(A)	372	1	566.9	true
032-Performance-(A)	373	1	566.9	true
032-Performance-(A)	374	1	835.1	true
032-Performance-(A)	375	1	300.0	true
032-Performance-(A)	376	1	300.0	true
032-Performance-(A)	377	1	300.0	true
032-Performance-(A)	378	1	566.9	true
032-Performance-(A)	379	1	300.0	true
032-Performance-(A)	380	1	1373.0	true
032-Performance-(A)	381	1	566.9	true
032-Performance-(A)	382	1	1103.8	true
032-Performance-(A)	383	1	300.0	true
032-Performance-(A)	384	1	300.0	true
032-Performance-(A)	385	1	566.9	true
032-Performance-(A)	386	1	566.9	true
032-Performance-(A)	387	1	566.9	true
032-Performance-(A)	388	1	300.0	true
032-Performance-(A)	389	1	566.9	true
032-Performance-(A)	390	1	566.9	true
032-Performance-(A)	391	1	300.0	true
032-Performance-(A)	392	1	835.1	true
032-Performance-(A)	393	1	566.9	true
032-Performance-(A)	394	1	300.0	true
032-Performance-(A)	395	1	300.0	true
032-Performance-(A)	396	1	300.0	true
032-Performance-(A)	397	1	300.0	true
032-Performance-(A)	398	1	566.9	true
032-Performance-(A)	399	1	566.9	true
032-Performance-(A)	400	1	566.9	true
032-Performance-(A)	401	1	566.9	true
032-Performance-(A)	402	1	300.0	true
032-Performance-(A)	403	1	835.1	true
032-Performance-(A)	404	1	300.0	true
032-Performance-(A)	405	1	566.9	true
032-Performance-(A)	406	1	566.9	true
032-Performance-(A)	407	1	566.9	true
032-Performance-(A)	408	1	835.1	true
032-Performance-(A)	409	1	300.0	true
032-Performance-(A)	410	1	1103.8	true
032-Performance-(A)	411	1	300.0	true
032-Performance-(A)	412	1	300.0	true
032-Performance-(A)	413	1	300.0	true
032-Performance-(A)	414	1	300.0	true
032-Performance-(A)	415	1	566.9	true
032-Performance-(A)	416	1	300.0	true
032-Performance-(A)	417	1	566.9	true
032-Performance-(A)	418	1	566.9	true
032-Performance-(A)	419	1	300.0	true
032-Performance-(A)	420	1	3791.1	true
032-Performance-(A)	421	1	300.0	true
032-Performance-(A)	422	1	835.1	true
032-Performance-(A)	423	1	835.1	true
032-Performance-(A)	424	1	566.9	true
032-Performance-(A)	425	1	566.9	true
032-Performance-(A)	426	1	300.0	true
032-Performance-(A)	427	1	300.0	true
032-Performance-(A)	428	1	300.0	true
032-Performance-(A)	429	1	1103.8	true
032-Performance-(A)	430	1	835.1	true
032-Performance-(A)	431	1	835.1	true
032-Performance-(A)	432	1	835.1	true
032-Performance-(A)	433	1	1103.8	true
032-Performance-(A)	434	1	835.1	true
032-Performance-(A)	435	1	300.0	true
032-Performance-(A)	436	1	566.9	true
032-Performance-(A)	437	1	300.0	true
032-Performance-(A)	438	1	300.0	true
032-Performance-(A)	439	1	835.1	true
032-Performance-(A)	440	1	835.1	true
032-Performance-(A)	441	1	835.1	true
032-Performance-(A)	442	1	300.0	true
032-Performance-(A)	443	1	566.9	true
032-Performance-(A)	444	1	300.0	true
032-Performance-(A)	445	1	300.0	true
032-Performance-(A)	446	1	566.9	true
032-Performance-(A)	447	1	566.9	true
032-Performance-(A)	448	1	566.9	true
032-Performance-(A)	449	1	300.0	true
032-Performance-(A)	450	1	300.0	true
032-Performance-(A)	451	1	835.1	true
032-Performance-(A)	452	1	835.1	true
032-Performance-(A)	453	1	566.9	true
032-Performance-(A)	454	1	300.0	true
032-Performance-(A)	455	1	300.0	true
032-Performance-(A)	456	1	1103.8	true
032-Performance-(A)	457	1	835.1	true
032-Performance-(A)	458	1	835.1	true
032-Performance-(A)	459	1	1103.8	true
032-Performance-(A)	460	1	835.1	true
032-Performance-(A)	461	1	835.1	true
032-Performance-(A)	462	1048113	300.0	true
032-Performance-(A)	1048575	1	300.0	true
033-Flight-Plng-&-Monit.	0	1	2264.8	false
033-Flight-Plng-&-Monit.	1	1	300.0	true
033-Flight-Plng-&-Monit.	2	1	835.1	true
033-Flight-Plng-&-Monit.	3	1	300.0	true
033-Flight-Plng-&-Monit.	4	1	566.9	true
033-Flight-Plng-&-Monit.	5	1	1103.8	true
033-Flight-Plng-&-Monit.	6	1	835.1	true
033-Flight-Plng-&-Monit.	7	1	835.1	true
033-Flight-Plng-&-Monit.	8	1	1245.0	false
033-Flight-Plng-&-Monit.	9	1	1245.0	false
033-Flight-Plng-&-Monit.	10	1	566.9	true
033-Flight-Plng-&-Monit.	11	1	1103.8	true
033-Flight-Plng-&-Monit.	12	1	300.0	true
033-Flight-Plng-&-Monit.	13	1	566.9	true
033-Flight-Plng-&-Monit.	14	1	300.0	true
033-Flight-Plng-&-Monit.	15	1	835.1	true
033-Flight-Plng-&-Monit.	16	1	566.9	true
033-Flight-Plng-&-Monit.	17	1	566.9	true
033-Flight-Plng-&-Monit.	18	1	566.9	true
033-Flight-Plng-&-Monit.	19	1	835.1	true
033-Flight-Plng-&-Monit.	20	1	835.1	true
033-Flight-Plng-&-Monit.	21	1	835.1	true
033-Flight-Plng-&-Monit.	22	1	835.1	true
033-Flight-Plng-&-Monit.	23	1	1103.8	true
033-Flight-Plng-&-Monit.	24	1	300.0	true
033-Flight-Plng-&-Monit.	25	1	566.9	true
033-Flight-Plng-&-Monit.	26	1	566.9	true
033-Flight-Plng-&-Monit.	27	1	566.9	true
033-Flight-Plng-&-Monit.	28	1	1103.8	true
033-Flight-Plng-&-Monit.	29	1	300.0	true
033-Flight-Plng-&-Monit.	30	1	1103.8	true
033-Flight-Plng-&-Monit.	31	1	566.9	true
033-Flight-Plng-&-Monit.	32	1	300.0	true
033-Flight-Plng-&-Monit.	33	1	835.1	true
033-Flight-Plng-&-Monit.	34	1	566.9	true
033-Flight-Plng-&-Monit.	35	1	835.1	true
033-Flight-Plng-&-Monit.	36	1	566.9	true
033-Flight-Plng-&-Monit.	37	1	835.1	true
033-Flight-Plng-&-Monit.	38	1	566.9	true
033-Flight-Plng-&-Monit.	39	1	835.1	true
033-Flight-Plng-&-Monit.	40	1	566.9	true
033-Flight-Plng-&-Monit.	41	1	300.0	true
033-Flight-Plng-&-Monit.	42	1	300.0	true
033-Flight-Plng-&-Monit.	43	1	835.1	true
033-Flight-Plng-&-Monit.	44	1	835.1	true
033-Flight-Plng-&-Monit.	45	1	300.0	true
033-Flight-Plng-&-Monit.	46	1	300.0	true
033-Flight-Plng-&-Monit.	47	1	300.0	true
033-Flight-Plng-&-Monit.	48	1	300.0	true
033-Flight-Plng-&-Monit.	49	1	2745.1	false
033-Flight-Plng-&-Monit.	50	1	1373.0	true
033-Flight-Plng-&-Monit.	51	1	835.1	true
033-Flight-Plng-&-Monit.	52	1	566.9	true
033-Flight-Plng-&-Monit.	53	1	566.9	true
033-Flight-Plng-&-Monit.	54	1	566.9	true
033-Flight-Plng-&-Monit.	55	1	300.0	true
033-Flight-Plng-&-Monit.	56	1	835.1	true
033-Flight-Plng-&-Monit.	57	1	566.9	true
033-Flight-Plng-&-Monit.	58	1	566.9	true
033-Flight-Plng-&-Monit.	59	1	300.0	true
033-Flight-Plng-&-Monit.	60	1	566.9	true
033-Flight-Plng-&-Monit.	61	1	1103.8	true
033-Flight-Plng-&-Monit.	62	1	300.0	true
033-Flight-Plng-&-Monit.	63	1	300.0	true
033-Flight-Plng-&-Monit.	64	1	566.9	true
033-Flight-Plng-&-Monit.	65	1	300.0	true
033-Flight-Plng-&-Monit.	66	1	835.1	true
033-Flight-Plng-&-Monit.	67	1	566.9	true
033-Flight-Plng-&-Monit.	68	1	1641.3	true
033-Flight-Plng-&-Monit.	69	1	2446.8	true
033-Flight-Plng-&-Monit.	70	1	300.0	true
033-Flight-Plng-&-Monit.	71	1	835.1	true
033-Flight-Plng-&-Monit.	72	1	566.9	true
033-Flight-Plng-&-Monit.	73	1	300.0	true
033-Flight-Plng-&-Monit.	74	1	566.9	true
033-Flight-Plng-&-Monit.	75	1	566.9	true
033-Flight-Plng-&-Monit.	76	1	566.9	true
033-Flight-Plng-&-Monit.	77	1	300.0	true
033-Flight-Plng-&-Monit.	78	1	566.9	true
033-Flight-Plng-&-Monit.	79	1	300.0	true
033-Flight-Plng-&-Monit.	80	1	835.1	true
033-Flight-Plng-&-Monit.	81	1	835.1	true
033-Flight-Plng-&-Monit.	82	1	1910.0	true
033-Flight-Plng-&-Monit.	83	1	1103.8	true
033-Flight-Plng-&-Monit.	84	1	566.9	true
033-Flight-Plng-&-Monit.	85	1	300.0	true
033-Flight-Plng-&-Monit.	86	1	300.0	true
033-Flight-Plng-&-Monit.	87	1	566.9	true
033-Flight-Plng-&-Monit.	88	1	835.1	true
033-Flight-Plng-&-Monit.	89	1	566.9	true
033-Flight-Plng-&-Monit.	90	1	566.9	true
033-Flight-Plng-&-Monit.	91	1	566.9	true
033-Flight-Plng-&-Monit.	92	1	835.1	true
033-Flight-Plng-&-Monit.	93	1	566.9	true
033-Flight-Plng-&-Monit.	94	1	566.9	true
033-Flight-Plng-&-Monit.	95	1	300.0	true
033-Flight-Plng-&-Monit.	96	1	300.0	true
033-Flight-Plng-&-Monit.	97	1	835.1	true
033-Flight-Plng-&-Monit.	98	1	300.0	true
033-Flight-Plng-&-Monit.	99	1	566.9	true
033-Flight-Plng-&-Monit.	100	1	566.9	true
033-Flight-Plng-&-Monit.	101	1	300.0	true
033-Flight-Plng-&-Monit.	102	1	300.0	true
033-Flight-Plng-&-Monit.	103	1	300.0	true
033-Flight-Plng-&-Monit.	104	1	915.0	false
033-Flight-Plng-&-Monit.	105	1	989.9	false
033-Flight-Plng-&-Monit.	106	1	915.0	false
033-Flight-Plng-&-Monit.	107	1	1214.9	false
033-Flight-Plng-&-Monit.	108	1	1260.3	false
033-Flight-Plng-&-Monit.	109	1	1103.8	true
033-Flight-Plng-&-Monit.	110	1	300.0	true
033-Flight-Plng-&-Monit.	111	1	1103.8	true
033-Flight-Plng-&-Monit.	112	1	1103.8	true
033-Flight-Plng-&-Monit.	113	1	1103.8	true
033-Flight-Plng-&-Monit.	114	1	300.0	true
033-Flight-Plng-&-Monit.	115	1	1005.1	false
033-Flight-Plng-&-Monit.	116	1	1641.3	true
033-Flight-Plng-&-Monit.	117	1	1103.8	true
033-Flight-Plng-&-Monit.	118	1	1103.8	true
033-Flight-Plng-&-Monit.	119	1	300.0	true
033-Flight-Plng-&-Monit.	120	1	566.9	true
033-Flight-Plng-&-Monit.	121	1	1514.9	false
033-Flight-Plng-&-Monit.	122	1	835.1	true
033-Flight-Plng-&-Monit.	123	1	300.0	true
033-Flight-Plng-&-Monit.	124	1	835.1	true
033-Flight-Plng-&-Monit.	125	1	835.1	true
033-Flight-Plng-&-Monit.	126	1	566.9	true
033-Flight-Plng-&-Monit.	127	1	566.9	true
033-Flight-Plng-&-Monit.	128	1	566.9	true
033-Flight-Plng-&-Monit.	129	1	300.0	true
033-Flight-Plng-&-Monit.	130	1	300.0	true
033-Flight-Plng-&-Monit.	131	1	300.0	true
033-Flight-Plng-&-Monit.	132	1	300.0	true
033-Flight-Plng-&-Monit.	133	1	566.9	true
033-Flight-Plng-&-Monit.	134	1	566.9	true
033-Flight-Plng-&-Monit.	135	1	300.0	true
033-Flight-Plng-&-Monit.	136	1	835.1	true
033-Flight-Plng-&-Monit.	137	1	835.1	true
033-Flight-Plng-&-Monit.	138	1	835.1	true
033-Flight-Plng-&-Monit.	139	1	1260.3	false
033-Flight-Plng-&-Monit.	140	1	835.1	true
033-Flight-Plng-&-Monit.	141	1	1103.8	true
033-Flight-Plng-&-Monit.	142	1	300.0	true
033-Flight-Plng-&-Monit.	143	1	566.9	true
033-Flight-Plng-&-Monit.	144	1	566.9	true
033-Flight-Plng-&-Monit.	145	1	566.9	true
033-Flight-Plng-&-Monit.	146	1	300.0	true
033-Flight-Plng-&-Monit.	147	1	300.0	true
033-Flight-Plng-&-Monit.	148	1	1103.8	true
033-Flight-Plng-&-Monit.	149	1	566.9	true
033-Flight-Plng-&-Monit.	150	1	300.0	true
033-Flight-Plng-&-Monit.	151	1	835.1	true
033-Flight-Plng-&-Monit.	152	1	835.1	true
033-Flight-Plng-&-Monit.	153	1	1103.8	true
033-Flight-Plng-&-Monit.	154	1	300.0	true
033-Flight-Plng-&-Monit.	155	1	300.0	true
033-Flight-Plng-&-Monit.	156	1	300.0	true
033-Flight-Plng-&-Monit.	157	1	566.9	true
033-Flight-Plng-&-Monit.	158	1	300.0	true
033-Flight-Plng-&-Monit.	159	1	1103.8	true
033-Flight-Plng-&-Monit.	160	1	566.9	true
033-Flight-Plng-&-Monit.	161	1	566.9	true
033-Flight-Plng-&-Monit.	162	1	300.0	true
033-Flight-Plng-&-Monit.	163	1	835.1	true
033-Flight-Plng-&-Monit.	164	1	300.0	true
033-Flight-Plng-&-Monit.	165	1	300.0	true
033-Flight-Plng-&-Monit.	166	1	566.9	true
033-Flight-Plng-&-Monit.	167	1	566.9	true
033-Flight-Plng-&-Monit.	168	1	300.0	true
033-Flight-Plng-&-Monit.	169	1	300.0	true
033-Flight-Plng-&-Monit.	170	1	566.9	true
033-Flight-Plng-&-Monit.	171	1	300.0	true
033-Flight-Plng-&-Monit.	172	1	566.9	true
033-Flight-Plng-&-Monit.	173	1	566.9	true
033-Flight-Plng-&-Monit.	174	1	300.0	true
033-Flight-Plng-&-Monit.	175	1	300.0	true
033-Flight-Plng-&-Monit.	176	1	300.0	true
033-Flight-Plng-&-Monit.	177	1	300.0	true
033-Flight-Plng-&-Monit.	178	1	566.9	true
033-Flight-Plng-&-Monit.	179	1	566.9	true
033-Flight-Plng-&-Monit.	180	1	300.0	true
033-Flight-Plng-&-Monit.	181	1	300.0	true
033-Flight-Plng-&-Monit.	182	1	300.0	true
033-Flight-Plng-&-Monit.	183	1	300.0	true
033-Flight-Plng-&-Monit.	184	1	566.9	true
033-Flight-Plng-&-Monit.	185	1	566.9	true
033-Flight-Plng-&-Monit.	186	1	566.9	true
033-Flight-Plng-&-Monit.	187	1	300.0	true
033-Flight-Plng-&-Monit.	188	1	300.0	true
033-Flight-Plng-&-Monit.	189	1	566.9	true
033-Flight-Plng-&-Monit.	190	1	566.9	true
033-Flight-Plng-&-Monit.	191	1	300.0	true
033-Flight-Plng-&-Monit.	192	1	300.0	true
033-Flight-Plng-&-Monit.	193	1	300.0	true
033-Flight-Plng-&-Monit.	194	1	300.0	true
033-Flight-Plng-&-Monit.	195	1	2179.3	true
033-Flight-Plng-&-Monit.	196	1	835.1	true
033-Flight-Plng-&-Monit.	197	1	1230.2	false
033-Flight-Plng-&-Monit.	198	1	835.1	true
033-Flight-Plng-&-Monit.	199	1	300.0	true
033-Flight-Plng-&-Monit.	200	1	300.0	true
033-Flight-Plng-&-Monit.	201	1	566.9	true
033-Flight-Plng-&-Monit.	202	1	835.1	true
033-Flight-Plng-&-Monit.	203	1	566.9	true
033-Flight-Plng-&-Monit.	204	1	300.0	true
033-Flight-Plng-&-Monit.	205	1	300.0	true
033-Flight-Plng-&-Monit.	206	1	566.9	true
033-Flight-Plng-&-Monit.	207	1	300.0	true
033-Flight-Plng-&-Monit.	208	1	300.0	true
033-Flight-Plng-&-Monit.	209	1	300.0	true
033-Flight-Plng-&-Monit.	210	1	300.0	true
033-Flight-Plng-&-Monit.	211	1	566.9	true
033-Flight-Plng-&-Monit.	212	1	566.9	true
033-Flight-Plng-&-Monit.	213	1	566.9	true
033-Flight-Plng-&-Monit.	214	1	1214.9	false
033-Flight-Plng-&-Monit.	215	1	1305.1	false
033-Flight-Plng-&-Monit.	216	1	835.1	true
033-Flight-Plng-&-Monit.	217	1	835.1	true
033-Flight-Plng-&-Monit.	218	1	300.0	true
033-Flight-Plng-&-Monit.	219	1	566.9	true
033-Flight-Plng-&-Monit.	220	1	300.0	true
033-Flight-Plng-&-Monit.	221	1	566.9	true
033-Flight-Plng-&-Monit.	222	1	835.1	true
033-Flight-Plng-&-Monit.	223	1	835.1	true
033-Flight-Plng-&-Monit.	224	1	835.1	true
033-Flight-Plng-&-Monit.	225	1	835.1	true
033-Flight-Plng-&-Monit.	226	1	300.0	true
033-Flight-Plng-&-Monit.	227	1	1103.8	true
033-Flight-Plng-&-Monit.	228	1	300.0	true
033-Flight-Plng-&-Monit.	229	1	300.0	true
033-Flight-Plng-&-Monit.	230	1	1103.8	true
033-Flight-Plng-&-Monit.	231	1	835.1	true
033-Flight-Plng-&-Monit.	232	1	1373.0	true
033-Flight-Plng-&-Monit.	233	1	566.9	true
033-Flight-Plng-&-Monit.	234	1048341	300.0	true
033-Flight-Plng-&-Monit.	1048575	1	300.0	true
034-Performance-(H)	0	1	2115.2	false
034-Performance-(H)	1	1	300.0	true
034-Performance-(H)	2	1	300.0	true
034-Performance-(H)	3	1	300.0	true
034-Performance-(H)	4	1	300.0	true
034-Performance-(H)	5	1	566.9	true
034-Performance-(H)	6	1	566.9	true
034-Performance-(H)	7	1	300.0	true
034-Performance-(H)	8	1	566.9	true
034-Performance-(H)	9	1	300.0	true
034-Performance-(H)	10	1	1103.8	true
034-Performance-(H)	11	1	1103.8	true
034-Performance-(H)	12	1	566.9	true
034-Performance-(H)	13	1	300.0	true
034-Performance-(H)	14	1	300.0	true
034-Performance-(H)	15	1	566.9	true
034-Performance-(H)	16	1	300.0	true
034-Performance-(H)	17	1	300.0	true
034-Performance-(H)	18	1	2179.3	true
034-Performance-(H)	19	1	2179.3	true
034-Performance-(H)	20	1	566.9	true
034-Performance-(H)	21	1	300.0	true
034-Performance-(H)	22	1	300.0	true
034-Performance-(H)	23	1	566.9	true
034-Performance-(H)	24	1	566.9	true
034-Performance-(H)	25	1	300.0	true
034-Performance-(H)	26	1	300.0	true
034-Performance-(H)	27	1	566.9	true
034-Performance-(H)	28	1	300.0	true
034-Performance-(H)	29	1	566.9	true
034-Performance-(H)	30	1	300.0	true
034-Performance-(H)	31	1	300.0	true
034-Performance-(H)	32	1	300.0	true
034-Performance-(H)	33	1	835.1	true
034-Performance-(H)	34	1	300.0	true
034-Performance-(H)	35	1	300.0	true
034-Performance-(H)	36	1	300.0	true
034-Performance-(H)	37	1	566.9	true
034-Performance-(H)	38	1	2716.1	true
034-Performance-(H)	39	1	566.9	true
034-Performance-(H)	40	1	300.0	true
034-Performance-(H)	41	1	300.0	true
034-Performance-(H)	42	1	300.0	true
034-Performance-(H)	43	1	300.0	true
034-Performance-(H)	44	1	300.0	true
034-Performance-(H)	45	1	566.9	true
034-Performance-(H)	46	1	300.0	true
034-Performance-(H)	47	1	300.0	true
034-Performance-(H)	48	1	835.1	true
034-Performance-(H)	49	1	300.0	true
034-Performance-(H)	50	1	300.0	true
034-Performance-(H)	51	1	300.0	true
034-Performance-(H)	52	1	300.0	true
034-Performance-(H)	53	1	300.0	true
034-Performance-(H)	54	1	300.0	true
034-Performance-(H)	55	1	300.0	true
034-Performance-(H)	56	1	300.0	true
034-Performance-(H)	57	1	566.9	true
034-Performance-(H)	58	1	300.0	true
034-Performance-(H)	59	1	300.0	true
034-Performance-(H)	60	1	300.0	true
034-Performance-(H)	61	1	300.0	true
034-Performance-(H)	62	1	300.0	true
034-Performance-(H)	63	1	300.0	true
034-Performance-(H)	64	1	300.0	true
034-Performance-(H)	65	1	300.0	true
034-Performance-(H)	66	1	300.0	true
034-Performance-(H)	67	1	566.9	true
034-Performance-(H)	68	1	566.9	true
034-Performance-(H)	69	1	300.0	true
034-Performance-(H)	70	1	300.0	true
034-Performance-(H)	71	1	300.0	true
034-Performance-(H)	72	1	300.0	true
034-Performance-(H)	73	1	300.0	true
034-Performance-(H)	74	1	835.1	true
034-Performance-(H)	75	1	300.0	true
034-Performance-(H)	76	1	300.0	true
034-Performance-(H)	77	1	300.0	true
034-Performance-(H)	78	1	566.9	true
034-Performance-(H)	79	1	300.0	true
034-Performance-(H)	80	1	566.9	true
034-Performance-(H)	81	1	300.0	true
034-Performance-(H)	82	1	300.0	true
034-Performance-(H)	83	1	1373.0	true
034-Performance-(H)	84	1	566.9	true
034-Performance-(H)	85	1	566.9	true
034-Performance-(H)	86	1	566.9	true
034-Performance-(H)	87	1	300.0	true
034-Performance-(H)	88	1	300.0	true
034-Performance-(H)	89	1	300.0	true
034-Performance-(H)	90	1	566.9	true
034-Performance-(H)	91	1	300.0	true
034-Performance-(H)	92	1	300.0	true
034-Performance-(H)	93	1	566.9	true
034-Performance-(H)	94	1	566.9	true
034-Performance-(H)	95	1	566.9	true
034-Performance-(H)	96	1	300.0	true
034-Performance-(H)	97	1	566.9	true
034-Performance-(H)	98	1	300.0	true
034-Performance-(H)	99	1	300.0	true
034-Performance-(H)	100	1	566.9	true
034-Performance-(H)	101	1	300.0	true
034-Performance-(H)	102	1	566.9	true
034-Performance-(H)	103	1	566.9	true
034-Performance-(H)	104	1	300.0	true
034-Performance-(H)	105	1	566.9	true
034-Performance-(H)	106	1	300.0	true
034-Performance-(H)	107	1	1103.8	true
034-Performance-(H)	108	1	300.0	true
034-Performance-(H)	109	1	300.0	true
034-Performance-(H)	110	1	300.0	true
034-Performance-(H)	111	1	300.0	true
034-Performance-(H)	112	1	300.0	true
034-Performance-(H)	113	1	300.0	true
034-Performance-(H)	114	1	300.0	true
034-Performance-(H)	115	1	300.0	true
034-Performance-(H)	116	1	566.9	true
034-Performance-(H)	117	1	300.0	true
034-Performance-(H)	118	1	300.0	true
034-Performance-(H)	119	1	300.0	true
034-Performance-(H)	120	1	300.0	true
034-Performance-(H)	121	1	300.0	true
034-Performance-(H)	122	1	300.0	true
034-Performance-(H)	123	1	300.0	true
034-Performance-(H)	124	1	300.0	true
034-Performance-(H)	125	1	300.0	true
034-Performance-(H)	126	1	566.9	true
034-Performance-(H)	127	1	300.0	true
034-Performance-(H)	128	1	566.9	true
034-Performance-(H)	129	1	300.0	true
034-Performance-(H)	130	1	300.0	true
034-Performance-(H)	131	1	300.0	true
034-Performance-(H)	132	1	300.0	true
034-Performance-(H)	133	1	566.9	true
034-Performance-(H)	134	1	300.0	true
034-Performance-(H)	135	1	566.9	true
034-Performance-(H)	136	1	566.9	true
034-Performance-(H)	137	1	566.9	true
034-Performance-(H)	138	1	300.0	true
034-Performance-(H)	139	1	300.0	true
034-Performance-(H)	140	1	300.0	true
034-Performance-(H)	141	1	566.9	true
034-Performance-(H)	142	1	300.0	true
034-Performance-(H)	143	1	300.0	true
034-Performance-(H)	144	1	300.0	true
034-Performance-(H)	145	1	300.0	true
034-Performance-(H)	146	1	566.9	true
034-Performance-(H)	147	1	566.9	true
034-Performance-(H)	148	1	566.9	true
034-Performance-(H)	149	1	300.0	true
034-Performance-(H)	150	1	1103.8	true
034-Performance-(H)	151	1048424	300.0	true
034-Performance-(H)	1048575	1	300.0	true
040 Human Performance	0	1	2129.9	false
040 Human Performance	1	1	300.0	true
040 Human Performance	2	1	300.0	true
040 Human Performance	3	1	300.0	true
040 Human Performance	4	1	300.0	true
040 Human Performance	5	1	1641.3	true
040 Human Performance	6	1	566.9	true
040 Human Performance	7	1	300.0	true
040 Human Performance	8	1	566.9	true
040 Human Performance	9	1	566.9	true
040 Human Performance	10	1	300.0	true
040 Human Performance	11	1	566.9	true
040 Human Performance	12	1	300.0	true
040 Human Performance	13	1	300.0	true
040 Human Performance	14	1	566.9	true
040 Human Performance	15	1	300.0	true
040 Human Performance	16	1	300.0	true
040 Human Performance	17	1	300.0	true
040 Human Performance	18	1	566.9	true
040 Human Performance	19	1	566.9	true
040 Human Performance	20	1	566.9	true
040 Human Performance	21	1	300.0	true
040 Human Performance	22	1	300.0	true
040 Human Performance	23	1	300.0	true
040 Human Performance	24	1	566.9	true
040 Human Performance	25	1	566.9	true
040 Human Performance	26	1	566.9	true
040 Human Performance	27	1	300.0	true
040 Human Performance	28	1	300.0	true
040 Human Performance	29	1	300.0	true
040 Human Performance	30	1	300.0	true
040 Human Performance	31	1	300.0	true
040 Human Performance	32	1	300.0	true
040 Human Performance	33	1	300.0	true
040 Human Performance	34	1	300.0	true
040 Human Performance	35	1	835.1	true
040 Human Performance	36	1	1373.0	true
040 Human Performance	37	1	300.0	true
040 Human Performance	38	1	300.0	true
040 Human Performance	39	1	300.0	true
040 Human Performance	40	1	566.9	true
040 Human Performance	41	1	566.9	true
040 Human Performance	42	1	566.9	true
040 Human Performance	43	1	566.9	true
040 Human Performance	44	1	566.9	true
040 Human Performance	45	1	566.9	true
040 Human Performance	46	1	566.9	true
040 Human Performance	47	1	566.9	true
040 Human Performance	48	1	566.9	true
040 Human Performance	49	1	300.0	true
040 Human Performance	50	1	300.0	true
040 Human Performance	51	1	300.0	true
040 Human Performance	52	1	566.9	true
040 Human Performance	53	1	566.9	true
040 Human Performance	54	1	835.1	true
040 Human Performance	55	1	566.9	true
040 Human Performance	56	1	566.9	true
040 Human Performance	57	1	300.0	true
040 Human Performance	58	1	566.9	true
040 Human Performance	59	1	566.9	true
040 Human Performance	60	1	566.9	true
040 Human Performance	61	1	566.9	true
040 Human Performance	62	1	300.0	true
040 Human Performance	63	1	300.0	true
040 Human Performance	64	1	300.0	true
040 Human Performance	65	1	566.9	true
040 Human Performance	66	1	300.0	true
040 Human Performance	67	1	300.0	true
040 Human Performance	68	1	300.0	true
040 Human Performance	69	1	566.9	true
040 Human Performance	70	1	300.0	true
040 Human Performance	71	1	300.0	true
040 Human Performance	72	1	566.9	true
040 Human Performance	73	1	566.9	true
040 Human Performance	74	1	300.0	true
040 Human Performance	75	1	566.9	true
040 Human Performance	76	1	566.9	true
040 Human Performance	77	1	300.0	true
040 Human Performance	78	1	300.0	true
040 Human Performance	79	1	300.0	true
040 Human Performance	80	1	566.9	true
040 Human Performance	81	1	300.0	true
040 Human Performance	82	1	566.9	true
040 Human Performance	83	1	300.0	true
040 Human Performance	84	1	300.0	true
040 Human Performance	85	1	566.9	true
040 Human Performance	86	1	835.1	true
040 Human Performance	87	1	566.9	true
040 Human Performance	88	1	566.9	true
040 Human Performance	89	1	1103.8	true
040 Human Performance	90	1	566.9	true
040 Human Performance	91	1	300.0	true
040 Human Performance	92	1	300.0	true
040 Human Performance	93	1	835.1	true
040 Human Performance	94	1	300.0	true
040 Human Performance	95	1	300.0	true
040 Human Performance	96	1	300.0	true
040 Human Performance	97	1	300.0	true
040 Human Performance	98	1	566.9	true
040 Human Performance	99	1	300.0	true
040 Human Performance	100	1	300.0	true
040 Human Performance	101	1	835.1	true
040 Human Performance	102	1	300.0	true
040 Human Performance	103	1	835.1	true
040 Human Performance	104	1	1103.8	true
040 Human Performance	105	1	300.0	true
040 Human Performance	106	1	300.0	true
040 Human Performance	107	1	566.9	true
040 Human Performance	108	1	300.0	true
040 Human Performance	109	1	566.9	true
040 Human Performance	110	1	300.0	true
040 Human Performance	111	1	835.1	true
040 Human Performance	112	1	566.9	true
040 Human Performance	113	1	300.0	true
040 Human Performance	114	1	300.0	true
040 Human Performance	115	1	566.9	true
040 Human Performance	116	1	566.9	true
040 Human Performance	117	1	566.9	true
040 Human Performance	118	1	566.9	true
040 Human Performance	119	1	300.0	true
040 Human Performance	120	1	300.0	true
040 Human Performance	121	1	566.9	true
040 Human Performance	122	1	300.0	true
040 Human Performance	123	1	566.9	true
040 Human Performance	124	1	300.0	true
040 Human Performance	125	1	835.1	true
040 Human Performance	126	1	300.0	true
040 Human Performance	127	1	300.0	true
040 Human Performance	128	1	300.0	true
040 Human Performance	129	1	300.0	true
040 Human Performance	130	1	300.0	true
040 Human Performance	131	1	566.9	true
040 Human Performance	132	1	566.9	true
040 Human Performance	133	1	300.0	true
040 Human Performance	134	1	300.0	true
040 Human Performance	135	1	566.9	true
040 Human Performance	136	1	300.0	true
040 Human Performance	137	1	835.1	true
040 Human Performance	138	1	566.9	true
040 Human Performance	139	1	300.0	true
040 Human Performance	140	1	300.0	true
040 Human Performance	141	1	300.0	true
040 Human Performance	142	1	300.0	true
040 Human Performance	143	1	300.0	true
040 Human Performance	144	1	300.0	true
040 Human Performance	145	1	835.1	true
040 Human Performance	146	1	566.9	true
040 Human Performance	147	1	566.9	true
040 Human Performance	148	1	300.0	true
040 Human Performance	149	1	300.0	true
040 Human Performance	150	1	300.0	true
040 Human Performance	151	1	300.0	true
040 Human Performance	152	1	300.0	true
040 Human Performance	153	1	566.9	true
040 Human Performance	154	1	300.0	true
040 Human Performance	155	1	300.0	true
040 Human Performance	156	1	566.9	true
040 Human Performance	157	1	300.0	true
040 Human Performance	158	1	300.0	true
040 Human Performance	159	1	300.0	true
040 Human Performance	160	1	566.9	true
040 Human Performance	161	1	300.0	true
040 Human Performance	162	1	566.9	true
040 Human Performance	163	1	566.9	true
040 Human Performance	164	1	835.1	true
040 Human Performance	165	1	566.9	true
040 Human Performance	166	1	566.9	true
040 Human Performance	167	1	566.9	true
040 Human Performance	168	1	566.9	true
040 Human Performance	169	1	835.1	true
040 Human Performance	170	1	300.0	true
040 Human Performance	171	1	300.0	true
040 Human Performance	172	1	566.9	true
040 Human Performance	173	1	300.0	true
040 Human Performance	174	1	566.9	true
040 Human Performance	175	1	300.0	true
040 Human Performance	176	1	300.0	true
040 Human Performance	177	1	566.9	true
040 Human Performance	178	1	566.9	true
040 Human Performance	179	1	566.9	true
040 Human Performance	180	1	300.0	true
040 Human Performance	181	1	566.9	true
040 Human Performance	182	1	835.1	true
040 Human Performance	183	1	300.0	true
040 Human Performance	184	1	300.0	true
040 Human Performance	185	1	300.0	true
040 Human Performance	186	1	300.0	true
040 Human Performance	187	1	566.9	true
040 Human Performance	188	1	566.9	true
040 Human Performance	189	1	566.9	true
040 Human Performance	190	1	566.9	true
040 Human Performance	191	1	566.9	true
040 Human Performance	192	1	300.0	true
040 Human Performance	193	1	566.9	true
040 Human Performance	194	1	300.0	true
040 Human Performance	195	1	300.0	true
040 Human Performance	196	1	300.0	true
040 Human Performance	197	1	300.0	true
040 Human Performance	198	1	300.0	true
040 Human Performance	199	1	566.9	true
040 Human Performance	200	1	300.0	true
040 Human Performance	201	1	300.0	true
040 Human Performance	202	1	300.0	true
040 Human Performance	203	1	566.9	true
040 Human Performance	204	1	566.9	true
040 Human Performance	205	1	300.0	true
040 Human Performance	206	1	300.0	true
040 Human Performance	207	1	300.0	true
040 Human Performance	208	1	566.9	true
040 Human Performance	209	1	300.0	true
040 Human Performance	210	1	566.9	true
040 Human Performance	211	1	300.0	true
040 Human Performance	212	1	566.9	true
040 Human Performance	213	1	300.0	true
040 Human Performance	214	1	1103.8	true
040 Human Performance	215	1	835.1	true
040 Human Performance	216	1	566.9	true
040 Human Performance	217	1	1103.8	true
040 Human Performance	218	1	1103.8	true
040 Human Performance	219	1	566.9	true
040 Human Performance	220	1	566.9	true
040 Human Performance	221	1	566.9	true
040 Human Performance	222	1	566.9	true
040 Human Performance	223	1	566.9	true
040 Human Performance	224	1	835.1	true
040 Human Performance	225	1	300.0	true
040 Human Performance	226	1	566.9	true
040 Human Performance	227	1	566.9	true
040 Human Performance	228	1	300.0	true
040 Human Performance	229	1	300.0	true
040 Human Performance	230	1	300.0	true
040 Human Performance	231	1	566.9	true
040 Human Performance	232	1	300.0	true
040 Human Performance	233	1	566.9	true
040 Human Performance	234	1	300.0	true
040 Human Performance	235	1	300.0	true
040 Human Performance	236	1	566.9	true
040 Human Performance	237	1	835.1	true
040 Human Performance	238	1	300.0	true
040 Human Performance	239	1	300.0	true
040 Human Performance	240	1	566.9	true
040 Human Performance	241	1	300.0	true
040 Human Performance	242	1	300.0	true
040 Human Performance	243	1	566.9	true
040 Human Performance	244	1	566.9	true
040 Human Performance	245	1	300.0	true
040 Human Performance	246	1	566.9	true
040 Human Performance	247	1	300.0	true
040 Human Performance	248	1	300.0	true
040 Human Performance	249	1	300.0	true
040 Human Performance	250	1	300.0	true
040 Human Performance	251	1	566.9	true
040 Human Performance	252	1	566.9	true
040 Human Performance	253	1	566.9	true
040 Human Performance	254	1	566.9	true
040 Human Performance	255	1	566.9	true
040 Human Performance	256	1	566.9	true
040 Human Performance	257	1	300.0	true
040 Human Performance	258	1	300.0	true
040 Human Performance	259	1	566.9	true
040 Human Performance	260	1	300.0	true
040 Human Performance	261	1	300.0	true
040 Human Performance	262	1	300.0	true
040 Human Performance	263	1	566.9	true
040 Human Performance	264	1	300.0	true
040 Human Performance	265	1	300.0	true
040 Human Performance	266	1	300.0	true
040 Human Performance	267	1	300.0	true
040 Human Performance	268	1	1373.0	true
040 Human Performance	269	1	300.0	true
040 Human Performance	270	1	1103.8	true
040 Human Performance	271	1	1103.8	true
040 Human Performance	272	1	1103.8	true
040 Human Performance	273	1	300.0	true
040 Human Performance	274	1	300.0	true
040 Human Performance	275	1	566.9	true
040 Human Performance	276	1	300.0	true
040 Human Performance	277	1	300.0	true
040 Human Performance	278	1	300.0	true
040 Human Performance	279	1	300.0	true
040 Human Performance	280	1	300.0	true
040 Human Performance	281	1	300.0	true
040 Human Performance	282	1	300.0	true
040 Human Performance	283	1	1373.0	true
040 Human Performance	284	1	566.9	true
040 Human Performance	285	1	300.0	true
040 Human Performance	286	1	566.9	true
040 Human Performance	287	1	566.9	true
040 Human Performance	288	1	566.9	true
040 Human Performance	289	1	300.0	true
040 Human Performance	290	1	300.0	true
040 Human Performance	291	1	835.1	true
040 Human Performance	292	1	300.0	true
040 Human Performance	293	1	300.0	true
040 Human Performance	294	1	300.0	true
040 Human Performance	295	1	300.0	true
040 Human Performance	296	1	566.9	true
040 Human Performance	297	1	835.1	true
040 Human Performance	298	1	300.0	true
040 Human Performance	299	1	300.0	true
040 Human Performance	300	1	566.9	true
040 Human Performance	301	1	566.9	true
040 Human Performance	302	1	835.1	true
040 Human Performance	303	1	566.9	true
040 Human Performance	304	1	566.9	true
040 Human Performance	305	1	300.0	true
040 Human Performance	306	1	300.0	true
040 Human Performance	307	1	835.1	true
040 Human Performance	308	1	566.9	true
040 Human Performance	309	1	566.9	true
040 Human Performance	310	1	300.0	true
040 Human Performance	311	1	566.9	true
040 Human Performance	312	1	566.9	true
040 Human Performance	313	1	566.9	true
040 Human Performance	314	1	300.0	true
040 Human Performance	315	1	300.0	true
040 Human Performance	316	1	300.0	true
040 Human Performance	317	1	566.9	true
040 Human Performance	318	1	300.0	true
040 Human Performance	319	1	300.0	true
040 Human Performance	320	1	300.0	true
040 Human Performance	321	1	300.0	true
040 Human Performance	322	1	300.0	true
040 Human Performance	323	1	300.0	true
040 Human Performance	324	1	300.0	true
040 Human Performance	325	1	300.0	true
040 Human Performance	326	1	300.0	true
040 Human Performance	327	1	300.0	true
040 Human Performance	328	1	300.0	true
040 Human Performance	329	1	300.0	true
040 Human Performance	330	1	300.0	true
040 Human Performance	331	1	300.0	true
040 Human Performance	332	1	566.9	true
040 Human Performance	333	1	300.0	true
040 Human Performance	334	1	300.0	true
040 Human Performance	335	1	300.0	true
040 Human Performance	336	1	566.9	true
040 Human Performance	337	1	300.0	true
040 Human Performance	338	1	566.9	true
040 Human Performance	339	1	566.9	true
040 Human Performance	340	1	566.9	true
040 Human Performance	341	1	566.9	true
040 Human Performance	342	1	300.0	true
040 Human Performance	343	1	566.9	true
040 Human Performance	344	1	566.9	true
040 Human Performance	345	1	566.9	true
040 Human Performance	346	1	300.0	true
040 Human Performance	347	1	300.0	true
040 Human Performance	348	1	566.9	true
040 Human Performance	349	1	300.0	true
040 Human Performance	350	1	300.0	true
040 Human Performance	351	1	835.1	true
040 Human Performance	352	1	566.9	true
040 Human Performance	353	1	1103.8	true
040 Human Performance	354	1	566.9	true
040 Human Performance	355	1	835.1	true
040 Human Performance	356	1	300.0	true
040 Human Performance	357	1	300.0	true
040 Human Performance	358	1	566.9	true
040 Human Performance	359	1	566.9	true
040 Human Performance	360	1	835.1	true
040 Human Performance	361	1	300.0	true
040 Human Performance	362	1	300.0	true
040 Human Performance	363	1	566.9	true
040 Human Performance	364	1	300.0	true
040 Human Performance	365	1	300.0	true
040 Human Performance	366	1	566.9	true
040 Human Performance	367	1	300.0	true
040 Human Performance	368	1	300.0	true
040 Human Performance	369	1	300.0	true
040 Human Performance	370	1	300.0	true
040 Human Performance	371	1	300.0	true
040 Human Performance	372	1	566.9	true
040 Human Performance	373	1	835.1	true
040 Human Performance	374	1	566.9	true
040 Human Performance	375	1	300.0	true
040 Human Performance	376	1	566.9	true
040 Human Performance	377	1	300.0	true
040 Human Performance	378	1	300.0	true
040 Human Performance	379	1	300.0	true
040 Human Performance	380	1	300.0	true
040 Human Performance	381	1	566.9	true
040 Human Performance	382	1	300.0	true
040 Human Performance	383	1	300.0	true
040 Human Performance	384	1	300.0	true
040 Human Performance	385	1	300.0	true
040 Human Performance	386	1	300.0	true
040 Human Performance	387	1	566.9	true
040 Human Performance	388	1	566.9	true
040 Human Performance	389	1	835.1	true
040 Human Performance	390	1	566.9	true
040 Human Performance	391	1	300.0	true
040 Human Performance	392	1	300.0	true
040 Human Performance	393	1	300.0	true
040 Human Performance	394	1	300.0	true
040 Human Performance	395	1	300.0	true
040 Human Performance	396	1	300.0	true
040 Human Performance	397	1	566.9	true
040 Human Performance	398	1	300.0	true
040 Human Performance	399	1	566.9	true
040 Human Performance	400	1	566.9	true
040 Human Performance	401	1	300.0	true
040 Human Performance	402	1	566.9	true
040 Human Performance	403	1	835.1	true
040 Human Performance	404	1	566.9	true
040 Human Performance	405	1	1103.8	true
040 Human Performance	406	1	300.0	true
040 Human Performance	407	1	300.0	true
040 Human Performance	408	1	835.1	true
040 Human Performance	409	1	566.9	true
040 Human Performance	410	1	300.0	true
040 Human Performance	411	1	300.0	true
040 Human Performance	412	1	300.0	true
040 Human Performance	413	1	566.9	true
040 Human Performance	414	1	300.0	true
040 Human Performance	415	1	300.0	true
040 Human Performance	416	1	300.0	true
040 Human Performance	417	1	300.0	true
040 Human Performance	418	1	566.9	true
040 Human Performance	419	1	835.1	true
040 Human Performance	420	1	300.0	true
040 Human Performance	421	1	300.0	true
040 Human Performance	422	1	300.0	true
040 Human Performance	423	1	300.0	true
040 Human Performance	424	1	300.0	true
040 Human Performance	425	1	300.0	true
040 Human Performance	426	1	300.0	true
040 Human Performance	427	1	300.0	true
040 Human Performance	428	1	300.0	true
040 Human Performance	429	1	300.0	true
040 Human Performance	430	1	300.0	true
040 Human Performance	431	1	566.9	true
040 Human Performance	432	1	300.0	true
040 Human Performance	433	1	566.9	true
040 Human Performance	434	1	300.0	true
040 Human Performance	435	1	566.9	true
040 Human Performance	436	1	300.0	true
040 Human Performance	437	1	300.0	true
040 Human Performance	438	1	300.0	true
040 Human Performance	439	1	300.0	true
040 Human Performance	440	1	300.0	true
040 Human Performance	441	1	566.9	true
040 Human Performance	442	1	300.0	true
040 Human Performance	443	1	300.0	true
040 Human Performance	444	1	835.1	true
040 Human Performance	445	1	300.0	true
040 Human Performance	446	1	300.0	true
040 Human Performance	447	1	566.9	true
040 Human Performance	448	1	566.9	true
040 Human Performance	449	1	300.0	true
040 Human Performance	450	1	300.0	true
040 Human Performance	451	1	300.0	true
040 Human Performance	452	1	300.0	true
040 Human Performance	453	1	300.0	true
040 Human Performance	454	1	835.1	true
040 Human Performance	455	1	835.1	true
040 Human Performance	456	1	300.0	true
040 Human Performance	457	1	300.0	true
040 Human Performance	458	1	300.0	true
040 Human Performance	459	1	300.0	true
040 Human Performance	460	1	300.0	true
040 Human Performance	461	1	300.0	true
040 Human Performance	462	1	835.1	true
040 Human Performance	463	1	566.9	true
040 Human Performance	464	1	300.0	true
040 Human Performance	465	1	835.1	true
040 Human Performance	466	1	300.0	true
040 Human Performance	467	1	566.9	true
040 Human Performance	468	1	566.9	true
040 Human Performance	469	1	300.0	true
040 Human Performance	470	1	300.0	true
040 Human Performance	471	1	300.0	true
040 Human Performance	472	1	566.9	true
040 Human Performance	473	1	566.9	true
040 Human Performance	474	1	566.9	true
040 Human Performance	475	1	300.0	true
040 Human Performance	476	1	300.0	true
040 Human Performance	477	1	300.0	true
040 Human Performance	478	1	300.0	true
040 Human Performance	479	1	566.9	true
040 Human Performance	480	1	300.0	true
040 Human Performance	481	1	300.0	true
040 Human Performance	482	1	300.0	true
040 Human Performance	483	1	566.9	true
040 Human Performance	484	1	566.9	true
040 Human Performance	485	1	566.9	true
040 Human Performance	486	1	300.0	true
040 Human Performance	487	1	300.0	true
040 Human Performance	488	1	300.0	true
040 Human Performance	489	1	566.9	true
040 Human Performance	490	1	566.9	true
040 Human Performance	491	1	300.0	true
040 Human Performance	492	1	566.9	true
040 Human Performance	493	1	566.9	true
040 Human Performance	494	1	300.0	true
040 Human Performance	495	1	300.0	true
040 Human Performance	496	1	300.0	true
040 Human Performance	497	1	300.0	true
040 Human Performance	498	1	300.0	true
040 Human Performance	499	1	300.0	true
040 Human Performance	500	1	300.0	true
040 Human Performance	501	1	300.0	true
040 Human Performance	502	1	835.1	true
040 Human Performance	503	1	566.9	true
040 Human Performance	504	1	566.9	true
040 Human Performance	505	1	300.0	true
040 Human Performance	506	1	566.9	true
040 Human Performance	507	1	566.9	true
040 Human Performance	508	1	566.9	true
040 Human Performance	509	1	300.0	true
040 Human Performance	510	1	300.0	true
040 Human Performance	511	1	300.0	true
040 Human Performance	512	1	300.0	true
040 Human Performance	513	1	566.9	true
040 Human Performance	514	1	300.0	true
040 Human Performance	515	1	300.0	true
040 Human Performance	516	1	566.9	true
040 Human Performance	517	1	566.9	true
040 Human Performance	518	1	566.9	true
040 Human Performance	519	1	300.0	true
040 Human Performance	520	1	300.0	true
040 Human Performance	521	1	1373.0	true
040 Human Performance	522	1	300.0	true
040 Human Performance	523	1	300.0	true
040 Human Performance	524	1	835.1	true
040 Human Performance	525	1	835.1	true
040 Human Performance	526	1	835.1	true
040 Human Performance	527	1	1103.8	true
040 Human Performance	528	1	1103.8	true
040 Human Performance	529	1	300.0	true
040 Human Performance	530	1	566.9	true
040 Human Performance	531	1	835.1	true
040 Human Performance	532	1	566.9	true
040 Human Performance	533	1	300.0	true
040 Human Performance	534	1	300.0	true
040 Human Performance	535	1	1103.8	true
040 Human Performance	536	1	1103.8	true
040 Human Performance	537	1	1103.8	true
040 Human Performance	538	1048037	300.0	true
040 Human Performance	1048575	1	300.0	true
050 Meteorology	0	1	2234.9	false
050 Meteorology	1	1	300.0	true
050 Meteorology	2	1	300.0	true
050 Meteorology	3	1	300.0	true
050 Meteorology	4	1	300.0	true
050 Meteorology	5	1	566.9	true
050 Meteorology	6	1	566.9	true
050 Meteorology	7	1	300.0	true
050 Meteorology	8	1	300.0	true
050 Meteorology	9	1	300.0	true
050 Meteorology	10	1	566.9	true
050 Meteorology	11	1	566.9	true
050 Meteorology	12	1	566.9	true
050 Meteorology	13	1	566.9	true
050 Meteorology	14	1	300.0	true
050 Meteorology	15	1	300.0	true
050 Meteorology	16	1	566.9	true
050 Meteorology	17	1	300.0	true
050 Meteorology	18	1	566.9	true
050 Meteorology	19	1	300.0	true
050 Meteorology	20	1	300.0	true
050 Meteorology	21	1	300.0	true
050 Meteorology	22	1	835.1	true
050 Meteorology	23	1	300.0	true
050 Meteorology	24	1	300.0	true
050 Meteorology	25	1	566.9	true
050 Meteorology	26	1	566.9	true
050 Meteorology	27	1	300.0	true
050 Meteorology	28	1	566.9	true
050 Meteorology	29	1	300.0	true
050 Meteorology	30	1	300.0	true
050 Meteorology	31	1	300.0	true
050 Meteorology	32	1	300.0	true
050 Meteorology	33	1	566.9	true
050 Meteorology	34	1	566.9	true
050 Meteorology	35	1	300.0	true
050 Meteorology	36	1	300.0	true
050 Meteorology	37	1	566.9	true
050 Meteorology	38	1	300.0	true
050 Meteorology	39	1	300.0	true
050 Meteorology	40	1	300.0	true
050 Meteorology	41	1	300.0	true
050 Meteorology	42	1	300.0	true
050 Meteorology	43	1	300.0	true
050 Meteorology	44	1	300.0	true
050 Meteorology	45	1	835.1	true
050 Meteorology	46	1	300.0	true
050 Meteorology	47	1	300.0	true
050 Meteorology	48	1	566.9	true
050 Meteorology	49	1	1103.8	true
050 Meteorology	50	1	566.9	true
050 Meteorology	51	1	566.9	true
050 Meteorology	52	1	566.9	true
050 Meteorology	53	1	300.0	true
050 Meteorology	54	1	566.9	true
050 Meteorology	55	1	566.9	true
050 Meteorology	56	1	566.9	true
050 Meteorology	57	1	566.9	true
050 Meteorology	58	1	566.9	true
050 Meteorology	59	1	300.0	true
050 Meteorology	60	1	300.0	true
050 Meteorology	61	1	300.0	true
050 Meteorology	62	1	835.1	true
050 Meteorology	63	1	566.9	true
050 Meteorology	64	1	300.0	true
050 Meteorology	65	1	300.0	true
050 Meteorology	66	1	300.0	true
050 Meteorology	67	1	300.0	true
050 Meteorology	68	1	1103.8	true
050 Meteorology	69	1	566.9	true
050 Meteorology	70	1	835.1	true
050 Meteorology	71	1	300.0	true
050 Meteorology	72	1	300.0	true
050 Meteorology	73	1	300.0	true
050 Meteorology	74	1	300.0	true
050 Meteorology	75	1	566.9	true
050 Meteorology	76	1	835.1	true
050 Meteorology	77	1	300.0	true
050 Meteorology	78	1	300.0	true
050 Meteorology	79	1	300.0	true
050 Meteorology	80	1	300.0	true
050 Meteorology	81	1	300.0	true
050 Meteorology	82	1	300.0	true
050 Meteorology	83	1	300.0	true
050 Meteorology	84	1	300.0	true
050 Meteorology	85	1	835.1	true
050 Meteorology	86	1	300.0	true
050 Meteorology	87	1	566.9	true
050 Meteorology	88	1	300.0	true
050 Meteorology	89	1	300.0	true
050 Meteorology	90	1	1103.8	true
050 Meteorology	91	1	566.9	true
050 Meteorology	92	1	300.0	true
050 Meteorology	93	1	566.9	true
050 Meteorology	94	1	300.0	true
050 Meteorology	95	1	300.0	true
050 Meteorology	96	1	566.9	true
050 Meteorology	97	1	835.1	true
050 Meteorology	98	1	566.9	true
050 Meteorology	99	1	835.1	true
050 Meteorology	100	1	300.0	true
050 Meteorology	101	1	566.9	true
050 Meteorology	102	1	566.9	true
050 Meteorology	103	1	5134.2	true
050 Meteorology	104	1	300.0	true
050 Meteorology	105	1	566.9	true
050 Meteorology	106	1	300.0	true
050 Meteorology	107	1	300.0	true
050 Meteorology	108	1	300.0	true
050 Meteorology	109	1	300.0	true
050 Meteorology	110	1	566.9	true
050 Meteorology	111	1	300.0	true
050 Meteorology	112	1	1373.0	true
050 Meteorology	113	1	300.0	true
050 Meteorology	114	1	300.0	true
050 Meteorology	115	1	300.0	true
050 Meteorology	116	1	566.9	true
050 Meteorology	117	1	300.0	true
050 Meteorology	118	1	300.0	true
050 Meteorology	119	1	566.9	true
050 Meteorology	120	1	300.0	true
050 Meteorology	121	1	835.1	true
050 Meteorology	122	1	300.0	true
050 Meteorology	123	1	835.1	true
050 Meteorology	124	1	566.9	true
050 Meteorology	125	1	566.9	true
050 Meteorology	126	1	1910.0	true
050 Meteorology	127	1	300.0	true
050 Meteorology	128	1	300.0	true
050 Meteorology	129	1	1103.8	true
050 Meteorology	130	1	300.0	true
050 Meteorology	131	1	300.0	true
050 Meteorology	132	1	566.9	true
050 Meteorology	133	1	835.1	true
050 Meteorology	134	1	566.9	true
050 Meteorology	135	1	300.0	true
050 Meteorology	136	1	566.9	true
050 Meteorology	137	1	300.0	true
050 Meteorology	138	1	300.0	true
050 Meteorology	139	1	566.9	true
050 Meteorology	140	1	300.0	true
050 Meteorology	141	1	300.0	true
050 Meteorology	142	1	300.0	true
050 Meteorology	143	1	300.0	true
050 Meteorology	144	1	300.0	true
050 Meteorology	145	1	300.0	true
050 Meteorology	146	1	300.0	true
050 Meteorology	147	1	566.9	true
050 Meteorology	148	1	566.9	true
050 Meteorology	149	1	566.9	true
050 Meteorology	150	1	300.0	true
050 Meteorology	151	1	300.0	true
050 Meteorology	152	1	300.0	true
050 Meteorology	153	1	566.9	true
050 Meteorology	154	1	300.0	true
050 Meteorology	155	1	835.1	true
050 Meteorology	156	1	835.1	true
050 Meteorology	157	1	300.0	true
050 Meteorology	158	1	300.0	true
050 Meteorology	159	1	300.0	true
050 Meteorology	160	1	835.1	true
050 Meteorology	161	1	566.9	true
050 Meteorology	162	1	566.9	true
050 Meteorology	163	1	300.0	true
050 Meteorology	164	1	300.0	true
050 Meteorology	165	1	300.0	true
050 Meteorology	166	1	300.0	true
050 Meteorology	167	1	300.0	true
050 Meteorology	168	1	300.0	true
050 Meteorology	169	1	1373.0	true
050 Meteorology	170	1	300.0	true
050 Meteorology	171	1	566.9	true
050 Meteorology	172	1	566.9	true
050 Meteorology	173	1	300.0	true
050 Meteorology	174	1	300.0	true
050 Meteorology	175	1	566.9	true
050 Meteorology	176	1	300.0	true
050 Meteorology	177	1	300.0	true
050 Meteorology	178	1	300.0	true
050 Meteorology	179	1	300.0	true
050 Meteorology	180	1	566.9	true
050 Meteorology	181	1	300.0	true
050 Meteorology	182	1	300.0	true
050 Meteorology	183	1	300.0	true
050 Meteorology	184	1	300.0	true
050 Meteorology	185	1	300.0	true
050 Meteorology	186	1	300.0	true
050 Meteorology	187	1	300.0	true
050 Meteorology	188	1	566.9	true
050 Meteorology	189	1	1641.3	true
050 Meteorology	190	1	300.0	true
050 Meteorology	191	1	300.0	true
050 Meteorology	192	1	300.0	true
050 Meteorology	193	1	300.0	true
050 Meteorology	194	1	566.9	true
050 Meteorology	195	1	300.0	true
050 Meteorology	196	1	566.9	true
050 Meteorology	197	1	300.0	true
050 Meteorology	198	1	566.9	true
050 Meteorology	199	1	300.0	true
050 Meteorology	200	1	566.9	true
050 Meteorology	201	1	566.9	true
050 Meteorology	202	1	300.0	true
050 Meteorology	203	1	300.0	true
050 Meteorology	204	1	300.0	true
050 Meteorology	205	1	300.0	true
050 Meteorology	206	1	300.0	true
050 Meteorology	207	1	300.0	true
050 Meteorology	208	1	300.0	true
050 Meteorology	209	1	566.9	true
050 Meteorology	210	1	300.0	true
050 Meteorology	211	1	300.0	true
050 Meteorology	212	1	300.0	true
050 Meteorology	213	1	566.9	true
050 Meteorology	214	1	566.9	true
050 Meteorology	215	1	300.0	true
050 Meteorology	216	1	300.0	true
050 Meteorology	217	1	300.0	true
050 Meteorology	218	1	300.0	true
050 Meteorology	219	1	566.9	true
050 Meteorology	220	1	566.9	true
050 Meteorology	221	1	566.9	true
050 Meteorology	222	1	566.9	true
050 Meteorology	223	1	566.9	true
050 Meteorology	224	1	566.9	true
050 Meteorology	225	1	566.9	true
050 Meteorology	226	1	566.9	true
050 Meteorology	227	1	566.9	true
050 Meteorology	228	1	566.9	true
050 Meteorology	229	1	566.9	true
050 Meteorology	230	1	566.9	true
050 Meteorology	231	1	566.9	true
050 Meteorology	232	1	835.1	true
050 Meteorology	233	1	835.1	true
050 Meteorology	234	1	835.1	true
050 Meteorology	235	1	566.9	true
050 Meteorology	236	1	300.0	true
050 Meteorology	237	1	1373.0	true
050 Meteorology	238	1	300.0	true
050 Meteorology	239	1	300.0	true
050 Meteorology	240	1	300.0	true
050 Meteorology	241	1	566.9	true
050 Meteorology	242	1	835.1	true
050 Meteorology	243	1	566.9	true
050 Meteorology	244	1	566.9	true
050 Meteorology	245	1	566.9	true
050 Meteorology	246	1	300.0	true
050 Meteorology	247	1	300.0	true
050 Meteorology	248	1	300.0	true
050 Meteorology	249	1	300.0	true
050 Meteorology	250	1	300.0	true
050 Meteorology	251	1	300.0	true
050 Meteorology	252	1	835.1	true
050 Meteorology	253	1	566.9	true
050 Meteorology	254	1	566.9	true
050 Meteorology	255	1	300.0	true
050 Meteorology	256	1	300.0	true
050 Meteorology	257	1	566.9	true
050 Meteorology	258	1	300.0	true
050 Meteorology	259	1	300.0	true
050 Meteorology	260	1	566.9	true
050 Meteorology	261	1	566.9	true
050 Meteorology	262	1	300.0	true
050 Meteorology	263	1	300.0	true
050 Meteorology	264	1	300.0	true
050 Meteorology	265	1	300.0	true
050 Meteorology	266	1	566.9	true
050 Meteorology	267	1	300.0	true
050 Meteorology	268	1	566.9	true
050 Meteorology	269	1	300.0	true
050 Meteorology	270	1	300.0	true
050 Meteorology	271	1	300.0	true
050 Meteorology	272	1	300.0	true
050 Meteorology	273	1	300.0	true
050 Meteorology	274	1	566.9	true
050 Meteorology	275	1	300.0	true
050 Meteorology	276	1	300.0	true
050 Meteorology	277	1	300.0	true
050 Meteorology	278	1	300.0	true
050 Meteorology	279	1	566.9	true
050 Meteorology	280	1	300.0	true
050 Meteorology	281	1	300.0	true
050 Meteorology	282	1	300.0	true
050 Meteorology	283	1	300.0	true
050 Meteorology	284	1	300.0	true
050 Meteorology	285	1	300.0	true
050 Meteorology	286	1	300.0	true
050 Meteorology	287	1	300.0	true
050 Meteorology	288	1	300.0	true
050 Meteorology	289	1	300.0	true
050 Meteorology	290	1	300.0	true
050 Meteorology	291	1	300.0	true
050 Meteorology	292	1	300.0	true
050 Meteorology	293	1	300.0	true
050 Meteorology	294	1	300.0	true
050 Meteorology	295	1	300.0	true
050 Meteorology	296	1	300.0	true
050 Meteorology	297	1	300.0	true
050 Meteorology	298	1	300.0	true
050 Meteorology	299	1	300.0	true
050 Meteorology	300	1	566.9	true
050 Meteorology	301	1	566.9	true
050 Meteorology	302	1	300.0	true
050 Meteorology	303	1	300.0	true
050 Meteorology	304	1	300.0	true
050 Meteorology	305	1	300.0	true
050 Meteorology	306	1	300.0	true
050 Meteorology	307	1	1103.8	true
050 Meteorology	308	1	566.9	true
050 Meteorology	309	1	566.9	true
050 Meteorology	310	1	300.0	true
050 Meteorology	311	1	300.0	true
050 Meteorology	312	1	566.9	true
050 Meteorology	313	1	300.0	true
050 Meteorology	314	1	566.9	true
050 Meteorology	315	1	300.0	true
050 Meteorology	316	1	300.0	true
050 Meteorology	317	1	300.0	true
050 Meteorology	318	1	300.0	true
050 Meteorology	319	1	300.0	true
050 Meteorology	320	1	300.0	true
050 Meteorology	321	1	566.9	true
050 Meteorology	322	1	300.0	true
050 Meteorology	323	1	300.0	true
050 Meteorology	324	1	1373.0	true
050 Meteorology	325	1	300.0	true
050 Meteorology	326	1	566.9	true
050 Meteorology	327	1	300.0	true
050 Meteorology	328	1	300.0	true
050 Meteorology	329	1	566.9	true
050 Meteorology	330	1	566.9	true
050 Meteorology	331	1	300.0	true
050 Meteorology	332	1	300.0	true
050 Meteorology	333	1	300.0	true
050 Meteorology	334	1	300.0	true
050 Meteorology	335	1	300.0	true
050 Meteorology	336	1	566.9	true
050 Meteorology	337	1	300.0	true
050 Meteorology	338	1	300.0	true
050 Meteorology	339	1	566.9	true
050 Meteorology	340	1	300.0	true
050 Meteorology	341	1	300.0	true
050 Meteorology	342	1	566.9	true
050 Meteorology	343	1	300.0	true
050 Meteorology	344	1	300.0	true
050 Meteorology	345	1	566.9	true
050 Meteorology	346	1	300.0	true
050 Meteorology	347	1	300.0	true
050 Meteorology	348	1	566.9	true
050 Meteorology	349	1	300.0	true
050 Meteorology	350	1	300.0	true
050 Meteorology	351	1	566.9	true
050 Meteorology	352	1	300.0	true
050 Meteorology	353	1	566.9	true
050 Meteorology	354	1	300.0	true
050 Meteorology	355	1	566.9	true
050 Meteorology	356	1	300.0	true
050 Meteorology	357	1	300.0	true
050 Meteorology	358	1	300.0	true
050 Meteorology	359	1	300.0	true
050 Meteorology	360	1	300.0	true
050 Meteorology	361	1	566.9	true
050 Meteorology	362	1	566.9	true
050 Meteorology	363	1	300.0	true
050 Meteorology	364	1	566.9	true
050 Meteorology	365	1	566.9	true
050 Meteorology	366	1	300.0	true
050 Meteorology	367	1	300.0	true
050 Meteorology	368	1	566.9	true
050 Meteorology	369	1	300.0	true
050 Meteorology	370	1	566.9	true
050 Meteorology	371	1	566.9	true
050 Meteorology	372	1	566.9	true
050 Meteorology	373	1	566.9	true
050 Meteorology	374	1	566.9	true
050 Meteorology	375	1	300.0	true
050 Meteorology	376	1	835.1	true
050 Meteorology	377	1	300.0	true
050 Meteorology	378	1	300.0	true
050 Meteorology	379	1	300.0	true
050 Meteorology	380	1	566.9	true
050 Meteorology	381	1	300.0	true
050 Meteorology	382	1	300.0	true
050 Meteorology	383	1	300.0	true
050 Meteorology	384	1	566.9	true
050 Meteorology	385	1	300.0	true
050 Meteorology	386	1	566.9	true
050 Meteorology	387	1	566.9	true
050 Meteorology	388	1	300.0	true
050 Meteorology	389	1	300.0	true
050 Meteorology	390	1	566.9	true
050 Meteorology	391	1	566.9	true
050 Meteorology	392	1	300.0	true
050 Meteorology	393	1	300.0	true
050 Meteorology	394	1	300.0	true
050 Meteorology	395	1	566.9	true
050 Meteorology	396	1	566.9	true
050 Meteorology	397	1	566.9	true
050 Meteorology	398	1	300.0	true
050 Meteorology	399	1	300.0	true
050 Meteorology	400	1	566.9	true
050 Meteorology	401	1	566.9	true
050 Meteorology	402	1	835.1	true
050 Meteorology	403	1	566.9	true
050 Meteorology	404	1	300.0	true
050 Meteorology	405	1	835.1	true
050 Meteorology	406	1	300.0	true
050 Meteorology	407	1	566.9	true
050 Meteorology	408	1	566.9	true
050 Meteorology	409	1	300.0	true
050 Meteorology	410	1	300.0	true
050 Meteorology	411	1	300.0	true
050 Meteorology	412	1	566.9	true
050 Meteorology	413	1	300.0	true
050 Meteorology	414	1	300.0	true
050 Meteorology	415	1	835.1	true
050 Meteorology	416	1	566.9	true
050 Meteorology	417	1	835.1	true
050 Meteorology	418	1	300.0	true
050 Meteorology	419	1	300.0	true
050 Meteorology	420	1	566.9	true
050 Meteorology	421	1	566.9	true
050 Meteorology	422	1	300.0	true
050 Meteorology	423	1	835.1	true
050 Meteorology	424	1	566.9	true
050 Meteorology	425	1	300.0	true
050 Meteorology	426	1	566.9	true
050 Meteorology	427	1	566.9	true
050 Meteorology	428	1	300.0	true
050 Meteorology	429	1	566.9	true
050 Meteorology	430	1	300.0	true
050 Meteorology	431	1	566.9	true
050 Meteorology	432	1	566.9	true
050 Meteorology	433	1	300.0	true
050 Meteorology	434	1	300.0	true
050 Meteorology	435	1	300.0	true
050 Meteorology	436	1	300.0	true
050 Meteorology	437	1	300.0	true
050 Meteorology	438	1	566.9	true
050 Meteorology	439	1	566.9	true
050 Meteorology	440	1	566.9	true
050 Meteorology	441	1	300.0	true
050 Meteorology	442	1	566.9	true
050 Meteorology	443	1	566.9	true
050 Meteorology	444	1	566.9	true
050 Meteorology	445	1	300.0	true
050 Meteorology	446	1	566.9	true
050 Meteorology	447	1	300.0	true
050 Meteorology	448	1	300.0	true
050 Meteorology	449	1	566.9	true
050 Meteorology	450	1	300.0	true
050 Meteorology	451	1	300.0	true
050 Meteorology	452	1	300.0	true
050 Meteorology	453	1	300.0	true
050 Meteorology	454	1	566.9	true
050 Meteorology	455	1	566.9	true
050 Meteorology	456	1	566.9	true
050 Meteorology	457	1	300.0	true
050 Meteorology	458	1	300.0	true
050 Meteorology	459	1	300.0	true
050 Meteorology	460	1	566.9	true
050 Meteorology	461	1	300.0	true
050 Meteorology	462	1	300.0	true
050 Meteorology	463	1	300.0	true
050 Meteorology	464	1	300.0	true
050 Meteorology	465	1	300.0	true
050 Meteorology	466	1	300.0	true
050 Meteorology	467	1	835.1	true
050 Meteorology	468	1	300.0	true
050 Meteorology	469	1	300.0	true
050 Meteorology	470	1	300.0	true
050 Meteorology	471	1	300.0	true
050 Meteorology	472	1	566.9	true
050 Meteorology	473	1	300.0	true
050 Meteorology	474	1	835.1	true
050 Meteorology	475	1	300.0	true
050 Meteorology	476	1	566.9	true
050 Meteorology	477	1	300.0	true
050 Meteorology	478	1	300.0	true
050 Meteorology	479	1	300.0	true
050 Meteorology	480	1	1103.8	true
050 Meteorology	481	1	566.9	true
050 Meteorology	482	1	566.9	true
050 Meteorology	483	1	566.9	true
050 Meteorology	484	1	566.9	true
050 Meteorology	485	1	566.9	true
050 Meteorology	486	1	566.9	true
050 Meteorology	487	1	566.9	true
050 Meteorology	488	1	835.1	true
050 Meteorology	489	1	1103.8	true
050 Meteorology	490	1	300.0	true
050 Meteorology	491	1	566.9	true
050 Meteorology	492	1	300.0	true
050 Meteorology	493	1	300.0	true
050 Meteorology	494	1	300.0	true
050 Meteorology	495	1	566.9	true
050 Meteorology	496	1	300.0	true
050 Meteorology	497	1	300.0	true
050 Meteorology	498	1	300.0	true
050 Meteorology	499	1	300.0	true
050 Meteorology	500	1	300.0	true
050 Meteorology	501	1	300.0	true
050 Meteorology	502	1	300.0	true
050 Meteorology	503	1	300.0	true
050 Meteorology	504	1	300.0	true
050 Meteorology	505	1	300.0	true
050 Meteorology	506	1	300.0	true
050 Meteorology	507	1	300.0	true
050 Meteorology	508	1	835.1	true
050 Meteorology	509	1	300.0	true
050 Meteorology	510	1	300.0	true
050 Meteorology	511	1	835.1	true
050 Meteorology	512	1	1103.8	true
050 Meteorology	513	1	300.0	true
050 Meteorology	514	1	300.0	true
050 Meteorology	515	1	566.9	true
050 Meteorology	516	1	566.9	true
050 Meteorology	517	1	566.9	true
050 Meteorology	518	1	566.9	true
050 Meteorology	519	1	300.0	true
050 Meteorology	520	1	300.0	true
050 Meteorology	521	1	835.1	true
050 Meteorology	522	1	300.0	true
050 Meteorology	523	1	835.1	true
050 Meteorology	524	1	566.9	true
050 Meteorology	525	1	835.1	true
050 Meteorology	526	1	300.0	true
050 Meteorology	527	1	835.1	true
050 Meteorology	528	1	835.1	true
050 Meteorology	529	1	300.0	true
050 Meteorology	530	1	300.0	true
050 Meteorology	531	1	300.0	true
050 Meteorology	532	1	300.0	true
050 Meteorology	533	1	300.0	true
050 Meteorology	534	1	835.1	true
050 Meteorology	535	1	300.0	true
050 Meteorology	536	1	300.0	true
050 Meteorology	537	1	835.1	true
050 Meteorology	538	1	300.0	true
050 Meteorology	539	1	566.9	true
050 Meteorology	540	1	566.9	true
050 Meteorology	541	1	1103.8	true
050 Meteorology	542	1	300.0	true
050 Meteorology	543	1	566.9	true
050 Meteorology	544	1	566.9	true
050 Meteorology	545	1	566.9	true
050 Meteorology	546	1	566.9	true
050 Meteorology	547	1	566.9	true
050 Meteorology	548	1	300.0	true
050 Meteorology	549	1	300.0	true
050 Meteorology	550	1	566.9	true
050 Meteorology	551	1	300.0	true
050 Meteorology	552	1	300.0	true
050 Meteorology	553	1	300.0	true
050 Meteorology	554	1	300.0	true
050 Meteorology	555	1	300.0	true
050 Meteorology	556	1	300.0	true
050 Meteorology	557	1	300.0	true
050 Meteorology	558	1	300.0	true
050 Meteorology	559	1	300.0	true
050 Meteorology	560	1	300.0	true
050 Meteorology	561	1	300.0	true
050 Meteorology	562	1	1641.3	true
050 Meteorology	563	1	566.9	true
050 Meteorology	564	1	300.0	true
050 Meteorology	565	1	300.0	true
050 Meteorology	566	1	300.0	true
050 Meteorology	567	1	300.0	true
050 Meteorology	568	1	835.1	true
050 Meteorology	569	1	566.9	true
050 Meteorology	570	1	300.0	true
050 Meteorology	571	1	300.0	true
050 Meteorology	572	1	300.0	true
050 Meteorology	573	1	300.0	true
050 Meteorology	574	1	835.1	true
050 Meteorology	575	1	300.0	true
050 Meteorology	576	1	300.0	true
050 Meteorology	577	1	300.0	true
050 Meteorology	578	1	566.9	true
050 Meteorology	579	1	300.0	true
050 Meteorology	580	1	300.0	true
050 Meteorology	581	1	566.9	true
050 Meteorology	582	1	300.0	true
050 Meteorology	583	1	300.0	true
050 Meteorology	584	1	566.9	true
050 Meteorology	585	1	566.9	true
050 Meteorology	586	1	566.9	true
050 Meteorology	587	1	300.0	true
050 Meteorology	588	1	300.0	true
050 Meteorology	589	1	300.0	true
050 Meteorology	590	1	300.0	true
050 Meteorology	591	1	300.0	true
050 Meteorology	592	1	300.0	true
050 Meteorology	593	1	300.0	true
050 Meteorology	594	1	566.9	true
050 Meteorology	595	1	566.9	true
050 Meteorology	596	1	566.9	true
050 Meteorology	597	1	835.1	true
050 Meteorology	598	1	300.0	true
050 Meteorology	599	1	566.9	true
050 Meteorology	600	1	566.9	true
050 Meteorology	601	1	566.9	true
050 Meteorology	602	1	300.0	true
050 Meteorology	603	1	566.9	true
050 Meteorology	604	1	566.9	true
050 Meteorology	605	1	300.0	true
050 Meteorology	606	1	300.0	true
050 Meteorology	607	1	300.0	true
050 Meteorology	608	1	300.0	true
050 Meteorology	609	1	300.0	true
050 Meteorology	610	1	566.9	true
050 Meteorology	611	1	300.0	true
050 Meteorology	612	1	566.9	true
050 Meteorology	613	1	300.0	true
050 Meteorology	614	1	300.0	true
050 Meteorology	615	1	300.0	true
050 Meteorology	616	1	300.0	true
050 Meteorology	617	1	300.0	true
050 Meteorology	618	1	300.0	true
050 Meteorology	619	1	300.0	true
050 Meteorology	620	1	566.9	true
050 Meteorology	621	1	300.0	true
050 Meteorology	622	1	566.9	true
050 Meteorology	623	1	300.0	true
050 Meteorology	624	1	300.0	true
050 Meteorology	625	1	566.9	true
050 Meteorology	626	1	566.9	true
050 Meteorology	627	1	300.0	true
050 Meteorology	628	1	300.0	true
050 Meteorology	629	1	300.0	true
050 Meteorology	630	1	566.9	true
050 Meteorology	631	1	300.0	true
050 Meteorology	632	1	300.0	true
050 Meteorology	633	1	300.0	true
050 Meteorology	634	1	300.0	true
050 Meteorology	635	1	566.9	true
050 Meteorology	636	1	566.9	true
050 Meteorology	637	1	566.9	true
050 Meteorology	638	1	566.9	true
050 Meteorology	639	1	566.9	true
050 Meteorology	640	1	300.0	true
050 Meteorology	641	1	300.0	true
050 Meteorology	642	1	566.9	true
050 Meteorology	643	1	300.0	true
050 Meteorology	644	1	300.0	true
050 Meteorology	645	1	300.0	true
050 Meteorology	646	1	300.0	true
050 Meteorology	647	1	1103.8	true
050 Meteorology	648	1	835.1	true
050 Meteorology	649	1	835.1	true
050 Meteorology	650	1	300.0	true
050 Meteorology	651	1	566.9	true
050 Meteorology	652	1	300.0	true
050 Meteorology	653	1	566.9	true
050 Meteorology	654	1	566.9	true
050 Meteorology	655	1	300.0	true
050 Meteorology	656	1	300.0	true
050 Meteorology	657	1	300.0	true
050 Meteorology	658	1	300.0	true
050 Meteorology	659	1	300.0	true
050 Meteorology	660	1	300.0	true
050 Meteorology	661	1	300.0	true
050 Meteorology	662	1	566.9	true
050 Meteorology	663	1	835.1	true
050 Meteorology	664	1	300.0	true
050 Meteorology	665	1	1103.8	true
050 Meteorology	666	1	300.0	true
050 Meteorology	667	1	300.0	true
050 Meteorology	668	1	300.0	true
050 Meteorology	669	1	566.9	true
050 Meteorology	670	1	300.0	true
050 Meteorology	671	1	300.0	true
050 Meteorology	672	1	300.0	true
050 Meteorology	673	1	1103.8	true
050 Meteorology	674	1	566.9	true
050 Meteorology	675	1	300.0	true
050 Meteorology	676	1	835.1	true
050 Meteorology	677	1	835.1	true
050 Meteorology	678	1	835.1	true
050 Meteorology	679	1	566.9	true
050 Meteorology	680	1	835.1	true
050 Meteorology	681	1	300.0	true
050 Meteorology	682	1	300.0	true
050 Meteorology	683	1	2179.3	true
050 Meteorology	684	1	566.9	true
050 Meteorology	685	1	300.0	true
050 Meteorology	686	1	300.0	true
050 Meteorology	687	1	1103.8	true
050 Meteorology	688	1	300.0	true
050 Meteorology	689	1	835.1	true
050 Meteorology	690	1	764.8	false
050 Meteorology	691	1	300.0	true
050 Meteorology	692	1	300.0	true
050 Meteorology	693	1	835.1	true
050 Meteorology	694	1	835.1	true
050 Meteorology	695	1	300.0	true
050 Meteorology	696	1	566.9	true
050 Meteorology	697	1	300.0	true
050 Meteorology	698	1	300.0	true
050 Meteorology	699	1	1641.3	true
050 Meteorology	700	1	566.9	true
050 Meteorology	701	1	566.9	true
050 Meteorology	702	1	566.9	true
050 Meteorology	703	1	566.9	true
050 Meteorology	704	1	566.9	true
050 Meteorology	705	1	300.0	true
050 Meteorology	706	1	1103.8	true
050 Meteorology	707	1047868	300.0	true
050 Meteorology	1048575	1	300.0	true
061 General Navigation	0	1	689.9	false
061 General Navigation	1	1	1530.1	false
061 General Navigation	2	1	300.0	true
061 General Navigation	3	1	300.0	true
061 General Navigation	4	1	300.0	true
061 General Navigation	5	1	300.0	true
061 General Navigation	6	1	566.9	true
061 General Navigation	7	1	835.1	true
061 General Navigation	8	1	835.1	true
061 General Navigation	9	1	300.0	true
061 General Navigation	10	1	835.1	true
061 General Navigation	11	1	566.9	true
061 General Navigation	12	1	835.1	true
061 General Navigation	13	1	566.9	true
061 General Navigation	14	1	566.9	true
061 General Navigation	15	1	566.9	true
061 General Navigation	16	1	566.9	true
061 General Navigation	17	1	300.0	true
061 General Navigation	18	1	835.1	true
061 General Navigation	19	1	566.9	true
061 General Navigation	20	1	1373.0	true
061 General Navigation	21	1	566.9	true
061 General Navigation	22	1	835.1	true
061 General Navigation	23	1	835.1	true
061 General Navigation	24	1	300.0	true
061 General Navigation	25	1	300.0	true
061 General Navigation	26	1	300.0	true
061 General Navigation	27	1	566.9	true
061 General Navigation	28	1	566.9	true
061 General Navigation	29	1	566.9	true
061 General Navigation	30	1	566.9	true
061 General Navigation	31	1	566.9	true
061 General Navigation	32	1	566.9	true
061 General Navigation	33	1	300.0	true
061 General Navigation	34	1	300.0	true
061 General Navigation	35	1	566.9	true
061 General Navigation	36	1	566.9	true
061 General Navigation	37	1	300.0	true
061 General Navigation	38	1	566.9	true
061 General Navigation	39	1	566.9	true
061 General Navigation	40	1	300.0	true
061 General Navigation	41	1	300.0	true
061 General Navigation	42	1	300.0	true
061 General Navigation	43	1	566.9	true
061 General Navigation	44	1	566.9	true
061 General Navigation	45	1	566.9	true
061 General Navigation	46	1	1103.8	true
061 General Navigation	47	1	566.9	true
061 General Navigation	48	1	835.1	true
061 General Navigation	49	1	300.0	true
061 General Navigation	50	1	300.0	true
061 General Navigation	51	1	300.0	true
061 General Navigation	52	1	566.9	true
061 General Navigation	53	1	566.9	true
061 General Navigation	54	1	835.1	true
061 General Navigation	55	1	835.1	true
061 General Navigation	56	1	566.9	true
061 General Navigation	57	1	566.9	true
061 General Navigation	58	1	835.1	true
061 General Navigation	59	1	566.9	true
061 General Navigation	60	1	566.9	true
061 General Navigation	61	1	566.9	true
061 General Navigation	62	1	1103.8	true
061 General Navigation	63	1	835.1	true
061 General Navigation	64	1	835.1	true
061 General Navigation	65	1	835.1	true
061 General Navigation	66	1	300.0	true
061 General Navigation	67	1	566.9	true
061 General Navigation	68	1	566.9	true
061 General Navigation	69	1	566.9	true
061 General Navigation	70	1	300.0	true
061 General Navigation	71	1	300.0	true
061 General Navigation	72	1	835.1	true
061 General Navigation	73	1	835.1	true
061 General Navigation	74	1	835.1	true
061 General Navigation	75	1	566.9	true
061 General Navigation	76	1	566.9	true
061 General Navigation	77	1	300.0	true
061 General Navigation	78	1	300.0	true
061 General Navigation	79	1	566.9	true
061 General Navigation	80	1	300.0	true
061 General Navigation	81	1	566.9	true
061 General Navigation	82	1	300.0	true
061 General Navigation	83	1	566.9	true
061 General Navigation	84	1	566.9	true
061 General Navigation	85	1	300.0	true
061 General Navigation	86	1	300.0	true
061 General Navigation	87	1	300.0	true
061 General Navigation	88	1	566.9	true
061 General Navigation	89	1	566.9	true
061 General Navigation	90	1	566.9	true
061 General Navigation	91	1	300.0	true
061 General Navigation	92	1	1103.8	true
061 General Navigation	93	1	566.9	true
061 General Navigation	94	1	835.1	true
061 General Navigation	95	1	835.1	true
061 General Navigation	96	1	566.9	true
061 General Navigation	97	1	835.1	true
061 General Navigation	98	1	566.9	true
061 General Navigation	99	1	835.1	true
061 General Navigation	100	1	835.1	true
061 General Navigation	101	1	566.9	true
061 General Navigation	102	1	300.0	true
061 General Navigation	103	1	300.0	true
061 General Navigation	104	1	835.1	true
061 General Navigation	105	1	300.0	true
061 General Navigation	106	1	300.0	true
061 General Navigation	107	1	566.9	true
061 General Navigation	108	1	566.9	true
061 General Navigation	109	1	300.0	true
061 General Navigation	110	1	300.0	true
061 General Navigation	111	1	300.0	true
061 General Navigation	112	1	300.0	true
061 General Navigation	113	1	300.0	true
061 General Navigation	114	1	300.0	true
061 General Navigation	115	1	300.0	true
061 General Navigation	116	1	566.9	true
061 General Navigation	117	1	566.9	true
061 General Navigation	118	1	300.0	true
061 General Navigation	119	1	566.9	true
061 General Navigation	120	1	300.0	true
061 General Navigation	121	1	300.0	true
061 General Navigation	122	1	566.9	true
061 General Navigation	123	1	300.0	true
061 General Navigation	124	1	300.0	true
061 General Navigation	125	1	300.0	true
061 General Navigation	126	1	300.0	true
061 General Navigation	127	1	300.0	true
061 General Navigation	128	1	566.9	true
061 General Navigation	129	1	300.0	true
061 General Navigation	130	1	300.0	true
061 General Navigation	131	1	835.1	true
061 General Navigation	132	1	300.0	true
061 General Navigation	133	1	300.0	true
061 General Navigation	134	1	835.1	true
061 General Navigation	135	1	835.1	true
061 General Navigation	136	1	835.1	true
061 General Navigation	137	1	835.1	true
061 General Navigation	138	1	566.9	true
061 General Navigation	139	1	566.9	true
061 General Navigation	140	1	566.9	true
061 General Navigation	141	1	835.1	true
061 General Navigation	142	1	566.9	true
061 General Navigation	143	1	300.0	true
061 General Navigation	144	1	566.9	true
061 General Navigation	145	1	300.0	true
061 General Navigation	146	1	566.9	true
061 General Navigation	147	1	2446.8	true
061 General Navigation	148	1	1103.8	true
061 General Navigation	149	1	1103.8	true
061 General Navigation	150	1	835.1	true
061 General Navigation	151	1	300.0	true
061 General Navigation	152	1	300.0	true
061 General Navigation	153	1	566.9	true
061 General Navigation	154	1	835.1	true
061 General Navigation	155	1	300.0	true
061 General Navigation	156	1	835.1	true
061 General Navigation	157	1	300.0	true
061 General Navigation	158	1	566.9	true
061 General Navigation	159	1	300.0	true
061 General Navigation	160	1	300.0	true
061 General Navigation	161	1	300.0	true
061 General Navigation	162	1	566.9	true
061 General Navigation	163	1	566.9	true
061 General Navigation	164	1	566.9	true
061 General Navigation	165	1	300.0	true
061 General Navigation	166	1	300.0	true
061 General Navigation	167	1	300.0	true
061 General Navigation	168	1	300.0	true
061 General Navigation	169	1	300.0	true
061 General Navigation	170	1	566.9	true
061 General Navigation	171	1	566.9	true
061 General Navigation	172	1	300.0	true
061 General Navigation	173	1	300.0	true
061 General Navigation	174	1	566.9	true
061 General Navigation	175	1	566.9	true
061 General Navigation	176	1	300.0	true
061 General Navigation	177	1	566.9	true
061 General Navigation	178	1	566.9	true
061 General Navigation	179	1	566.9	true
061 General Navigation	180	1	300.0	true
061 General Navigation	181	1	566.9	true
061 General Navigation	182	1	1373.0	true
061 General Navigation	183	1	1373.0	true
061 General Navigation	184	1	1103.8	true
061 General Navigation	185	1	1103.8	true
061 General Navigation	186	1	566.9	true
061 General Navigation	187	1	566.9	true
061 General Navigation	188	1	566.9	true
061 General Navigation	189	1	566.9	true
061 General Navigation	190	1	566.9	true
061 General Navigation	191	1	300.0	true
061 General Navigation	192	1	300.0	true
061 General Navigation	193	1	300.0	true
061 General Navigation	194	1	566.9	true
061 General Navigation	195	1	300.0	true
061 General Navigation	196	1	1103.8	true
061 General Navigation	197	1	300.0	true
061 General Navigation	198	1	1103.8	true
061 General Navigation	199	1	300.0	true
061 General Navigation	200	1	300.0	true
061 General Navigation	201	1	300.0	true
061 General Navigation	202	1	300.0	true
061 General Navigation	203	1	300.0	true
061 General Navigation	204	1	300.0	true
061 General Navigation	205	1	566.9	true
061 General Navigation	206	1	566.9	true
061 General Navigation	207	1	566.9	true
061 General Navigation	208	1	566.9	true
061 General Navigation	209	1	2984.8	true
061 General Navigation	210	1	566.9	true
061 General Navigation	211	1	1103.8	true
061 General Navigation	212	1	300.0	true
061 General Navigation	213	1	566.9	true
061 General Navigation	214	1	566.9	true
061 General Navigation	215	1	566.9	true
061 General Navigation	216	1	566.9	true
061 General Navigation	217	1	566.9	true
061 General Navigation	218	1	566.9	true
061 General Navigation	219	1	566.9	true
061 General Navigation	220	1	300.0	true
061 General Navigation	221	1	566.9	true
061 General Navigation	222	1	300.0	true
061 General Navigation	223	1	300.0	true
061 General Navigation	224	1	300.0	true
061 General Navigation	225	1	566.9	true
061 General Navigation	226	1	300.0	true
061 General Navigation	227	1	300.0	true
061 General Navigation	228	1	566.9	true
061 General Navigation	229	1	566.9	true
061 General Navigation	230	1	300.0	true
061 General Navigation	231	1	300.0	true
061 General Navigation	232	1	300.0	true
061 General Navigation	233	1	566.9	true
061 General Navigation	234	1	566.9	true
061 General Navigation	235	1	835.1	true
061 General Navigation	236	1	566.9	true
061 General Navigation	237	1	300.0	true
061 General Navigation	238	1	300.0	true
061 General Navigation	239	1	300.0	true
061 General Navigation	240	1	300.0	true
061 General Navigation	241	1	566.9	true
061 General Navigation	242	1	566.9	true
061 General Navigation	243	1	300.0	true
061 General Navigation	244	1	300.0	true
061 General Navigation	245	1	300.0	true
061 General Navigation	246	1	835.1	true
061 General Navigation	247	1	300.0	true
061 General Navigation	248	1	566.9	true
061 General Navigation	249	1	566.9	true
061 General Navigation	250	1	566.9	true
061 General Navigation	251	1	566.9	true
061 General Navigation	252	1	835.1	true
061 General Navigation	253	1	835.1	true
061 General Navigation	254	1	1103.8	true
061 General Navigation	255	1	566.9	true
061 General Navigation	256	1	1910.0	true
061 General Navigation	257	1	300.0	true
061 General Navigation	258	1	300.0	true
061 General Navigation	259	1	300.0	true
061 General Navigation	260	1	1103.8	true
061 General Navigation	261	1	566.9	true
061 General Navigation	262	1	300.0	true
061 General Navigation	263	1	566.9	true
061 General Navigation	264	1	835.1	true
061 General Navigation	265	1	835.1	true
061 General Navigation	266	1	300.0	true
061 General Navigation	267	1	566.9	true
061 General Navigation	268	1	835.1	true
061 General Navigation	269	1	300.0	true
061 General Navigation	270	1	300.0	true
061 General Navigation	271	1	300.0	true
061 General Navigation	272	1	300.0	true
061 General Navigation	273	1	566.9	true
061 General Navigation	274	1	566.9	true
061 General Navigation	275	1	566.9	true
061 General Navigation	276	1	300.0	true
061 General Navigation	277	1	566.9	true
061 General Navigation	278	1	566.9	true
061 General Navigation	279	1	566.9	true
061 General Navigation	280	1	566.9	true
061 General Navigation	281	1	566.9	true
061 General Navigation	282	1	566.9	true
061 General Navigation	283	1	300.0	true
061 General Navigation	284	1	566.9	true
061 General Navigation	285	1	566.9	true
061 General Navigation	286	1	300.0	true
061 General Navigation	287	1	566.9	true
061 General Navigation	288	1	566.9	true
061 General Navigation	289	1	300.0	true
061 General Navigation	290	1	566.9	true
061 General Navigation	291	1	566.9	true
061 General Navigation	292	1	300.0	true
061 General Navigation	293	1	300.0	true
061 General Navigation	294	1	300.0	true
061 General Navigation	295	1	566.9	true
061 General Navigation	296	1	566.9	true
061 General Navigation	297	1	566.9	true
061 General Navigation	298	1	835.1	true
061 General Navigation	299	1	566.9	true
061 General Navigation	300	1	300.0	true
061 General Navigation	301	1	566.9	true
061 General Navigation	302	1	835.1	true
061 General Navigation	303	1	566.9	true
061 General Navigation	304	1	566.9	true
061 General Navigation	305	1	566.9	true
061 General Navigation	306	1	835.1	true
061 General Navigation	307	1	566.9	true
061 General Navigation	308	1	835.1	true
061 General Navigation	309	1	566.9	true
061 General Navigation	310	1	300.0	true
061 General Navigation	311	1	566.9	true
061 General Navigation	312	1	566.9	true
061 General Navigation	313	1	300.0	true
061 General Navigation	314	1	1910.0	true
061 General Navigation	315	1	566.9	true
061 General Navigation	316	1	566.9	true
061 General Navigation	317	1	566.9	true
061 General Navigation	318	1	835.1	true
061 General Navigation	319	1	300.0	true
061 General Navigation	320	1	300.0	true
061 General Navigation	321	1	566.9	true
061 General Navigation	322	1	566.9	true
061 General Navigation	323	1	300.0	true
061 General Navigation	324	1	566.9	true
061 General Navigation	325	1	300.0	true
061 General Navigation	326	1	566.9	true
061 General Navigation	327	1	566.9	true
061 General Navigation	328	1	300.0	true
061 General Navigation	329	1	835.1	true
061 General Navigation	330	1	566.9	true
061 General Navigation	331	1	300.0	true
061 General Navigation	332	1	300.0	true
061 General Navigation	333	1	300.0	true
061 General Navigation	334	1	300.0	true
061 General Navigation	335	1	566.9	true
061 General Navigation	336	1	566.9	true
061 General Navigation	337	1	566.9	true
061 General Navigation	338	1	566.9	true
061 General Navigation	339	1	835.1	true
061 General Navigation	340	1	835.1	true
061 General Navigation	341	1	566.9	true
061 General Navigation	342	1	566.9	true
061 General Navigation	343	1	566.9	true
061 General Navigation	344	1	1103.8	true
061 General Navigation	345	1	835.1	true
061 General Navigation	346	1	835.1	true
061 General Navigation	347	1	1103.8	true
061 General Navigation	348	1	835.1	true
061 General Navigation	349	1	566.9	true
061 General Navigation	350	1	835.1	true
061 General Navigation	351	1	300.0	true
061 General Navigation	352	1	835.1	true
061 General Navigation	353	1	566.9	true
061 General Navigation	354	1	835.1	true
061 General Navigation	355	1	566.9	true
061 General Navigation	356	1	566.9	true
061 General Navigation	357	1	566.9	true
061 General Navigation	358	1	566.9	true
061 General Navigation	359	1	566.9	true
061 General Navigation	360	1	300.0	true
061 General Navigation	361	1	300.0	true
061 General Navigation	362	1	566.9	true
061 General Navigation	363	1	300.0	true
061 General Navigation	364	1	300.0	true
061 General Navigation	365	1	300.0	true
061 General Navigation	366	1	566.9	true
061 General Navigation	367	1	300.0	true
061 General Navigation	368	1	300.0	true
061 General Navigation	369	1	835.1	true
061 General Navigation	370	1	300.0	true
061 General Navigation	371	1	835.1	true
061 General Navigation	372	1	566.9	true
061 General Navigation	373	1	300.0	true
061 General Navigation	374	1	566.9	true
061 General Navigation	375	1	300.0	true
061 General Navigation	376	1	566.9	true
061 General Navigation	377	1	835.1	true
061 General Navigation	378	1	566.9	true
061 General Navigation	379	1	566.9	true
061 General Navigation	380	1	300.0	true
061 General Navigation	381	1	300.0	true
061 General Navigation	382	1	835.1	true
061 General Navigation	383	1	566.9	true
061 General Navigation	384	1	566.9	true
061 General Navigation	385	1	835.1	true
061 General Navigation	386	1	835.1	true
061 General Navigation	387	1	300.0	true
061 General Navigation	388	1	566.9	true
061 General Navigation	389	1	566.9	true
061 General Navigation	390	1	1103.8	true
061 General Navigation	391	1	566.9	true
061 General Navigation	392	1	300.0	true
061 General Navigation	393	1	566.9	true
061 General Navigation	394	1	300.0	true
061 General Navigation	395	1	300.0	true
061 General Navigation	396	1	566.9	true
061 General Navigation	397	1	566.9	true
061 General Navigation	398	1	566.9	true
061 General Navigation	399	1	566.9	true
061 General Navigation	400	1	566.9	true
061 General Navigation	401	1	835.1	true
061 General Navigation	402	1	566.9	true
061 General Navigation	403	1	300.0	true
061 General Navigation	404	1	566.9	true
061 General Navigation	405	1	300.0	true
061 General Navigation	406	1	300.0	true
061 General Navigation	407	1048168	300.0	true
061 General Navigation	1048575	1	300.0	true
062-Radio-Navigation	0	1	1920.2	false
062-Radio-Navigation	1	1	300.0	true
062-Radio-Navigation	2	1	300.0	true
062-Radio-Navigation	3	1	300.0	true
062-Radio-Navigation	4	1	300.0	true
062-Radio-Navigation	5	1	566.9	true
062-Radio-Navigation	6	1	300.0	true
062-Radio-Navigation	7	1	300.0	true
062-Radio-Navigation	8	1	300.0	true
062-Radio-Navigation	9	1	566.9	true
062-Radio-Navigation	10	1	566.9	true
062-Radio-Navigation	11	1	300.0	true
062-Radio-Navigation	12	1	835.1	true
062-Radio-Navigation	13	1	566.9	true
062-Radio-Navigation	14	1	835.1	true
062-Radio-Navigation	15	1	300.0	true
062-Radio-Navigation	16	1	1641.3	true
062-Radio-Navigation	17	1	835.1	true
062-Radio-Navigation	18	1	566.9	true
062-Radio-Navigation	19	1	1910.0	true
062-Radio-Navigation	20	1	300.0	true
062-Radio-Navigation	21	1	566.9	true
062-Radio-Navigation	22	1	300.0	true
062-Radio-Navigation	23	1	300.0	true
062-Radio-Navigation	24	1	566.9	true
062-Radio-Navigation	25	1	566.9	true
062-Radio-Navigation	26	1	300.0	true
062-Radio-Navigation	27	1	566.9	true
062-Radio-Navigation	28	1	566.9	true
062-Radio-Navigation	29	1	566.9	true
062-Radio-Navigation	30	1	566.9	true
062-Radio-Navigation	31	1	300.0	true
062-Radio-Navigation	32	1	300.0	true
062-Radio-Navigation	33	1	566.9	true
062-Radio-Navigation	34	1	566.9	true
062-Radio-Navigation	35	1	566.9	true
062-Radio-Navigation	36	1	566.9	true
062-Radio-Navigation	37	1	835.1	true
062-Radio-Navigation	38	1	835.1	true
062-Radio-Navigation	39	1	566.9	true
062-Radio-Navigation	40	1	300.0	true
062-Radio-Navigation	41	1	835.1	true
062-Radio-Navigation	42	1	566.9	true
062-Radio-Navigation	43	1	566.9	true
062-Radio-Navigation	44	1	300.0	true
062-Radio-Navigation	45	1	1103.8	true
062-Radio-Navigation	46	1	300.0	true
062-Radio-Navigation	47	1	300.0	true
062-Radio-Navigation	48	1	300.0	true
062-Radio-Navigation	49	1	300.0	true
062-Radio-Navigation	50	1	835.1	true
062-Radio-Navigation	51	1	566.9	true
062-Radio-Navigation	52	1	566.9	true
062-Radio-Navigation	53	1	566.9	true
062-Radio-Navigation	54	1	300.0	true
062-Radio-Navigation	55	1	566.9	true
062-Radio-Navigation	56	1	300.0	true
062-Radio-Navigation	57	1	566.9	true
062-Radio-Navigation	58	1	300.0	true
062-Radio-Navigation	59	1	566.9	true
062-Radio-Navigation	60	1	566.9	true
062-Radio-Navigation	61	1	300.0	true
062-Radio-Navigation	62	1	835.1	true
062-Radio-Navigation	63	1	566.9	true
062-Radio-Navigation	64	1	300.0	true
062-Radio-Navigation	65	1	566.9	true
062-Radio-Navigation	66	1	566.9	true
062-Radio-Navigation	67	1	835.1	true
062-Radio-Navigation	68	1	566.9	true
062-Radio-Navigation	69	1	566.9	true
062-Radio-Navigation	70	1	566.9	true
062-Radio-Navigation	71	1	300.0	true
062-Radio-Navigation	72	1	300.0	true
062-Radio-Navigation	73	1	300.0	true
062-Radio-Navigation	74	1	300.0	true
062-Radio-Navigation	75	1	566.9	true
062-Radio-Navigation	76	1	300.0	true
062-Radio-Navigation	77	1	1103.8	true
062-Radio-Navigation	78	1	300.0	true
062-Radio-Navigation	79	1	300.0	true
062-Radio-Navigation	80	1	300.0	true
062-Radio-Navigation	81	1	300.0	true
062-Radio-Navigation	82	1	300.0	true
062-Radio-Navigation	83	1	566.9	true
062-Radio-Navigation	84	1	300.0	true
062-Radio-Navigation	85	1	566.9	true
062-Radio-Navigation	86	1	835.1	true
062-Radio-Navigation	87	1	300.0	true
062-Radio-Navigation	88	1	300.0	true
062-Radio-Navigation	89	1	300.0	true
062-Radio-Navigation	90	1	1103.8	true
062-Radio-Navigation	91	1	300.0	true
062-Radio-Navigation	92	1	300.0	true
062-Radio-Navigation	93	1	300.0	true
062-Radio-Navigation	94	1	300.0	true
062-Radio-Navigation	95	1	300.0	true
062-Radio-Navigation	96	1	300.0	true
062-Radio-Navigation	97	1	300.0	true
062-Radio-Navigation	98	1	566.9	true
062-Radio-Navigation	99	1	566.9	true
062-Radio-Navigation	100	1	300.0	true
062-Radio-Navigation	101	1	300.0	true
062-Radio-Navigation	102	1	566.9	true
062-Radio-Navigation	103	1	566.9	true
062-Radio-Navigation	104	1	566.9	true
062-Radio-Navigation	105	1	300.0	true
062-Radio-Navigation	106	1	300.0	true
062-Radio-Navigation	107	1	300.0	true
062-Radio-Navigation	108	1	300.0	true
062-Radio-Navigation	109	1	300.0	true
062-Radio-Navigation	110	1	566.9	true
062-Radio-Navigation	111	1	566.9	true
062-Radio-Navigation	112	1	300.0	true
062-Radio-Navigation	113	1	300.0	true
062-Radio-Navigation	114	1	835.1	true
062-Radio-Navigation	115	1	566.9	true
062-Radio-Navigation	116	1	300.0	true
062-Radio-Navigation	117	1	300.0	true
062-Radio-Navigation	118	1	300.0	true
062-Radio-Navigation	119	1	1103.8	true
062-Radio-Navigation	120	1	300.0	true
062-Radio-Navigation	121	1	300.0	true
062-Radio-Navigation	122	1	300.0	true
062-Radio-Navigation	123	1	566.9	true
062-Radio-Navigation	124	1	566.9	true
062-Radio-Navigation	125	1	566.9	true
062-Radio-Navigation	126	1	835.1	true
062-Radio-Navigation	127	1	300.0	true
062-Radio-Navigation	128	1	300.0	true
062-Radio-Navigation	129	1	835.1	true
062-Radio-Navigation	130	1	566.9	true
062-Radio-Navigation	131	1	835.1	true
062-Radio-Navigation	132	1	566.9	true
062-Radio-Navigation	133	1	300.0	true
062-Radio-Navigation	134	1	835.1	true
062-Radio-Navigation	135	1	300.0	true
062-Radio-Navigation	136	1	300.0	true
062-Radio-Navigation	137	1	566.9	true
062-Radio-Navigation	138	1	566.9	true
062-Radio-Navigation	139	1	300.0	true
062-Radio-Navigation	140	1	566.9	true
062-Radio-Navigation	141	1	300.0	true
062-Radio-Navigation	142	1	566.9	true
062-Radio-Navigation	143	1	566.9	true
062-Radio-Navigation	144	1	835.1	true
062-Radio-Navigation	145	1	2179.3	true
062-Radio-Navigation	146	1	566.9	true
062-Radio-Navigation	147	1	566.9	true
062-Radio-Navigation	148	1	835.1	true
062-Radio-Navigation	149	1	566.9	true
062-Radio-Navigation	150	1	566.9	true
062-Radio-Navigation	151	1	835.1	true
062-Radio-Navigation	152	1	300.0	true
062-Radio-Navigation	153	1	300.0	true
062-Radio-Navigation	154	1	566.9	true
062-Radio-Navigation	155	1	566.9	true
062-Radio-Navigation	156	1	300.0	true
062-Radio-Navigation	157	1	1103.8	true
062-Radio-Navigation	158	1	566.9	true
062-Radio-Navigation	159	1	300.0	true
062-Radio-Navigation	160	1	566.9	true
062-Radio-Navigation	161	1	835.1	true
062-Radio-Navigation	162	1	300.0	true
062-Radio-Navigation	163	1	1103.8	true
062-Radio-Navigation	164	1	566.9	true
062-Radio-Navigation	165	1	300.0	true
062-Radio-Navigation	166	1	300.0	true
062-Radio-Navigation	167	1	300.0	true
062-Radio-Navigation	168	1	566.9	true
062-Radio-Navigation	169	1	566.9	true
062-Radio-Navigation	170	1	1103.8	true
062-Radio-Navigation	171	1	300.0	true
062-Radio-Navigation	172	1	566.9	true
062-Radio-Navigation	173	1	629.9	false
062-Radio-Navigation	174	1	566.9	true
062-Radio-Navigation	175	1	835.1	true
062-Radio-Navigation	176	1	566.9	true
062-Radio-Navigation	177	1	300.0	true
062-Radio-Navigation	178	1	835.1	true
062-Radio-Navigation	179	1	300.0	true
062-Radio-Navigation	180	1	566.9	true
062-Radio-Navigation	181	1	566.9	true
062-Radio-Navigation	182	1	300.0	true
062-Radio-Navigation	183	1	566.9	true
062-Radio-Navigation	184	1	566.9	true
062-Radio-Navigation	185	1	300.0	true
062-Radio-Navigation	186	1	1103.8	true
062-Radio-Navigation	187	1	300.0	true
062-Radio-Navigation	188	1	566.9	true
062-Radio-Navigation	189	1	566.9	true
062-Radio-Navigation	190	1	300.0	true
062-Radio-Navigation	191	1	300.0	true
062-Radio-Navigation	192	1	566.9	true
062-Radio-Navigation	193	1	1214.9	false
062-Radio-Navigation	194	1	566.9	true
062-Radio-Navigation	195	1	566.9	true
062-Radio-Navigation	196	1	835.1	true
062-Radio-Navigation	197	1	835.1	true
062-Radio-Navigation	198	1	300.0	true
062-Radio-Navigation	199	1	835.1	true
062-Radio-Navigation	200	1	300.0	true
062-Radio-Navigation	201	1	566.9	true
062-Radio-Navigation	202	1	300.0	true
062-Radio-Navigation	203	1	566.9	true
062-Radio-Navigation	204	1	835.1	true
062-Radio-Navigation	205	1	566.9	true
062-Radio-Navigation	206	1	300.0	true
062-Radio-Navigation	207	1	2716.1	true
062-Radio-Navigation	208	1	566.9	true
062-Radio-Navigation	209	1	835.1	true
062-Radio-Navigation	210	1	835.1	true
062-Radio-Navigation	211	1	300.0	true
062-Radio-Navigation	212	1	566.9	true
062-Radio-Navigation	213	1	1103.8	true
062-Radio-Navigation	214	1	835.1	true
062-Radio-Navigation	215	1	566.9	true
062-Radio-Navigation	216	1	835.1	true
062-Radio-Navigation	217	1	566.9	true
062-Radio-Navigation	218	1	566.9	true
062-Radio-Navigation	219	1	1103.8	true
062-Radio-Navigation	220	1	300.0	true
062-Radio-Navigation	221	1	1103.8	true
062-Radio-Navigation	222	1	1373.0	true
062-Radio-Navigation	223	1	566.9	true
062-Radio-Navigation	224	1	615.2	false
062-Radio-Navigation	225	1	300.0	true
062-Radio-Navigation	226	1	1910.0	true
062-Radio-Navigation	227	1	300.0	true
062-Radio-Navigation	228	1	566.9	true
062-Radio-Navigation	229	1	566.9	true
062-Radio-Navigation	230	1	835.1	true
062-Radio-Navigation	231	1	566.9	true
062-Radio-Navigation	232	1	566.9	true
062-Radio-Navigation	233	1	1844.8	false
062-Radio-Navigation	234	1	1103.8	true
062-Radio-Navigation	235	1	566.9	true
062-Radio-Navigation	236	1	566.9	true
062-Radio-Navigation	237	1	300.0	true
062-Radio-Navigation	238	1	835.1	true
062-Radio-Navigation	239	1	1103.8	true
062-Radio-Navigation	240	1	566.9	true
062-Radio-Navigation	241	1	300.0	true
062-Radio-Navigation	242	1	300.0	true
062-Radio-Navigation	243	1	1245.0	false
062-Radio-Navigation	244	1	566.9	true
062-Radio-Navigation	245	1	629.9	false
062-Radio-Navigation	246	1	300.0	true
062-Radio-Navigation	247	1	929.8	false
062-Radio-Navigation	248	1	835.1	true
062-Radio-Navigation	249	1	566.9	true
062-Radio-Navigation	250	1	566.9	true
062-Radio-Navigation	251	1	566.9	true
062-Radio-Navigation	252	1	300.0	true
062-Radio-Navigation	253	1	835.1	true
062-Radio-Navigation	254	1	300.0	true
062-Radio-Navigation	255	1	835.1	true
062-Radio-Navigation	256	1	300.0	true
062-Radio-Navigation	257	1	300.0	true
062-Radio-Navigation	258	1	300.0	true
062-Radio-Navigation	259	1	566.9	true
062-Radio-Navigation	260	1	566.9	true
062-Radio-Navigation	261	1	835.1	true
062-Radio-Navigation	262	1	566.9	true
062-Radio-Navigation	263	1	566.9	true
062-Radio-Navigation	264	1	566.9	true
062-Radio-Navigation	265	1	566.9	true
062-Radio-Navigation	266	1	1103.8	true
062-Radio-Navigation	267	1	300.0	true
062-Radio-Navigation	268	1	300.0	true
062-Radio-Navigation	269	1	300.0	true
062-Radio-Navigation	270	1	566.9	true
062-Radio-Navigation	271	1	300.0	true
062-Radio-Navigation	272	1	300.0	true
062-Radio-Navigation	273	1	566.9	true
062-Radio-Navigation	274	1	566.9	true
062-Radio-Navigation	275	1	300.0	true
062-Radio-Navigation	276	1	300.0	true
062-Radio-Navigation	277	1	566.9	true
062-Radio-Navigation	278	1	566.9	true
062-Radio-Navigation	279	1	566.9	true
062-Radio-Navigation	280	1	835.1	true
062-Radio-Navigation	281	1	566.9	true
062-Radio-Navigation	282	1	835.1	true
062-Radio-Navigation	283	1	300.0	true
062-Radio-Navigation	284	1	835.1	true
062-Radio-Navigation	285	1	835.1	true
062-Radio-Navigation	286	1	599.8	false
062-Radio-Navigation	287	1	300.0	true
062-Radio-Navigation	288	1	566.9	true
062-Radio-Navigation	289	1	300.0	true
062-Radio-Navigation	290	1	566.9	true
062-Radio-Navigation	291	1	300.0	true
062-Radio-Navigation	292	1	566.9	true
062-Radio-Navigation	293	1	566.9	true
062-Radio-Navigation	294	1	835.1	true
062-Radio-Navigation	295	1	566.9	true
062-Radio-Navigation	296	1	300.0	true
062-Radio-Navigation	297	1	300.0	true
062-Radio-Navigation	298	1	300.0	true
062-Radio-Navigation	299	1	566.9	true
062-Radio-Navigation	300	1	300.0	true
062-Radio-Navigation	301	1	300.0	true
062-Radio-Navigation	302	1	300.0	true
062-Radio-Navigation	303	1	835.1	true
062-Radio-Navigation	304	1	835.1	true
062-Radio-Navigation	305	1	929.8	false
062-Radio-Navigation	306	1	835.1	true
062-Radio-Navigation	307	1	300.0	true
062-Radio-Navigation	308	1	566.9	true
062-Radio-Navigation	309	1	835.1	true
062-Radio-Navigation	310	1	566.9	true
062-Radio-Navigation	311	1	1373.0	true
062-Radio-Navigation	312	1	835.1	true
062-Radio-Navigation	313	1	566.9	true
062-Radio-Navigation	314	1	566.9	true
062-Radio-Navigation	315	1	566.9	true
062-Radio-Navigation	316	1	566.9	true
062-Radio-Navigation	317	1	835.1	true
062-Radio-Navigation	318	1	300.0	true
062-Radio-Navigation	319	1	566.9	true
062-Radio-Navigation	320	1	566.9	true
062-Radio-Navigation	321	1	566.9	true
062-Radio-Navigation	322	1	835.1	true
062-Radio-Navigation	323	1	835.1	true
062-Radio-Navigation	324	1	566.9	true
062-Radio-Navigation	325	1	566.9	true
062-Radio-Navigation	326	1	566.9	true
062-Radio-Navigation	327	1	835.1	true
062-Radio-Navigation	328	1	300.0	true
062-Radio-Navigation	329	1	300.0	true
062-Radio-Navigation	330	1	300.0	true
062-Radio-Navigation	331	1	566.9	true
062-Radio-Navigation	332	1	566.9	true
062-Radio-Navigation	333	1	566.9	true
062-Radio-Navigation	334	1	300.0	true
062-Radio-Navigation	335	1	300.0	true
062-Radio-Navigation	336	1	835.1	true
062-Radio-Navigation	337	1	566.9	true
062-Radio-Navigation	338	1	566.9	true
062-Radio-Navigation	339	1	566.9	true
062-Radio-Navigation	340	1	566.9	true
062-Radio-Navigation	341	1	835.1	true
062-Radio-Navigation	342	1	566.9	true
062-Radio-Navigation	343	1	566.9	true
062-Radio-Navigation	344	1	835.1	true
062-Radio-Navigation	345	1	300.0	true
062-Radio-Navigation	346	1	566.9	true
062-Radio-Navigation	347	1	1373.0	true
062-Radio-Navigation	348	1	835.1	true
062-Radio-Navigation	349	1	1103.8	true
062-Radio-Navigation	350	1	835.1	true
062-Radio-Navigation	351	1	300.0	true
062-Radio-Navigation	352	1	1103.8	true
062-Radio-Navigation	353	1	300.0	true
062-Radio-Navigation	354	1	300.0	true
062-Radio-Navigation	355	1	300.0	true
062-Radio-Navigation	356	1	300.0	true
062-Radio-Navigation	357	1	300.0	true
062-Radio-Navigation	358	1	300.0	true
062-Radio-Navigation	359	1	300.0	true
062-Radio-Navigation	360	1	1103.8	true
062-Radio-Navigation	361	1	835.1	true
062-Radio-Navigation	362	1	835.1	true
062-Radio-Navigation	363	1	1103.8	true
062-Radio-Navigation	364	1	1373.0	true
062-Radio-Navigation	365	1	300.0	true
062-Radio-Navigation	366	1	835.1	true
062-Radio-Navigation	367	1	300.0	true
062-Radio-Navigation	368	1	1641.3	true
062-Radio-Navigation	369	1	566.9	true
062-Radio-Navigation	370	1	1373.0	true
062-Radio-Navigation	371	1	300.0	true
062-Radio-Navigation	372	1	835.1	true
062-Radio-Navigation	373	1	1910.0	true
062-Radio-Navigation	374	1	300.0	true
062-Radio-Navigation	375	1	1641.3	true
062-Radio-Navigation	376	1	1373.0	true
062-Radio-Navigation	377	1	300.0	true
062-Radio-Navigation	378	1	835.1	true
062-Radio-Navigation	379	1	835.1	true
062-Radio-Navigation	380	1	1373.0	true
062-Radio-Navigation	381	1	300.0	true
062-Radio-Navigation	382	1	300.0	true
062-Radio-Navigation	383	1	835.1	true
062-Radio-Navigation	384	1	1910.0	true
062-Radio-Navigation	385	1	300.0	true
062-Radio-Navigation	386	1	835.1	true
062-Radio-Navigation	387	1	1373.0	true
062-Radio-Navigation	388	1	1373.0	true
062-Radio-Navigation	389	1	1373.0	true
062-Radio-Navigation	390	1	1373.0	true
062-Radio-Navigation	391	1	1373.0	true
062-Radio-Navigation	392	1	1373.0	true
062-Radio-Navigation	393	1	1373.0	true
062-Radio-Navigation	394	1	300.0	true
062-Radio-Navigation	395	1	1103.8	true
062-Radio-Navigation	396	1	300.0	true
062-Radio-Navigation	397	1	6207.8	true
062-Radio-Navigation	398	1	6207.8	true
062-Radio-Navigation	399	1	835.1	true
062-Radio-Navigation	400	1	835.1	true
062-Radio-Navigation	401	1	1910.0	true
062-Radio-Navigation	402	1	1910.0	true
062-Radio-Navigation	403	1	2179.3	true
062-Radio-Navigation	404	1	2179.3	true
062-Radio-Navigation	405	1	2179.3	true
062-Radio-Navigation	406	1	2179.3	true
062-Radio-Navigation	407	1	1641.3	true
062-Radio-Navigation	408	1	300.0	true
062-Radio-Navigation	409	1	300.0	true
062-Radio-Navigation	410	1	300.0	true
062-Radio-Navigation	411	1	1373.0	true
062-Radio-Navigation	412	1	566.9	true
062-Radio-Navigation	413	1	300.0	true
062-Radio-Navigation	414	1	300.0	true
062-Radio-Navigation	415	1	835.1	true
062-Radio-Navigation	416	1	566.9	true
062-Radio-Navigation	417	1	566.9	true
062-Radio-Navigation	418	1	300.0	true
062-Radio-Navigation	419	1	566.9	true
062-Radio-Navigation	420	1	566.9	true
062-Radio-Navigation	421	1	566.9	true
062-Radio-Navigation	422	1	566.9	true
062-Radio-Navigation	423	1	300.0	true
062-Radio-Navigation	424	1	566.9	true
062-Radio-Navigation	425	1	300.0	true
062-Radio-Navigation	426	1	300.0	true
062-Radio-Navigation	427	1	835.1	true
062-Radio-Navigation	428	1	566.9	true
062-Radio-Navigation	429	1	835.1	true
062-Radio-Navigation	430	1	566.9	true
062-Radio-Navigation	431	1	566.9	true
062-Radio-Navigation	432	1	566.9	true
062-Radio-Navigation	433	1	566.9	true
062-Radio-Navigation	434	1	566.9	true
062-Radio-Navigation	435	1	566.9	true
062-Radio-Navigation	436	1	835.1	true
062-Radio-Navigation	437	1	300.0	true
062-Radio-Navigation	438	1	835.1	true
062-Radio-Navigation	439	1	835.1	true
062-Radio-Navigation	440	1	835.1	true
062-Radio-Navigation	441	1	566.9	true
062-Radio-Navigation	442	1	300.0	true
062-Radio-Navigation	443	1	566.9	true
062-Radio-Navigation	444	1	566.9	true
062-Radio-Navigation	445	1	566.9	true
062-Radio-Navigation	446	1	566.9	true
062-Radio-Navigation	447	1	300.0	true
062-Radio-Navigation	448	1	566.9	true
062-Radio-Navigation	449	1	300.0	true
062-Radio-Navigation	450	1	835.1	true
062-Radio-Navigation	451	1	835.1	true
062-Radio-Navigation	452	1	300.0	true
062-Radio-Navigation	453	1	566.9	true
062-Radio-Navigation	454	1	835.1	true
062-Radio-Navigation	455	1	566.9	true
062-Radio-Navigation	456	1	835.1	true
062-Radio-Navigation	457	1	566.9	true
062-Radio-Navigation	458	1	629.9	false
062-Radio-Navigation	459	1	566.9	true
062-Radio-Navigation	460	1	566.9	true
062-Radio-Navigation	461	1	835.1	true
062-Radio-Navigation	462	1	1103.8	true
062-Radio-Navigation	463	1	1103.8	true
062-Radio-Navigation	464	1	566.9	true
062-Radio-Navigation	465	1	566.9	true
062-Radio-Navigation	466	1	300.0	true
062-Radio-Navigation	467	1	300.0	true
062-Radio-Navigation	468	1	566.9	true
062-Radio-Navigation	469	1	835.1	true
062-Radio-Navigation	470	1	1103.8	true
062-Radio-Navigation	471	1	1103.8	true
062-Radio-Navigation	472	1	1373.0	true
062-Radio-Navigation	473	1	835.1	true
062-Radio-Navigation	474	1	1910.0	true
062-Radio-Navigation	475	1	835.1	true
062-Radio-Navigation	476	1	566.9	true
062-Radio-Navigation	477	1	1103.8	true
062-Radio-Navigation	478	1	835.1	true
062-Radio-Navigation	479	1	300.0	true
062-Radio-Navigation	480	1	566.9	true
062-Radio-Navigation	481	1	835.1	true
062-Radio-Navigation	482	1	300.0	true
062-Radio-Navigation	483	1	566.9	true
062-Radio-Navigation	484	1	566.9	true
062-Radio-Navigation	485	1	835.1	true
062-Radio-Navigation	486	1	835.1	true
062-Radio-Navigation	487	1	835.1	true
062-Radio-Navigation	488	1	566.9	true
062-Radio-Navigation	489	1	629.9	false
062-Radio-Navigation	490	1	300.0	true
062-Radio-Navigation	491	1	835.1	true
062-Radio-Navigation	492	1	566.9	true
062-Radio-Navigation	493	1	835.1	true
062-Radio-Navigation	494	1	835.1	true
062-Radio-Navigation	495	1	300.0	true
062-Radio-Navigation	496	1	566.9	true
062-Radio-Navigation	497	1	566.9	true
062-Radio-Navigation	498	1	566.9	true
062-Radio-Navigation	499	1	566.9	true
062-Radio-Navigation	500	1	300.0	true
062-Radio-Navigation	501	1	300.0	true
062-Radio-Navigation	502	1	835.1	true
062-Radio-Navigation	503	1	566.9	true
062-Radio-Navigation	504	1	300.0	true
062-Radio-Navigation	505	1	1103.8	true
062-Radio-Navigation	506	1	1373.0	true
062-Radio-Navigation	507	1	929.8	false
062-Radio-Navigation	508	1	900.3	false
062-Radio-Navigation	509	1	300.0	true
062-Radio-Navigation	510	1	566.9	true
062-Radio-Navigation	511	1	1641.3	true
062-Radio-Navigation	512	1	300.0	true
062-Radio-Navigation	513	1	835.1	true
062-Radio-Navigation	514	1	566.9	true
062-Radio-Navigation	515	1	566.9	true
062-Radio-Navigation	516	1	566.9	true
062-Radio-Navigation	517	1	835.1	true
062-Radio-Navigation	518	1	1373.0	true
062-Radio-Navigation	519	1	835.1	true
062-Radio-Navigation	520	1	300.0	true
062-Radio-Navigation	521	1	1373.0	true
062-Radio-Navigation	522	1	835.1	true
062-Radio-Navigation	523	1	300.0	true
062-Radio-Navigation	524	1	835.1	true
062-Radio-Navigation	525	1	566.9	true
062-Radio-Navigation	526	1	566.9	true
062-Radio-Navigation	527	1	300.0	true
062-Radio-Navigation	528	1	1373.0	true
062-Radio-Navigation	529	1	566.9	true
062-Radio-Navigation	530	1	566.9	true
062-Radio-Navigation	531	1	566.9	true
062-Radio-Navigation	532	1	615.2	false
062-Radio-Navigation	533	1	300.0	true
062-Radio-Navigation	534	1	566.9	true
062-Radio-Navigation	535	1	300.0	true
062-Radio-Navigation	536	1	835.1	true
062-Radio-Navigation	537	1	566.9	true
062-Radio-Navigation	538	1	1103.8	true
062-Radio-Navigation	539	1	566.9	true
062-Radio-Navigation	540	1	566.9	true
062-Radio-Navigation	541	1	945.1	false
062-Radio-Navigation	542	1	566.9	true
062-Radio-Navigation	543	1	300.0	true
062-Radio-Navigation	544	1	566.9	true
062-Radio-Navigation	545	1	300.0	true
062-Radio-Navigation	546	1	566.9	true
062-Radio-Navigation	547	1	300.0	true
062-Radio-Navigation	548	1	300.0	true
062-Radio-Navigation	549	1	835.1	true
062-Radio-Navigation	550	1	675.2	false
062-Radio-Navigation	551	1	300.0	true
062-Radio-Navigation	552	1	300.0	true
062-Radio-Navigation	553	1	566.9	true
062-Radio-Navigation	554	1	300.0	true
062-Radio-Navigation	555	1	959.8	false
062-Radio-Navigation	556	1	300.0	true
062-Radio-Navigation	557	1	1103.8	true
062-Radio-Navigation	558	1	835.1	true
062-Radio-Navigation	559	1	566.9	true
062-Radio-Navigation	560	1	300.0	true
062-Radio-Navigation	561	1	300.0	true
062-Radio-Navigation	562	1	566.9	true
062-Radio-Navigation	563	1	566.9	true
062-Radio-Navigation	564	1	566.9	true
062-Radio-Navigation	565	1	566.9	true
062-Radio-Navigation	566	1	566.9	true
062-Radio-Navigation	567	1	566.9	true
062-Radio-Navigation	568	1	566.9	true
062-Radio-Navigation	569	1	300.0	true
062-Radio-Navigation	570	1	300.0	true
062-Radio-Navigation	571	1	566.9	true
062-Radio-Navigation	572	1	300.0	true
062-Radio-Navigation	573	1	1103.8	true
062-Radio-Navigation	574	1	300.0	true
062-Radio-Navigation	575	1	300.0	true
062-Radio-Navigation	576	1	300.0	true
062-Radio-Navigation	577	1	300.0	true
062-Radio-Navigation	578	1	566.9	true
062-Radio-Navigation	579	1	300.0	true
062-Radio-Navigation	580	1	300.0	true
062-Radio-Navigation	581	1	1103.8	true
062-Radio-Navigation	582	1	566.9	true
062-Radio-Navigation	583	1	300.0	true
062-Radio-Navigation	584	1	300.0	true
062-Radio-Navigation	585	1	566.9	true
062-Radio-Navigation	586	1	566.9	true
062-Radio-Navigation	587	1	300.0	true
062-Radio-Navigation	588	1	300.0	true
062-Radio-Navigation	589	1	300.0	true
062-Radio-Navigation	590	1	615.2	false
062-Radio-Navigation	591	1	566.9	true
062-Radio-Navigation	592	1	566.9	true
062-Radio-Navigation	593	1	300.0	true
062-Radio-Navigation	594	1	300.0	true
062-Radio-Navigation	595	1	599.8	false
062-Radio-Navigation	596	1	566.9	true
062-Radio-Navigation	597	1	566.9	true
062-Radio-Navigation	598	1	300.0	true
062-Radio-Navigation	599	1	566.9	true
062-Radio-Navigation	600	1	569.8	false
062-Radio-Navigation	601	1	300.0	true
062-Radio-Navigation	602	1	566.9	true
062-Radio-Navigation	603	1	300.0	true
062-Radio-Navigation	604	1	1214.9	false
062-Radio-Navigation	605	1	300.0	true
062-Radio-Navigation	606	1	300.0	true
062-Radio-Navigation	607	1	1103.8	true
062-Radio-Navigation	608	1	566.9	true
062-Radio-Navigation	609	1	566.9	true
062-Radio-Navigation	610	1	300.0	true
062-Radio-Navigation	611	1	300.0	true
062-Radio-Navigation	612	1	300.0	true
062-Radio-Navigation	613	1	1103.8	true
062-Radio-Navigation	614	1	615.2	false
062-Radio-Navigation	615	1	645.1	false
062-Radio-Navigation	616	1	300.0	true
062-Radio-Navigation	617	1	835.1	true
062-Radio-Navigation	618	1	300.0	true
062-Radio-Navigation	619	1	835.1	true
062-Radio-Navigation	620	1	566.9	true
062-Radio-Navigation	621	1	835.1	true
062-Radio-Navigation	622	1	566.9	true
062-Radio-Navigation	623	1	929.8	false
062-Radio-Navigation	624	1	835.1	true
062-Radio-Navigation	625	1	585.1	false
062-Radio-Navigation	626	1	566.9	true
062-Radio-Navigation	627	1	566.9	true
062-Radio-Navigation	628	1	300.0	true
062-Radio-Navigation	629	1	566.9	true
062-Radio-Navigation	630	1	566.9	true
062-Radio-Navigation	631	1	300.0	true
062-Radio-Navigation	632	1	300.0	true
062-Radio-Navigation	633	1	566.9	true
062-Radio-Navigation	634	1	566.9	true
062-Radio-Navigation	635	1	300.0	true
062-Radio-Navigation	636	1	566.9	true
062-Radio-Navigation	637	1	835.1	true
062-Radio-Navigation	638	1	566.9	true
062-Radio-Navigation	639	1	300.0	true
062-Radio-Navigation	640	1	835.1	true
062-Radio-Navigation	641	1	1103.8	true
062-Radio-Navigation	642	1	566.9	true
062-Radio-Navigation	643	1047932	300.0	true
062-Radio-Navigation	1048575	1	300.0	true
070-Operational-Procedures	0	1	2025.1	false
070-Operational-Procedures	1	1	300.0	true
070-Operational-Procedures	2	1	300.0	true
070-Operational-Procedures	3	1	300.0	true
070-Operational-Procedures	4	1	300.0	true
070-Operational-Procedures	5	1	835.1	true
070-Operational-Procedures	6	1	566.9	true
070-Operational-Procedures	7	1	300.0	true
070-Operational-Procedures	8	1	300.0	true
070-Operational-Procedures	9	1	300.0	true
070-Operational-Procedures	10	1	835.1	true
070-Operational-Procedures	11	1	1103.8	true
070-Operational-Procedures	12	1	300.0	true
070-Operational-Procedures	13	1	885.0	false
070-Operational-Procedures	14	1	885.0	false
070-Operational-Procedures	15	1	599.8	false
070-Operational-Procedures	16	1	835.1	true
070-Operational-Procedures	17	1	835.1	true
070-Operational-Procedures	18	1	300.0	true
070-Operational-Procedures	19	1	300.0	true
070-Operational-Procedures	20	1	1230.2	false
070-Operational-Procedures	21	1	1214.9	false
070-Operational-Procedures	22	1	300.0	true
070-Operational-Procedures	23	1	1530.1	false
070-Operational-Procedures	24	1	300.0	true
070-Operational-Procedures	25	1	300.0	true
070-Operational-Procedures	26	1	835.1	true
070-Operational-Procedures	27	1	300.0	true
070-Operational-Procedures	28	1	835.1	true
070-Operational-Procedures	29	1	566.9	true
070-Operational-Procedures	30	1	1484.8	false
070-Operational-Procedures	31	1	1641.3	true
070-Operational-Procedures	32	1	835.1	true
070-Operational-Procedures	33	1	629.9	false
070-Operational-Procedures	34	1	885.0	false
070-Operational-Procedures	35	1	835.1	true
070-Operational-Procedures	36	1	835.1	true
070-Operational-Procedures	37	1	900.3	false
070-Operational-Procedures	38	1	1200.2	false
070-Operational-Procedures	39	1	585.1	false
070-Operational-Procedures	40	1	900.3	false
070-Operational-Procedures	41	1	1245.0	false
070-Operational-Procedures	42	1	1470.1	false
070-Operational-Procedures	43	1	1200.2	false
070-Operational-Procedures	44	1	300.0	true
070-Operational-Procedures	45	1	1154.9	false
070-Operational-Procedures	46	1	629.9	false
070-Operational-Procedures	47	1	585.1	false
070-Operational-Procedures	48	1	300.0	true
070-Operational-Procedures	49	1	1373.0	true
070-Operational-Procedures	50	1	835.1	true
070-Operational-Procedures	51	1	566.9	true
070-Operational-Procedures	52	1	566.9	true
070-Operational-Procedures	53	1	300.0	true
070-Operational-Procedures	54	1	835.1	true
070-Operational-Procedures	55	1	300.0	true
070-Operational-Procedures	56	1	566.9	true
070-Operational-Procedures	57	1	300.0	true
070-Operational-Procedures	58	1	566.9	true
070-Operational-Procedures	59	1	1373.0	true
070-Operational-Procedures	60	1	1641.3	true
070-Operational-Procedures	61	1	1103.8	true
070-Operational-Procedures	62	1	566.9	true
070-Operational-Procedures	63	1	1103.8	true
070-Operational-Procedures	64	1	1641.3	true
070-Operational-Procedures	65	1	835.1	true
070-Operational-Procedures	66	1	1103.8	true
070-Operational-Procedures	67	1	835.1	true
070-Operational-Procedures	68	1	300.0	true
070-Operational-Procedures	69	1	915.0	false
070-Operational-Procedures	70	1	1103.8	true
070-Operational-Procedures	71	1	566.9	true
070-Operational-Procedures	72	1	566.9	true
070-Operational-Procedures	73	1	1103.8	true
070-Operational-Procedures	74	1	885.0	false
070-Operational-Procedures	75	1	615.2	false
070-Operational-Procedures	76	1	1103.8	true
070-Operational-Procedures	77	1	566.9	true
070-Operational-Procedures	78	1	1373.0	true
070-Operational-Procedures	79	1	835.1	true
070-Operational-Procedures	80	1	566.9	true
070-Operational-Procedures	81	1	835.1	true
070-Operational-Procedures	82	1	566.9	true
070-Operational-Procedures	83	1	1373.0	true
070-Operational-Procedures	84	1	1641.3	true
070-Operational-Procedures	85	1	1373.0	true
070-Operational-Procedures	86	1	1373.0	true
070-Operational-Procedures	87	1	835.1	true
070-Operational-Procedures	88	1	566.9	true
070-Operational-Procedures	89	1	566.9	true
070-Operational-Procedures	90	1	300.0	true
070-Operational-Procedures	91	1	1200.2	false
070-Operational-Procedures	92	1	900.3	false
070-Operational-Procedures	93	1	300.0	false
070-Operational-Procedures	94	1	1373.0	true
070-Operational-Procedures	95	1	566.9	true
070-Operational-Procedures	96	1	566.9	true
070-Operational-Procedures	97	1	835.1	true
070-Operational-Procedures	98	1	1103.8	true
070-Operational-Procedures	99	1	566.9	true
070-Operational-Procedures	100	1	1103.8	true
070-Operational-Procedures	101	1	566.9	true
070-Operational-Procedures	102	1	1103.8	true
070-Operational-Procedures	103	1	566.9	true
070-Operational-Procedures	104	1	835.1	true
070-Operational-Procedures	105	1	835.1	true
070-Operational-Procedures	106	1	1373.0	true
070-Operational-Procedures	107	1	1103.8	true
070-Operational-Procedures	108	1	1530.1	false
070-Operational-Procedures	109	1	1641.3	true
070-Operational-Procedures	110	1	1103.8	true
070-Operational-Procedures	111	1	835.1	true
070-Operational-Procedures	112	1	835.1	true
070-Operational-Procedures	113	1	835.1	true
070-Operational-Procedures	114	1	1103.8	true
070-Operational-Procedures	115	1	1373.0	true
070-Operational-Procedures	116	1	2984.8	true
070-Operational-Procedures	117	1	300.0	true
070-Operational-Procedures	118	1	1103.8	true
070-Operational-Procedures	119	1	566.9	true
070-Operational-Procedures	120	1	300.0	true
070-Operational-Procedures	121	1	566.9	true
070-Operational-Procedures	122	1	566.9	true
070-Operational-Procedures	123	1	566.9	true
070-Operational-Procedures	124	1	835.1	true
070-Operational-Procedures	125	1	1373.0	true
070-Operational-Procedures	126	1	1214.9	false
070-Operational-Procedures	127	1	566.9	true
070-Operational-Procedures	128	1	566.9	true
070-Operational-Procedures	129	1	835.1	true
070-Operational-Procedures	130	1	566.9	true
070-Operational-Procedures	131	1	835.1	true
070-Operational-Procedures	132	1	566.9	true
070-Operational-Procedures	133	1	835.1	true
070-Operational-Procedures	134	1	835.1	true
070-Operational-Procedures	135	1	835.1	true
070-Operational-Procedures	136	1	835.1	true
070-Operational-Procedures	137	1	1103.8	true
070-Operational-Procedures	138	1	1103.8	true
070-Operational-Procedures	139	1	835.1	true
070-Operational-Procedures	140	1	566.9	true
070-Operational-Procedures	141	1	300.0	true
070-Operational-Procedures	142	1	929.8	false
070-Operational-Procedures	143	1	1103.8	true
070-Operational-Procedures	144	1	835.1	true
070-Operational-Procedures	145	1	835.1	true
070-Operational-Procedures	146	1	835.1	true
070-Operational-Procedures	147	1	566.9	true
070-Operational-Procedures	148	1	835.1	true
070-Operational-Procedures	149	1	566.9	true
070-Operational-Procedures	150	1	835.1	true
070-Operational-Procedures	151	1	566.9	true
070-Operational-Procedures	152	1	870.2	false
070-Operational-Procedures	153	1	1641.3	true
070-Operational-Procedures	154	1	566.9	true
070-Operational-Procedures	155	1	566.9	true
070-Operational-Procedures	156	1	1103.8	true
070-Operational-Procedures	157	1	1103.8	true
070-Operational-Procedures	158	1	300.0	true
070-Operational-Procedures	159	1	566.9	true
070-Operational-Procedures	160	1	835.1	true
070-Operational-Procedures	161	1	915.0	false
070-Operational-Procedures	162	1	1103.8	true
070-Operational-Procedures	163	1	1641.3	true
070-Operational-Procedures	164	1	835.1	true
070-Operational-Procedures	165	1	1910.0	true
070-Operational-Procedures	166	1	1373.0	true
070-Operational-Procedures	167	1	1103.8	true
070-Operational-Procedures	168	1	885.0	false
070-Operational-Procedures	169	1	1103.8	true
070-Operational-Procedures	170	1	300.0	true
070-Operational-Procedures	171	1	300.0	true
070-Operational-Procedures	172	1	2179.3	true
070-Operational-Procedures	173	1	1103.8	true
070-Operational-Procedures	174	1	1214.9	false
070-Operational-Procedures	175	1	599.8	false
070-Operational-Procedures	176	1	566.9	true
070-Operational-Procedures	177	1	615.2	false
070-Operational-Procedures	178	1	835.1	true
070-Operational-Procedures	179	1	1103.8	true
070-Operational-Procedures	180	1	1103.8	true
070-Operational-Procedures	181	1	1103.8	true
070-Operational-Procedures	182	1	835.1	true
070-Operational-Procedures	183	1	566.9	true
070-Operational-Procedures	184	1	1373.0	true
070-Operational-Procedures	185	1	1641.3	true
070-Operational-Procedures	186	1	1103.8	true
070-Operational-Procedures	187	1	300.0	true
070-Operational-Procedures	188	1	566.9	true
070-Operational-Procedures	189	1	1103.8	true
070-Operational-Procedures	190	1	1373.0	true
070-Operational-Procedures	191	1	1103.8	true
070-Operational-Procedures	192	1	835.1	true
070-Operational-Procedures	193	1	1103.8	true
070-Operational-Procedures	194	1	300.0	true
070-Operational-Procedures	195	1	566.9	true
070-Operational-Procedures	196	1	566.9	true
070-Operational-Procedures	197	1	566.9	true
070-Operational-Procedures	198	1	566.9	true
070-Operational-Procedures	199	1	566.9	true
070-Operational-Procedures	200	1	300.0	true
070-Operational-Procedures	201	1	835.1	true
070-Operational-Procedures	202	1	835.1	true
070-Operational-Procedures	203	1	835.1	true
070-Operational-Procedures	204	1	566.9	true
070-Operational-Procedures	205	1	835.1	true
070-Operational-Procedures	206	1	1103.8	true
070-Operational-Procedures	207	1	566.9	true
070-Operational-Procedures	208	1	300.0	true
070-Operational-Procedures	209	1	300.0	true
070-Operational-Procedures	210	1	566.9	true
070-Operational-Procedures	211	1	566.9	true
070-Operational-Procedures	212	1	566.9	true
070-Operational-Procedures	213	1	566.9	true
070-Operational-Procedures	214	1	1065.3	false
070-Operational-Procedures	215	1	300.0	true
070-Operational-Procedures	216	1	566.9	true
070-Operational-Procedures	217	1	989.9	false
070-Operational-Procedures	218	1	300.0	true
070-Operational-Procedures	219	1	300.0	true
070-Operational-Procedures	220	1	1103.8	true
070-Operational-Procedures	221	1	1910.0	true
070-Operational-Procedures	222	1	1103.8	true
070-Operational-Procedures	223	1	5134.2	true
070-Operational-Procedures	224	1	1103.8	true
070-Operational-Procedures	225	1	1103.8	true
070-Operational-Procedures	226	1	1910.0	true
070-Operational-Procedures	227	1	1103.8	true
070-Operational-Procedures	228	1	1103.8	true
070-Operational-Procedures	229	1	1103.8	true
070-Operational-Procedures	230	1	1103.8	true
070-Operational-Procedures	231	1	1103.8	true
070-Operational-Procedures	232	1	835.1	true
070-Operational-Procedures	233	1	8358.2	true
070-Operational-Procedures	234	1	1103.8	true
070-Operational-Procedures	235	1	1373.0	true
070-Operational-Procedures	236	1	1170.1	false
070-Operational-Procedures	237	1	835.1	true
070-Operational-Procedures	238	1	1103.8	true
070-Operational-Procedures	239	1	835.1	true
070-Operational-Procedures	240	1	835.1	true
070-Operational-Procedures	241	1	1910.0	true
070-Operational-Procedures	242	1	1373.0	true
070-Operational-Procedures	243	1	1103.8	true
070-Operational-Procedures	244	1	835.1	true
070-Operational-Procedures	245	1	6207.8	true
070-Operational-Procedures	246	1	835.1	true
070-Operational-Procedures	247	1	300.0	true
070-Operational-Procedures	248	1	566.9	true
070-Operational-Procedures	249	1	1373.0	true
070-Operational-Procedures	250	1	835.1	true
070-Operational-Procedures	251	1	1910.0	true
070-Operational-Procedures	252	1	1103.8	true
070-Operational-Procedures	253	1	1641.3	true
070-Operational-Procedures	254	1	2984.8	true
070-Operational-Procedures	255	1	7014.1	true
070-Operational-Procedures	256	1	8189.9	false
070-Operational-Procedures	257	1	2716.1	true
070-Operational-Procedures	258	1	3521.8	true
070-Operational-Procedures	259	1	2446.8	true
070-Operational-Procedures	260	1	1641.3	true
070-Operational-Procedures	261	1	4059.2	true
070-Operational-Procedures	262	1	835.1	true
070-Operational-Procedures	263	1	835.1	true
070-Operational-Procedures	264	1	566.9	true
070-Operational-Procedures	265	1	835.1	true
070-Operational-Procedures	266	1	835.1	true
070-Operational-Procedures	267	1	566.9	true
070-Operational-Procedures	268	1	566.9	true
070-Operational-Procedures	269	1	835.1	true
070-Operational-Procedures	270	1	1103.8	true
070-Operational-Procedures	271	1	835.1	true
070-Operational-Procedures	272	1	1373.0	true
070-Operational-Procedures	273	1	566.9	true
070-Operational-Procedures	274	1	835.1	true
070-Operational-Procedures	275	1	1103.8	true
070-Operational-Procedures	276	1	1103.8	true
070-Operational-Procedures	277	1	835.1	true
070-Operational-Procedures	278	1	835.1	true
070-Operational-Procedures	279	1	1641.3	true
070-Operational-Procedures	280	1	1373.0	true
070-Operational-Procedures	281	1	1373.0	true
070-Operational-Procedures	282	1	1373.0	true
070-Operational-Procedures	283	1	1103.8	true
070-Operational-Procedures	284	1	1103.8	true
070-Operational-Procedures	285	1	915.0	false
070-Operational-Procedures	286	1	1641.3	true
070-Operational-Procedures	287	1	1373.0	true
070-Operational-Procedures	288	1	1373.0	true
070-Operational-Procedures	289	1	1103.8	true
070-Operational-Procedures	290	1	1373.0	true
070-Operational-Procedures	291	1	1641.3	true
070-Operational-Procedures	292	1	1641.3	true
070-Operational-Procedures	293	1	1103.8	true
070-Operational-Procedures	294	1	599.8	false
070-Operational-Procedures	295	1	1103.8	true
070-Operational-Procedures	296	1	566.9	true
070-Operational-Procedures	297	1	566.9	true
070-Operational-Procedures	298	1	2446.8	true
070-Operational-Procedures	299	1	1103.8	true
070-Operational-Procedures	300	1	1103.8	true
070-Operational-Procedures	301	1	1103.8	true
070-Operational-Procedures	302	1	835.1	true
070-Operational-Procedures	303	1	835.1	true
070-Operational-Procedures	304	1	835.1	true
070-Operational-Procedures	305	1	1103.8	true
070-Operational-Procedures	306	1	566.9	true
070-Operational-Procedures	307	1	1373.0	true
070-Operational-Procedures	308	1	300.0	true
070-Operational-Procedures	309	1	2179.3	true
070-Operational-Procedures	310	1	566.9	true
070-Operational-Procedures	311	1	1373.0	true
070-Operational-Procedures	312	1	1910.0	true
070-Operational-Procedures	313	1	1103.8	true
070-Operational-Procedures	314	1	566.9	true
070-Operational-Procedures	315	1	835.1	true
070-Operational-Procedures	316	1	1641.3	true
070-Operational-Procedures	317	1	566.9	true
070-Operational-Procedures	318	1	835.1	true
070-Operational-Procedures	319	1	1373.0	true
070-Operational-Procedures	320	1	835.1	true
070-Operational-Procedures	321	1	1641.3	true
070-Operational-Procedures	322	1	1103.8	true
070-Operational-Procedures	323	1	835.1	true
070-Operational-Procedures	324	1	300.0	true
070-Operational-Procedures	325	1	566.9	true
070-Operational-Procedures	326	1	300.0	true
070-Operational-Procedures	327	1	835.1	true
070-Operational-Procedures	328	1	1373.0	true
070-Operational-Procedures	329	1	1103.8	true
070-Operational-Procedures	330	1	566.9	true
070-Operational-Procedures	331	1	835.1	true
070-Operational-Procedures	332	1	566.9	true
070-Operational-Procedures	333	1	835.1	true
070-Operational-Procedures	334	1	566.9	true
070-Operational-Procedures	335	1	566.9	true
070-Operational-Procedures	336	1	835.1	true
070-Operational-Procedures	337	1	835.1	true
070-Operational-Procedures	338	1	566.9	true
070-Operational-Procedures	339	1	566.9	true
070-Operational-Procedures	340	1	835.1	true
070-Operational-Procedures	341	1	1373.0	true
070-Operational-Procedures	342	1	3253.1	true
070-Operational-Procedures	343	1	1910.0	true
070-Operational-Procedures	344	1	835.1	true
070-Operational-Procedures	345	1	300.0	true
070-Operational-Procedures	346	1	1373.0	true
070-Operational-Procedures	347	1	1910.0	true
070-Operational-Procedures	348	1	1910.0	true
070-Operational-Procedures	349	1	300.0	true
070-Operational-Procedures	350	1	1103.8	true
070-Operational-Procedures	351	1	1103.8	true
070-Operational-Procedures	352	1	566.9	true
070-Operational-Procedures	353	1	1103.8	true
070-Operational-Procedures	354	1	1103.8	true
070-Operational-Procedures	355	1	1103.8	true
070-Operational-Procedures	356	1	300.0	true
070-Operational-Procedures	357	1	300.0	true
070-Operational-Procedures	358	1	1103.8	true
070-Operational-Procedures	359	1	1103.8	true
070-Operational-Procedures	360	1	1103.8	true
070-Operational-Procedures	361	1	835.1	true
070-Operational-Procedures	362	1	1103.8	true
070-Operational-Procedures	363	1	1103.8	true
070-Operational-Procedures	364	1	1910.0	true
070-Operational-Procedures	365	1	835.1	true
070-Operational-Procedures	366	1	1103.8	true
070-Operational-Procedures	367	1	1641.3	true
070-Operational-Procedures	368	1	1641.3	true
070-Operational-Procedures	369	1	1103.8	true
070-Operational-Procedures	370	1	300.0	true
070-Operational-Procedures	371	1	1373.0	true
070-Operational-Procedures	372	1	1641.3	true
070-Operational-Procedures	373	1	1373.0	true
070-Operational-Procedures	374	1	1373.0	true
070-Operational-Procedures	375	1	1373.0	true
070-Operational-Procedures	376	1	835.1	true
070-Operational-Procedures	377	1	835.1	true
070-Operational-Procedures	378	1	300.0	true
070-Operational-Procedures	379	1	300.0	true
070-Operational-Procedures	380	1	835.1	true
070-Operational-Procedures	381	1	1103.8	true
070-Operational-Procedures	382	1	835.1	true
070-Operational-Procedures	383	1	835.1	true
070-Operational-Procedures	384	1	300.0	true
070-Operational-Procedures	385	1	1910.0	true
070-Operational-Procedures	386	1	835.1	true
070-Operational-Procedures	387	1	1103.8	true
070-Operational-Procedures	388	1	300.0	true
070-Operational-Procedures	389	1	300.0	true
070-Operational-Procedures	390	1	1103.8	true
070-Operational-Procedures	391	1	1103.8	true
070-Operational-Procedures	392	1	1103.8	true
070-Operational-Procedures	393	1	300.0	true
070-Operational-Procedures	394	1	1373.0	true
070-Operational-Procedures	395	1	1103.8	true
070-Operational-Procedures	396	1	835.1	true
070-Operational-Procedures	397	1	300.0	true
070-Operational-Procedures	398	1	1373.0	true
070-Operational-Procedures	399	1	1373.0	true
070-Operational-Procedures	400	1	1103.8	true
070-Operational-Procedures	401	1	300.0	true
070-Operational-Procedures	402	1	835.1	true
070-Operational-Procedures	403	1	300.0	true
070-Operational-Procedures	404	1	300.0	true
070-Operational-Procedures	405	1	566.9	true
070-Operational-Procedures	406	1	300.0	true
070-Operational-Procedures	407	1	566.9	true
070-Operational-Procedures	408	1	300.0	true
070-Operational-Procedures	409	1	566.9	true
070-Operational-Procedures	410	1	300.0	true
070-Operational-Procedures	411	1	566.9	true
070-Operational-Procedures	412	1	300.0	true
070-Operational-Procedures	413	1	835.1	true
070-Operational-Procedures	414	1	300.0	true
070-Operational-Procedures	415	1	566.9	true
070-Operational-Procedures	416	1	566.9	true
070-Operational-Procedures	417	1	300.0	true
070-Operational-Procedures	418	1	300.0	true
070-Operational-Procedures	419	1	566.9	true
070-Operational-Procedures	420	1	300.0	true
070-Operational-Procedures	421	1	300.0	true
070-Operational-Procedures	422	1	300.0	true
070-Operational-Procedures	423	1	300.0	true
070-Operational-Procedures	424	1	300.0	true
070-Operational-Procedures	425	1	566.9	true
070-Operational-Procedures	426	1	300.0	true
070-Operational-Procedures	427	1	300.0	true
070-Operational-Procedures	428	1	566.9	true
070-Operational-Procedures	429	1	1065.3	false
070-Operational-Procedures	430	1	835.1	true
070-Operational-Procedures	431	1	566.9	true
070-Operational-Procedures	432	1	300.0	true
070-Operational-Procedures	433	1	835.1	true
070-Operational-Procedures	434	1	835.1	true
070-Operational-Procedures	435	1	835.1	true
070-Operational-Procedures	436	1	566.9	true
070-Operational-Procedures	437	1	300.0	true
070-Operational-Procedures	438	1	300.0	true
070-Operational-Procedures	439	1	566.9	true
070-Operational-Procedures	440	1	566.9	true
070-Operational-Procedures	441	1	566.9	true
070-Operational-Procedures	442	1	566.9	true
070-Operational-Procedures	443	1	300.0	true
070-Operational-Procedures	444	1	835.1	true
070-Operational-Procedures	445	1	835.1	true
070-Operational-Procedures	446	1	300.0	true
070-Operational-Procedures	447	1	1373.0	true
070-Operational-Procedures	448	1	300.0	true
070-Operational-Procedures	449	1	300.0	true
070-Operational-Procedures	450	1	835.1	true
070-Operational-Procedures	451	1	566.9	true
070-Operational-Procedures	452	1	300.0	true
070-Operational-Procedures	453	1	835.1	true
070-Operational-Procedures	454	1	566.9	true
070-Operational-Procedures	455	1	835.1	true
070-Operational-Procedures	456	1	835.1	true
070-Operational-Procedures	457	1	300.0	true
070-Operational-Procedures	458	1	835.1	true
070-Operational-Procedures	459	1	835.1	true
070-Operational-Procedures	460	1	566.9	true
070-Operational-Procedures	461	1	835.1	true
070-Operational-Procedures	462	1	300.0	true
070-Operational-Procedures	463	1	300.0	true
070-Operational-Procedures	464	1	566.9	true
070-Operational-Procedures	465	1	300.0	true
070-Operational-Procedures	466	1	300.0	true
070-Operational-Procedures	467	1	300.0	true
070-Operational-Procedures	468	1	566.9	true
070-Operational-Procedures	469	1	300.0	true
070-Operational-Procedures	470	1	566.9	true
070-Operational-Procedures	471	1	300.0	true
070-Operational-Procedures	472	1	835.1	true
070-Operational-Procedures	473	1	300.0	true
070-Operational-Procedures	474	1	300.0	true
070-Operational-Procedures	475	1	300.0	true
070-Operational-Procedures	476	1	566.9	true
070-Operational-Procedures	477	1	835.1	true
070-Operational-Procedures	478	1	566.9	true
070-Operational-Procedures	479	1	300.0	true
070-Operational-Procedures	480	1	300.0	true
070-Operational-Procedures	481	1	1103.8	true
070-Operational-Procedures	482	1	2984.8	true
070-Operational-Procedures	483	1	566.9	true
070-Operational-Procedures	484	1	300.0	true
070-Operational-Procedures	485	1	566.9	true
070-Operational-Procedures	486	1	835.1	true
070-Operational-Procedures	487	1	300.0	true
070-Operational-Procedures	488	1	300.0	true
070-Operational-Procedures	489	1	835.1	true
070-Operational-Procedures	490	1	1373.0	true
070-Operational-Procedures	491	1	835.1	true
070-Operational-Procedures	492	1	566.9	true
070-Operational-Procedures	493	1	835.1	true
070-Operational-Procedures	494	1	835.1	true
070-Operational-Procedures	495	1	835.1	true
070-Operational-Procedures	496	1	835.1	true
070-Operational-Procedures	497	1	566.9	true
070-Operational-Procedures	498	1	566.9	true
070-Operational-Procedures	499	1	1103.8	true
070-Operational-Procedures	500	1	566.9	true
070-Operational-Procedures	501	1	1103.8	true
070-Operational-Procedures	502	1	835.1	true
070-Operational-Procedures	503	1	566.9	true
070-Operational-Procedures	504	1	566.9	true
070-Operational-Procedures	505	1	566.9	true
070-Operational-Procedures	506	1	300.0	true
070-Operational-Procedures	507	1	566.9	true
070-Operational-Procedures	508	1	566.9	true
070-Operational-Procedures	509	1	835.1	true
070-Operational-Procedures	510	1	566.9	true
070-Operational-Procedures	511	1	835.1	true
070-Operational-Procedures	512	1	1103.8	true
070-Operational-Procedures	513	1	835.1	true
070-Operational-Procedures	514	1	566.9	true
070-Operational-Procedures	515	1	1103.8	true
070-Operational-Procedures	516	1	835.1	true
070-Operational-Procedures	517	1	566.9	true
070-Operational-Procedures	518	1	1641.3	true
070-Operational-Procedures	519	1	1103.8	true
070-Operational-Procedures	520	1	1373.0	true
070-Operational-Procedures	521	1	835.1	true
070-Operational-Procedures	522	1	1373.0	true
070-Operational-Procedures	523	1	835.1	true
070-Operational-Procedures	524	1	300.0	true
070-Operational-Procedures	525	1	566.9	true
070-Operational-Procedures	526	1	566.9	true
070-Operational-Procedures	527	1	1103.8	true
070-Operational-Procedures	528	1	566.9	true
070-Operational-Procedures	529	1	300.0	true
070-Operational-Procedures	530	1	566.9	true
070-Operational-Procedures	531	1	835.1	true
070-Operational-Procedures	532	1	300.0	true
070-Operational-Procedures	533	1	566.9	true
070-Operational-Procedures	534	1	1373.0	true
070-Operational-Procedures	535	1	835.1	true
070-Operational-Procedures	536	1	300.0	true
070-Operational-Procedures	537	1	1103.8	true
070-Operational-Procedures	538	1	1103.8	true
070-Operational-Procedures	539	1	835.1	true
070-Operational-Procedures	540	1	300.0	true
070-Operational-Procedures	541	1	835.1	true
070-Operational-Procedures	542	1	566.9	true
070-Operational-Procedures	543	1	300.0	true
070-Operational-Procedures	544	1	300.0	true
070-Operational-Procedures	545	1	300.0	true
070-Operational-Procedures	546	1	300.0	true
070-Operational-Procedures	547	1	566.9	true
070-Operational-Procedures	548	1	300.0	true
070-Operational-Procedures	549	1	300.0	true
070-Operational-Procedures	550	1	300.0	true
070-Operational-Procedures	551	1	300.0	true
070-Operational-Procedures	552	1	300.0	true
070-Operational-Procedures	553	1	300.0	true
070-Operational-Procedures	554	1	300.0	true
070-Operational-Procedures	555	1	300.0	true
070-Operational-Procedures	556	1	300.0	true
070-Operational-Procedures	557	1	300.0	true
070-Operational-Procedures	558	1	300.0	true
070-Operational-Procedures	559	1	300.0	true
070-Operational-Procedures	560	1	300.0	true
070-Operational-Procedures	561	1	300.0	true
070-Operational-Procedures	562	1	566.9	true
070-Operational-Procedures	563	1	300.0	true
070-Operational-Procedures	564	1	566.9	true
070-Operational-Procedures	565	1	300.0	true
070-Operational-Procedures	566	1	300.0	true
070-Operational-Procedures	567	1	300.0	true
070-Operational-Procedures	568	1	300.0	true
070-Operational-Procedures	569	1	300.0	true
070-Operational-Procedures	570	1	300.0	true
070-Operational-Procedures	571	1	300.0	true
070-Operational-Procedures	572	1	300.0	true
070-Operational-Procedures	573	1	300.0	true
070-Operational-Procedures	574	1	300.0	true
070-Operational-Procedures	575	1	300.0	true
070-Operational-Procedures	576	1	300.0	true
070-Operational-Procedures	577	1	300.0	true
070-Operational-Procedures	578	1	300.0	true
070-Operational-Procedures	579	1	300.0	true
070-Operational-Procedures	580	1	300.0	true
070-Operational-Procedures	581	1	300.0	true
070-Operational-Procedures	582	1	566.9	true
070-Operational-Procedures	583	1	566.9	true
070-Operational-Procedures	584	1	1103.8	true
070-Operational-Procedures	585	1	300.0	true
070-Operational-Procedures	586	1	566.9	true
070-Operational-Procedures	587	1	566.9	true
070-Operational-Procedures	588	1	1103.8	true
070-Operational-Procedures	589	1	300.0	true
070-Operational-Procedures	590	1	1103.8	true
070-Operational-Procedures	591	1	300.0	true
070-Operational-Procedures	592	1	300.0	true
070-Operational-Procedures	593	1	300.0	true
070-Operational-Procedures	594	1	300.0	true
070-Operational-Procedures	595	1047980	300.0	true
070-Operational-Procedures	1048575	1	300.0	true
081-POF-(A)	0	1	494.9	false
081-POF-(A)	1	1	2069.9	false
081-POF-(A)	2	1	315.2	true
081-POF-(A)	3	1	315.2	true
081-POF-(A)	4	1	315.2	true
081-POF-(A)	5	1	315.2	true
081-POF-(A)	6	1	6477.1	true
081-POF-(A)	7	1	315.2	false
081-POF-(A)	8	1	660.0	false
081-POF-(A)	9	1	300.0	false
081-POF-(A)	10	1	300.0	false
081-POF-(A)	11	1	345.3	false
081-POF-(A)	12	1	300.0	false
081-POF-(A)	13	1	300.0	false
081-POF-(A)	14	1	300.0	false
081-POF-(A)	15	1	915.0	false
081-POF-(A)	16	1	300.0	false
081-POF-(A)	17	1	599.8	false
081-POF-(A)	18	1	599.8	false
081-POF-(A)	19	1	300.0	false
081-POF-(A)	20	1	599.8	false
081-POF-(A)	21	1	599.8	false
081-POF-(A)	22	1	300.0	false
081-POF-(A)	23	1	315.2	true
081-POF-(A)	24	1	2310.2	false
081-POF-(A)	25	1	315.2	true
081-POF-(A)	26	1	315.2	true
081-POF-(A)	27	1	329.9	false
081-POF-(A)	28	1	315.2	true
081-POF-(A)	29	1	4380.0	false
081-POF-(A)	30	1	285.1	false
081-POF-(A)	31	1	315.2	true
081-POF-(A)	32	1	315.2	true
081-POF-(A)	33	1	315.2	true
081-POF-(A)	34	1	315.2	false
081-POF-(A)	35	1	315.2	true
081-POF-(A)	36	1	315.2	true
081-POF-(A)	37	1	315.2	true
081-POF-(A)	38	1	2716.1	true
081-POF-(A)	39	1	315.2	false
081-POF-(A)	40	1	300.0	false
081-POF-(A)	41	1	566.9	true
081-POF-(A)	42	1	315.2	true
081-POF-(A)	43	1	315.2	false
081-POF-(A)	44	1	315.2	false
081-POF-(A)	45	1	300.0	false
081-POF-(A)	46	1	315.2	false
081-POF-(A)	47	1	315.2	true
081-POF-(A)	48	1	4327.9	true
081-POF-(A)	49	1	315.2	false
081-POF-(A)	50	1	315.2	true
081-POF-(A)	51	1	315.2	true
081-POF-(A)	52	1	315.2	false
081-POF-(A)	53	1	329.9	false
081-POF-(A)	54	1	315.2	true
081-POF-(A)	55	1	315.2	true
081-POF-(A)	56	1	345.3	false
081-POF-(A)	57	1	315.2	true
081-POF-(A)	58	1	315.2	true
081-POF-(A)	59	1	1373.0	true
081-POF-(A)	60	1	315.2	true
081-POF-(A)	61	1	315.2	true
081-POF-(A)	62	1	1373.0	true
081-POF-(A)	63	1	566.9	true
081-POF-(A)	64	1	315.2	true
081-POF-(A)	65	1	315.2	true
081-POF-(A)	66	1	315.2	true
081-POF-(A)	67	1	1103.8	true
081-POF-(A)	68	1	329.9	false
081-POF-(A)	69	1	315.2	true
081-POF-(A)	70	1	1103.8	true
081-POF-(A)	71	1	315.2	true
081-POF-(A)	72	1	315.2	true
081-POF-(A)	73	1	315.2	true
081-POF-(A)	74	1	315.2	true
081-POF-(A)	75	1	566.9	true
081-POF-(A)	76	1	315.2	true
081-POF-(A)	77	1	1373.0	true
081-POF-(A)	78	1	315.2	true
081-POF-(A)	79	1	315.2	true
081-POF-(A)	80	1	315.2	false
081-POF-(A)	81	1	315.2	true
081-POF-(A)	82	1	315.2	true
081-POF-(A)	83	1	315.2	true
081-POF-(A)	84	1	404.8	false
081-POF-(A)	85	1	315.2	true
081-POF-(A)	86	1	1544.8	false
081-POF-(A)	87	1	959.8	false
081-POF-(A)	88	1	315.2	true
081-POF-(A)	89	1	315.2	true
081-POF-(A)	90	1	315.2	true
081-POF-(A)	91	1	315.2	true
081-POF-(A)	92	1	1641.3	true
081-POF-(A)	93	1	315.2	true
081-POF-(A)	94	1	566.9	true
081-POF-(A)	95	1	315.2	true
081-POF-(A)	96	1	315.2	true
081-POF-(A)	97	1	420.0	false
081-POF-(A)	98	1	315.2	true
081-POF-(A)	99	1	2179.3	true
081-POF-(A)	100	1	566.9	true
081-POF-(A)	101	1	315.2	true
081-POF-(A)	102	1	315.2	true
081-POF-(A)	103	1	1641.3	true
081-POF-(A)	104	1	315.2	true
081-POF-(A)	105	1	315.2	true
081-POF-(A)	106	1	3791.1	true
081-POF-(A)	107	1	315.2	true
081-POF-(A)	108	1	315.2	true
081-POF-(A)	109	1	315.2	true
081-POF-(A)	110	1	315.2	true
081-POF-(A)	111	1	566.9	true
081-POF-(A)	112	1	300.0	false
081-POF-(A)	113	1	315.2	true
081-POF-(A)	114	1	315.2	true
081-POF-(A)	115	1	8088.9	true
081-POF-(A)	116	1	645.1	false
081-POF-(A)	117	1	566.9	true
081-POF-(A)	118	1	315.2	true
081-POF-(A)	119	1	566.9	true
081-POF-(A)	120	1	315.2	true
081-POF-(A)	121	1	315.2	true
081-POF-(A)	122	1	315.2	true
081-POF-(A)	123	1	315.2	true
081-POF-(A)	124	1	566.9	true
081-POF-(A)	125	1	566.9	true
081-POF-(A)	126	1	2069.9	false
081-POF-(A)	127	1	566.9	true
081-POF-(A)	128	1	566.9	true
081-POF-(A)	129	1	566.9	true
081-POF-(A)	130	1	566.9	true
081-POF-(A)	131	1	315.2	true
081-POF-(A)	132	1	315.2	true
081-POF-(A)	133	1	315.2	true
081-POF-(A)	134	1	315.2	true
081-POF-(A)	135	1	1289.8	false
081-POF-(A)	136	1	315.2	false
081-POF-(A)	137	1	315.2	true
081-POF-(A)	138	1	315.2	true
081-POF-(A)	139	1	315.2	true
081-POF-(A)	140	1	315.2	true
081-POF-(A)	141	1	315.2	true
081-POF-(A)	142	1	315.2	true
081-POF-(A)	143	1	315.2	true
081-POF-(A)	144	1	315.2	true
081-POF-(A)	145	1	1319.8	false
081-POF-(A)	146	1	315.2	true
081-POF-(A)	147	1	315.2	true
081-POF-(A)	148	1	315.2	true
081-POF-(A)	149	1	2910.1	false
081-POF-(A)	150	1	315.2	true
081-POF-(A)	151	1	315.2	true
081-POF-(A)	152	1	315.2	true
081-POF-(A)	153	1	629.9	false
081-POF-(A)	154	1	315.2	true
081-POF-(A)	155	1	315.2	true
081-POF-(A)	156	1	566.9	true
081-POF-(A)	157	1	835.1	true
081-POF-(A)	158	1	315.2	true
081-POF-(A)	159	1	315.2	true
081-POF-(A)	160	1	315.2	true
081-POF-(A)	161	1	315.2	true
081-POF-(A)	162	1	315.2	true
081-POF-(A)	163	1	315.2	true
081-POF-(A)	164	1	1910.0	true
081-POF-(A)	165	1	566.9	true
081-POF-(A)	166	1	315.2	true
081-POF-(A)	167	1	315.2	true
081-POF-(A)	168	1	794.9	false
081-POF-(A)	169	1	315.2	true
081-POF-(A)	170	1	315.2	true
081-POF-(A)	171	1	315.2	true
081-POF-(A)	172	1	315.2	true
081-POF-(A)	173	1	5940.3	true
081-POF-(A)	174	1	329.9	false
081-POF-(A)	175	1	3344.8	false
081-POF-(A)	176	1	329.9	false
081-POF-(A)	177	1	1920.2	false
081-POF-(A)	178	1	345.3	false
081-POF-(A)	179	1	1910.0	true
081-POF-(A)	180	1	374.7	false
081-POF-(A)	181	1	6745.8	true
081-POF-(A)	182	1	315.2	true
081-POF-(A)	183	1	390.1	false
081-POF-(A)	184	1	6745.8	true
081-POF-(A)	185	1	566.9	true
081-POF-(A)	186	1	566.9	true
081-POF-(A)	187	1	1380.0	false
081-POF-(A)	188	1	566.9	true
081-POF-(A)	189	1	315.2	true
081-POF-(A)	190	1	315.2	true
081-POF-(A)	191	1	566.9	true
081-POF-(A)	192	1	835.1	true
081-POF-(A)	193	1	315.2	true
081-POF-(A)	194	1	5402.3	true
081-POF-(A)	195	1	315.2	true
081-POF-(A)	196	1	315.2	true
081-POF-(A)	197	1	566.9	true
081-POF-(A)	198	1	1103.8	true
081-POF-(A)	199	1	315.2	true
081-POF-(A)	200	1	329.9	false
081-POF-(A)	201	1	835.1	true
081-POF-(A)	202	1	315.2	true
081-POF-(A)	203	1	835.1	true
081-POF-(A)	204	1	315.2	true
081-POF-(A)	205	1	315.2	true
081-POF-(A)	206	1	315.2	true
081-POF-(A)	207	1	315.2	false
081-POF-(A)	208	1	1641.3	true
081-POF-(A)	209	1	360.0	false
081-POF-(A)	210	1	345.3	false
081-POF-(A)	211	1	315.2	true
081-POF-(A)	212	1	1910.0	true
081-POF-(A)	213	1	315.2	true
081-POF-(A)	214	1	315.2	true
081-POF-(A)	215	1	315.2	true
081-POF-(A)	216	1	315.2	true
081-POF-(A)	217	1	315.2	true
081-POF-(A)	218	1	315.2	true
081-POF-(A)	219	1	315.2	true
081-POF-(A)	220	1	315.2	true
081-POF-(A)	221	1	315.2	true
081-POF-(A)	222	1	315.2	true
081-POF-(A)	223	1	1641.3	true
081-POF-(A)	224	1	566.9	true
081-POF-(A)	225	1	315.2	true
081-POF-(A)	226	1	315.2	true
081-POF-(A)	227	1	1103.8	true
081-POF-(A)	228	1	315.2	false
081-POF-(A)	229	1	315.2	true
081-POF-(A)	230	1	315.2	true
081-POF-(A)	231	1	315.2	true
081-POF-(A)	232	1	1373.0	true
081-POF-(A)	233	1	315.2	true
081-POF-(A)	234	1	345.3	false
081-POF-(A)	235	1	315.2	true
081-POF-(A)	236	1	315.2	false
081-POF-(A)	237	1	315.2	true
081-POF-(A)	238	1	2446.8	true
081-POF-(A)	239	1	835.1	true
081-POF-(A)	240	1	1103.8	true
081-POF-(A)	241	1	315.2	true
081-POF-(A)	242	1	1373.0	true
081-POF-(A)	243	1	566.9	true
081-POF-(A)	244	1	315.2	true
081-POF-(A)	245	1	315.2	true
081-POF-(A)	246	1	315.2	true
081-POF-(A)	247	1	1641.3	true
081-POF-(A)	248	1	315.2	false
081-POF-(A)	249	1	1020.0	false
081-POF-(A)	250	1	315.2	true
081-POF-(A)	251	1	315.2	true
081-POF-(A)	252	1	315.2	true
081-POF-(A)	253	1	315.2	true
081-POF-(A)	254	1	2716.1	true
081-POF-(A)	255	1	315.2	true
081-POF-(A)	256	1	885.0	false
081-POF-(A)	257	1	566.9	true
081-POF-(A)	258	1	315.2	true
081-POF-(A)	259	1	835.1	true
081-POF-(A)	260	1	315.2	true
081-POF-(A)	261	1	1103.8	true
081-POF-(A)	262	1	315.2	true
081-POF-(A)	263	1	315.2	true
081-POF-(A)	264	1	835.1	true
081-POF-(A)	265	1	645.1	false
081-POF-(A)	266	1	315.2	true
081-POF-(A)	267	1	3253.1	true
081-POF-(A)	268	1	566.9	true
081-POF-(A)	269	1	315.2	true
081-POF-(A)	270	1	315.2	true
081-POF-(A)	271	1	566.9	true
081-POF-(A)	272	1	315.2	true
081-POF-(A)	273	1	1641.3	true
081-POF-(A)	274	1	566.9	true
081-POF-(A)	275	1	315.2	true
081-POF-(A)	276	1	705.3	false
081-POF-(A)	277	1	315.2	true
081-POF-(A)	278	1	315.2	true
081-POF-(A)	279	1	2179.3	true
081-POF-(A)	280	1	734.7	false
081-POF-(A)	281	1	566.9	true
081-POF-(A)	282	1	315.2	true
081-POF-(A)	283	1	315.2	true
081-POF-(A)	284	1	315.2	true
081-POF-(A)	285	1	315.2	true
081-POF-(A)	286	1	315.2	true
081-POF-(A)	287	1	3253.1	true
081-POF-(A)	288	1	315.2	true
081-POF-(A)	289	1	315.2	true
081-POF-(A)	290	1	1373.0	true
081-POF-(A)	291	1	566.9	true
081-POF-(A)	292	1	374.7	false
081-POF-(A)	293	1	315.2	true
081-POF-(A)	294	1	1641.3	true
081-POF-(A)	295	1	315.2	true
081-POF-(A)	296	1	315.2	false
081-POF-(A)	297	1	315.2	true
081-POF-(A)	298	1	315.2	true
081-POF-(A)	299	1	566.9	true
081-POF-(A)	300	1	315.2	true
081-POF-(A)	301	1	315.2	true
081-POF-(A)	302	1	315.2	true
081-POF-(A)	303	1	315.2	true
081-POF-(A)	304	1	315.2	true
081-POF-(A)	305	1	7282.8	true
081-POF-(A)	306	1	345.3	false
081-POF-(A)	307	1	315.2	true
081-POF-(A)	308	1	315.2	true
081-POF-(A)	309	1	315.2	true
081-POF-(A)	310	1	566.9	true
081-POF-(A)	311	1	566.9	true
081-POF-(A)	312	1	315.2	true
081-POF-(A)	313	1	315.2	true
081-POF-(A)	314	1	1373.0	true
081-POF-(A)	315	1	315.2	true
081-POF-(A)	316	1	315.2	true
081-POF-(A)	317	1	315.2	true
081-POF-(A)	318	1	315.2	true
081-POF-(A)	319	1	315.2	true
081-POF-(A)	320	1	566.9	true
081-POF-(A)	321	1	315.2	true
081-POF-(A)	322	1	6745.8	true
081-POF-(A)	323	1	315.2	true
081-POF-(A)	324	1	835.1	true
081-POF-(A)	325	1	315.2	true
081-POF-(A)	326	1	315.2	true
081-POF-(A)	327	1	566.9	true
081-POF-(A)	328	1	315.2	true
081-POF-(A)	329	1	835.1	true
081-POF-(A)	330	1	315.2	true
081-POF-(A)	331	1	566.9	true
081-POF-(A)	332	1	315.2	true
081-POF-(A)	333	1	315.2	true
081-POF-(A)	334	1	2179.3	true
081-POF-(A)	335	1	315.2	true
081-POF-(A)	336	1	315.2	true
081-POF-(A)	337	1	566.9	true
081-POF-(A)	338	1	315.2	true
081-POF-(A)	339	1	2984.8	true
081-POF-(A)	340	1	315.2	true
081-POF-(A)	341	1	566.9	true
081-POF-(A)	342	1	566.9	true
081-POF-(A)	343	1	315.2	true
081-POF-(A)	344	1	315.2	true
081-POF-(A)	345	1	8088.9	true
081-POF-(A)	346	1	315.2	true
081-POF-(A)	347	1	315.2	true
081-POF-(A)	348	1	566.9	true
081-POF-(A)	349	1	315.2	true
081-POF-(A)	350	1	315.2	true
081-POF-(A)	351	1	566.9	true
081-POF-(A)	352	1	566.9	true
081-POF-(A)	353	1	315.2	true
081-POF-(A)	354	1	315.2	true
081-POF-(A)	355	1	315.2	true
081-POF-(A)	356	1	315.2	true
081-POF-(A)	357	1	835.1	true
081-POF-(A)	358	1	566.9	true
081-POF-(A)	359	1	566.9	true
081-POF-(A)	360	1	315.2	true
081-POF-(A)	361	1	315.2	true
081-POF-(A)	362	1	315.2	true
081-POF-(A)	363	1	315.2	true
081-POF-(A)	364	1	566.9	true
081-POF-(A)	365	1	315.2	true
081-POF-(A)	366	1	315.2	true
081-POF-(A)	367	1	2179.3	true
081-POF-(A)	368	1	1103.8	true
081-POF-(A)	369	1	315.2	true
081-POF-(A)	370	1	3521.8	true
081-POF-(A)	371	1	566.9	true
081-POF-(A)	372	1	315.2	true
081-POF-(A)	373	1	315.2	true
081-POF-(A)	374	1	315.2	true
081-POF-(A)	375	1	835.1	true
081-POF-(A)	376	1	315.2	true
081-POF-(A)	377	1	315.2	true
081-POF-(A)	378	1	315.2	true
081-POF-(A)	379	1	1103.8	true
081-POF-(A)	380	1	835.1	true
081-POF-(A)	381	1	835.1	true
081-POF-(A)	382	1	566.9	true
081-POF-(A)	383	1	315.2	true
081-POF-(A)	384	1	315.2	true
081-POF-(A)	385	1	315.2	true
081-POF-(A)	386	1	835.1	true
081-POF-(A)	387	1	1373.0	true
081-POF-(A)	388	1	315.2	true
081-POF-(A)	389	1	315.2	true
081-POF-(A)	390	1	315.2	true
081-POF-(A)	391	1	2716.1	true
081-POF-(A)	392	1	315.2	true
081-POF-(A)	393	1	315.2	true
081-POF-(A)	394	1	835.1	true
081-POF-(A)	395	1	566.9	true
081-POF-(A)	396	1	315.2	true
081-POF-(A)	397	1	566.9	true
081-POF-(A)	398	1	315.2	true
081-POF-(A)	399	1	315.2	true
081-POF-(A)	400	1	315.2	true
081-POF-(A)	401	1	566.9	true
081-POF-(A)	402	1	315.2	true
081-POF-(A)	403	1	315.2	true
081-POF-(A)	404	1	315.2	true
081-POF-(A)	405	1	315.2	true
081-POF-(A)	406	1	3521.8	true
081-POF-(A)	407	1	566.9	true
081-POF-(A)	408	1	566.9	true
081-POF-(A)	409	1	566.9	true
081-POF-(A)	410	1	566.9	true
081-POF-(A)	411	1	315.2	true
081-POF-(A)	412	1	835.1	true
081-POF-(A)	413	1	315.2	true
081-POF-(A)	414	1	835.1	true
081-POF-(A)	415	1	566.9	true
081-POF-(A)	416	1	315.2	true
081-POF-(A)	417	1	1373.0	true
081-POF-(A)	418	1	315.2	true
081-POF-(A)	419	1	1103.8	true
081-POF-(A)	420	1	566.9	true
081-POF-(A)	421	1	315.2	true
081-POF-(A)	422	1	315.2	true
081-POF-(A)	423	1	1103.8	true
081-POF-(A)	424	1	315.2	true
081-POF-(A)	425	1	2179.3	true
081-POF-(A)	426	1	315.2	true
081-POF-(A)	427	1	1103.8	true
081-POF-(A)	428	1	315.2	true
081-POF-(A)	429	1	1103.8	true
081-POF-(A)	430	1	315.2	true
081-POF-(A)	431	1	1641.3	true
081-POF-(A)	432	1	315.2	true
081-POF-(A)	433	1	1373.0	true
081-POF-(A)	434	1	315.2	true
081-POF-(A)	435	1	315.2	true
081-POF-(A)	436	1	1103.8	true
081-POF-(A)	437	1	566.9	true
081-POF-(A)	438	1	315.2	true
081-POF-(A)	439	1	315.2	true
081-POF-(A)	440	1	835.1	true
081-POF-(A)	441	1	315.2	true
081-POF-(A)	442	1	835.1	true
081-POF-(A)	443	1	315.2	true
081-POF-(A)	444	1	2729.8	false
081-POF-(A)	445	1	315.2	true
081-POF-(A)	446	1	315.2	true
081-POF-(A)	447	1	315.2	true
081-POF-(A)	448	1	566.9	true
081-POF-(A)	449	1	315.2	true
081-POF-(A)	450	1	315.2	true
081-POF-(A)	451	1	835.1	true
081-POF-(A)	452	1	315.2	true
081-POF-(A)	453	1	315.2	true
081-POF-(A)	454	1	566.9	true
081-POF-(A)	455	1	315.2	true
081-POF-(A)	456	1	315.2	true
081-POF-(A)	457	1	835.1	true
081-POF-(A)	458	1	315.2	true
081-POF-(A)	459	1	315.2	true
081-POF-(A)	460	1	2179.3	true
081-POF-(A)	461	1	315.2	true
081-POF-(A)	462	1	315.2	true
081-POF-(A)	463	1	315.2	true
081-POF-(A)	464	1	2984.8	true
081-POF-(A)	465	1	566.9	true
081-POF-(A)	466	1	315.2	true
081-POF-(A)	467	1	315.2	true
081-POF-(A)	468	1	835.1	true
081-POF-(A)	469	1	315.2	true
081-POF-(A)	470	1	315.2	true
081-POF-(A)	471	1	315.2	true
081-POF-(A)	472	1	329.9	false
081-POF-(A)	473	1	390.1	false
081-POF-(A)	474	1	315.2	true
081-POF-(A)	475	1	315.2	true
081-POF-(A)	476	1	390.1	false
081-POF-(A)	477	1	835.1	true
081-POF-(A)	478	1	315.2	true
081-POF-(A)	479	1	329.9	false
081-POF-(A)	480	1	315.2	true
081-POF-(A)	481	1	1910.0	true
081-POF-(A)	482	1	315.2	true
081-POF-(A)	483	1	315.2	true
081-POF-(A)	484	1	315.2	true
081-POF-(A)	485	1	1910.0	true
081-POF-(A)	486	1	835.1	true
081-POF-(A)	487	1	566.9	true
081-POF-(A)	488	1	315.2	true
081-POF-(A)	489	1	1373.0	true
081-POF-(A)	490	1	1200.2	false
081-POF-(A)	491	1	566.9	true
081-POF-(A)	492	1	315.2	true
081-POF-(A)	493	1	315.2	true
081-POF-(A)	494	1	315.2	true
081-POF-(A)	495	1	315.2	true
081-POF-(A)	496	1	315.2	true
081-POF-(A)	497	1	1373.0	true
081-POF-(A)	498	1	315.2	true
081-POF-(A)	499	1	315.2	true
081-POF-(A)	500	1	315.2	true
081-POF-(A)	501	1	315.2	true
081-POF-(A)	502	1	315.2	true
081-POF-(A)	503	1	315.2	true
081-POF-(A)	504	1	315.2	true
081-POF-(A)	505	1	315.2	true
081-POF-(A)	506	1	315.2	true
081-POF-(A)	507	1	566.9	true
081-POF-(A)	508	1	315.2	true
081-POF-(A)	509	1	835.1	true
081-POF-(A)	510	1	315.2	true
081-POF-(A)	511	1	315.2	true
081-POF-(A)	512	1	566.9	true
081-POF-(A)	513	1	315.2	true
081-POF-(A)	514	1	835.1	true
081-POF-(A)	515	1	315.2	true
081-POF-(A)	516	1	315.2	true
081-POF-(A)	517	1	315.2	true
081-POF-(A)	518	1	315.2	true
081-POF-(A)	519	1	315.2	true
081-POF-(A)	520	1	835.1	true
081-POF-(A)	521	1	315.2	true
081-POF-(A)	522	1	315.2	true
081-POF-(A)	523	1	315.2	true
081-POF-(A)	524	1	315.2	true
081-POF-(A)	525	1	3521.8	true
081-POF-(A)	526	1	315.2	true
081-POF-(A)	527	1	329.9	false
081-POF-(A)	528	1	900.3	false
081-POF-(A)	529	1	599.8	false
081-POF-(A)	530	1	315.2	true
081-POF-(A)	531	1	315.2	true
081-POF-(A)	532	1	315.2	true
081-POF-(A)	533	1	315.2	true
081-POF-(A)	534	1	315.2	true
081-POF-(A)	535	1	566.9	true
081-POF-(A)	536	1	315.2	true
081-POF-(A)	537	1	315.2	true
081-POF-(A)	538	1	315.2	true
081-POF-(A)	539	1	566.9	true
081-POF-(A)	540	1	315.2	true
081-POF-(A)	541	1	315.2	true
081-POF-(A)	542	1	566.9	true
081-POF-(A)	543	1	315.2	true
081-POF-(A)	544	1	315.2	true
081-POF-(A)	545	1	315.2	true
081-POF-(A)	546	1	1641.3	true
081-POF-(A)	547	1	315.2	true
081-POF-(A)	548	1	315.2	true
081-POF-(A)	549	1	566.9	true
081-POF-(A)	550	1	315.2	true
081-POF-(A)	551	1	1103.8	true
081-POF-(A)	552	1	315.2	true
081-POF-(A)	553	1	315.2	false
081-POF-(A)	554	1	315.2	true
081-POF-(A)	555	1	315.2	true
081-POF-(A)	556	1	566.9	true
081-POF-(A)	557	1	315.2	true
081-POF-(A)	558	1	315.2	true
081-POF-(A)	559	1	315.2	true
081-POF-(A)	560	1	315.2	true
081-POF-(A)	561	1	315.2	true
081-POF-(A)	562	1	835.1	true
081-POF-(A)	563	1	315.2	false
081-POF-(A)	564	1	315.2	true
081-POF-(A)	565	1	285.1	false
081-POF-(A)	566	1	315.2	true
081-POF-(A)	567	1	3253.1	true
081-POF-(A)	568	1	585.1	false
081-POF-(A)	569	1	566.9	true
081-POF-(A)	570	1	599.8	false
081-POF-(A)	571	1	315.2	true
081-POF-(A)	572	1	315.2	true
081-POF-(A)	573	1	315.2	true
081-POF-(A)	574	1	315.2	true
081-POF-(A)	575	1	315.2	true
081-POF-(A)	576	1	4597.2	true
081-POF-(A)	577	1	566.9	true
081-POF-(A)	578	1	464.8	false
081-POF-(A)	579	1	315.2	true
081-POF-(A)	580	1	660.0	false
081-POF-(A)	581	1	315.2	true
081-POF-(A)	582	1	1373.0	true
081-POF-(A)	583	1	315.2	true
081-POF-(A)	584	1	315.2	true
081-POF-(A)	585	1	315.2	true
081-POF-(A)	586	1	315.2	true
081-POF-(A)	587	1	835.1	true
081-POF-(A)	588	1	660.0	false
081-POF-(A)	589	1	420.0	false
081-POF-(A)	590	1	315.2	true
081-POF-(A)	591	1	315.2	true
081-POF-(A)	592	1	315.2	true
081-POF-(A)	593	1	315.2	true
081-POF-(A)	594	1	3521.8	true
081-POF-(A)	595	1	566.9	true
081-POF-(A)	596	1	315.2	true
081-POF-(A)	597	1	835.1	true
081-POF-(A)	598	1	315.2	true
081-POF-(A)	599	1	315.2	true
081-POF-(A)	600	1	315.2	true
081-POF-(A)	601	1	629.9	false
081-POF-(A)	602	1	315.2	true
081-POF-(A)	603	1	835.1	true
081-POF-(A)	604	1	315.2	true
081-POF-(A)	605	1	835.1	true
081-POF-(A)	606	1	315.2	true
081-POF-(A)	607	1	315.2	true
081-POF-(A)	608	1	315.2	true
081-POF-(A)	609	1	2446.8	true
081-POF-(A)	610	1	315.2	true
081-POF-(A)	611	1	315.2	true
081-POF-(A)	612	1	315.2	true
081-POF-(A)	613	1	1103.8	true
081-POF-(A)	614	1	315.2	true
081-POF-(A)	615	1	315.2	true
081-POF-(A)	616	1	315.2	false
081-POF-(A)	617	1	1103.8	true
081-POF-(A)	618	1	315.2	true
081-POF-(A)	619	1	315.2	true
081-POF-(A)	620	1	3253.1	true
081-POF-(A)	621	1	315.2	true
081-POF-(A)	622	1	315.2	true
081-POF-(A)	623	1	566.9	true
081-POF-(A)	624	1	315.2	true
081-POF-(A)	625	1	315.2	true
081-POF-(A)	626	1	2984.8	true
081-POF-(A)	627	1	315.2	true
081-POF-(A)	628	1	315.2	true
081-POF-(A)	629	1	629.9	false
081-POF-(A)	630	1	566.9	true
081-POF-(A)	631	1	315.2	true
081-POF-(A)	632	1	315.2	true
081-POF-(A)	633	1	1910.0	true
081-POF-(A)	634	1	566.9	true
081-POF-(A)	635	1	315.2	true
081-POF-(A)	636	1	315.2	true
081-POF-(A)	637	1	315.2	true
081-POF-(A)	638	1	315.2	true
081-POF-(A)	639	1	315.2	true
081-POF-(A)	640	1	566.9	true
081-POF-(A)	641	1	315.2	true
081-POF-(A)	642	1	720.0	false
081-POF-(A)	643	1	315.2	true
081-POF-(A)	644	1	315.2	true
081-POF-(A)	645	1	315.2	true
081-POF-(A)	646	1	300.0	false
081-POF-(A)	647	1	345.3	false
081-POF-(A)	648	1	315.2	true
081-POF-(A)	649	1	315.2	true
081-POF-(A)	650	1	315.2	true
081-POF-(A)	651	1	835.1	true
081-POF-(A)	652	1	315.2	true
081-POF-(A)	653	1	315.2	true
081-POF-(A)	654	1	315.2	true
081-POF-(A)	655	1	315.2	true
081-POF-(A)	656	1	315.2	true
081-POF-(A)	657	1	835.1	true
081-POF-(A)	658	1	629.9	false
081-POF-(A)	659	1	315.2	true
081-POF-(A)	660	1	835.1	true
081-POF-(A)	661	1	315.2	false
081-POF-(A)	662	1	315.2	true
081-POF-(A)	663	1	315.2	true
081-POF-(A)	664	1	315.2	true
081-POF-(A)	665	1	835.1	true
081-POF-(A)	666	1	566.9	true
081-POF-(A)	667	1	315.2	true
081-POF-(A)	668	1	566.9	true
081-POF-(A)	669	1	660.0	false
081-POF-(A)	670	1	1214.9	false
081-POF-(A)	671	1	315.2	true
081-POF-(A)	672	1	315.2	true
081-POF-(A)	673	1	315.2	true
081-POF-(A)	674	1	1103.8	true
081-POF-(A)	675	1	315.2	true
081-POF-(A)	676	1	315.2	true
081-POF-(A)	677	1	315.2	true
081-POF-(A)	678	1	4327.9	true
081-POF-(A)	679	1	566.9	true
081-POF-(A)	680	1	315.2	true
081-POF-(A)	681	1	835.1	true
081-POF-(A)	682	1	315.2	true
081-POF-(A)	683	1	315.2	true
081-POF-(A)	684	1	566.9	true
081-POF-(A)	685	1	566.9	true
081-POF-(A)	686	1	315.2	true
081-POF-(A)	687	1	1641.3	true
081-POF-(A)	688	1	835.1	true
081-POF-(A)	689	1	315.2	true
081-POF-(A)	690	1	315.2	true
081-POF-(A)	691	1	315.2	true
081-POF-(A)	692	1	4597.2	true
081-POF-(A)	693	1	1184.8	false
081-POF-(A)	694	1	566.9	true
081-POF-(A)	695	1	566.9	true
081-POF-(A)	696	1	315.2	true
081-POF-(A)	697	1	566.9	true
081-POF-(A)	698	1	315.2	true
081-POF-(A)	699	1	566.9	true
081-POF-(A)	700	1	835.1	true
081-POF-(A)	701	1	835.1	true
081-POF-(A)	702	1	315.2	true
081-POF-(A)	703	1	4864.8	true
081-POF-(A)	704	1	566.9	true
081-POF-(A)	705	1	835.1	true
081-POF-(A)	706	1	566.9	true
081-POF-(A)	707	1	566.9	true
081-POF-(A)	708	1	566.9	true
081-POF-(A)	709	1	315.2	true
081-POF-(A)	710	1	315.2	true
081-POF-(A)	711	1	315.2	true
081-POF-(A)	712	1	315.2	true
081-POF-(A)	713	1	315.2	true
081-POF-(A)	714	1	835.1	true
081-POF-(A)	715	1	566.9	true
081-POF-(A)	716	1	315.2	true
081-POF-(A)	717	1	315.2	true
081-POF-(A)	718	1	1641.3	true
081-POF-(A)	719	1	566.9	true
081-POF-(A)	720	1	566.9	true
081-POF-(A)	721	1	315.2	true
081-POF-(A)	722	1	315.2	true
081-POF-(A)	723	1	1910.0	true
081-POF-(A)	724	1	315.2	true
081-POF-(A)	725	1	315.2	true
081-POF-(A)	726	1	315.2	true
081-POF-(A)	727	1	315.2	true
081-POF-(A)	728	1	315.2	true
081-POF-(A)	729	1	1641.3	true
081-POF-(A)	730	1	629.9	false
081-POF-(A)	731	1	345.3	false
081-POF-(A)	732	1	315.2	true
081-POF-(A)	733	1	566.9	true
081-POF-(A)	734	1	315.2	true
081-POF-(A)	735	1	315.2	true
081-POF-(A)	736	1	1103.8	true
081-POF-(A)	737	1	315.2	true
081-POF-(A)	738	1	315.2	true
081-POF-(A)	739	1	835.1	true
081-POF-(A)	740	1	315.2	true
081-POF-(A)	741	1	315.2	true
081-POF-(A)	742	1	404.8	false
081-POF-(A)	743	1	835.1	true
081-POF-(A)	744	1	315.2	true
081-POF-(A)	745	1	315.2	true
081-POF-(A)	746	1	315.2	true
081-POF-(A)	747	1	835.1	true
081-POF-(A)	748	1	315.2	true
081-POF-(A)	749	1	315.2	true
081-POF-(A)	750	1	315.2	true
081-POF-(A)	751	1	835.1	true
081-POF-(A)	752	1	315.2	true
081-POF-(A)	753	1	315.2	true
081-POF-(A)	754	1	315.2	true
081-POF-(A)	755	1	566.9	true
081-POF-(A)	756	1	315.2	true
081-POF-(A)	757	1	315.2	true
081-POF-(A)	758	1047817	315.2	true
081-POF-(A)	1048575	1	315.2	true
082-POF-(H)	0	1	1980.3	false
082-POF-(H)	1	1	300.0	true
082-POF-(H)	2	1	300.0	true
082-POF-(H)	3	1	300.0	true
082-POF-(H)	4	1	566.9	true
082-POF-(H)	5	1	566.9	true
082-POF-(H)	6	1	566.9	true
082-POF-(H)	7	1	566.9	true
082-POF-(H)	8	1	300.0	true
082-POF-(H)	9	1	300.0	true
082-POF-(H)	10	1	300.0	true
082-POF-(H)	11	1	566.9	true
082-POF-(H)	12	1	300.0	true
082-POF-(H)	13	1	300.0	true
082-POF-(H)	14	1	300.0	true
082-POF-(H)	15	1	566.9	true
082-POF-(H)	16	1	300.0	true
082-POF-(H)	17	1	300.0	true
082-POF-(H)	18	1	615.2	false
082-POF-(H)	19	1	300.0	true
082-POF-(H)	20	1	300.0	true
082-POF-(H)	21	1	300.0	true
082-POF-(H)	22	1	566.9	true
082-POF-(H)	23	1	300.0	true
082-POF-(H)	24	1	566.9	true
082-POF-(H)	25	1	1035.2	false
082-POF-(H)	26	1	566.9	true
082-POF-(H)	27	1	566.9	true
082-POF-(H)	28	1	300.0	true
082-POF-(H)	29	1	1514.9	false
082-POF-(H)	30	1	300.0	true
082-POF-(H)	31	1	1080.0	false
082-POF-(H)	32	1	835.1	true
082-POF-(H)	33	1	300.0	true
082-POF-(H)	34	1	300.0	true
082-POF-(H)	35	1	835.1	true
082-POF-(H)	36	1	734.7	false
082-POF-(H)	37	1	300.0	true
082-POF-(H)	38	1	300.0	true
082-POF-(H)	39	1	300.0	true
082-POF-(H)	40	1	566.9	true
082-POF-(H)	41	1	1103.8	true
082-POF-(H)	42	1	566.9	true
082-POF-(H)	43	1	540.3	false
082-POF-(H)	44	1	566.9	true
082-POF-(H)	45	1	835.1	true
082-POF-(H)	46	1	566.9	true
082-POF-(H)	47	1	835.1	true
082-POF-(H)	48	1	566.9	true
082-POF-(H)	49	1	566.9	true
082-POF-(H)	50	1	1103.8	true
082-POF-(H)	51	1	1103.8	true
082-POF-(H)	52	1	300.0	true
082-POF-(H)	53	1	835.1	true
082-POF-(H)	54	1	566.9	true
082-POF-(H)	55	1	835.1	true
082-POF-(H)	56	1	300.0	true
082-POF-(H)	57	1	1103.8	true
082-POF-(H)	58	1	566.9	true
082-POF-(H)	59	1	300.0	true
082-POF-(H)	60	1	300.0	true
082-POF-(H)	61	1	566.9	true
082-POF-(H)	62	1	566.9	true
082-POF-(H)	63	1	300.0	true
082-POF-(H)	64	1	566.9	true
082-POF-(H)	65	1	566.9	true
082-POF-(H)	66	1	300.0	true
082-POF-(H)	67	1	1065.3	false
082-POF-(H)	68	1	566.9	true
082-POF-(H)	69	1	300.0	true
082-POF-(H)	70	1	566.9	true
082-POF-(H)	71	1	300.0	true
082-POF-(H)	72	1	1103.8	true
082-POF-(H)	73	1	566.9	true
082-POF-(H)	74	1	566.9	true
082-POF-(H)	75	1	300.0	true
082-POF-(H)	76	1	566.9	true
082-POF-(H)	77	1	566.9	true
082-POF-(H)	78	1	300.0	true
082-POF-(H)	79	1	300.0	true
082-POF-(H)	80	1	300.0	true
082-POF-(H)	81	1	300.0	true
082-POF-(H)	82	1	566.9	true
082-POF-(H)	83	1	300.0	true
082-POF-(H)	84	1	300.0	true
082-POF-(H)	85	1	566.9	true
082-POF-(H)	86	1	566.9	true
082-POF-(H)	87	1	300.0	true
082-POF-(H)	88	1	566.9	true
082-POF-(H)	89	1	835.1	true
082-POF-(H)	90	1	566.9	true
082-POF-(H)	91	1	300.0	true
082-POF-(H)	92	1	1373.0	true
082-POF-(H)	93	1	300.0	true
082-POF-(H)	94	1	300.0	true
082-POF-(H)	95	1	300.0	true
082-POF-(H)	96	1	300.0	true
082-POF-(H)	97	1	835.1	true
082-POF-(H)	98	1	300.0	true
082-POF-(H)	99	1	300.0	true
082-POF-(H)	100	1	1395.2	false
082-POF-(H)	101	1	300.0	true
082-POF-(H)	102	1	835.1	true
082-POF-(H)	103	1	566.9	true
082-POF-(H)	104	1	566.9	true
082-POF-(H)	105	1	566.9	true
082-POF-(H)	106	1	566.9	true
082-POF-(H)	107	1	566.9	true
082-POF-(H)	108	1	300.0	true
082-POF-(H)	109	1	300.0	true
082-POF-(H)	110	1	300.0	true
082-POF-(H)	111	1	835.1	true
082-POF-(H)	112	1	566.9	true
082-POF-(H)	113	1	1910.0	true
082-POF-(H)	114	1	1373.0	true
082-POF-(H)	115	1	566.9	true
082-POF-(H)	116	1	566.9	true
082-POF-(H)	117	1	566.9	true
082-POF-(H)	118	1	300.0	true
082-POF-(H)	119	1	989.9	false
082-POF-(H)	120	1	1214.9	false
082-POF-(H)	121	1	835.1	true
082-POF-(H)	122	1	566.9	true
082-POF-(H)	123	1	300.0	true
082-POF-(H)	124	1	989.9	false
082-POF-(H)	125	1	300.0	true
082-POF-(H)	126	1	300.0	true
082-POF-(H)	127	1	300.0	true
082-POF-(H)	128	1	1349.9	false
082-POF-(H)	129	1	835.1	true
082-POF-(H)	130	1	300.0	true
082-POF-(H)	131	1	300.0	true
082-POF-(H)	132	1	300.0	true
082-POF-(H)	133	1	566.9	true
082-POF-(H)	134	1	300.0	true
082-POF-(H)	135	1	300.0	true
082-POF-(H)	136	1	566.9	true
082-POF-(H)	137	1	566.9	true
082-POF-(H)	138	1	566.9	true
082-POF-(H)	139	1	300.0	true
082-POF-(H)	140	1	975.2	false
082-POF-(H)	141	1	566.9	true
082-POF-(H)	142	1	566.9	true
082-POF-(H)	143	1	566.9	true
082-POF-(H)	144	1	300.0	true
082-POF-(H)	145	1	300.0	true
082-POF-(H)	146	1	870.2	false
082-POF-(H)	147	1	734.7	false
082-POF-(H)	148	1	1103.8	true
082-POF-(H)	149	1	566.9	true
082-POF-(H)	150	1	1103.8	true
082-POF-(H)	151	1	835.1	true
082-POF-(H)	152	1	835.1	true
082-POF-(H)	153	1	300.0	true
082-POF-(H)	154	1	835.1	true
082-POF-(H)	155	1	734.7	false
082-POF-(H)	156	1	300.0	true
082-POF-(H)	157	1	835.1	true
082-POF-(H)	158	1	566.9	true
082-POF-(H)	159	1	300.0	true
082-POF-(H)	160	1	300.0	true
082-POF-(H)	161	1	300.0	true
082-POF-(H)	162	1	1103.8	true
082-POF-(H)	163	1	300.0	true
082-POF-(H)	164	1	566.9	true
082-POF-(H)	165	1	566.9	true
082-POF-(H)	166	1	566.9	true
082-POF-(H)	167	1	300.0	true
082-POF-(H)	168	1	566.9	true
082-POF-(H)	169	1	1035.2	false
082-POF-(H)	170	1	835.1	true
082-POF-(H)	171	1	975.2	false
082-POF-(H)	172	1	300.0	true
082-POF-(H)	173	1	300.0	true
082-POF-(H)	174	1	1641.3	true
082-POF-(H)	175	1	300.0	true
082-POF-(H)	176	1	300.0	true
082-POF-(H)	177	1	835.1	true
082-POF-(H)	178	1	1335.2	false
082-POF-(H)	179	1	835.1	true
082-POF-(H)	180	1	300.0	true
082-POF-(H)	181	1	566.9	true
082-POF-(H)	182	1	1103.8	true
082-POF-(H)	183	1	566.9	true
082-POF-(H)	184	1	1373.0	true
082-POF-(H)	185	1	300.0	true
082-POF-(H)	186	1	300.0	true
082-POF-(H)	187	1	945.1	false
082-POF-(H)	188	1	300.0	true
082-POF-(H)	189	1	300.0	true
082-POF-(H)	190	1	835.1	true
082-POF-(H)	191	1	300.0	true
082-POF-(H)	192	1	300.0	true
082-POF-(H)	193	1	566.9	true
082-POF-(H)	194	1	300.0	true
082-POF-(H)	195	1	300.0	true
082-POF-(H)	196	1	300.0	true
082-POF-(H)	197	1	300.0	true
082-POF-(H)	198	1	300.0	true
082-POF-(H)	199	1	1649.8	false
082-POF-(H)	200	1	835.1	true
082-POF-(H)	201	1	1103.8	true
082-POF-(H)	202	1	1103.8	true
082-POF-(H)	203	1	300.0	true
082-POF-(H)	204	1	1103.8	true
082-POF-(H)	205	1	566.9	true
082-POF-(H)	206	1	300.0	true
082-POF-(H)	207	1	835.1	true
082-POF-(H)	208	1	835.1	true
082-POF-(H)	209	1	835.1	true
082-POF-(H)	210	1	566.9	true
082-POF-(H)	211	1	300.0	true
082-POF-(H)	212	1	300.0	true
082-POF-(H)	213	1	1103.8	true
082-POF-(H)	214	1	566.9	true
082-POF-(H)	215	1	1305.1	false
082-POF-(H)	216	1	300.0	true
082-POF-(H)	217	1	835.1	true
082-POF-(H)	218	1	835.1	true
082-POF-(H)	219	1	566.9	true
082-POF-(H)	220	1	566.9	true
082-POF-(H)	221	1	835.1	true
082-POF-(H)	222	1	566.9	true
082-POF-(H)	223	1	566.9	true
082-POF-(H)	224	1	300.0	true
082-POF-(H)	225	1	566.9	true
082-POF-(H)	226	1	300.0	true
082-POF-(H)	227	1	566.9	true
082-POF-(H)	228	1	835.1	true
082-POF-(H)	229	1	566.9	true
082-POF-(H)	230	1	300.0	true
082-POF-(H)	231	1	835.1	true
082-POF-(H)	232	1	566.9	true
082-POF-(H)	233	1	300.0	true
082-POF-(H)	234	1	566.9	true
082-POF-(H)	235	1	835.1	true
082-POF-(H)	236	1	300.0	true
082-POF-(H)	237	1	300.0	true
082-POF-(H)	238	1	835.1	true
082-POF-(H)	239	1	300.0	true
082-POF-(H)	240	1	835.1	true
082-POF-(H)	241	1	566.9	true
082-POF-(H)	242	1	300.0	true
082-POF-(H)	243	1	835.1	true
082-POF-(H)	244	1	300.0	true
082-POF-(H)	245	1	300.0	true
082-POF-(H)	246	1	705.3	false
082-POF-(H)	247	1	300.0	true
082-POF-(H)	248	1	566.9	true
082-POF-(H)	249	1	300.0	true
082-POF-(H)	250	1	300.0	true
082-POF-(H)	251	1	300.0	true
082-POF-(H)	252	1	300.0	true
082-POF-(H)	253	1	1230.2	false
082-POF-(H)	254	1	835.1	true
082-POF-(H)	255	1	835.1	true
082-POF-(H)	256	1	566.9	true
082-POF-(H)	257	1	300.0	true
082-POF-(H)	258	1	566.9	true
082-POF-(H)	259	1	300.0	true
082-POF-(H)	260	1	300.0	true
082-POF-(H)	261	1	300.0	true
082-POF-(H)	262	1	300.0	true
082-POF-(H)	263	1	835.1	true
082-POF-(H)	264	1	300.0	true
082-POF-(H)	265	1	835.1	true
082-POF-(H)	266	1	300.0	true
082-POF-(H)	267	1	835.1	true
082-POF-(H)	268	1	566.9	true
082-POF-(H)	269	1	566.9	true
082-POF-(H)	270	1	645.1	false
082-POF-(H)	271	1	300.0	true
082-POF-(H)	272	1	300.0	true
082-POF-(H)	273	1	566.9	true
082-POF-(H)	274	1	300.0	true
082-POF-(H)	275	1	300.0	true
082-POF-(H)	276	1	300.0	true
082-POF-(H)	277	1	300.0	true
082-POF-(H)	278	1	566.9	true
082-POF-(H)	279	1	300.0	true
082-POF-(H)	280	1	300.0	true
082-POF-(H)	281	1	300.0	true
082-POF-(H)	282	1	566.9	true
082-POF-(H)	283	1	300.0	true
082-POF-(H)	284	1	300.0	true
082-POF-(H)	285	1	566.9	true
082-POF-(H)	286	1	566.9	true
082-POF-(H)	287	1	566.9	true
082-POF-(H)	288	1	300.0	true
082-POF-(H)	289	1	300.0	true
082-POF-(H)	290	1	566.9	true
082-POF-(H)	291	1	300.0	true
082-POF-(H)	292	1	300.0	true
082-POF-(H)	293	1	300.0	true
082-POF-(H)	294	1	300.0	true
082-POF-(H)	295	1	566.9	true
082-POF-(H)	296	1	566.9	true
082-POF-(H)	297	1	566.9	true
082-POF-(H)	298	1	566.9	true
082-POF-(H)	299	1	566.9	true
082-POF-(H)	300	1	566.9	true
082-POF-(H)	301	1	566.9	true
082-POF-(H)	302	1	300.0	true
082-POF-(H)	303	1	566.9	true
082-POF-(H)	304	1	566.9	true
082-POF-(H)	305	1	566.9	true
082-POF-(H)	306	1	566.9	true
082-POF-(H)	307	1	566.9	true
082-POF-(H)	308	1	300.0	true
082-POF-(H)	309	1	300.0	true
082-POF-(H)	310	1	300.0	true
082-POF-(H)	311	1	300.0	true
082-POF-(H)	312	1	566.9	true
082-POF-(H)	313	1	300.0	true
082-POF-(H)	314	1	566.9	true
082-POF-(H)	315	1	300.0	true
082-POF-(H)	316	1	300.0	true
082-POF-(H)	317	1	566.9	true
082-POF-(H)	318	1	300.0	true
082-POF-(H)	319	1	566.9	true
082-POF-(H)	320	1	300.0	true
082-POF-(H)	321	1	566.9	true
082-POF-(H)	322	1	300.0	true
082-POF-(H)	323	1	566.9	true
082-POF-(H)	324	1	300.0	true
082-POF-(H)	325	1	300.0	true
082-POF-(H)	326	1	835.1	true
082-POF-(H)	327	1	566.9	true
082-POF-(H)	328	1	300.0	true
082-POF-(H)	329	1	300.0	true
082-POF-(H)	330	1	300.0	true
082-POF-(H)	331	1	300.0	true
082-POF-(H)	332	1	566.9	true
082-POF-(H)	333	1	566.9	true
082-POF-(H)	334	1	566.9	true
082-POF-(H)	335	1	300.0	true
082-POF-(H)	336	1	300.0	true
082-POF-(H)	337	1	300.0	true
082-POF-(H)	338	1	300.0	true
082-POF-(H)	339	1	300.0	true
082-POF-(H)	340	1	300.0	true
082-POF-(H)	341	1	300.0	true
082-POF-(H)	342	1	566.9	true
082-POF-(H)	343	1	566.9	true
082-POF-(H)	344	1	300.0	true
082-POF-(H)	345	1	300.0	true
082-POF-(H)	346	1	566.9	true
082-POF-(H)	347	1	566.9	true
082-POF-(H)	348	1	566.9	true
082-POF-(H)	349	1	835.1	true
082-POF-(H)	350	1	300.0	true
082-POF-(H)	351	1	300.0	true
082-POF-(H)	352	1	300.0	true
082-POF-(H)	353	1	566.9	true
082-POF-(H)	354	1	300.0	true
082-POF-(H)	355	1	300.0	true
082-POF-(H)	356	1	300.0	true
082-POF-(H)	357	1	835.1	true
082-POF-(H)	358	1	566.9	true
082-POF-(H)	359	1	300.0	true
082-POF-(H)	360	1	300.0	true
082-POF-(H)	361	1	566.9	true
082-POF-(H)	362	1	566.9	true
082-POF-(H)	363	1	566.9	true
082-POF-(H)	364	1	1103.8	true
082-POF-(H)	365	1	566.9	true
082-POF-(H)	366	1	300.0	true
082-POF-(H)	367	1	300.0	true
082-POF-(H)	368	1	566.9	true
082-POF-(H)	369	1	566.9	true
082-POF-(H)	370	1	300.0	true
082-POF-(H)	371	1	300.0	true
082-POF-(H)	372	1	300.0	true
082-POF-(H)	373	1	835.1	true
082-POF-(H)	374	1	300.0	true
082-POF-(H)	375	1	300.0	true
082-POF-(H)	376	1	300.0	true
082-POF-(H)	377	1	300.0	true
082-POF-(H)	378	1	300.0	true
082-POF-(H)	379	1	300.0	true
082-POF-(H)	380	1	300.0	true
082-POF-(H)	381	1048194	300.0	true
082-POF-(H)	1048575	1	300.0	true
090 Communications	0	1	404.8	false
090 Communications	1	1	1980.3	false
090 Communications	2	1	300.0	true
090 Communications	3	1	300.0	true
090 Communications	4	1	300.0	true
090 Communications	5	1	300.0	true
090 Communications	6	1	300.0	true
090 Communications	7	1	300.0	true
090 Communications	8	1	300.0	true
090 Communications	9	1	566.9	true
090 Communications	10	1	300.0	true
090 Communications	11	1	300.0	true
090 Communications	12	1	300.0	true
090 Communications	13	1	566.9	true
090 Communications	14	1	300.0	true
090 Communications	15	1	300.0	true
090 Communications	16	1	835.1	true
090 Communications	17	1	835.1	true
090 Communications	18	1	300.0	true
090 Communications	19	1	566.9	true
090 Communications	20	1	566.9	true
090 Communications	21	1	835.1	true
090 Communications	22	1	835.1	true
090 Communications	23	1	566.9	true
090 Communications	24	1	566.9	true
090 Communications	25	1	300.0	true
090 Communications	26	1	300.0	true
090 Communications	27	1	566.9	true
090 Communications	28	1	566.9	true
090 Communications	29	1	566.9	true
090 Communications	30	1	566.9	true
090 Communications	31	1	566.9	true
090 Communications	32	1	566.9	true
090 Communications	33	1	300.0	true
090 Communications	34	1	300.0	true
090 Communications	35	1	300.0	true
090 Communications	36	1	300.0	true
090 Communications	37	1	300.0	true
090 Communications	38	1	566.9	true
090 Communications	39	1	566.9	true
090 Communications	40	1	566.9	true
090 Communications	41	1	566.9	true
090 Communications	42	1	566.9	true
090 Communications	43	1	566.9	true
090 Communications	44	1	835.1	true
090 Communications	45	1	835.1	true
090 Communications	46	1	300.0	true
090 Communications	47	1	300.0	true
090 Communications	48	1	835.1	true
090 Communications	49	1	835.1	true
090 Communications	50	1	300.0	true
090 Communications	51	1	300.0	true
090 Communications	52	1	300.0	true
090 Communications	53	1	566.9	true
090 Communications	54	1	566.9	true
090 Communications	55	1	566.9	true
090 Communications	56	1	566.9	true
090 Communications	57	1	566.9	true
090 Communications	58	1	566.9	true
090 Communications	59	1	1103.8	true
090 Communications	60	1	566.9	true
090 Communications	61	1	566.9	true
090 Communications	62	1	1373.0	true
090 Communications	63	1	1103.8	true
090 Communications	64	1	835.1	true
090 Communications	65	1	566.9	true
090 Communications	66	1	566.9	true
090 Communications	67	1	566.9	true
090 Communications	68	1	566.9	true
090 Communications	69	1	566.9	true
090 Communications	70	1	566.9	true
090 Communications	71	1	566.9	true
090 Communications	72	1	566.9	true
090 Communications	73	1	566.9	true
090 Communications	74	1	566.9	true
090 Communications	75	1	566.9	true
090 Communications	76	1	566.9	true
090 Communications	77	1	566.9	true
090 Communications	78	1	566.9	true
090 Communications	79	1	566.9	true
090 Communications	80	1	566.9	true
090 Communications	81	1	566.9	true
090 Communications	82	1	566.9	true
090 Communications	83	1	566.9	true
090 Communications	84	1	566.9	true
090 Communications	85	1	566.9	true
090 Communications	86	1	300.0	true
090 Communications	87	1	300.0	true
090 Communications	88	1	566.9	true
090 Communications	89	1	566.9	true
090 Communications	90	1	300.0	true
090 Communications	91	1	566.9	true
090 Communications	92	1	566.9	true
090 Communications	93	1	566.9	true
090 Communications	94	1	566.9	true
090 Communications	95	1	566.9	true
090 Communications	96	1	300.0	true
090 Communications	97	1	300.0	true
090 Communications	98	1	566.9	true
090 Communications	99	1	566.9	true
090 Communications	100	1	566.9	true
090 Communications	101	1	566.9	true
090 Communications	102	1	566.9	true
090 Communications	103	1	566.9	true
090 Communications	104	1	566.9	true
090 Communications	105	1	566.9	true
090 Communications	106	1	300.0	true
090 Communications	107	1	300.0	true
090 Communications	108	1	1103.8	true
090 Communications	109	1	1103.8	true
090 Communications	110	1	300.0	true
090 Communications	111	1	1103.8	true
090 Communications	112	1	300.0	true
090 Communications	113	1	835.1	true
090 Communications	114	1	300.0	true
090 Communications	115	1	1103.8	true
090 Communications	116	1	566.9	true
090 Communications	117	1	300.0	true
090 Communications	118	1	300.0	true
090 Communications	119	1	300.0	true
090 Communications	120	1	300.0	true
090 Communications	121	1	2716.1	true
090 Communications	122	1	2716.1	true
090 Communications	123	1	566.9	true
090 Communications	124	1	566.9	true
090 Communications	125	1	300.0	true
090 Communications	126	1	300.0	true
090 Communications	127	1	835.1	true
090 Communications	128	1	566.9	true
090 Communications	129	1	566.9	true
090 Communications	130	1	566.9	true
090 Communications	131	1	300.0	true
090 Communications	132	1	300.0	true
090 Communications	133	1	566.9	true
090 Communications	134	1	566.9	true
090 Communications	135	1	300.0	true
090 Communications	136	1	300.0	true
090 Communications	137	1	566.9	true
090 Communications	138	1	566.9	true
090 Communications	139	1	566.9	true
090 Communications	140	1	566.9	true
090 Communications	141	1	835.1	true
090 Communications	142	1	566.9	true
090 Communications	143	1	835.1	true
090 Communications	144	1	835.1	true
090 Communications	145	1	566.9	true
090 Communications	146	1	300.0	true
090 Communications	147	1	300.0	true
090 Communications	148	1	300.0	true
090 Communications	149	1	300.0	true
090 Communications	150	1	566.9	true
090 Communications	151	1	566.9	true
090 Communications	152	1	835.1	true
090 Communications	153	1	835.1	true
090 Communications	154	1	300.0	true
090 Communications	155	1	300.0	true
090 Communications	156	1	300.0	true
090 Communications	157	1	300.0	true
090 Communications	158	1	566.9	true
090 Communications	159	1	566.9	true
090 Communications	160	1	566.9	true
090 Communications	161	1	566.9	true
090 Communications	162	1	566.9	true
090 Communications	163	1	566.9	true
090 Communications	164	1	835.1	true
090 Communications	165	1	835.1	true
090 Communications	166	1	566.9	true
090 Communications	167	1	300.0	true
090 Communications	168	1	566.9	true
090 Communications	169	1	566.9	true
090 Communications	170	1	566.9	true
090 Communications	171	1	566.9	true
090 Communications	172	1	300.0	true
090 Communications	173	1	300.0	true
090 Communications	174	1	300.0	true
090 Communications	175	1	300.0	true
090 Communications	176	1	566.9	true
090 Communications	177	1	566.9	true
090 Communications	178	1	566.9	true
090 Communications	179	1	566.9	true
090 Communications	180	1	835.1	true
090 Communications	181	1	566.9	true
090 Communications	182	1	566.9	true
090 Communications	183	1	566.9	true
090 Communications	184	1	566.9	true
090 Communications	185	1	566.9	true
090 Communications	186	1	300.0	true
090 Communications	187	1	300.0	true
090 Communications	188	1	566.9	true
090 Communications	189	1	566.9	true
090 Communications	190	1	835.1	true
090 Communications	191	1	566.9	true
090 Communications	192	1	300.0	true
090 Communications	193	1	300.0	true
090 Communications	194	1	566.9	true
090 Communications	195	1	566.9	true
090 Communications	196	1	566.9	true
090 Communications	197	1	566.9	true
090 Communications	198	1	566.9	true
090 Communications	199	1	566.9	true
090 Communications	200	1	566.9	true
090 Communications	201	1	566.9	true
090 Communications	202	1	566.9	true
090 Communications	203	1	566.9	true
090 Communications	204	1	566.9	true
090 Communications	205	1	566.9	true
090 Communications	206	1	300.0	true
090 Communications	207	1	300.0	true
090 Communications	208	1	300.0	true
090 Communications	209	1	566.9	true
090 Communications	210	1	566.9	true
090 Communications	211	1	300.0	true
090 Communications	212	1	300.0	true
090 Communications	213	1	1103.8	true
090 Communications	214	1048361	300.0	true
090 Communications	1048575	1	300.0	true
